#include <pgmspace.h>

const uint8_t myFont28[] PROGMEM = {
0x00, 0x00, 0x01, 0x30, 0x00, 0x00, 0x00, 0x0B, 0x00, 0x00, 0x00, 0x1E, 0x00, 0x00, 0x00, 0x00,
0x00, 0x00, 0x00, 0x15, 0x00, 0x00, 0x00, 0x06, 0x00, 0x00, 0x00, 0x21, 0x00, 0x00, 0x00, 0x15,
0x00, 0x00, 0x00, 0x04, 0x00, 0x00, 0x00, 0x09, 0x00, 0x00, 0x00, 0x15, 0x00, 0x00, 0x00, 0x03,
0x00, 0x00, 0x00, 0x00, 0x00, 0x00, 0x00, 0x22, 0x00, 0x00, 0x00, 0x06, 0x00, 0x00, 0x00, 0x08,
0x00, 0x00, 0x00, 0x0A, 0x00, 0x00, 0x00, 0x15, 0x00, 0x00, 0x00, 0x02, 0x00, 0x00, 0x00, 0x00,
0x00, 0x00, 0x00, 0x23, 0x00, 0x00, 0x00, 0x12, 0x00, 0x00, 0x00, 0x0F, 0x00, 0x00, 0x00, 0x10,
0x00, 0x00, 0x00, 0x14, 0x00, 0x00, 0x00, 0x00, 0x00, 0x00, 0x00, 0x00, 0x00, 0x00, 0x00, 0x24,
0x00, 0x00, 0x00, 0x1B, 0x00, 0x00, 0x00, 0x0D, 0x00, 0x00, 0x00, 0x10, 0x00, 0x00, 0x00, 0x18,
0x00, 0x00, 0x00, 0x02, 0x00, 0x00, 0x00, 0x00, 0x00, 0x00, 0x00, 0x25, 0x00, 0x00, 0x00, 0x15,
0x00, 0x00, 0x00, 0x14, 0x00, 0x00, 0x00, 0x17, 0x00, 0x00, 0x00, 0x15, 0x00, 0x00, 0x00, 0x02,
0x00, 0x00, 0x00, 0x00, 0x00, 0x00, 0x00, 0x26, 0x00, 0x00, 0x00, 0x15, 0x00, 0x00, 0x00, 0x14,
0x00, 0x00, 0x00, 0x18, 0x00, 0x00, 0x00, 0x15, 0x00, 0x00, 0x00, 0x03, 0x00, 0x00, 0x00, 0x00,
0x00, 0x00, 0x00, 0x27, 0x00, 0x00, 0x00, 0x06, 0x00, 0x00, 0x00, 0x04, 0x00, 0x00, 0x00, 0x07,
0x00, 0x00, 0x00, 0x15, 0x00, 0x00, 0x00, 0x02, 0x00, 0x00, 0x00, 0x00, 0x00, 0x00, 0x00, 0x28,
0x00, 0x00, 0x00, 0x1C, 0x00, 0x00, 0x00, 0x08, 0x00, 0x00, 0x00, 0x08, 0x00, 0x00, 0x00, 0x15,
0x00, 0x00, 0x00, 0x01, 0x00, 0x00, 0x00, 0x00, 0x00, 0x00, 0x00, 0x29, 0x00, 0x00, 0x00, 0x1C,
0x00, 0x00, 0x00, 0x07, 0x00, 0x00, 0x00, 0x08, 0x00, 0x00, 0x00, 0x15, 0x00, 0x00, 0x00, 0x00,
0x00, 0x00, 0x00, 0x00, 0x00, 0x00, 0x00, 0x2A, 0x00, 0x00, 0x00, 0x07, 0x00, 0x00, 0x00, 0x09,
0x00, 0x00, 0x00, 0x0B, 0x00, 0x00, 0x00, 0x15, 0x00, 0x00, 0x00, 0x01, 0x00, 0x00, 0x00, 0x00,
0x00, 0x00, 0x00, 0x2B, 0x00, 0x00, 0x00, 0x0C, 0x00, 0x00, 0x00, 0x0D, 0x00, 0x00, 0x00, 0x0F,
0x00, 0x00, 0x00, 0x10, 0x00, 0x00, 0x00, 0x01, 0x00, 0x00, 0x00, 0x00, 0x00, 0x00, 0x00, 0x2C,
0x00, 0x00, 0x00, 0x07, 0x00, 0x00, 0x00, 0x05, 0x00, 0x00, 0x00, 0x07, 0x00, 0x00, 0x00, 0x03,
0x00, 0x00, 0x00, 0x01, 0x00, 0x00, 0x00, 0x00, 0x00, 0x00, 0x00, 0x2D, 0x00, 0x00, 0x00, 0x02,
0x00, 0x00, 0x00, 0x09, 0x00, 0x00, 0x00, 0x0B, 0x00, 0x00, 0x00, 0x0A, 0x00, 0x00, 0x00, 0x01,
0x00, 0x00, 0x00, 0x00, 0x00, 0x00, 0x00, 0x2E, 0x00, 0x00, 0x00, 0x03, 0x00, 0x00, 0x00, 0x04,
0x00, 0x00, 0x00, 0x06, 0x00, 0x00, 0x00, 0x03, 0x00, 0x00, 0x00, 0x01, 0x00, 0x00, 0x00, 0x00,
0x00, 0x00, 0x00, 0x2F, 0x00, 0x00, 0x00, 0x19, 0x00, 0x00, 0x00, 0x0E, 0x00, 0x00, 0x00, 0x0B,
0x00, 0x00, 0x00, 0x15, 0xFF, 0xFF, 0xFF, 0xFE, 0x00, 0x00, 0x00, 0x00, 0x00, 0x00, 0x00, 0x30,
0x00, 0x00, 0x00, 0x15, 0x00, 0x00, 0x00, 0x0F, 0x00, 0x00, 0x00, 0x10, 0x00, 0x00, 0x00, 0x15,
0x00, 0x00, 0x00, 0x01, 0x00, 0x00, 0x00, 0x00, 0x00, 0x00, 0x00, 0x31, 0x00, 0x00, 0x00, 0x15,
0x00, 0x00, 0x00, 0x0C, 0x00, 0x00, 0x00, 0x10, 0x00, 0x00, 0x00, 0x15, 0x00, 0x00, 0x00, 0x02,
0x00, 0x00, 0x00, 0x00, 0x00, 0x00, 0x00, 0x32, 0x00, 0x00, 0x00, 0x15, 0x00, 0x00, 0x00, 0x0D,
0x00, 0x00, 0x00, 0x10, 0x00, 0x00, 0x00, 0x15, 0x00, 0x00, 0x00, 0x01, 0x00, 0x00, 0x00, 0x00,
0x00, 0x00, 0x00, 0x33, 0x00, 0x00, 0x00, 0x15, 0x00, 0x00, 0x00, 0x0D, 0x00, 0x00, 0x00, 0x10,
0x00, 0x00, 0x00, 0x15, 0x00, 0x00, 0x00, 0x02, 0x00, 0x00, 0x00, 0x00, 0x00, 0x00, 0x00, 0x34,
0x00, 0x00, 0x00, 0x15, 0x00, 0x00, 0x00, 0x10, 0x00, 0x00, 0x00, 0x10, 0x00, 0x00, 0x00, 0x15,
0x00, 0x00, 0x00, 0x00, 0x00, 0x00, 0x00, 0x00, 0x00, 0x00, 0x00, 0x35, 0x00, 0x00, 0x00, 0x15,
0x00, 0x00, 0x00, 0x0C, 0x00, 0x00, 0x00, 0x10, 0x00, 0x00, 0x00, 0x15, 0x00, 0x00, 0x00, 0x02,
0x00, 0x00, 0x00, 0x00, 0x00, 0x00, 0x00, 0x36, 0x00, 0x00, 0x00, 0x15, 0x00, 0x00, 0x00, 0x0E,
0x00, 0x00, 0x00, 0x10, 0x00, 0x00, 0x00, 0x15, 0x00, 0x00, 0x00, 0x01, 0x00, 0x00, 0x00, 0x00,
0x00, 0x00, 0x00, 0x37, 0x00, 0x00, 0x00, 0x15, 0x00, 0x00, 0x00, 0x0E, 0x00, 0x00, 0x00, 0x10,
0x00, 0x00, 0x00, 0x15, 0x00, 0x00, 0x00, 0x01, 0x00, 0x00, 0x00, 0x00, 0x00, 0x00, 0x00, 0x38,
0x00, 0x00, 0x00, 0x15, 0x00, 0x00, 0x00, 0x0D, 0x00, 0x00, 0x00, 0x10, 0x00, 0x00, 0x00, 0x15,
0x00, 0x00, 0x00, 0x02, 0x00, 0x00, 0x00, 0x00, 0x00, 0x00, 0x00, 0x39, 0x00, 0x00, 0x00, 0x15,
0x00, 0x00, 0x00, 0x0E, 0x00, 0x00, 0x00, 0x10, 0x00, 0x00, 0x00, 0x15, 0x00, 0x00, 0x00, 0x01,
0x00, 0x00, 0x00, 0x00, 0x00, 0x00, 0x00, 0x3A, 0x00, 0x00, 0x00, 0x0F, 0x00, 0x00, 0x00, 0x05,
0x00, 0x00, 0x00, 0x07, 0x00, 0x00, 0x00, 0x0F, 0x00, 0x00, 0x00, 0x02, 0x00, 0x00, 0x00, 0x00,
0x00, 0x00, 0x00, 0x3B, 0x00, 0x00, 0x00, 0x13, 0x00, 0x00, 0x00, 0x05, 0x00, 0x00, 0x00, 0x08,
0x00, 0x00, 0x00, 0x0F, 0x00, 0x00, 0x00, 0x02, 0x00, 0x00, 0x00, 0x00, 0x00, 0x00, 0x00, 0x3C,
0x00, 0x00, 0x00, 0x0E, 0x00, 0x00, 0x00, 0x0D, 0x00, 0x00, 0x00, 0x0F, 0x00, 0x00, 0x00, 0x11,
0x00, 0x00, 0x00, 0x01, 0x00, 0x00, 0x00, 0x00, 0x00, 0x00, 0x00, 0x3D, 0x00, 0x00, 0x00, 0x07,
0x00, 0x00, 0x00, 0x0D, 0x00, 0x00, 0x00, 0x0F, 0x00, 0x00, 0x00, 0x0E, 0x00, 0x00, 0x00, 0x01,
0x00, 0x00, 0x00, 0x00, 0x00, 0x00, 0x00, 0x3E, 0x00, 0x00, 0x00, 0x0E, 0x00, 0x00, 0x00, 0x0D,
0x00, 0x00, 0x00, 0x0F, 0x00, 0x00, 0x00, 0x11, 0x00, 0x00, 0x00, 0x01, 0x00, 0x00, 0x00, 0x00,
0x00, 0x00, 0x00, 0x3F, 0x00, 0x00, 0x00, 0x15, 0x00, 0x00, 0x00, 0x0B, 0x00, 0x00, 0x00, 0x0D,
0x00, 0x00, 0x00, 0x15, 0x00, 0x00, 0x00, 0x01, 0x00, 0x00, 0x00, 0x00, 0x00, 0x00, 0x00, 0x40,
0x00, 0x00, 0x00, 0x1B, 0x00, 0x00, 0x00, 0x1C, 0x00, 0x00, 0x00, 0x20, 0x00, 0x00, 0x00, 0x15,
0x00, 0x00, 0x00, 0x02, 0x00, 0x00, 0x00, 0x00, 0x00, 0x00, 0x00, 0x41, 0x00, 0x00, 0x00, 0x15,
0x00, 0x00, 0x00, 0x12, 0x00, 0x00, 0x00, 0x11, 0x00, 0x00, 0x00, 0x15, 0x00, 0x00, 0x00, 0x00,
0x00, 0x00, 0x00, 0x00, 0x00, 0x00, 0x00, 0x42, 0x00, 0x00, 0x00, 0x15, 0x00, 0x00, 0x00, 0x0E,
0x00, 0x00, 0x00, 0x11, 0x00, 0x00, 0x00, 0x15, 0x00, 0x00, 0x00, 0x02, 0x00, 0x00, 0x00, 0x00,
0x00, 0x00, 0x00, 0x43, 0x00, 0x00, 0x00, 0x15, 0x00, 0x00, 0x00, 0x0F, 0x00, 0x00, 0x00, 0x11,
0x00, 0x00, 0x00, 0x15, 0x00, 0x00, 0x00, 0x01, 0x00, 0x00, 0x00, 0x00, 0x00, 0x00, 0x00, 0x44,
0x00, 0x00, 0x00, 0x15, 0x00, 0x00, 0x00, 0x10, 0x00, 0x00, 0x00, 0x14, 0x00, 0x00, 0x00, 0x15,
0x00, 0x00, 0x00, 0x02, 0x00, 0x00, 0x00, 0x00, 0x00, 0x00, 0x00, 0x45, 0x00, 0x00, 0x00, 0x15,
0x00, 0x00, 0x00, 0x0D, 0x00, 0x00, 0x00, 0x10, 0x00, 0x00, 0x00, 0x15, 0x00, 0x00, 0x00, 0x02,
0x00, 0x00, 0x00, 0x00, 0x00, 0x00, 0x00, 0x46, 0x00, 0x00, 0x00, 0x15, 0x00, 0x00, 0x00, 0x0C,
0x00, 0x00, 0x00, 0x10, 0x00, 0x00, 0x00, 0x15, 0x00, 0x00, 0x00, 0x02, 0x00, 0x00, 0x00, 0x00,
0x00, 0x00, 0x00, 0x47, 0x00, 0x00, 0x00, 0x15, 0x00, 0x00, 0x00, 0x10, 0x00, 0x00, 0x00, 0x12,
0x00, 0x00, 0x00, 0x15, 0x00, 0x00, 0x00, 0x01, 0x00, 0x00, 0x00, 0x00, 0x00, 0x00, 0x00, 0x48,
0x00, 0x00, 0x00, 0x15, 0x00, 0x00, 0x00, 0x10, 0x00, 0x00, 0x00, 0x14, 0x00, 0x00, 0x00, 0x15,
0x00, 0x00, 0x00, 0x02, 0x00, 0x00, 0x00, 0x00, 0x00, 0x00, 0x00, 0x49, 0x00, 0x00, 0x00, 0x15,
0x00, 0x00, 0x00, 0x03, 0x00, 0x00, 0x00, 0x08, 0x00, 0x00, 0x00, 0x15, 0x00, 0x00, 0x00, 0x03,
0x00, 0x00, 0x00, 0x00, 0x00, 0x00, 0x00, 0x4A, 0x00, 0x00, 0x00, 0x15, 0x00, 0x00, 0x00, 0x07,
0x00, 0x00, 0x00, 0x09, 0x00, 0x00, 0x00, 0x15, 0xFF, 0xFF, 0xFF, 0xFF, 0x00, 0x00, 0x00, 0x00,
0x00, 0x00, 0x00, 0x4B, 0x00, 0x00, 0x00, 0x15, 0x00, 0x00, 0x00, 0x10, 0x00, 0x00, 0x00, 0x12,
0x00, 0x00, 0x00, 0x15, 0x00, 0x00, 0x00, 0x02, 0x00, 0x00, 0x00, 0x00, 0x00, 0x00, 0x00, 0x4C,
0x00, 0x00, 0x00, 0x15, 0x00, 0x00, 0x00, 0x0D, 0x00, 0x00, 0x00, 0x10, 0x00, 0x00, 0x00, 0x15,
0x00, 0x00, 0x00, 0x02, 0x00, 0x00, 0x00, 0x00, 0x00, 0x00, 0x00, 0x4D, 0x00, 0x00, 0x00, 0x15,
0x00, 0x00, 0x00, 0x14, 0x00, 0x00, 0x00, 0x18, 0x00, 0x00, 0x00, 0x15, 0x00, 0x00, 0x00, 0x02,
0x00, 0x00, 0x00, 0x00, 0x00, 0x00, 0x00, 0x4E, 0x00, 0x00, 0x00, 0x15, 0x00, 0x00, 0x00, 0x10,
0x00, 0x00, 0x00, 0x14, 0x00, 0x00, 0x00, 0x15, 0x00, 0x00, 0x00, 0x02, 0x00, 0x00, 0x00, 0x00,
0x00, 0x00, 0x00, 0x4F, 0x00, 0x00, 0x00, 0x15, 0x00, 0x00, 0x00, 0x12, 0x00, 0x00, 0x00, 0x15,
0x00, 0x00, 0x00, 0x15, 0x00, 0x00, 0x00, 0x01, 0x00, 0x00, 0x00, 0x00, 0x00, 0x00, 0x00, 0x50,
0x00, 0x00, 0x00, 0x15, 0x00, 0x00, 0x00, 0x0E, 0x00, 0x00, 0x00, 0x11, 0x00, 0x00, 0x00, 0x15,
0x00, 0x00, 0x00, 0x02, 0x00, 0x00, 0x00, 0x00, 0x00, 0x00, 0x00, 0x51, 0x00, 0x00, 0x00, 0x1A,
0x00, 0x00, 0x00, 0x15, 0x00, 0x00, 0x00, 0x15, 0x00, 0x00, 0x00, 0x15, 0x00, 0x00, 0x00, 0x01,
0x00, 0x00, 0x00, 0x00, 0x00, 0x00, 0x00, 0x52, 0x00, 0x00, 0x00, 0x15, 0x00, 0x00, 0x00, 0x0F,
0x00, 0x00, 0x00, 0x12, 0x00, 0x00, 0x00, 0x15, 0x00, 0x00, 0x00, 0x02, 0x00, 0x00, 0x00, 0x00,
0x00, 0x00, 0x00, 0x53, 0x00, 0x00, 0x00, 0x15, 0x00, 0x00, 0x00, 0x0E, 0x00, 0x00, 0x00, 0x10,
0x00, 0x00, 0x00, 0x15, 0x00, 0x00, 0x00, 0x01, 0x00, 0x00, 0x00, 0x00, 0x00, 0x00, 0x00, 0x54,
0x00, 0x00, 0x00, 0x15, 0x00, 0x00, 0x00, 0x11, 0x00, 0x00, 0x00, 0x11, 0x00, 0x00, 0x00, 0x15,
0x00, 0x00, 0x00, 0x00, 0x00, 0x00, 0x00, 0x00, 0x00, 0x00, 0x00, 0x55, 0x00, 0x00, 0x00, 0x15,
0x00, 0x00, 0x00, 0x10, 0x00, 0x00, 0x00, 0x13, 0x00, 0x00, 0x00, 0x15, 0x00, 0x00, 0x00, 0x02,
0x00, 0x00, 0x00, 0x00, 0x00, 0x00, 0x00, 0x56, 0x00, 0x00, 0x00, 0x15, 0x00, 0x00, 0x00, 0x13,
0x00, 0x00, 0x00, 0x11, 0x00, 0x00, 0x00, 0x15, 0xFF, 0xFF, 0xFF, 0xFF, 0x00, 0x00, 0x00, 0x00,
0x00, 0x00, 0x00, 0x57, 0x00, 0x00, 0x00, 0x15, 0x00, 0x00, 0x00, 0x19, 0x00, 0x00, 0x00, 0x19,
0x00, 0x00, 0x00, 0x15, 0x00, 0x00, 0x00, 0x00, 0x00, 0x00, 0x00, 0x00, 0x00, 0x00, 0x00, 0x58,
0x00, 0x00, 0x00, 0x15, 0x00, 0x00, 0x00, 0x12, 0x00, 0x00, 0x00, 0x12, 0x00, 0x00, 0x00, 0x15,
0x00, 0x00, 0x00, 0x00, 0x00, 0x00, 0x00, 0x00, 0x00, 0x00, 0x00, 0x59, 0x00, 0x00, 0x00, 0x15,
0x00, 0x00, 0x00, 0x11, 0x00, 0x00, 0x00, 0x11, 0x00, 0x00, 0x00, 0x15, 0x00, 0x00, 0x00, 0x00,
0x00, 0x00, 0x00, 0x00, 0x00, 0x00, 0x00, 0x5A, 0x00, 0x00, 0x00, 0x15, 0x00, 0x00, 0x00, 0x0F,
0x00, 0x00, 0x00, 0x10, 0x00, 0x00, 0x00, 0x15, 0x00, 0x00, 0x00, 0x01, 0x00, 0x00, 0x00, 0x00,
0x00, 0x00, 0x00, 0x5B, 0x00, 0x00, 0x00, 0x1C, 0x00, 0x00, 0x00, 0x06, 0x00, 0x00, 0x00, 0x09,
0x00, 0x00, 0x00, 0x15, 0x00, 0x00, 0x00, 0x02, 0x00, 0x00, 0x00, 0x00, 0x00, 0x00, 0x00, 0x5C,
0x00, 0x00, 0x00, 0x19, 0x00, 0x00, 0x00, 0x0E, 0x00, 0x00, 0x00, 0x0B, 0x00, 0x00, 0x00, 0x15,
0xFF, 0xFF, 0xFF, 0xFE, 0x00, 0x00, 0x00, 0x00, 0x00, 0x00, 0x00, 0x5D, 0x00, 0x00, 0x00, 0x1C,
0x00, 0x00, 0x00, 0x06, 0x00, 0x00, 0x00, 0x09, 0x00, 0x00, 0x00, 0x15, 0x00, 0x00, 0x00, 0x01,
0x00, 0x00, 0x00, 0x00, 0x00, 0x00, 0x00, 0x5E, 0x00, 0x00, 0x00, 0x08, 0x00, 0x00, 0x00, 0x0C,
0x00, 0x00, 0x00, 0x0F, 0x00, 0x00, 0x00, 0x15, 0x00, 0x00, 0x00, 0x01, 0x00, 0x00, 0x00, 0x00,
0x00, 0x00, 0x00, 0x5F, 0x00, 0x00, 0x00, 0x02, 0x00, 0x00, 0x00, 0x0D, 0x00, 0x00, 0x00, 0x0C,
0xFF, 0xFF, 0xFF, 0xFC, 0x00, 0x00, 0x00, 0x00, 0x00, 0x00, 0x00, 0x00, 0x00, 0x00, 0x00, 0x60,
0x00, 0x00, 0x00, 0x04, 0x00, 0x00, 0x00, 0x06, 0x00, 0x00, 0x00, 0x08, 0x00, 0x00, 0x00, 0x15,
0x00, 0x00, 0x00, 0x01, 0x00, 0x00, 0x00, 0x00, 0x00, 0x00, 0x00, 0x61, 0x00, 0x00, 0x00, 0x0F,
0x00, 0x00, 0x00, 0x0C, 0x00, 0x00, 0x00, 0x0F, 0x00, 0x00, 0x00, 0x0F, 0x00, 0x00, 0x00, 0x01,
0x00, 0x00, 0x00, 0x00, 0x00, 0x00, 0x00, 0x62, 0x00, 0x00, 0x00, 0x15, 0x00, 0x00, 0x00, 0x0D,
0x00, 0x00, 0x00, 0x10, 0x00, 0x00, 0x00, 0x15, 0x00, 0x00, 0x00, 0x02, 0x00, 0x00, 0x00, 0x00,
0x00, 0x00, 0x00, 0x63, 0x00, 0x00, 0x00, 0x0F, 0x00, 0x00, 0x00, 0x0C, 0x00, 0x00, 0x00, 0x0D,
0x00, 0x00, 0x00, 0x0F, 0x00, 0x00, 0x00, 0x01, 0x00, 0x00, 0x00, 0x00, 0x00, 0x00, 0x00, 0x64,
0x00, 0x00, 0x00, 0x15, 0x00, 0x00, 0x00, 0x0E, 0x00, 0x00, 0x00, 0x10, 0x00, 0x00, 0x00, 0x15,
0x00, 0x00, 0x00, 0x01, 0x00, 0x00, 0x00, 0x00, 0x00, 0x00, 0x00, 0x65, 0x00, 0x00, 0x00, 0x0F,
0x00, 0x00, 0x00, 0x0D, 0x00, 0x00, 0x00, 0x0F, 0x00, 0x00, 0x00, 0x0F, 0x00, 0x00, 0x00, 0x01,
0x00, 0x00, 0x00, 0x00, 0x00, 0x00, 0x00, 0x66, 0x00, 0x00, 0x00, 0x15, 0x00, 0x00, 0x00, 0x0B,
0x00, 0x00, 0x00, 0x0A, 0x00, 0x00, 0x00, 0x15, 0x00, 0x00, 0x00, 0x00, 0x00, 0x00, 0x00, 0x00,
0x00, 0x00, 0x00, 0x67, 0x00, 0x00, 0x00, 0x15, 0x00, 0x00, 0x00, 0x0D, 0x00, 0x00, 0x00, 0x10,
0x00, 0x00, 0x00, 0x0F, 0x00, 0x00, 0x00, 0x01, 0x00, 0x00, 0x00, 0x00, 0x00, 0x00, 0x00, 0x68,
0x00, 0x00, 0x00, 0x15, 0x00, 0x00, 0x00, 0x0D, 0x00, 0x00, 0x00, 0x10, 0x00, 0x00, 0x00, 0x15,
0x00, 0x00, 0x00, 0x02, 0x00, 0x00, 0x00, 0x00, 0x00, 0x00, 0x00, 0x69, 0x00, 0x00, 0x00, 0x15,
0x00, 0x00, 0x00, 0x04, 0x00, 0x00, 0x00, 0x08, 0x00, 0x00, 0x00, 0x15, 0x00, 0x00, 0x00, 0x02,
0x00, 0x00, 0x00, 0x00, 0x00, 0x00, 0x00, 0x6A, 0x00, 0x00, 0x00, 0x1B, 0x00, 0x00, 0x00, 0x06,
0x00, 0x00, 0x00, 0x08, 0x00, 0x00, 0x00, 0x15, 0x00, 0x00, 0x00, 0x00, 0x00, 0x00, 0x00, 0x00,
0x00, 0x00, 0x00, 0x6B, 0x00, 0x00, 0x00, 0x15, 0x00, 0x00, 0x00, 0x0C, 0x00, 0x00, 0x00, 0x0E,
0x00, 0x00, 0x00, 0x15, 0x00, 0x00, 0x00, 0x02, 0x00, 0x00, 0x00, 0x00, 0x00, 0x00, 0x00, 0x6C,
0x00, 0x00, 0x00, 0x15, 0x00, 0x00, 0x00, 0x07, 0x00, 0x00, 0x00, 0x09, 0x00, 0x00, 0x00, 0x15,
0x00, 0x00, 0x00, 0x02, 0x00, 0x00, 0x00, 0x00, 0x00, 0x00, 0x00, 0x6D, 0x00, 0x00, 0x00, 0x0F,
0x00, 0x00, 0x00, 0x15, 0x00, 0x00, 0x00, 0x18, 0x00, 0x00, 0x00, 0x0F, 0x00, 0x00, 0x00, 0x02,
0x00, 0x00, 0x00, 0x00, 0x00, 0x00, 0x00, 0x6E, 0x00, 0x00, 0x00, 0x0F, 0x00, 0x00, 0x00, 0x0D,
0x00, 0x00, 0x00, 0x10, 0x00, 0x00, 0x00, 0x0F, 0x00, 0x00, 0x00, 0x02, 0x00, 0x00, 0x00, 0x00,
0x00, 0x00, 0x00, 0x6F, 0x00, 0x00, 0x00, 0x0F, 0x00, 0x00, 0x00, 0x0E, 0x00, 0x00, 0x00, 0x10,
0x00, 0x00, 0x00, 0x0F, 0x00, 0x00, 0x00, 0x01, 0x00, 0x00, 0x00, 0x00, 0x00, 0x00, 0x00, 0x70,
0x00, 0x00, 0x00, 0x15, 0x00, 0x00, 0x00, 0x0D, 0x00, 0x00, 0x00, 0x10, 0x00, 0x00, 0x00, 0x0F,
0x00, 0x00, 0x00, 0x02, 0x00, 0x00, 0x00, 0x00, 0x00, 0x00, 0x00, 0x71, 0x00, 0x00, 0x00, 0x15,
0x00, 0x00, 0x00, 0x0D, 0x00, 0x00, 0x00, 0x10, 0x00, 0x00, 0x00, 0x0F, 0x00, 0x00, 0x00, 0x01,
0x00, 0x00, 0x00, 0x00, 0x00, 0x00, 0x00, 0x72, 0x00, 0x00, 0x00, 0x0F, 0x00, 0x00, 0x00, 0x08,
0x00, 0x00, 0x00, 0x0A, 0x00, 0x00, 0x00, 0x0F, 0x00, 0x00, 0x00, 0x02, 0x00, 0x00, 0x00, 0x00,
0x00, 0x00, 0x00, 0x73, 0x00, 0x00, 0x00, 0x0F, 0x00, 0x00, 0x00, 0x0B, 0x00, 0x00, 0x00, 0x0C,
0x00, 0x00, 0x00, 0x0F, 0x00, 0x00, 0x00, 0x01, 0x00, 0x00, 0x00, 0x00, 0x00, 0x00, 0x00, 0x74,
0x00, 0x00, 0x00, 0x13, 0x00, 0x00, 0x00, 0x0A, 0x00, 0x00, 0x00, 0x0A, 0x00, 0x00, 0x00, 0x13,
0x00, 0x00, 0x00, 0x00, 0x00, 0x00, 0x00, 0x00, 0x00, 0x00, 0x00, 0x75, 0x00, 0x00, 0x00, 0x0F,
0x00, 0x00, 0x00, 0x0D, 0x00, 0x00, 0x00, 0x10, 0x00, 0x00, 0x00, 0x0F, 0x00, 0x00, 0x00, 0x02,
0x00, 0x00, 0x00, 0x00, 0x00, 0x00, 0x00, 0x76, 0x00, 0x00, 0x00, 0x0F, 0x00, 0x00, 0x00, 0x0F,
0x00, 0x00, 0x00, 0x0E, 0x00, 0x00, 0x00, 0x0F, 0x00, 0x00, 0x00, 0x00, 0x00, 0x00, 0x00, 0x00,
0x00, 0x00, 0x00, 0x77, 0x00, 0x00, 0x00, 0x0F, 0x00, 0x00, 0x00, 0x16, 0x00, 0x00, 0x00, 0x16,
0x00, 0x00, 0x00, 0x0F, 0x00, 0x00, 0x00, 0x00, 0x00, 0x00, 0x00, 0x00, 0x00, 0x00, 0x00, 0x78,
0x00, 0x00, 0x00, 0x0F, 0x00, 0x00, 0x00, 0x0F, 0x00, 0x00, 0x00, 0x0F, 0x00, 0x00, 0x00, 0x0F,
0x00, 0x00, 0x00, 0x00, 0x00, 0x00, 0x00, 0x00, 0x00, 0x00, 0x00, 0x79, 0x00, 0x00, 0x00, 0x15,
0x00, 0x00, 0x00, 0x0E, 0x00, 0x00, 0x00, 0x0E, 0x00, 0x00, 0x00, 0x0F, 0x00, 0x00, 0x00, 0x00,
0x00, 0x00, 0x00, 0x00, 0x00, 0x00, 0x00, 0x7A, 0x00, 0x00, 0x00, 0x0F, 0x00, 0x00, 0x00, 0x0B,
0x00, 0x00, 0x00, 0x0D, 0x00, 0x00, 0x00, 0x0F, 0x00, 0x00, 0x00, 0x01, 0x00, 0x00, 0x00, 0x00,
0x00, 0x00, 0x00, 0x7B, 0x00, 0x00, 0x00, 0x1C, 0x00, 0x00, 0x00, 0x09, 0x00, 0x00, 0x00, 0x0A,
0x00, 0x00, 0x00, 0x15, 0x00, 0x00, 0x00, 0x01, 0x00, 0x00, 0x00, 0x00, 0x00, 0x00, 0x00, 0x7C,
0x00, 0x00, 0x00, 0x19, 0x00, 0x00, 0x00, 0x03, 0x00, 0x00, 0x00, 0x07, 0x00, 0x00, 0x00, 0x15,
0x00, 0x00, 0x00, 0x02, 0x00, 0x00, 0x00, 0x00, 0x00, 0x00, 0x00, 0x7D, 0x00, 0x00, 0x00, 0x1C,
0x00, 0x00, 0x00, 0x09, 0x00, 0x00, 0x00, 0x0A, 0x00, 0x00, 0x00, 0x15, 0x00, 0x00, 0x00, 0x01,
0x00, 0x00, 0x00, 0x00, 0x00, 0x00, 0x00, 0x7E, 0x00, 0x00, 0x00, 0x04, 0x00, 0x00, 0x00, 0x0E,
0x00, 0x00, 0x00, 0x0F, 0x00, 0x00, 0x00, 0x0D, 0x00, 0x00, 0x00, 0x01, 0x00, 0x00, 0x00, 0x00,
0x00, 0x00, 0x04, 0x01, 0x00, 0x00, 0x00, 0x19, 0x00, 0x00, 0x00, 0x0D, 0x00, 0x00, 0x00, 0x10,
0x00, 0x00, 0x00, 0x19, 0x00, 0x00, 0x00, 0x02, 0x00, 0x00, 0x00, 0x00, 0x00, 0x00, 0x04, 0x02,
0x00, 0x00, 0x00, 0x15, 0x00, 0x00, 0x00, 0x15, 0x00, 0x00, 0x00, 0x16, 0x00, 0x00, 0x00, 0x15,
0x00, 0x00, 0x00, 0x00, 0x00, 0x00, 0x00, 0x00, 0x00, 0x00, 0x04, 0x03, 0x00, 0x00, 0x00, 0x1A,
0x00, 0x00, 0x00, 0x0C, 0x00, 0x00, 0x00, 0x0D, 0x00, 0x00, 0x00, 0x1A, 0x00, 0x00, 0x00, 0x02,
0x00, 0x00, 0x00, 0x00, 0x00, 0x00, 0x04, 0x04, 0x00, 0x00, 0x00, 0x15, 0x00, 0x00, 0x00, 0x10,
0x00, 0x00, 0x00, 0x11, 0x00, 0x00, 0x00, 0x15, 0x00, 0x00, 0x00, 0x01, 0x00, 0x00, 0x00, 0x00,
0x00, 0x00, 0x04, 0x05, 0x00, 0x00, 0x00, 0x15, 0x00, 0x00, 0x00, 0x0E, 0x00, 0x00, 0x00, 0x10,
0x00, 0x00, 0x00, 0x15, 0x00, 0x00, 0x00, 0x01, 0x00, 0x00, 0x00, 0x00, 0x00, 0x00, 0x04, 0x06,
0x00, 0x00, 0x00, 0x15, 0x00, 0x00, 0x00, 0x03, 0x00, 0x00, 0x00, 0x08, 0x00, 0x00, 0x00, 0x15,
0x00, 0x00, 0x00, 0x03, 0x00, 0x00, 0x00, 0x00, 0x00, 0x00, 0x04, 0x07, 0x00, 0x00, 0x00, 0x19,
0x00, 0x00, 0x00, 0x08, 0x00, 0x00, 0x00, 0x09, 0x00, 0x00, 0x00, 0x19, 0x00, 0x00, 0x00, 0x00,
0x00, 0x00, 0x00, 0x00, 0x00, 0x00, 0x04, 0x08, 0x00, 0x00, 0x00, 0x15, 0x00, 0x00, 0x00, 0x07,
0x00, 0x00, 0x00, 0x09, 0x00, 0x00, 0x00, 0x15, 0xFF, 0xFF, 0xFF, 0xFF, 0x00, 0x00, 0x00, 0x00,
0x00, 0x00, 0x04, 0x09, 0x00, 0x00, 0x00, 0x15, 0x00, 0x00, 0x00, 0x1C, 0x00, 0x00, 0x00, 0x1C,
0x00, 0x00, 0x00, 0x15, 0xFF, 0xFF, 0xFF, 0xFF, 0x00, 0x00, 0x00, 0x00, 0x00, 0x00, 0x04, 0x0A,
0x00, 0x00, 0x00, 0x15, 0x00, 0x00, 0x00, 0x1B, 0x00, 0x00, 0x00, 0x1D, 0x00, 0x00, 0x00, 0x15,
0x00, 0x00, 0x00, 0x02, 0x00, 0x00, 0x00, 0x00, 0x00, 0x00, 0x04, 0x0B, 0x00, 0x00, 0x00, 0x15,
0x00, 0x00, 0x00, 0x15, 0x00, 0x00, 0x00, 0x17, 0x00, 0x00, 0x00, 0x15, 0x00, 0x00, 0x00, 0x00,
0x00, 0x00, 0x00, 0x00, 0x00, 0x00, 0x04, 0x0C, 0x00, 0x00, 0x00, 0x1A, 0x00, 0x00, 0x00, 0x10,
0x00, 0x00, 0x00, 0x12, 0x00, 0x00, 0x00, 0x1A, 0x00, 0x00, 0x00, 0x02, 0x00, 0x00, 0x00, 0x00,
0x00, 0x00, 0x04, 0x0E, 0x00, 0x00, 0x00, 0x1A, 0x00, 0x00, 0x00, 0x11, 0x00, 0x00, 0x00, 0x10,
0x00, 0x00, 0x00, 0x1A, 0x00, 0x00, 0x00, 0x00, 0x00, 0x00, 0x00, 0x00, 0x00, 0x00, 0x04, 0x0F,
0x00, 0x00, 0x00, 0x1A, 0x00, 0x00, 0x00, 0x10, 0x00, 0x00, 0x00, 0x14, 0x00, 0x00, 0x00, 0x15,
0x00, 0x00, 0x00, 0x02, 0x00, 0x00, 0x00, 0x00, 0x00, 0x00, 0x04, 0x10, 0x00, 0x00, 0x00, 0x15,
0x00, 0x00, 0x00, 0x12, 0x00, 0x00, 0x00, 0x11, 0x00, 0x00, 0x00, 0x15, 0x00, 0x00, 0x00, 0x00,
0x00, 0x00, 0x00, 0x00, 0x00, 0x00, 0x04, 0x11, 0x00, 0x00, 0x00, 0x15, 0x00, 0x00, 0x00, 0x0E,
0x00, 0x00, 0x00, 0x11, 0x00, 0x00, 0x00, 0x15, 0x00, 0x00, 0x00, 0x02, 0x00, 0x00, 0x00, 0x00,
0x00, 0x00, 0x04, 0x12, 0x00, 0x00, 0x00, 0x15, 0x00, 0x00, 0x00, 0x0E, 0x00, 0x00, 0x00, 0x11,
0x00, 0x00, 0x00, 0x15, 0x00, 0x00, 0x00, 0x02, 0x00, 0x00, 0x00, 0x00, 0x00, 0x00, 0x04, 0x13,
0x00, 0x00, 0x00, 0x15, 0x00, 0x00, 0x00, 0x0C, 0x00, 0x00, 0x00, 0x0D, 0x00, 0x00, 0x00, 0x15,
0x00, 0x00, 0x00, 0x02, 0x00, 0x00, 0x00, 0x00, 0x00, 0x00, 0x04, 0x14, 0x00, 0x00, 0x00, 0x19,
0x00, 0x00, 0x00, 0x14, 0x00, 0x00, 0x00, 0x14, 0x00, 0x00, 0x00, 0x15, 0x00, 0x00, 0x00, 0x00,
0x00, 0x00, 0x00, 0x00, 0x00, 0x00, 0x04, 0x15, 0x00, 0x00, 0x00, 0x15, 0x00, 0x00, 0x00, 0x0D,
0x00, 0x00, 0x00, 0x10, 0x00, 0x00, 0x00, 0x15, 0x00, 0x00, 0x00, 0x02, 0x00, 0x00, 0x00, 0x00,
0x00, 0x00, 0x04, 0x16, 0x00, 0x00, 0x00, 0x15, 0x00, 0x00, 0x00, 0x19, 0x00, 0x00, 0x00, 0x18,
0x00, 0x00, 0x00, 0x15, 0x00, 0x00, 0x00, 0x00, 0x00, 0x00, 0x00, 0x00, 0x00, 0x00, 0x04, 0x17,
0x00, 0x00, 0x00, 0x15, 0x00, 0x00, 0x00, 0x0E, 0x00, 0x00, 0x00, 0x10, 0x00, 0x00, 0x00, 0x15,
0x00, 0x00, 0x00, 0x01, 0x00, 0x00, 0x00, 0x00, 0x00, 0x00, 0x04, 0x18, 0x00, 0x00, 0x00, 0x15,
0x00, 0x00, 0x00, 0x10, 0x00, 0x00, 0x00, 0x14, 0x00, 0x00, 0x00, 0x15, 0x00, 0x00, 0x00, 0x02,
0x00, 0x00, 0x00, 0x00, 0x00, 0x00, 0x04, 0x19, 0x00, 0x00, 0x00, 0x1A, 0x00, 0x00, 0x00, 0x10,
0x00, 0x00, 0x00, 0x14, 0x00, 0x00, 0x00, 0x1A, 0x00, 0x00, 0x00, 0x02, 0x00, 0x00, 0x00, 0x00,
0x00, 0x00, 0x04, 0x1A, 0x00, 0x00, 0x00, 0x15, 0x00, 0x00, 0x00, 0x10, 0x00, 0x00, 0x00, 0x12,
0x00, 0x00, 0x00, 0x15, 0x00, 0x00, 0x00, 0x02, 0x00, 0x00, 0x00, 0x00, 0x00, 0x00, 0x04, 0x1B,
0x00, 0x00, 0x00, 0x15, 0x00, 0x00, 0x00, 0x12, 0x00, 0x00, 0x00, 0x13, 0x00, 0x00, 0x00, 0x15,
0xFF, 0xFF, 0xFF, 0xFF, 0x00, 0x00, 0x00, 0x00, 0x00, 0x00, 0x04, 0x1C, 0x00, 0x00, 0x00, 0x15,
0x00, 0x00, 0x00, 0x14, 0x00, 0x00, 0x00, 0x18, 0x00, 0x00, 0x00, 0x15, 0x00, 0x00, 0x00, 0x02,
0x00, 0x00, 0x00, 0x00, 0x00, 0x00, 0x04, 0x1D, 0x00, 0x00, 0x00, 0x15, 0x00, 0x00, 0x00, 0x10,
0x00, 0x00, 0x00, 0x14, 0x00, 0x00, 0x00, 0x15, 0x00, 0x00, 0x00, 0x02, 0x00, 0x00, 0x00, 0x00,
0x00, 0x00, 0x04, 0x1E, 0x00, 0x00, 0x00, 0x15, 0x00, 0x00, 0x00, 0x12, 0x00, 0x00, 0x00, 0x15,
0x00, 0x00, 0x00, 0x15, 0x00, 0x00, 0x00, 0x01, 0x00, 0x00, 0x00, 0x00, 0x00, 0x00, 0x04, 0x1F,
0x00, 0x00, 0x00, 0x15, 0x00, 0x00, 0x00, 0x10, 0x00, 0x00, 0x00, 0x14, 0x00, 0x00, 0x00, 0x15,
0x00, 0x00, 0x00, 0x02, 0x00, 0x00, 0x00, 0x00, 0x00, 0x00, 0x04, 0x20, 0x00, 0x00, 0x00, 0x15,
0x00, 0x00, 0x00, 0x0E, 0x00, 0x00, 0x00, 0x11, 0x00, 0x00, 0x00, 0x15, 0x00, 0x00, 0x00, 0x02,
0x00, 0x00, 0x00, 0x00, 0x00, 0x00, 0x04, 0x21, 0x00, 0x00, 0x00, 0x15, 0x00, 0x00, 0x00, 0x0F,
0x00, 0x00, 0x00, 0x11, 0x00, 0x00, 0x00, 0x15, 0x00, 0x00, 0x00, 0x01, 0x00, 0x00, 0x00, 0x00,
0x00, 0x00, 0x04, 0x22, 0x00, 0x00, 0x00, 0x15, 0x00, 0x00, 0x00, 0x11, 0x00, 0x00, 0x00, 0x11,
0x00, 0x00, 0x00, 0x15, 0x00, 0x00, 0x00, 0x00, 0x00, 0x00, 0x00, 0x00, 0x00, 0x00, 0x04, 0x23,
0x00, 0x00, 0x00, 0x15, 0x00, 0x00, 0x00, 0x11, 0x00, 0x00, 0x00, 0x10, 0x00, 0x00, 0x00, 0x15,
0x00, 0x00, 0x00, 0x00, 0x00, 0x00, 0x00, 0x00, 0x00, 0x00, 0x04, 0x24, 0x00, 0x00, 0x00, 0x15,
0x00, 0x00, 0x00, 0x16, 0x00, 0x00, 0x00, 0x17, 0x00, 0x00, 0x00, 0x15, 0x00, 0x00, 0x00, 0x01,
0x00, 0x00, 0x00, 0x00, 0x00, 0x00, 0x04, 0x25, 0x00, 0x00, 0x00, 0x15, 0x00, 0x00, 0x00, 0x12,
0x00, 0x00, 0x00, 0x12, 0x00, 0x00, 0x00, 0x15, 0x00, 0x00, 0x00, 0x00, 0x00, 0x00, 0x00, 0x00,
0x00, 0x00, 0x04, 0x26, 0x00, 0x00, 0x00, 0x19, 0x00, 0x00, 0x00, 0x12, 0x00, 0x00, 0x00, 0x15,
0x00, 0x00, 0x00, 0x15, 0x00, 0x00, 0x00, 0x02, 0x00, 0x00, 0x00, 0x00, 0x00, 0x00, 0x04, 0x27,
0x00, 0x00, 0x00, 0x15, 0x00, 0x00, 0x00, 0x0E, 0x00, 0x00, 0x00, 0x12, 0x00, 0x00, 0x00, 0x15,
0x00, 0x00, 0x00, 0x02, 0x00, 0x00, 0x00, 0x00, 0x00, 0x00, 0x04, 0x28, 0x00, 0x00, 0x00, 0x15,
0x00, 0x00, 0x00, 0x16, 0x00, 0x00, 0x00, 0x1A, 0x00, 0x00, 0x00, 0x15, 0x00, 0x00, 0x00, 0x02,
0x00, 0x00, 0x00, 0x00, 0x00, 0x00, 0x04, 0x29, 0x00, 0x00, 0x00, 0x19, 0x00, 0x00, 0x00, 0x19,
0x00, 0x00, 0x00, 0x1B, 0x00, 0x00, 0x00, 0x15, 0x00, 0x00, 0x00, 0x02, 0x00, 0x00, 0x00, 0x00,
0x00, 0x00, 0x04, 0x2A, 0x00, 0x00, 0x00, 0x15, 0x00, 0x00, 0x00, 0x13, 0x00, 0x00, 0x00, 0x13,
0x00, 0x00, 0x00, 0x15, 0xFF, 0xFF, 0xFF, 0xFF, 0x00, 0x00, 0x00, 0x00, 0x00, 0x00, 0x04, 0x2B,
0x00, 0x00, 0x00, 0x15, 0x00, 0x00, 0x00, 0x13, 0x00, 0x00, 0x00, 0x17, 0x00, 0x00, 0x00, 0x15,
0x00, 0x00, 0x00, 0x02, 0x00, 0x00, 0x00, 0x00, 0x00, 0x00, 0x04, 0x2C, 0x00, 0x00, 0x00, 0x15,
0x00, 0x00, 0x00, 0x0E, 0x00, 0x00, 0x00, 0x11, 0x00, 0x00, 0x00, 0x15, 0x00, 0x00, 0x00, 0x02,
0x00, 0x00, 0x00, 0x00, 0x00, 0x00, 0x04, 0x2D, 0x00, 0x00, 0x00, 0x15, 0x00, 0x00, 0x00, 0x0F,
0x00, 0x00, 0x00, 0x11, 0x00, 0x00, 0x00, 0x15, 0x00, 0x00, 0x00, 0x01, 0x00, 0x00, 0x00, 0x00,
0x00, 0x00, 0x04, 0x2E, 0x00, 0x00, 0x00, 0x15, 0x00, 0x00, 0x00, 0x18, 0x00, 0x00, 0x00, 0x1B,
0x00, 0x00, 0x00, 0x15, 0x00, 0x00, 0x00, 0x02, 0x00, 0x00, 0x00, 0x00, 0x00, 0x00, 0x04, 0x2F,
0x00, 0x00, 0x00, 0x15, 0x00, 0x00, 0x00, 0x0F, 0x00, 0x00, 0x00, 0x11, 0x00, 0x00, 0x00, 0x15,
0x00, 0x00, 0x00, 0x00, 0x00, 0x00, 0x00, 0x00, 0x00, 0x00, 0x04, 0x30, 0x00, 0x00, 0x00, 0x0F,
0x00, 0x00, 0x00, 0x0C, 0x00, 0x00, 0x00, 0x0F, 0x00, 0x00, 0x00, 0x0F, 0x00, 0x00, 0x00, 0x01,
0x00, 0x00, 0x00, 0x00, 0x00, 0x00, 0x04, 0x31, 0x00, 0x00, 0x00, 0x16, 0x00, 0x00, 0x00, 0x0E,
0x00, 0x00, 0x00, 0x10, 0x00, 0x00, 0x00, 0x16, 0x00, 0x00, 0x00, 0x01, 0x00, 0x00, 0x00, 0x00,
0x00, 0x00, 0x04, 0x32, 0x00, 0x00, 0x00, 0x0F, 0x00, 0x00, 0x00, 0x0C, 0x00, 0x00, 0x00, 0x0F,
0x00, 0x00, 0x00, 0x0F, 0x00, 0x00, 0x00, 0x02, 0x00, 0x00, 0x00, 0x00, 0x00, 0x00, 0x04, 0x33,
0x00, 0x00, 0x00, 0x0F, 0x00, 0x00, 0x00, 0x0A, 0x00, 0x00, 0x00, 0x0B, 0x00, 0x00, 0x00, 0x0F,
0x00, 0x00, 0x00, 0x02, 0x00, 0x00, 0x00, 0x00, 0x00, 0x00, 0x04, 0x34, 0x00, 0x00, 0x00, 0x13,
0x00, 0x00, 0x00, 0x10, 0x00, 0x00, 0x00, 0x10, 0x00, 0x00, 0x00, 0x0F, 0x00, 0x00, 0x00, 0x00,
0x00, 0x00, 0x00, 0x00, 0x00, 0x00, 0x04, 0x35, 0x00, 0x00, 0x00, 0x0F, 0x00, 0x00, 0x00, 0x0D,
0x00, 0x00, 0x00, 0x0F, 0x00, 0x00, 0x00, 0x0F, 0x00, 0x00, 0x00, 0x01, 0x00, 0x00, 0x00, 0x00,
0x00, 0x00, 0x04, 0x36, 0x00, 0x00, 0x00, 0x0F, 0x00, 0x00, 0x00, 0x14, 0x00, 0x00, 0x00, 0x14,
0x00, 0x00, 0x00, 0x0F, 0x00, 0x00, 0x00, 0x00, 0x00, 0x00, 0x00, 0x00, 0x00, 0x00, 0x04, 0x37,
0x00, 0x00, 0x00, 0x0F, 0x00, 0x00, 0x00, 0x0B, 0x00, 0x00, 0x00, 0x0D, 0x00, 0x00, 0x00, 0x0F,
0x00, 0x00, 0x00, 0x01, 0x00, 0x00, 0x00, 0x00, 0x00, 0x00, 0x04, 0x38, 0x00, 0x00, 0x00, 0x0F,
0x00, 0x00, 0x00, 0x0D, 0x00, 0x00, 0x00, 0x10, 0x00, 0x00, 0x00, 0x0F, 0x00, 0x00, 0x00, 0x02,
0x00, 0x00, 0x00, 0x00, 0x00, 0x00, 0x04, 0x39, 0x00, 0x00, 0x00, 0x15, 0x00, 0x00, 0x00, 0x0D,
0x00, 0x00, 0x00, 0x10, 0x00, 0x00, 0x00, 0x15, 0x00, 0x00, 0x00, 0x02, 0x00, 0x00, 0x00, 0x00,
0x00, 0x00, 0x04, 0x3A, 0x00, 0x00, 0x00, 0x0F, 0x00, 0x00, 0x00, 0x0C, 0x00, 0x00, 0x00, 0x0E,
0x00, 0x00, 0x00, 0x0F, 0x00, 0x00, 0x00, 0x02, 0x00, 0x00, 0x00, 0x00, 0x00, 0x00, 0x04, 0x3B,
0x00, 0x00, 0x00, 0x0F, 0x00, 0x00, 0x00, 0x0E, 0x00, 0x00, 0x00, 0x0F, 0x00, 0x00, 0x00, 0x0F,
0xFF, 0xFF, 0xFF, 0xFF, 0x00, 0x00, 0x00, 0x00, 0x00, 0x00, 0x04, 0x3C, 0x00, 0x00, 0x00, 0x0F,
0x00, 0x00, 0x00, 0x10, 0x00, 0x00, 0x00, 0x13, 0x00, 0x00, 0x00, 0x0F, 0x00, 0x00, 0x00, 0x02,
0x00, 0x00, 0x00, 0x00, 0x00, 0x00, 0x04, 0x3D, 0x00, 0x00, 0x00, 0x0F, 0x00, 0x00, 0x00, 0x0C,
0x00, 0x00, 0x00, 0x10, 0x00, 0x00, 0x00, 0x0F, 0x00, 0x00, 0x00, 0x02, 0x00, 0x00, 0x00, 0x00,
0x00, 0x00, 0x04, 0x3E, 0x00, 0x00, 0x00, 0x0F, 0x00, 0x00, 0x00, 0x0E, 0x00, 0x00, 0x00, 0x10,
0x00, 0x00, 0x00, 0x0F, 0x00, 0x00, 0x00, 0x01, 0x00, 0x00, 0x00, 0x00, 0x00, 0x00, 0x04, 0x3F,
0x00, 0x00, 0x00, 0x0F, 0x00, 0x00, 0x00, 0x0C, 0x00, 0x00, 0x00, 0x10, 0x00, 0x00, 0x00, 0x0F,
0x00, 0x00, 0x00, 0x02, 0x00, 0x00, 0x00, 0x00, 0x00, 0x00, 0x04, 0x40, 0x00, 0x00, 0x00, 0x15,
0x00, 0x00, 0x00, 0x0D, 0x00, 0x00, 0x00, 0x10, 0x00, 0x00, 0x00, 0x0F, 0x00, 0x00, 0x00, 0x02,
0x00, 0x00, 0x00, 0x00, 0x00, 0x00, 0x04, 0x41, 0x00, 0x00, 0x00, 0x0F, 0x00, 0x00, 0x00, 0x0C,
0x00, 0x00, 0x00, 0x0D, 0x00, 0x00, 0x00, 0x0F, 0x00, 0x00, 0x00, 0x01, 0x00, 0x00, 0x00, 0x00,
0x00, 0x00, 0x04, 0x42, 0x00, 0x00, 0x00, 0x0F, 0x00, 0x00, 0x00, 0x0C, 0x00, 0x00, 0x00, 0x0C,
0x00, 0x00, 0x00, 0x0F, 0x00, 0x00, 0x00, 0x00, 0x00, 0x00, 0x00, 0x00, 0x00, 0x00, 0x04, 0x43,
0x00, 0x00, 0x00, 0x15, 0x00, 0x00, 0x00, 0x0E, 0x00, 0x00, 0x00, 0x0E, 0x00, 0x00, 0x00, 0x0F,
0x00, 0x00, 0x00, 0x00, 0x00, 0x00, 0x00, 0x00, 0x00, 0x00, 0x04, 0x44, 0x00, 0x00, 0x00, 0x1B,
0x00, 0x00, 0x00, 0x13, 0x00, 0x00, 0x00, 0x14, 0x00, 0x00, 0x00, 0x15, 0x00, 0x00, 0x00, 0x01,
0x00, 0x00, 0x00, 0x00, 0x00, 0x00, 0x04, 0x45, 0x00, 0x00, 0x00, 0x0F, 0x00, 0x00, 0x00, 0x0F,
0x00, 0x00, 0x00, 0x0F, 0x00, 0x00, 0x00, 0x0F, 0x00, 0x00, 0x00, 0x00, 0x00, 0x00, 0x00, 0x00,
0x00, 0x00, 0x04, 0x46, 0x00, 0x00, 0x00, 0x13, 0x00, 0x00, 0x00, 0x0E, 0x00, 0x00, 0x00, 0x10,
0x00, 0x00, 0x00, 0x0F, 0x00, 0x00, 0x00, 0x02, 0x00, 0x00, 0x00, 0x00, 0x00, 0x00, 0x04, 0x47,
0x00, 0x00, 0x00, 0x0F, 0x00, 0x00, 0x00, 0x0C, 0x00, 0x00, 0x00, 0x0F, 0x00, 0x00, 0x00, 0x0F,
0x00, 0x00, 0x00, 0x01, 0x00, 0x00, 0x00, 0x00, 0x00, 0x00, 0x04, 0x48, 0x00, 0x00, 0x00, 0x0F,
0x00, 0x00, 0x00, 0x12, 0x00, 0x00, 0x00, 0x16, 0x00, 0x00, 0x00, 0x0F, 0x00, 0x00, 0x00, 0x02,
0x00, 0x00, 0x00, 0x00, 0x00, 0x00, 0x04, 0x49, 0x00, 0x00, 0x00, 0x13, 0x00, 0x00, 0x00, 0x14,
0x00, 0x00, 0x00, 0x17, 0x00, 0x00, 0x00, 0x0F, 0x00, 0x00, 0x00, 0x02, 0x00, 0x00, 0x00, 0x00,
0x00, 0x00, 0x04, 0x4A, 0x00, 0x00, 0x00, 0x0F, 0x00, 0x00, 0x00, 0x0E, 0x00, 0x00, 0x00, 0x0F,
0x00, 0x00, 0x00, 0x0F, 0x00, 0x00, 0x00, 0x00, 0x00, 0x00, 0x00, 0x00, 0x00, 0x00, 0x04, 0x4B,
0x00, 0x00, 0x00, 0x0F, 0x00, 0x00, 0x00, 0x10, 0x00, 0x00, 0x00, 0x14, 0x00, 0x00, 0x00, 0x0F,
0x00, 0x00, 0x00, 0x02, 0x00, 0x00, 0x00, 0x00, 0x00, 0x00, 0x04, 0x4C, 0x00, 0x00, 0x00, 0x0F,
0x00, 0x00, 0x00, 0x0B, 0x00, 0x00, 0x00, 0x0D, 0x00, 0x00, 0x00, 0x0F, 0x00, 0x00, 0x00, 0x02,
0x00, 0x00, 0x00, 0x00, 0x00, 0x00, 0x04, 0x4D, 0x00, 0x00, 0x00, 0x0F, 0x00, 0x00, 0x00, 0x0C,
0x00, 0x00, 0x00, 0x0E, 0x00, 0x00, 0x00, 0x0F, 0x00, 0x00, 0x00, 0x01, 0x00, 0x00, 0x00, 0x00,
0x00, 0x00, 0x04, 0x4E, 0x00, 0x00, 0x00, 0x0F, 0x00, 0x00, 0x00, 0x13, 0x00, 0x00, 0x00, 0x16,
0x00, 0x00, 0x00, 0x0F, 0x00, 0x00, 0x00, 0x02, 0x00, 0x00, 0x00, 0x00, 0x00, 0x00, 0x04, 0x4F,
0x00, 0x00, 0x00, 0x0F, 0x00, 0x00, 0x00, 0x0D, 0x00, 0x00, 0x00, 0x0E, 0x00, 0x00, 0x00, 0x0F,
0x00, 0x00, 0x00, 0x00, 0x00, 0x00, 0x00, 0x00, 0x00, 0x00, 0x04, 0x51, 0x00, 0x00, 0x00, 0x14,
0x00, 0x00, 0x00, 0x0D, 0x00, 0x00, 0x00, 0x0F, 0x00, 0x00, 0x00, 0x14, 0x00, 0x00, 0x00, 0x01,
0x00, 0x00, 0x00, 0x00, 0x00, 0x00, 0x04, 0x52, 0x00, 0x00, 0x00, 0x1B, 0x00, 0x00, 0x00, 0x10,
0x00, 0x00, 0x00, 0x10, 0x00, 0x00, 0x00, 0x15, 0xFF, 0xFF, 0xFF, 0xFF, 0x00, 0x00, 0x00, 0x00,
0x00, 0x00, 0x04, 0x53, 0x00, 0x00, 0x00, 0x15, 0x00, 0x00, 0x00, 0x0A, 0x00, 0x00, 0x00, 0x0B,
0x00, 0x00, 0x00, 0x15, 0x00, 0x00, 0x00, 0x02, 0x00, 0x00, 0x00, 0x00, 0x00, 0x00, 0x04, 0x54,
0x00, 0x00, 0x00, 0x0F, 0x00, 0x00, 0x00, 0x0D, 0x00, 0x00, 0x00, 0x0E, 0x00, 0x00, 0x00, 0x0F,
0x00, 0x00, 0x00, 0x01, 0x00, 0x00, 0x00, 0x00, 0x00, 0x00, 0x04, 0x55, 0x00, 0x00, 0x00, 0x0F,
0x00, 0x00, 0x00, 0x0B, 0x00, 0x00, 0x00, 0x0C, 0x00, 0x00, 0x00, 0x0F, 0x00, 0x00, 0x00, 0x01,
0x00, 0x00, 0x00, 0x00, 0x00, 0x00, 0x04, 0x56, 0x00, 0x00, 0x00, 0x15, 0x00, 0x00, 0x00, 0x04,
0x00, 0x00, 0x00, 0x08, 0x00, 0x00, 0x00, 0x15, 0x00, 0x00, 0x00, 0x02, 0x00, 0x00, 0x00, 0x00,
0x00, 0x00, 0x04, 0x57, 0x00, 0x00, 0x00, 0x15, 0x00, 0x00, 0x00, 0x08, 0x00, 0x00, 0x00, 0x08,
0x00, 0x00, 0x00, 0x15, 0x00, 0x00, 0x00, 0x00, 0x00, 0x00, 0x00, 0x00, 0x00, 0x00, 0x04, 0x58,
0x00, 0x00, 0x00, 0x1B, 0x00, 0x00, 0x00, 0x06, 0x00, 0x00, 0x00, 0x08, 0x00, 0x00, 0x00, 0x15,
0x00, 0x00, 0x00, 0x00, 0x00, 0x00, 0x00, 0x00, 0x00, 0x00, 0x04, 0x59, 0x00, 0x00, 0x00, 0x0F,
0x00, 0x00, 0x00, 0x17, 0x00, 0x00, 0x00, 0x16, 0x00, 0x00, 0x00, 0x0F, 0xFF, 0xFF, 0xFF, 0xFF,
0x00, 0x00, 0x00, 0x00, 0x00, 0x00, 0x04, 0x5A, 0x00, 0x00, 0x00, 0x0F, 0x00, 0x00, 0x00, 0x15,
0x00, 0x00, 0x00, 0x17, 0x00, 0x00, 0x00, 0x0F, 0x00, 0x00, 0x00, 0x02, 0x00, 0x00, 0x00, 0x00,
0x00, 0x00, 0x04, 0x5B, 0x00, 0x00, 0x00, 0x15, 0x00, 0x00, 0x00, 0x10, 0x00, 0x00, 0x00, 0x10,
0x00, 0x00, 0x00, 0x15, 0xFF, 0xFF, 0xFF, 0xFF, 0x00, 0x00, 0x00, 0x00, 0x00, 0x00, 0x04, 0x5C,
0x00, 0x00, 0x00, 0x15, 0x00, 0x00, 0x00, 0x0C, 0x00, 0x00, 0x00, 0x0E, 0x00, 0x00, 0x00, 0x15,
0x00, 0x00, 0x00, 0x02, 0x00, 0x00, 0x00, 0x00, 0x00, 0x00, 0x04, 0x5E, 0x00, 0x00, 0x00, 0x1B,
0x00, 0x00, 0x00, 0x0E, 0x00, 0x00, 0x00, 0x0E, 0x00, 0x00, 0x00, 0x15, 0x00, 0x00, 0x00, 0x00,
0x00, 0x00, 0x00, 0x00, 0x00, 0x00, 0x04, 0x5F, 0x00, 0x00, 0x00, 0x14, 0x00, 0x00, 0x00, 0x0C,
0x00, 0x00, 0x00, 0x10, 0x00, 0x00, 0x00, 0x0F, 0x00, 0x00, 0x00, 0x02, 0x00, 0x00, 0x00, 0x00,
0x00, 0x00, 0x04, 0x62, 0x00, 0x00, 0x00, 0x15, 0x00, 0x00, 0x00, 0x12, 0x00, 0x00, 0x00, 0x13,
0x00, 0x00, 0x00, 0x15, 0x00, 0x00, 0x00, 0x00, 0x00, 0x00, 0x00, 0x00, 0x00, 0x00, 0x04, 0x63,
0x00, 0x00, 0x00, 0x15, 0x00, 0x00, 0x00, 0x0E, 0x00, 0x00, 0x00, 0x0F, 0x00, 0x00, 0x00, 0x15,
0x00, 0x00, 0x00, 0x00, 0x00, 0x00, 0x00, 0x00, 0x00, 0x00, 0x04, 0x72, 0x00, 0x00, 0x00, 0x15,
0x00, 0x00, 0x00, 0x12, 0x00, 0x00, 0x00, 0x15, 0x00, 0x00, 0x00, 0x15, 0x00, 0x00, 0x00, 0x01,
0x00, 0x00, 0x00, 0x00, 0x00, 0x00, 0x04, 0x73, 0x00, 0x00, 0x00, 0x0F, 0x00, 0x00, 0x00, 0x0E,
0x00, 0x00, 0x00, 0x10, 0x00, 0x00, 0x00, 0x0F, 0x00, 0x00, 0x00, 0x01, 0x00, 0x00, 0x00, 0x00,
0x00, 0x00, 0x04, 0x74, 0x00, 0x00, 0x00, 0x15, 0x00, 0x00, 0x00, 0x15, 0x00, 0x00, 0x00, 0x12,
0x00, 0x00, 0x00, 0x15, 0xFF, 0xFF, 0xFF, 0xFF, 0x00, 0x00, 0x00, 0x00, 0x00, 0x00, 0x04, 0x75,
0x00, 0x00, 0x00, 0x0F, 0x00, 0x00, 0x00, 0x10, 0x00, 0x00, 0x00, 0x0F, 0x00, 0x00, 0x00, 0x0F,
0x00, 0x00, 0x00, 0x00, 0x00, 0x00, 0x00, 0x00, 0x00, 0x00, 0x04, 0x8A, 0x00, 0x00, 0x00, 0x1E,
0x00, 0x00, 0x00, 0x13, 0x00, 0x00, 0x00, 0x15, 0x00, 0x00, 0x00, 0x1A, 0x00, 0x00, 0x00, 0x02,
0x00, 0x00, 0x00, 0x00, 0x00, 0x00, 0x04, 0x8B, 0x00, 0x00, 0x00, 0x19, 0x00, 0x00, 0x00, 0x10,
0x00, 0x00, 0x00, 0x11, 0x00, 0x00, 0x00, 0x15, 0x00, 0x00, 0x00, 0x02, 0x00, 0x00, 0x00, 0x00,
0x00, 0x00, 0x04, 0x8C, 0x00, 0x00, 0x00, 0x15, 0x00, 0x00, 0x00, 0x12, 0x00, 0x00, 0x00, 0x13,
0x00, 0x00, 0x00, 0x15, 0x00, 0x00, 0x00, 0x00, 0x00, 0x00, 0x00, 0x00, 0x00, 0x00, 0x04, 0x8D,
0x00, 0x00, 0x00, 0x15, 0x00, 0x00, 0x00, 0x0E, 0x00, 0x00, 0x00, 0x0F, 0x00, 0x00, 0x00, 0x15,
0x00, 0x00, 0x00, 0x00, 0x00, 0x00, 0x00, 0x00, 0x00, 0x00, 0x04, 0x8E, 0x00, 0x00, 0x00, 0x15,
0x00, 0x00, 0x00, 0x0E, 0x00, 0x00, 0x00, 0x11, 0x00, 0x00, 0x00, 0x15, 0x00, 0x00, 0x00, 0x02,
0x00, 0x00, 0x00, 0x00, 0x00, 0x00, 0x04, 0x8F, 0x00, 0x00, 0x00, 0x15, 0x00, 0x00, 0x00, 0x0D,
0x00, 0x00, 0x00, 0x10, 0x00, 0x00, 0x00, 0x0F, 0x00, 0x00, 0x00, 0x02, 0x00, 0x00, 0x00, 0x00,
0x00, 0x00, 0x04, 0x90, 0x00, 0x00, 0x00, 0x19, 0x00, 0x00, 0x00, 0x0C, 0x00, 0x00, 0x00, 0x0D,
0x00, 0x00, 0x00, 0x19, 0x00, 0x00, 0x00, 0x02, 0x00, 0x00, 0x00, 0x00, 0x00, 0x00, 0x04, 0x91,
0x00, 0x00, 0x00, 0x13, 0x00, 0x00, 0x00, 0x0A, 0x00, 0x00, 0x00, 0x0B, 0x00, 0x00, 0x00, 0x13,
0x00, 0x00, 0x00, 0x02, 0x00, 0x00, 0x00, 0x00, 0x00, 0x00, 0x04, 0x92, 0x00, 0x00, 0x00, 0x15,
0x00, 0x00, 0x00, 0x0F, 0x00, 0x00, 0x00, 0x0E, 0x00, 0x00, 0x00, 0x15, 0x00, 0x00, 0x00, 0x00,
0x00, 0x00, 0x00, 0x00, 0x00, 0x00, 0x04, 0x93, 0x00, 0x00, 0x00, 0x0F, 0x00, 0x00, 0x00, 0x0C,
0x00, 0x00, 0x00, 0x0C, 0x00, 0x00, 0x00, 0x0F, 0x00, 0x00, 0x00, 0x00, 0x00, 0x00, 0x00, 0x00,
0x00, 0x00, 0x04, 0x94, 0x00, 0x00, 0x00, 0x19, 0x00, 0x00, 0x00, 0x0E, 0x00, 0x00, 0x00, 0x11,
0x00, 0x00, 0x00, 0x15, 0x00, 0x00, 0x00, 0x02, 0x00, 0x00, 0x00, 0x00, 0x00, 0x00, 0x04, 0x95,
0x00, 0x00, 0x00, 0x15, 0x00, 0x00, 0x00, 0x0D, 0x00, 0x00, 0x00, 0x10, 0x00, 0x00, 0x00, 0x0F,
0x00, 0x00, 0x00, 0x02, 0x00, 0x00, 0x00, 0x00, 0x00, 0x00, 0x04, 0x96, 0x00, 0x00, 0x00, 0x19,
0x00, 0x00, 0x00, 0x19, 0x00, 0x00, 0x00, 0x19, 0x00, 0x00, 0x00, 0x15, 0x00, 0x00, 0x00, 0x00,
0x00, 0x00, 0x00, 0x00, 0x00, 0x00, 0x04, 0x97, 0x00, 0x00, 0x00, 0x13, 0x00, 0x00, 0x00, 0x15,
0x00, 0x00, 0x00, 0x15, 0x00, 0x00, 0x00, 0x0F, 0x00, 0x00, 0x00, 0x00, 0x00, 0x00, 0x00, 0x00,
0x00, 0x00, 0x04, 0x98, 0x00, 0x00, 0x00, 0x1A, 0x00, 0x00, 0x00, 0x0E, 0x00, 0x00, 0x00, 0x10,
0x00, 0x00, 0x00, 0x15, 0x00, 0x00, 0x00, 0x01, 0x00, 0x00, 0x00, 0x00, 0x00, 0x00, 0x04, 0x99,
0x00, 0x00, 0x00, 0x14, 0x00, 0x00, 0x00, 0x0B, 0x00, 0x00, 0x00, 0x0D, 0x00, 0x00, 0x00, 0x0F,
0x00, 0x00, 0x00, 0x01, 0x00, 0x00, 0x00, 0x00, 0x00, 0x00, 0x04, 0x9A, 0x00, 0x00, 0x00, 0x19,
0x00, 0x00, 0x00, 0x11, 0x00, 0x00, 0x00, 0x12, 0x00, 0x00, 0x00, 0x15, 0x00, 0x00, 0x00, 0x02,
0x00, 0x00, 0x00, 0x00, 0x00, 0x00, 0x04, 0x9B, 0x00, 0x00, 0x00, 0x13, 0x00, 0x00, 0x00, 0x0D,
0x00, 0x00, 0x00, 0x0F, 0x00, 0x00, 0x00, 0x0F, 0x00, 0x00, 0x00, 0x02, 0x00, 0x00, 0x00, 0x00,
0x00, 0x00, 0x04, 0x9C, 0x00, 0x00, 0x00, 0x15, 0x00, 0x00, 0x00, 0x12, 0x00, 0x00, 0x00, 0x15,
0x00, 0x00, 0x00, 0x15, 0x00, 0x00, 0x00, 0x02, 0x00, 0x00, 0x00, 0x00, 0x00, 0x00, 0x04, 0x9D,
0x00, 0x00, 0x00, 0x0F, 0x00, 0x00, 0x00, 0x0E, 0x00, 0x00, 0x00, 0x10, 0x00, 0x00, 0x00, 0x0F,
0x00, 0x00, 0x00, 0x02, 0x00, 0x00, 0x00, 0x00, 0x00, 0x00, 0x04, 0x9E, 0x00, 0x00, 0x00, 0x15,
0x00, 0x00, 0x00, 0x13, 0x00, 0x00, 0x00, 0x14, 0x00, 0x00, 0x00, 0x15, 0x00, 0x00, 0x00, 0x00,
0x00, 0x00, 0x00, 0x00, 0x00, 0x00, 0x04, 0x9F, 0x00, 0x00, 0x00, 0x15, 0x00, 0x00, 0x00, 0x10,
0x00, 0x00, 0x00, 0x0E, 0x00, 0x00, 0x00, 0x15, 0xFF, 0xFF, 0xFF, 0xFF, 0x00, 0x00, 0x00, 0x00,
0x00, 0x00, 0x04, 0xA0, 0x00, 0x00, 0x00, 0x15, 0x00, 0x00, 0x00, 0x14, 0x00, 0x00, 0x00, 0x15,
0x00, 0x00, 0x00, 0x15, 0x00, 0x00, 0x00, 0x00, 0x00, 0x00, 0x00, 0x00, 0x00, 0x00, 0x04, 0xA1,
0x00, 0x00, 0x00, 0x0F, 0x00, 0x00, 0x00, 0x10, 0x00, 0x00, 0x00, 0x0F, 0x00, 0x00, 0x00, 0x0F,
0x00, 0x00, 0x00, 0x00, 0x00, 0x00, 0x00, 0x00, 0x00, 0x00, 0x04, 0xA2, 0x00, 0x00, 0x00, 0x19,
0x00, 0x00, 0x00, 0x13, 0x00, 0x00, 0x00, 0x15, 0x00, 0x00, 0x00, 0x15, 0x00, 0x00, 0x00, 0x02,
0x00, 0x00, 0x00, 0x00, 0x00, 0x00, 0x04, 0xA3, 0x00, 0x00, 0x00, 0x13, 0x00, 0x00, 0x00, 0x0F,
0x00, 0x00, 0x00, 0x10, 0x00, 0x00, 0x00, 0x0F, 0x00, 0x00, 0x00, 0x02, 0x00, 0x00, 0x00, 0x00,
0x00, 0x00, 0x04, 0xA4, 0x00, 0x00, 0x00, 0x15, 0x00, 0x00, 0x00, 0x19, 0x00, 0x00, 0x00, 0x1A,
0x00, 0x00, 0x00, 0x15, 0x00, 0x00, 0x00, 0x02, 0x00, 0x00, 0x00, 0x00, 0x00, 0x00, 0x04, 0xA5,
0x00, 0x00, 0x00, 0x0F, 0x00, 0x00, 0x00, 0x13, 0x00, 0x00, 0x00, 0x14, 0x00, 0x00, 0x00, 0x0F,
0x00, 0x00, 0x00, 0x02, 0x00, 0x00, 0x00, 0x00, 0x00, 0x00, 0x04, 0xA6, 0x00, 0x00, 0x00, 0x19,
0x00, 0x00, 0x00, 0x1A, 0x00, 0x00, 0x00, 0x1D, 0x00, 0x00, 0x00, 0x15, 0x00, 0x00, 0x00, 0x02,
0x00, 0x00, 0x00, 0x00, 0x00, 0x00, 0x04, 0xA7, 0x00, 0x00, 0x00, 0x15, 0x00, 0x00, 0x00, 0x16,
0x00, 0x00, 0x00, 0x19, 0x00, 0x00, 0x00, 0x0F, 0x00, 0x00, 0x00, 0x02, 0x00, 0x00, 0x00, 0x00,
0x00, 0x00, 0x04, 0xA8, 0x00, 0x00, 0x00, 0x15, 0x00, 0x00, 0x00, 0x16, 0x00, 0x00, 0x00, 0x18,
0x00, 0x00, 0x00, 0x15, 0x00, 0x00, 0x00, 0x01, 0x00, 0x00, 0x00, 0x00, 0x00, 0x00, 0x04, 0xA9,
0x00, 0x00, 0x00, 0x0F, 0x00, 0x00, 0x00, 0x12, 0x00, 0x00, 0x00, 0x14, 0x00, 0x00, 0x00, 0x0F,
0x00, 0x00, 0x00, 0x01, 0x00, 0x00, 0x00, 0x00, 0x00, 0x00, 0x04, 0xAA, 0x00, 0x00, 0x00, 0x1A,
0x00, 0x00, 0x00, 0x0F, 0x00, 0x00, 0x00, 0x11, 0x00, 0x00, 0x00, 0x15, 0x00, 0x00, 0x00, 0x01,
0x00, 0x00, 0x00, 0x00, 0x00, 0x00, 0x04, 0xAB, 0x00, 0x00, 0x00, 0x14, 0x00, 0x00, 0x00, 0x0C,
0x00, 0x00, 0x00, 0x0E, 0x00, 0x00, 0x00, 0x0F, 0x00, 0x00, 0x00, 0x01, 0x00, 0x00, 0x00, 0x00,
0x00, 0x00, 0x04, 0xAC, 0x00, 0x00, 0x00, 0x19, 0x00, 0x00, 0x00, 0x11, 0x00, 0x00, 0x00, 0x11,
0x00, 0x00, 0x00, 0x15, 0x00, 0x00, 0x00, 0x00, 0x00, 0x00, 0x00, 0x00, 0x00, 0x00, 0x04, 0xAD,
0x00, 0x00, 0x00, 0x13, 0x00, 0x00, 0x00, 0x0C, 0x00, 0x00, 0x00, 0x0C, 0x00, 0x00, 0x00, 0x0F,
0x00, 0x00, 0x00, 0x00, 0x00, 0x00, 0x00, 0x00, 0x00, 0x00, 0x04, 0xAE, 0x00, 0x00, 0x00, 0x15,
0x00, 0x00, 0x00, 0x11, 0x00, 0x00, 0x00, 0x11, 0x00, 0x00, 0x00, 0x15, 0x00, 0x00, 0x00, 0x00,
0x00, 0x00, 0x00, 0x00, 0x00, 0x00, 0x04, 0xAF, 0x00, 0x00, 0x00, 0x15, 0x00, 0x00, 0x00, 0x0F,
0x00, 0x00, 0x00, 0x0E, 0x00, 0x00, 0x00, 0x0F, 0x00, 0x00, 0x00, 0x00, 0x00, 0x00, 0x00, 0x00,
0x00, 0x00, 0x04, 0xB0, 0x00, 0x00, 0x00, 0x15, 0x00, 0x00, 0x00, 0x11, 0x00, 0x00, 0x00, 0x11,
0x00, 0x00, 0x00, 0x15, 0x00, 0x00, 0x00, 0x00, 0x00, 0x00, 0x00, 0x00, 0x00, 0x00, 0x04, 0xB1,
0x00, 0x00, 0x00, 0x15, 0x00, 0x00, 0x00, 0x0F, 0x00, 0x00, 0x00, 0x0F, 0x00, 0x00, 0x00, 0x0F,
0x00, 0x00, 0x00, 0x00, 0x00, 0x00, 0x00, 0x00, 0x00, 0x00, 0x04, 0xB2, 0x00, 0x00, 0x00, 0x19,
0x00, 0x00, 0x00, 0x14, 0x00, 0x00, 0x00, 0x13, 0x00, 0x00, 0x00, 0x15, 0x00, 0x00, 0x00, 0x00,
0x00, 0x00, 0x00, 0x00, 0x00, 0x00, 0x04, 0xB3, 0x00, 0x00, 0x00, 0x13, 0x00, 0x00, 0x00, 0x10,
0x00, 0x00, 0x00, 0x10, 0x00, 0x00, 0x00, 0x0F, 0x00, 0x00, 0x00, 0x00, 0x00, 0x00, 0x00, 0x00,
0x00, 0x00, 0x04, 0xB4, 0x00, 0x00, 0x00, 0x19, 0x00, 0x00, 0x00, 0x19, 0x00, 0x00, 0x00, 0x19,
0x00, 0x00, 0x00, 0x15, 0x00, 0x00, 0x00, 0x00, 0x00, 0x00, 0x00, 0x00, 0x00, 0x00, 0x04, 0xB5,
0x00, 0x00, 0x00, 0x13, 0x00, 0x00, 0x00, 0x13, 0x00, 0x00, 0x00, 0x13, 0x00, 0x00, 0x00, 0x0F,
0x00, 0x00, 0x00, 0x00, 0x00, 0x00, 0x00, 0x00, 0x00, 0x00, 0x04, 0xB6, 0x00, 0x00, 0x00, 0x19,
0x00, 0x00, 0x00, 0x11, 0x00, 0x00, 0x00, 0x13, 0x00, 0x00, 0x00, 0x15, 0x00, 0x00, 0x00, 0x02,
0x00, 0x00, 0x00, 0x00, 0x00, 0x00, 0x04, 0xB7, 0x00, 0x00, 0x00, 0x13, 0x00, 0x00, 0x00, 0x0E,
0x00, 0x00, 0x00, 0x0F, 0x00, 0x00, 0x00, 0x0F, 0x00, 0x00, 0x00, 0x01, 0x00, 0x00, 0x00, 0x00,
0x00, 0x00, 0x04, 0xB8, 0x00, 0x00, 0x00, 0x15, 0x00, 0x00, 0x00, 0x0E, 0x00, 0x00, 0x00, 0x12,
0x00, 0x00, 0x00, 0x15, 0x00, 0x00, 0x00, 0x02, 0x00, 0x00, 0x00, 0x00, 0x00, 0x00, 0x04, 0xB9,
0x00, 0x00, 0x00, 0x0F, 0x00, 0x00, 0x00, 0x0C, 0x00, 0x00, 0x00, 0x0F, 0x00, 0x00, 0x00, 0x0F,
0x00, 0x00, 0x00, 0x01, 0x00, 0x00, 0x00, 0x00, 0x00, 0x00, 0x04, 0xBA, 0x00, 0x00, 0x00, 0x15,
0x00, 0x00, 0x00, 0x0E, 0x00, 0x00, 0x00, 0x12, 0x00, 0x00, 0x00, 0x15, 0x00, 0x00, 0x00, 0x02,
0x00, 0x00, 0x00, 0x00, 0x00, 0x00, 0x04, 0xBB, 0x00, 0x00, 0x00, 0x15, 0x00, 0x00, 0x00, 0x0D,
0x00, 0x00, 0x00, 0x10, 0x00, 0x00, 0x00, 0x15, 0x00, 0x00, 0x00, 0x02, 0x00, 0x00, 0x00, 0x00,
0x00, 0x00, 0x04, 0xBC, 0x00, 0x00, 0x00, 0x15, 0x00, 0x00, 0x00, 0x16, 0x00, 0x00, 0x00, 0x17,
0x00, 0x00, 0x00, 0x15, 0x00, 0x00, 0x00, 0x00, 0x00, 0x00, 0x00, 0x00, 0x00, 0x00, 0x04, 0xBD,
0x00, 0x00, 0x00, 0x0F, 0x00, 0x00, 0x00, 0x12, 0x00, 0x00, 0x00, 0x13, 0x00, 0x00, 0x00, 0x0F,
0x00, 0x00, 0x00, 0x00, 0x00, 0x00, 0x00, 0x00, 0x00, 0x00, 0x04, 0xBE, 0x00, 0x00, 0x00, 0x1A,
0x00, 0x00, 0x00, 0x16, 0x00, 0x00, 0x00, 0x17, 0x00, 0x00, 0x00, 0x15, 0x00, 0x00, 0x00, 0x00,
0x00, 0x00, 0x00, 0x00, 0x00, 0x00, 0x04, 0xBF, 0x00, 0x00, 0x00, 0x14, 0x00, 0x00, 0x00, 0x12,
0x00, 0x00, 0x00, 0x13, 0x00, 0x00, 0x00, 0x0F, 0x00, 0x00, 0x00, 0x00, 0x00, 0x00, 0x00, 0x00,
0x00, 0x00, 0x04, 0xC0, 0x00, 0x00, 0x00, 0x15, 0x00, 0x00, 0x00, 0x03, 0x00, 0x00, 0x00, 0x08,
0x00, 0x00, 0x00, 0x15, 0x00, 0x00, 0x00, 0x03, 0x00, 0x00, 0x00, 0x00, 0x00, 0x00, 0x04, 0xC3,
0x00, 0x00, 0x00, 0x1B, 0x00, 0x00, 0x00, 0x0F, 0x00, 0x00, 0x00, 0x12, 0x00, 0x00, 0x00, 0x15,
0x00, 0x00, 0x00, 0x02, 0x00, 0x00, 0x00, 0x00, 0x00, 0x00, 0x04, 0xC4, 0x00, 0x00, 0x00, 0x15,
0x00, 0x00, 0x00, 0x0C, 0x00, 0x00, 0x00, 0x0E, 0x00, 0x00, 0x00, 0x0F, 0x00, 0x00, 0x00, 0x02,
0x00, 0x00, 0x00, 0x00, 0x00, 0x00, 0x04, 0xC5, 0x00, 0x00, 0x00, 0x19, 0x00, 0x00, 0x00, 0x14,
0x00, 0x00, 0x00, 0x13, 0x00, 0x00, 0x00, 0x15, 0xFF, 0xFF, 0xFF, 0xFF, 0x00, 0x00, 0x00, 0x00,
0x00, 0x00, 0x04, 0xC6, 0x00, 0x00, 0x00, 0x13, 0x00, 0x00, 0x00, 0x11, 0x00, 0x00, 0x00, 0x0F,
0x00, 0x00, 0x00, 0x0F, 0xFF, 0xFF, 0xFF, 0xFF, 0x00, 0x00, 0x00, 0x00, 0x00, 0x00, 0x04, 0xC7,
0x00, 0x00, 0x00, 0x1B, 0x00, 0x00, 0x00, 0x10, 0x00, 0x00, 0x00, 0x14, 0x00, 0x00, 0x00, 0x15,
0x00, 0x00, 0x00, 0x02, 0x00, 0x00, 0x00, 0x00, 0x00, 0x00, 0x04, 0xC8, 0x00, 0x00, 0x00, 0x15,
0x00, 0x00, 0x00, 0x0C, 0x00, 0x00, 0x00, 0x10, 0x00, 0x00, 0x00, 0x0F, 0x00, 0x00, 0x00, 0x02,
0x00, 0x00, 0x00, 0x00, 0x00, 0x00, 0x04, 0xC9, 0x00, 0x00, 0x00, 0x19, 0x00, 0x00, 0x00, 0x13,
0x00, 0x00, 0x00, 0x14, 0x00, 0x00, 0x00, 0x15, 0x00, 0x00, 0x00, 0x02, 0x00, 0x00, 0x00, 0x00,
0x00, 0x00, 0x04, 0xCA, 0x00, 0x00, 0x00, 0x14, 0x00, 0x00, 0x00, 0x0F, 0x00, 0x00, 0x00, 0x11,
0x00, 0x00, 0x00, 0x0F, 0x00, 0x00, 0x00, 0x02, 0x00, 0x00, 0x00, 0x00, 0x00, 0x00, 0x04, 0xCB,
0x00, 0x00, 0x00, 0x19, 0x00, 0x00, 0x00, 0x0E, 0x00, 0x00, 0x00, 0x12, 0x00, 0x00, 0x00, 0x15,
0x00, 0x00, 0x00, 0x02, 0x00, 0x00, 0x00, 0x00, 0x00, 0x00, 0x04, 0xCC, 0x00, 0x00, 0x00, 0x13,
0x00, 0x00, 0x00, 0x0C, 0x00, 0x00, 0x00, 0x0F, 0x00, 0x00, 0x00, 0x0F, 0x00, 0x00, 0x00, 0x01,
0x00, 0x00, 0x00, 0x00, 0x00, 0x00, 0x04, 0xCD, 0x00, 0x00, 0x00, 0x19, 0x00, 0x00, 0x00, 0x17,
0x00, 0x00, 0x00, 0x18, 0x00, 0x00, 0x00, 0x15, 0x00, 0x00, 0x00, 0x02, 0x00, 0x00, 0x00, 0x00,
0x00, 0x00, 0x04, 0xCE, 0x00, 0x00, 0x00, 0x13, 0x00, 0x00, 0x00, 0x13, 0x00, 0x00, 0x00, 0x14,
0x00, 0x00, 0x00, 0x0F, 0x00, 0x00, 0x00, 0x02, 0x00, 0x00, 0x00, 0x00, 0x00, 0x00, 0x04, 0xCF,
0x00, 0x00, 0x00, 0x15, 0x00, 0x00, 0x00, 0x04, 0x00, 0x00, 0x00, 0x08, 0x00, 0x00, 0x00, 0x15,
0x00, 0x00, 0x00, 0x02, 0x00, 0x00, 0x00, 0x00, 0x00, 0x00, 0x04, 0xD0, 0x00, 0x00, 0x00, 0x1A,
0x00, 0x00, 0x00, 0x12, 0x00, 0x00, 0x00, 0x11, 0x00, 0x00, 0x00, 0x1A, 0x00, 0x00, 0x00, 0x00,
0x00, 0x00, 0x00, 0x00, 0x00, 0x00, 0x04, 0xD1, 0x00, 0x00, 0x00, 0x15, 0x00, 0x00, 0x00, 0x0C,
0x00, 0x00, 0x00, 0x0F, 0x00, 0x00, 0x00, 0x15, 0x00, 0x00, 0x00, 0x01, 0x00, 0x00, 0x00, 0x00,
0x00, 0x00, 0x04, 0xD2, 0x00, 0x00, 0x00, 0x19, 0x00, 0x00, 0x00, 0x12, 0x00, 0x00, 0x00, 0x11,
0x00, 0x00, 0x00, 0x19, 0x00, 0x00, 0x00, 0x00, 0x00, 0x00, 0x00, 0x00, 0x00, 0x00, 0x04, 0xD3,
0x00, 0x00, 0x00, 0x14, 0x00, 0x00, 0x00, 0x0C, 0x00, 0x00, 0x00, 0x0F, 0x00, 0x00, 0x00, 0x14,
0x00, 0x00, 0x00, 0x01, 0x00, 0x00, 0x00, 0x00, 0x00, 0x00, 0x04, 0xD4, 0x00, 0x00, 0x00, 0x15,
0x00, 0x00, 0x00, 0x19, 0x00, 0x00, 0x00, 0x19, 0x00, 0x00, 0x00, 0x15, 0xFF, 0xFF, 0xFF, 0xFF,
0x00, 0x00, 0x00, 0x00, 0x00, 0x00, 0x04, 0xD5, 0x00, 0x00, 0x00, 0x0F, 0x00, 0x00, 0x00, 0x16,
0x00, 0x00, 0x00, 0x18, 0x00, 0x00, 0x00, 0x0F, 0x00, 0x00, 0x00, 0x01, 0x00, 0x00, 0x00, 0x00,
0x00, 0x00, 0x04, 0xD6, 0x00, 0x00, 0x00, 0x1A, 0x00, 0x00, 0x00, 0x0D, 0x00, 0x00, 0x00, 0x10,
0x00, 0x00, 0x00, 0x1A, 0x00, 0x00, 0x00, 0x02, 0x00, 0x00, 0x00, 0x00, 0x00, 0x00, 0x04, 0xD7,
0x00, 0x00, 0x00, 0x15, 0x00, 0x00, 0x00, 0x0D, 0x00, 0x00, 0x00, 0x0F, 0x00, 0x00, 0x00, 0x15,
0x00, 0x00, 0x00, 0x01, 0x00, 0x00, 0x00, 0x00, 0x00, 0x00, 0x04, 0xD8, 0x00, 0x00, 0x00, 0x15,
0x00, 0x00, 0x00, 0x11, 0x00, 0x00, 0x00, 0x13, 0x00, 0x00, 0x00, 0x15, 0x00, 0x00, 0x00, 0x01,
0x00, 0x00, 0x00, 0x00, 0x00, 0x00, 0x04, 0xD9, 0x00, 0x00, 0x00, 0x0F, 0x00, 0x00, 0x00, 0x0D,
0x00, 0x00, 0x00, 0x0F, 0x00, 0x00, 0x00, 0x0F, 0x00, 0x00, 0x00, 0x01, 0x00, 0x00, 0x00, 0x00,
0x00, 0x00, 0x04, 0xDA, 0x00, 0x00, 0x00, 0x19, 0x00, 0x00, 0x00, 0x11, 0x00, 0x00, 0x00, 0x13,
0x00, 0x00, 0x00, 0x19, 0x00, 0x00, 0x00, 0x01, 0x00, 0x00, 0x00, 0x00, 0x00, 0x00, 0x04, 0xDB,
0x00, 0x00, 0x00, 0x14, 0x00, 0x00, 0x00, 0x0D, 0x00, 0x00, 0x00, 0x0F, 0x00, 0x00, 0x00, 0x14,
0x00, 0x00, 0x00, 0x01, 0x00, 0x00, 0x00, 0x00, 0x00, 0x00, 0x04, 0xDC, 0x00, 0x00, 0x00, 0x19,
0x00, 0x00, 0x00, 0x19, 0x00, 0x00, 0x00, 0x18, 0x00, 0x00, 0x00, 0x19, 0x00, 0x00, 0x00, 0x00,
0x00, 0x00, 0x00, 0x00, 0x00, 0x00, 0x04, 0xDD, 0x00, 0x00, 0x00, 0x14, 0x00, 0x00, 0x00, 0x14,
0x00, 0x00, 0x00, 0x14, 0x00, 0x00, 0x00, 0x14, 0x00, 0x00, 0x00, 0x00, 0x00, 0x00, 0x00, 0x00,
0x00, 0x00, 0x04, 0xDE, 0x00, 0x00, 0x00, 0x19, 0x00, 0x00, 0x00, 0x0E, 0x00, 0x00, 0x00, 0x10,
0x00, 0x00, 0x00, 0x19, 0x00, 0x00, 0x00, 0x01, 0x00, 0x00, 0x00, 0x00, 0x00, 0x00, 0x04, 0xDF,
0x00, 0x00, 0x00, 0x14, 0x00, 0x00, 0x00, 0x0B, 0x00, 0x00, 0x00, 0x0D, 0x00, 0x00, 0x00, 0x14,
0x00, 0x00, 0x00, 0x01, 0x00, 0x00, 0x00, 0x00, 0x00, 0x00, 0x04, 0xE0, 0x00, 0x00, 0x00, 0x15,
0x00, 0x00, 0x00, 0x0E, 0x00, 0x00, 0x00, 0x11, 0x00, 0x00, 0x00, 0x15, 0x00, 0x00, 0x00, 0x01,
0x00, 0x00, 0x00, 0x00, 0x00, 0x00, 0x04, 0xE1, 0x00, 0x00, 0x00, 0x15, 0x00, 0x00, 0x00, 0x0C,
0x00, 0x00, 0x00, 0x0E, 0x00, 0x00, 0x00, 0x0F, 0x00, 0x00, 0x00, 0x01, 0x00, 0x00, 0x00, 0x00,
0x00, 0x00, 0x04, 0xE2, 0x00, 0x00, 0x00, 0x19, 0x00, 0x00, 0x00, 0x10, 0x00, 0x00, 0x00, 0x14,
0x00, 0x00, 0x00, 0x19, 0x00, 0x00, 0x00, 0x02, 0x00, 0x00, 0x00, 0x00, 0x00, 0x00, 0x04, 0xE3,
0x00, 0x00, 0x00, 0x14, 0x00, 0x00, 0x00, 0x0D, 0x00, 0x00, 0x00, 0x10, 0x00, 0x00, 0x00, 0x14,
0x00, 0x00, 0x00, 0x02, 0x00, 0x00, 0x00, 0x00, 0x00, 0x00, 0x04, 0xE4, 0x00, 0x00, 0x00, 0x19,
0x00, 0x00, 0x00, 0x10, 0x00, 0x00, 0x00, 0x14, 0x00, 0x00, 0x00, 0x19, 0x00, 0x00, 0x00, 0x02,
0x00, 0x00, 0x00, 0x00, 0x00, 0x00, 0x04, 0xE5, 0x00, 0x00, 0x00, 0x14, 0x00, 0x00, 0x00, 0x0D,
0x00, 0x00, 0x00, 0x10, 0x00, 0x00, 0x00, 0x14, 0x00, 0x00, 0x00, 0x02, 0x00, 0x00, 0x00, 0x00,
0x00, 0x00, 0x04, 0xE6, 0x00, 0x00, 0x00, 0x19, 0x00, 0x00, 0x00, 0x12, 0x00, 0x00, 0x00, 0x15,
0x00, 0x00, 0x00, 0x19, 0x00, 0x00, 0x00, 0x01, 0x00, 0x00, 0x00, 0x00, 0x00, 0x00, 0x04, 0xE7,
0x00, 0x00, 0x00, 0x14, 0x00, 0x00, 0x00, 0x0E, 0x00, 0x00, 0x00, 0x10, 0x00, 0x00, 0x00, 0x14,
0x00, 0x00, 0x00, 0x01, 0x00, 0x00, 0x00, 0x00, 0x00, 0x00, 0x04, 0xE8, 0x00, 0x00, 0x00, 0x15,
0x00, 0x00, 0x00, 0x12, 0x00, 0x00, 0x00, 0x15, 0x00, 0x00, 0x00, 0x15, 0x00, 0x00, 0x00, 0x01,
0x00, 0x00, 0x00, 0x00, 0x00, 0x00, 0x04, 0xE9, 0x00, 0x00, 0x00, 0x0F, 0x00, 0x00, 0x00, 0x0E,
0x00, 0x00, 0x00, 0x10, 0x00, 0x00, 0x00, 0x0F, 0x00, 0x00, 0x00, 0x01, 0x00, 0x00, 0x00, 0x00,
0x00, 0x00, 0x04, 0xEA, 0x00, 0x00, 0x00, 0x19, 0x00, 0x00, 0x00, 0x12, 0x00, 0x00, 0x00, 0x15,
0x00, 0x00, 0x00, 0x19, 0x00, 0x00, 0x00, 0x01, 0x00, 0x00, 0x00, 0x00, 0x00, 0x00, 0x04, 0xEB,
0x00, 0x00, 0x00, 0x14, 0x00, 0x00, 0x00, 0x0E, 0x00, 0x00, 0x00, 0x10, 0x00, 0x00, 0x00, 0x14,
0x00, 0x00, 0x00, 0x01, 0x00, 0x00, 0x00, 0x00, 0x00, 0x00, 0x04, 0xEC, 0x00, 0x00, 0x00, 0x19,
0x00, 0x00, 0x00, 0x0F, 0x00, 0x00, 0x00, 0x11, 0x00, 0x00, 0x00, 0x19, 0x00, 0x00, 0x00, 0x01,
0x00, 0x00, 0x00, 0x00, 0x00, 0x00, 0x04, 0xED, 0x00, 0x00, 0x00, 0x14, 0x00, 0x00, 0x00, 0x0C,
0x00, 0x00, 0x00, 0x0E, 0x00, 0x00, 0x00, 0x14, 0x00, 0x00, 0x00, 0x01, 0x00, 0x00, 0x00, 0x00,
0x00, 0x00, 0x04, 0xEE, 0x00, 0x00, 0x00, 0x19, 0x00, 0x00, 0x00, 0x11, 0x00, 0x00, 0x00, 0x10,
0x00, 0x00, 0x00, 0x19, 0x00, 0x00, 0x00, 0x00, 0x00, 0x00, 0x00, 0x00, 0x00, 0x00, 0x04, 0xEF,
0x00, 0x00, 0x00, 0x1A, 0x00, 0x00, 0x00, 0x0E, 0x00, 0x00, 0x00, 0x0E, 0x00, 0x00, 0x00, 0x14,
0x00, 0x00, 0x00, 0x00, 0x00, 0x00, 0x00, 0x00, 0x00, 0x00, 0x04, 0xF0, 0x00, 0x00, 0x00, 0x19,
0x00, 0x00, 0x00, 0x11, 0x00, 0x00, 0x00, 0x10, 0x00, 0x00, 0x00, 0x19, 0x00, 0x00, 0x00, 0x00,
0x00, 0x00, 0x00, 0x00, 0x00, 0x00, 0x04, 0xF1, 0x00, 0x00, 0x00, 0x1A, 0x00, 0x00, 0x00, 0x0E,
0x00, 0x00, 0x00, 0x0E, 0x00, 0x00, 0x00, 0x14, 0x00, 0x00, 0x00, 0x00, 0x00, 0x00, 0x00, 0x00,
0x00, 0x00, 0x04, 0xF2, 0x00, 0x00, 0x00, 0x19, 0x00, 0x00, 0x00, 0x11, 0x00, 0x00, 0x00, 0x10,
0x00, 0x00, 0x00, 0x19, 0x00, 0x00, 0x00, 0x00, 0x00, 0x00, 0x00, 0x00, 0x00, 0x00, 0x04, 0xF3,
0x00, 0x00, 0x00, 0x1B, 0x00, 0x00, 0x00, 0x0E, 0x00, 0x00, 0x00, 0x0E, 0x00, 0x00, 0x00, 0x15,
0x00, 0x00, 0x00, 0x00, 0x00, 0x00, 0x00, 0x00, 0x00, 0x00, 0x04, 0xF4, 0x00, 0x00, 0x00, 0x19,
0x00, 0x00, 0x00, 0x0E, 0x00, 0x00, 0x00, 0x12, 0x00, 0x00, 0x00, 0x19, 0x00, 0x00, 0x00, 0x02,
0x00, 0x00, 0x00, 0x00, 0x00, 0x00, 0x04, 0xF5, 0x00, 0x00, 0x00, 0x14, 0x00, 0x00, 0x00, 0x0C,
0x00, 0x00, 0x00, 0x0F, 0x00, 0x00, 0x00, 0x14, 0x00, 0x00, 0x00, 0x01, 0x00, 0x00, 0x00, 0x00,
0x00, 0x00, 0x04, 0xF6, 0x00, 0x00, 0x00, 0x19, 0x00, 0x00, 0x00, 0x0C, 0x00, 0x00, 0x00, 0x0D,
0x00, 0x00, 0x00, 0x15, 0x00, 0x00, 0x00, 0x02, 0x00, 0x00, 0x00, 0x00, 0x00, 0x00, 0x04, 0xF7,
0x00, 0x00, 0x00, 0x13, 0x00, 0x00, 0x00, 0x0A, 0x00, 0x00, 0x00, 0x0B, 0x00, 0x00, 0x00, 0x0F,
0x00, 0x00, 0x00, 0x02, 0x00, 0x00, 0x00, 0x00, 0x00, 0x00, 0x04, 0xF8, 0x00, 0x00, 0x00, 0x19,
0x00, 0x00, 0x00, 0x13, 0x00, 0x00, 0x00, 0x17, 0x00, 0x00, 0x00, 0x19, 0x00, 0x00, 0x00, 0x02,
0x00, 0x00, 0x00, 0x00, 0x00, 0x00, 0x04, 0xF9, 0x00, 0x00, 0x00, 0x14, 0x00, 0x00, 0x00, 0x10,
0x00, 0x00, 0x00, 0x14, 0x00, 0x00, 0x00, 0x14, 0x00, 0x00, 0x00, 0x02, 0x00, 0x00, 0x00, 0x00,
0x00, 0x00, 0x04, 0xFC, 0x00, 0x00, 0x00, 0x1B, 0x00, 0x00, 0x00, 0x12, 0x00, 0x00, 0x00, 0x13,
0x00, 0x00, 0x00, 0x15, 0x00, 0x00, 0x00, 0x00, 0x00, 0x00, 0x00, 0x00, 0x00, 0x00, 0x04, 0xFD,
0x00, 0x00, 0x00, 0x15, 0x00, 0x00, 0x00, 0x0F, 0x00, 0x00, 0x00, 0x0F, 0x00, 0x00, 0x00, 0x0F,
0x00, 0x00, 0x00, 0x00, 0x00, 0x00, 0x00, 0x00, 0x30, 0xFF, 0xFF, 0x4C, 0x30, 0xFF, 0xFF, 0x4C,
0x30, 0xFF, 0xFF, 0x4C, 0x30, 0xFF, 0xFF, 0x4C, 0x30, 0xFF, 0xFF, 0x4C, 0x30, 0xFF, 0xFF, 0x4C,
0x30, 0xFF, 0xFF, 0x4C, 0x30, 0xFF, 0xFF, 0x4C, 0x30, 0xFF, 0xFF, 0x4C, 0x30, 0xFF, 0xFF, 0x4C,
0x2E, 0xFF, 0xFF, 0x4A, 0x1B, 0xFF, 0xFF, 0x36, 0x04, 0xFE, 0xFF, 0x1E, 0x00, 0xEC, 0xFF, 0x07,
0x00, 0xD4, 0xEF, 0x00, 0x00, 0xBC, 0xD7, 0x00, 0x00, 0x00, 0x00, 0x00, 0x00, 0x00, 0x00, 0x00,
0x48, 0xE7, 0xEA, 0x55, 0xA8, 0xFF, 0xFF, 0xBB, 0x47, 0xE8, 0xEA, 0x54, 0x4C, 0xFF, 0xF5, 0x01,
0x4C, 0xFF, 0xF5, 0x01, 0x4C, 0xFF, 0xCF, 0x00, 0x4C, 0xFF, 0xCF, 0x00, 0x4C, 0xFF, 0xA7, 0x00,
0x4C, 0xFF, 0xA7, 0x00, 0x4C, 0xFF, 0x7F, 0x00, 0x4C, 0xFF, 0x7F, 0x00, 0x4C, 0xFF, 0x57, 0x00,
0x4C, 0xFF, 0x57, 0x00, 0x4C, 0xFF, 0x2F, 0x00, 0x4C, 0xFF, 0x2F, 0x00, 0x00, 0x00, 0x00, 0x00,
0x00, 0x02, 0xF2, 0xFF, 0x1A, 0x00, 0x00, 0xBE, 0xFF, 0x52, 0x00, 0x00, 0x00, 0x00, 0x00, 0x00,
0x30, 0xFF, 0xE0, 0x00, 0x00, 0x03, 0xF4, 0xFF, 0x18, 0x00, 0x00, 0x00, 0x00, 0x00, 0x00, 0x6A,
0xFF, 0xA5, 0x00, 0x00, 0x32, 0xFF, 0xDD, 0x00, 0x00, 0x00, 0x00, 0x00, 0x00, 0x00, 0xA5, 0xFF,
0x6B, 0x00, 0x00, 0x6D, 0xFF, 0xA3, 0x00, 0x00, 0x00, 0x00, 0x00, 0x00, 0x00, 0xDF, 0xFF, 0x31,
0x00, 0x00, 0xA7, 0xFF, 0x69, 0x00, 0x00, 0x00, 0x00, 0x58, 0xFF, 0xFF, 0xFF, 0xFF, 0xFF, 0xFF,
0xFF, 0xFF, 0xFF, 0xFF, 0xFF, 0x7C, 0x00, 0x00, 0x8D, 0xFF, 0xFF, 0xFF, 0xFF, 0xFF, 0xFF, 0xFF,
0xFF, 0xFF, 0xFF, 0xFF, 0x3E, 0x00, 0x00, 0x00, 0x00, 0x8F, 0xFF, 0x81, 0x00, 0x00, 0x57, 0xFF,
0xB9, 0x00, 0x00, 0x00, 0x00, 0x00, 0x00, 0x00, 0xCB, 0xFF, 0x46, 0x00, 0x00, 0x93, 0xFF, 0x7E,
0x00, 0x00, 0x00, 0x00, 0x00, 0x00, 0x0B, 0xFB, 0xFD, 0x0E, 0x00, 0x00, 0xCF, 0xFF, 0x43, 0x00,
0x00, 0x00, 0x00, 0x00, 0x00, 0x42, 0xFF, 0xD1, 0x00, 0x00, 0x0D, 0xFC, 0xFC, 0x0C, 0x00, 0x00,
0x00, 0x00, 0xD8, 0xFF, 0xFF, 0xFF, 0xFF, 0xFF, 0xFF, 0xFF, 0xFF, 0xFF, 0xFF, 0xF6, 0x06, 0x00,
0x0E, 0xFE, 0xFF, 0xFF, 0xFF, 0xFF, 0xFF, 0xFF, 0xFF, 0xFF, 0xFF, 0xFF, 0xBE, 0x00, 0x00, 0x00,
0x00, 0x01, 0xED, 0xFF, 0x21, 0x00, 0x00, 0xB7, 0xFF, 0x59, 0x00, 0x00, 0x00, 0x00, 0x00, 0x00,
0x2B, 0xFF, 0xE5, 0x00, 0x00, 0x02, 0xF0, 0xFF, 0x1D, 0x00, 0x00, 0x00, 0x00, 0x00, 0x00, 0x67,
0xFF, 0xA9, 0x00, 0x00, 0x2F, 0xFF, 0xE1, 0x00, 0x00, 0x00, 0x00, 0x00, 0x00, 0x00, 0xA3, 0xFF,
0x6D, 0x00, 0x00, 0x6B, 0xFF, 0xA5, 0x00, 0x00, 0x00, 0x00, 0x00, 0x00, 0x00, 0xDE, 0xFF, 0x31,
0x00, 0x00, 0xA6, 0xFF, 0x69, 0x00, 0x00, 0x00, 0x00, 0x00, 0x00, 0x00, 0x00, 0x00, 0x00, 0xBC,
0xFF, 0x4C, 0x00, 0x00, 0x00, 0x00, 0x00, 0x00, 0x00, 0x00, 0x00, 0x00, 0xBC, 0xFF, 0x4C, 0x00,
0x00, 0x00, 0x00, 0x00, 0x00, 0x00, 0x00, 0x00, 0x00, 0xBC, 0xFF, 0x4C, 0x00, 0x00, 0x00, 0x00,
0x00, 0x00, 0x00, 0x0F, 0x75, 0xC0, 0xF7, 0xFF, 0xFA, 0xE5, 0xB9, 0x67, 0x0F, 0x00, 0x00, 0x32,
0xE7, 0xFF, 0xFF, 0xFF, 0xFF, 0xFE, 0xFF, 0xFF, 0xFF, 0x61, 0x00, 0x09, 0xE3, 0xFF, 0xEB, 0x5A,
0x55, 0xFF, 0x4E, 0x21, 0x68, 0xCE, 0x0E, 0x00, 0x5D, 0xFF, 0xFF, 0x40, 0x00, 0x44, 0xFF, 0x4C,
0x00, 0x00, 0x00, 0x00, 0x00, 0x92, 0xFF, 0xEE, 0x00, 0x00, 0x44, 0xFF, 0x4C, 0x00, 0x00, 0x00,
0x00, 0x00, 0x98, 0xFF, 0xF3, 0x01, 0x00, 0x44, 0xFF, 0x4C, 0x00, 0x00, 0x00, 0x00, 0x00, 0x7A,
0xFF, 0xFF, 0x56, 0x00, 0x44, 0xFF, 0x4C, 0x00, 0x00, 0x00, 0x00, 0x00, 0x2A, 0xFD, 0xFF, 0xF4,
0x54, 0x44, 0xFF, 0x4C, 0x00, 0x00, 0x00, 0x00, 0x00, 0x00, 0x8D, 0xFF, 0xFF, 0xFF, 0xD2, 0xFF,
0x4C, 0x00, 0x00, 0x00, 0x00, 0x00, 0x00, 0x02, 0x82, 0xFD, 0xFF, 0xFF, 0xFF, 0xAB, 0x1B, 0x00,
0x00, 0x00, 0x00, 0x00, 0x00, 0x00, 0x3C, 0xC5, 0xFF, 0xFF, 0xFF, 0xF6, 0x76, 0x01, 0x00, 0x00,
0x00, 0x00, 0x00, 0x00, 0x00, 0xC3, 0xFE, 0xFF, 0xFF, 0xFF, 0xB6, 0x09, 0x00, 0x00, 0x00, 0x00,
0x00, 0x00, 0xBC, 0xD0, 0x4C, 0xE0, 0xFF, 0xFF, 0x9E, 0x00, 0x00, 0x00, 0x00, 0x00, 0x00, 0xBC,
0xD0, 0x00, 0x13, 0xD9, 0xFF, 0xFE, 0x20, 0x00, 0x00, 0x00, 0x00, 0x00, 0xBC, 0xD0, 0x00, 0x00,
0x47, 0xFF, 0xFF, 0x5F, 0x00, 0x00, 0x00, 0x00, 0x00, 0xBC, 0xD0, 0x00, 0x00, 0x10, 0xFF, 0xFF,
0x6D, 0x00, 0x00, 0x00, 0x00, 0x00, 0xBC, 0xD0, 0x00, 0x00, 0x2D, 0xFF, 0xFF, 0x53, 0x00, 0x00,
0x00, 0x00, 0x00, 0xBC, 0xD0, 0x00, 0x00, 0x9C, 0xFF, 0xF7, 0x13, 0x1F, 0xC5, 0x5E, 0x1E, 0x01,
0xBC, 0xD1, 0x31, 0xA4, 0xFF, 0xFF, 0x82, 0x00, 0x84, 0xFF, 0xFF, 0xFF, 0xFC, 0xFC, 0xFF, 0xFF,
0xFF, 0xFE, 0x93, 0x02, 0x00, 0x1D, 0x7A, 0xB9, 0xE0, 0xF5, 0xFF, 0xFF, 0xDB, 0x96, 0x33, 0x00,
0x00, 0x00, 0x00, 0x00, 0x00, 0x00, 0x00, 0xBC, 0xFF, 0x4C, 0x00, 0x00, 0x00, 0x00, 0x00, 0x00,
0x00, 0x00, 0x00, 0x00, 0xBC, 0xFF, 0x4C, 0x00, 0x00, 0x00, 0x00, 0x00, 0x00, 0x00, 0x00, 0x00,
0x00, 0xBC, 0xFF, 0x4C, 0x00, 0x00, 0x00, 0x00, 0x00, 0x00, 0x01, 0x69, 0xCE, 0xF7, 0xF6, 0xCC,
0x68, 0x01, 0x00, 0x00, 0x00, 0x00, 0x00, 0x00, 0x00, 0xA3, 0x6A, 0x00, 0x00, 0x00, 0x95, 0xFF,
0xFF, 0xFF, 0xFF, 0xFF, 0xFF, 0x94, 0x00, 0x00, 0x00, 0x00, 0x00, 0x00, 0x72, 0xFF, 0xD4, 0x08,
0x00, 0x33, 0xFF, 0xFE, 0x75, 0x13, 0x15, 0x84, 0xFF, 0xFE, 0x2C, 0x00, 0x00, 0x00, 0x00, 0x3C,
0xFB, 0xF2, 0x27, 0x00, 0x00, 0x85, 0xFF, 0xBE, 0x00, 0x00, 0x00, 0x00, 0xD2, 0xFF, 0x78, 0x00,
0x00, 0x00, 0x18, 0xE6, 0xFF, 0x54, 0x00, 0x00, 0x00, 0xA7, 0xFF, 0x92, 0x00, 0x00, 0x00, 0x00,
0x9F, 0xFF, 0x96, 0x00, 0x00, 0x04, 0xC1, 0xFF, 0x8D, 0x00, 0x00, 0x00, 0x00, 0xA7, 0xFF, 0x9A,
0x00, 0x00, 0x00, 0x00, 0x9F, 0xFF, 0x96, 0x00, 0x00, 0x8D, 0xFF, 0xC3, 0x04, 0x00, 0x00, 0x00,
0x00, 0x88, 0xFF, 0xCB, 0x00, 0x00, 0x00, 0x00, 0xD1, 0xFF, 0x78, 0x00, 0x53, 0xFF, 0xE8, 0x19,
0x00, 0x00, 0x00, 0x00, 0x00, 0x3C, 0xFF, 0xFF, 0x7F, 0x13, 0x12, 0x80, 0xFF, 0xFF, 0x2D, 0x27,
0xF2, 0xFC, 0x3F, 0x00, 0x00, 0x00, 0x00, 0x00, 0x00, 0x00, 0xA6, 0xFF, 0xFF, 0xFF, 0xFF, 0xFF,
0xFF, 0x97, 0x0B, 0xD5, 0xFF, 0x76, 0x00, 0x00, 0x00, 0x00, 0x00, 0x00, 0x00, 0x00, 0x03, 0x73,
0xD1, 0xF7, 0xF6, 0xCD, 0x6A, 0x02, 0xA6, 0xFF, 0xAF, 0x00, 0x00, 0x00, 0x00, 0x00, 0x00, 0x00,
0x00, 0x00, 0x00, 0x00, 0x00, 0x00, 0x00, 0x00, 0x00, 0x6E, 0xFF, 0xDB, 0x0F, 0x00, 0x00, 0x00,
0x00, 0x00, 0x00, 0x00, 0x00, 0x00, 0x00, 0x00, 0x00, 0x00, 0x00, 0x00, 0x39, 0xFA, 0xF6, 0x2E,
0x01, 0x69, 0xCE, 0xF7, 0xF6, 0xCC, 0x68, 0x01, 0x00, 0x00, 0x00, 0x00, 0x00, 0x00, 0x00, 0x16,
0xE4, 0xFF, 0x5E, 0x00, 0x95, 0xFF, 0xFF, 0xFF, 0xFF, 0xFF, 0xFF, 0x94, 0x00, 0x00, 0x00, 0x00,
0x00, 0x00, 0x03, 0xBE, 0xFF, 0x98, 0x00, 0x33, 0xFF, 0xFE, 0x75, 0x13, 0x15, 0x84, 0xFF, 0xFE,
0x2C, 0x00, 0x00, 0x00, 0x00, 0x00, 0x88, 0xFF, 0xCB, 0x07, 0x00, 0x85, 0xFF, 0xBE, 0x00, 0x00,
0x00, 0x00, 0xD2, 0xFF, 0x78, 0x00, 0x00, 0x00, 0x00, 0x50, 0xFE, 0xED, 0x1F, 0x00, 0x00, 0xA7,
0xFF, 0x92, 0x00, 0x00, 0x00, 0x00, 0x9F, 0xFF, 0x96, 0x00, 0x00, 0x00, 0x24, 0xF0, 0xFD, 0x48,
0x00, 0x00, 0x00, 0xA7, 0xFF, 0x9A, 0x00, 0x00, 0x00, 0x00, 0x9F, 0xFF, 0x96, 0x00, 0x00, 0x0A,
0xD1, 0xFF, 0x80, 0x00, 0x00, 0x00, 0x00, 0x88, 0xFF, 0xCB, 0x00, 0x00, 0x00, 0x00, 0xD1, 0xFF,
0x78, 0x00, 0x00, 0xA2, 0xFF, 0xB8, 0x02, 0x00, 0x00, 0x00, 0x00, 0x3C, 0xFF, 0xFF, 0x7F, 0x13,
0x12, 0x80, 0xFF, 0xFF, 0x2D, 0x00, 0x65, 0xFF, 0xE1, 0x13, 0x00, 0x00, 0x00, 0x00, 0x00, 0x00,
0xA6, 0xFF, 0xFF, 0xFF, 0xFF, 0xFF, 0xFF, 0x97, 0x00, 0x00, 0x1C, 0xBC, 0x35, 0x00, 0x00, 0x00,
0x00, 0x00, 0x00, 0x00, 0x03, 0x73, 0xD1, 0xF7, 0xF6, 0xCD, 0x6A, 0x01, 0x00, 0x00, 0x00, 0x00,
0x00, 0x00, 0x4D, 0xC0, 0xF1, 0xF9, 0xDF, 0x94, 0x17, 0x00, 0x00, 0x00, 0x00, 0x00, 0x00, 0x00,
0x00, 0x00, 0x00, 0x00, 0x00, 0x67, 0xFF, 0xFF, 0xFF, 0xFF, 0xFF, 0xFF, 0xE0, 0x11, 0x00, 0x00,
0x00, 0x00, 0x00, 0x00, 0x00, 0x00, 0x00, 0x00, 0x00, 0xE8, 0xFF, 0xC3, 0x25, 0x0A, 0x50, 0xFB,
0xFF, 0x6B, 0x00, 0x00, 0x00, 0x00, 0x00, 0x00, 0x00, 0x00, 0x00, 0x00, 0x14, 0xFF, 0xFF, 0x44,
0x00, 0x00, 0x00, 0xB5, 0xFF, 0x8B, 0x00, 0x00, 0x00, 0x00, 0x00, 0x00, 0x00, 0x00, 0x00, 0x00,
0x09, 0xFE, 0xFF, 0x49, 0x00, 0x00, 0x00, 0xC3, 0xFF, 0x5E, 0x00, 0x00, 0x00, 0x00, 0x00, 0x00,
0x00, 0x00, 0x00, 0x00, 0x00, 0xC0, 0xFF, 0x9C, 0x00, 0x00, 0x5D, 0xFF, 0xDD, 0x07, 0x00, 0x00,
0x00, 0x00, 0x00, 0x00, 0x00, 0x00, 0x00, 0x00, 0x00, 0x3D, 0xFF, 0xFC, 0x34, 0x7E, 0xFD, 0xEF,
0x33, 0x00, 0x00, 0x00, 0x00, 0x00, 0x00, 0x00, 0x00, 0x00, 0x00, 0x00, 0x00, 0x00, 0xA1, 0xFF,
0xFA, 0xFF, 0xD2, 0x29, 0x00, 0x00, 0x00, 0x00, 0x00, 0x00, 0x00, 0x00, 0x00, 0x00, 0x00, 0x00,
0x00, 0x43, 0xE4, 0xFF, 0xFF, 0xC9, 0x05, 0x00, 0x00, 0x00, 0x00, 0x00, 0x00, 0x00, 0x00, 0x00,
0x00, 0x00, 0x00, 0x00, 0x78, 0xFE, 0xFF, 0xCD, 0xFF, 0xFE, 0x3D, 0x00, 0x00, 0x00, 0x00, 0x00,
0x00, 0x00, 0x00, 0x00, 0x00, 0x00, 0x00, 0x76, 0xFF, 0xFF, 0x8B, 0x03, 0x9C, 0xFF, 0xDD, 0x10,
0x00, 0x00, 0x00, 0x00, 0x00, 0x00, 0x00, 0x00, 0x00, 0x00, 0x47, 0xFF, 0xFF, 0x87, 0x00, 0x00,
0x0D, 0xDB, 0xFF, 0xB2, 0x01, 0x00, 0x00, 0x00, 0x01, 0xC2, 0x7C, 0x09, 0x00, 0x01, 0xD4, 0xFF,
0xC4, 0x00, 0x00, 0x00, 0x00, 0x32, 0xF8, 0xFF, 0x86, 0x00, 0x00, 0x00, 0x4A, 0xFF, 0xE4, 0x04,
0x00, 0x35, 0xFF, 0xFF, 0x41, 0x00, 0x00, 0x00, 0x00, 0x00, 0x64, 0xFF, 0xFF, 0x63, 0x00, 0x01,
0xCA, 0xFF, 0x6C, 0x00, 0x00, 0x65, 0xFF, 0xFC, 0x03, 0x00, 0x00, 0x00, 0x00, 0x00, 0x00, 0x93,
0xFF, 0xFC, 0x54, 0x6B, 0xFF, 0xD8, 0x05, 0x00, 0x00, 0x6B, 0xFF, 0xF8, 0x00, 0x00, 0x00, 0x00,
0x00, 0x00, 0x00, 0x03, 0xB0, 0xFF, 0xFA, 0xF9, 0xFE, 0x41, 0x00, 0x00, 0x00, 0x49, 0xFF, 0xFF,
0x36, 0x00, 0x00, 0x00, 0x00, 0x00, 0x00, 0x00, 0x07, 0xC3, 0xFF, 0xFF, 0x9A, 0x00, 0x00, 0x00,
0x00, 0x07, 0xEB, 0xFF, 0xCE, 0x11, 0x00, 0x00, 0x00, 0x00, 0x00, 0x00, 0x3E, 0xEB, 0xFF, 0xFF,
0xF3, 0x53, 0x00, 0x00, 0x00, 0x00, 0x59, 0xFF, 0xFF, 0xE9, 0x78, 0x24, 0x05, 0x17, 0x4B, 0xAB,
0xFE, 0xFF, 0xB1, 0xBD, 0xFF, 0xFF, 0x9C, 0x12, 0x00, 0x00, 0x00, 0x65, 0xF5, 0xFF, 0xFF, 0xFF,
0xFF, 0xFF, 0xFF, 0xFF, 0xF4, 0x77, 0x02, 0x07, 0x9F, 0xFF, 0xFF, 0xCB, 0x02, 0x00, 0x00, 0x00,
0x1D, 0x84, 0xCA, 0xF0, 0xF9, 0xE2, 0xBF, 0x71, 0x18, 0x00, 0x00, 0x00, 0x00, 0x5A, 0xD0, 0x23,
0x00, 0x4C, 0xFF, 0xF5, 0x01, 0x4C, 0xFF, 0xCF, 0x00, 0x4C, 0xFF, 0xA7, 0x00, 0x4C, 0xFF, 0x7F,
0x00, 0x4C, 0xFF, 0x57, 0x00, 0x4C, 0xFF, 0x2F, 0x00, 0x00, 0x00, 0x00, 0x00, 0x00, 0x81, 0x91,
0x07, 0x00, 0x00, 0x00, 0x00, 0x50, 0xFE, 0xEC, 0x19, 0x00, 0x00, 0x00, 0x10, 0xE8, 0xFF, 0x53,
0x00, 0x00, 0x00, 0x00, 0x92, 0xFF, 0xBE, 0x00, 0x00, 0x00, 0x00, 0x19, 0xF7, 0xFF, 0x39, 0x00,
0x00, 0x00, 0x00, 0x84, 0xFF, 0xC9, 0x00, 0x00, 0x00, 0x00, 0x02, 0xE3, 0xFF, 0x69, 0x00, 0x00,
0x00, 0x00, 0x3A, 0xFF, 0xFE, 0x17, 0x00, 0x00, 0x00, 0x00, 0x80, 0xFF, 0xD5, 0x00, 0x00, 0x00,
0x00, 0x00, 0xB9, 0xFF, 0x9D, 0x00, 0x00, 0x00, 0x00, 0x00, 0xE9, 0xFF, 0x73, 0x00, 0x00, 0x00,
0x00, 0x09, 0xFF, 0xFF, 0x5A, 0x00, 0x00, 0x00, 0x00, 0x22, 0xFF, 0xFF, 0x4B, 0x00, 0x00, 0x00,
0x00, 0x2F, 0xFF, 0xFF, 0x3C, 0x00, 0x00, 0x00, 0x00, 0x30, 0xFF, 0xFF, 0x37, 0x00, 0x00, 0x00,
0x00, 0x26, 0xFF, 0xFF, 0x42, 0x00, 0x00, 0x00, 0x00, 0x10, 0xFF, 0xFF, 0x58, 0x00, 0x00, 0x00,
0x00, 0x00, 0xF2, 0xFF, 0x7A, 0x00, 0x00, 0x00, 0x00, 0x00, 0xC5, 0xFF, 0xB0, 0x00, 0x00, 0x00,
0x00, 0x00, 0x90, 0xFF, 0xE6, 0x00, 0x00, 0x00, 0x00, 0x00, 0x4C, 0xFF, 0xFF, 0x1F, 0x00, 0x00,
0x00, 0x00, 0x0B, 0xF4, 0xFF, 0x70, 0x00, 0x00, 0x00, 0x00, 0x00, 0x9F, 0xFF, 0xCD, 0x00, 0x00,
0x00, 0x00, 0x00, 0x32, 0xFF, 0xFF, 0x3C, 0x00, 0x00, 0x00, 0x00, 0x00, 0xB3, 0xFF, 0xBE, 0x00,
0x00, 0x00, 0x00, 0x00, 0x24, 0xF6, 0xFF, 0x56, 0x00, 0x00, 0x00, 0x00, 0x00, 0x6E, 0xFF, 0xEE,
0x1B, 0x00, 0x00, 0x00, 0x00, 0x00, 0x98, 0x81, 0x03, 0x39, 0xC5, 0x1C, 0x00, 0x00, 0x00, 0x00,
0xA3, 0xFF, 0xCD, 0x06, 0x00, 0x00, 0x00, 0x0E, 0xE2, 0xFF, 0x7D, 0x00, 0x00, 0x00, 0x00, 0x5C,
0xFF, 0xF8, 0x1C, 0x00, 0x00, 0x00, 0x01, 0xDA, 0xFF, 0x95, 0x00, 0x00, 0x00, 0x00, 0x6E, 0xFF,
0xF5, 0x0D, 0x00, 0x00, 0x00, 0x16, 0xFD, 0xFF, 0x61, 0x00, 0x00, 0x00, 0x00, 0xC2, 0xFF, 0xB0,
0x00, 0x00, 0x00, 0x00, 0x80, 0xFF, 0xF2, 0x02, 0x00, 0x00, 0x00, 0x47, 0xFF, 0xFF, 0x29, 0x00,
0x00, 0x00, 0x1A, 0xFF, 0xFF, 0x55, 0x00, 0x00, 0x00, 0x01, 0xFC, 0xFF, 0x73, 0x00, 0x00, 0x00,
0x00, 0xE9, 0xFF, 0x89, 0x00, 0x00, 0x00, 0x00, 0xD4, 0xFF, 0x93, 0x00, 0x00, 0x00, 0x00, 0xD6,
0xFF, 0x92, 0x00, 0x00, 0x00, 0x00, 0xE6, 0xFF, 0x86, 0x00, 0x00, 0x00, 0x00, 0xF7, 0xFF, 0x6D,
0x00, 0x00, 0x00, 0x10, 0xFF, 0xFF, 0x4D, 0x00, 0x00, 0x00, 0x38, 0xFF, 0xFF, 0x1D, 0x00, 0x00,
0x00, 0x6F, 0xFF, 0xE5, 0x00, 0x00, 0x00, 0x00, 0xAF, 0xFF, 0x9D, 0x00, 0x00, 0x00, 0x0C, 0xF6,
0xFF, 0x4A, 0x00, 0x00, 0x00, 0x62, 0xFF, 0xE6, 0x03, 0x00, 0x00, 0x01, 0xD2, 0xFF, 0x77, 0x00,
0x00, 0x00, 0x58, 0xFF, 0xEB, 0x0C, 0x00, 0x00, 0x0C, 0xDF, 0xFF, 0x5E, 0x00, 0x00, 0x00, 0x9D,
0xFF, 0xB4, 0x00, 0x00, 0x00, 0x00, 0x47, 0xC1, 0x0F, 0x00, 0x00, 0x00, 0x00, 0x00, 0x32, 0xC7,
0x3E, 0x02, 0xB3, 0x79, 0x00, 0x00, 0x00, 0x25, 0xF8, 0xC9, 0x5A, 0xFF, 0x78, 0x00, 0x00, 0x00,
0x00, 0x4B, 0xF4, 0xDA, 0x91, 0x01, 0x00, 0x00, 0xCC, 0xFD, 0xCE, 0xDD, 0xFC, 0xB7, 0xE9, 0xFF,
0x4C, 0x00, 0x00, 0x54, 0xF9, 0xD3, 0xB4, 0x07, 0x00, 0x00, 0x00, 0x2E, 0xF9, 0xC2, 0x4D, 0xFF,
0x9B, 0x00, 0x00, 0x00, 0x37, 0xC9, 0x38, 0x00, 0xAA, 0x87, 0x01, 0x00, 0x00, 0x00, 0x00, 0x00,
0x00, 0x84, 0xFF, 0xA4, 0x00, 0x00, 0x00, 0x00, 0x00, 0x00, 0x00, 0x00, 0x00, 0x00, 0x84, 0xFF,
0xA4, 0x00, 0x00, 0x00, 0x00, 0x00, 0x00, 0x00, 0x00, 0x00, 0x00, 0x84, 0xFF, 0xA4, 0x00, 0x00,
0x00, 0x00, 0x00, 0x00, 0x00, 0x00, 0x00, 0x00, 0x84, 0xFF, 0xA4, 0x00, 0x00, 0x00, 0x00, 0x00,
0x00, 0x00, 0x00, 0x00, 0x00, 0x84, 0xFF, 0xA4, 0x00, 0x00, 0x00, 0x00, 0x00, 0xCC, 0xFF, 0xFF,
0xFF, 0xFF, 0xFF, 0xFF, 0xFF, 0xFF, 0xFF, 0xFF, 0xFF, 0xEC, 0xCC, 0xFF, 0xFF, 0xFF, 0xFF, 0xFF,
0xFF, 0xFF, 0xFF, 0xFF, 0xFF, 0xFF, 0xEC, 0x00, 0x00, 0x00, 0x00, 0x00, 0x84, 0xFF, 0xA4, 0x00,
0x00, 0x00, 0x00, 0x00, 0x00, 0x00, 0x00, 0x00, 0x00, 0x84, 0xFF, 0xA4, 0x00, 0x00, 0x00, 0x00,
0x00, 0x00, 0x00, 0x00, 0x00, 0x00, 0x84, 0xFF, 0xA4, 0x00, 0x00, 0x00, 0x00, 0x00, 0x00, 0x00,
0x00, 0x00, 0x00, 0x84, 0xFF, 0xA4, 0x00, 0x00, 0x00, 0x00, 0x00, 0x00, 0x00, 0x00, 0x00, 0x00,
0x84, 0xFF, 0xA4, 0x00, 0x00, 0x00, 0x00, 0x00, 0x26, 0xD6, 0xEF, 0x76, 0x00, 0x7C, 0xFF, 0xFF,
0xFD, 0x1E, 0x34, 0xE8, 0xFA, 0xFF, 0x41, 0x00, 0x00, 0xB5, 0xFF, 0x2A, 0x00, 0x22, 0xF9, 0xD2,
0x01, 0x3C, 0xDB, 0xF6, 0x3B, 0x00, 0x51, 0xC7, 0x35, 0x00, 0x00, 0x3C, 0xFF, 0xFF, 0xFF, 0xFF,
0xFF, 0xFF, 0xFF, 0x08, 0x3C, 0xFF, 0xFF, 0xFF, 0xFF, 0xFF, 0xFF, 0xFF, 0x08, 0x2A, 0xD9, 0xF2,
0x78, 0x7C, 0xFF, 0xFF, 0xE7, 0x29, 0xDA, 0xF3, 0x77, 0x00, 0x00, 0x00, 0x00, 0x00, 0x00, 0x00,
0x00, 0x00, 0x00, 0x00, 0x61, 0xB6, 0x3C, 0x00, 0x00, 0x00, 0x00, 0x00, 0x00, 0x00, 0x00, 0x00,
0x00, 0x01, 0xD5, 0xFF, 0x6E, 0x00, 0x00, 0x00, 0x00, 0x00, 0x00, 0x00, 0x00, 0x00, 0x00, 0x4B,
0xFF, 0xEE, 0x0B, 0x00, 0x00, 0x00, 0x00, 0x00, 0x00, 0x00, 0x00, 0x00, 0x00, 0xBF, 0xFF, 0x86,
0x00, 0x00, 0x00, 0x00, 0x00, 0x00, 0x00, 0x00, 0x00, 0x00, 0x32, 0xFF, 0xF9, 0x18, 0x00, 0x00,
0x00, 0x00, 0x00, 0x00, 0x00, 0x00, 0x00, 0x00, 0xA7, 0xFF, 0x9E, 0x00, 0x00, 0x00, 0x00, 0x00,
0x00, 0x00, 0x00, 0x00, 0x00, 0x1E, 0xFB, 0xFE, 0x2B, 0x00, 0x00, 0x00, 0x00, 0x00, 0x00, 0x00,
0x00, 0x00, 0x00, 0x8F, 0xFF, 0xB6, 0x00, 0x00, 0x00, 0x00, 0x00, 0x00, 0x00, 0x00, 0x00, 0x00,
0x0F, 0xF2, 0xFF, 0x42, 0x00, 0x00, 0x00, 0x00, 0x00, 0x00, 0x00, 0x00, 0x00, 0x00, 0x77, 0xFF,
0xCD, 0x00, 0x00, 0x00, 0x00, 0x00, 0x00, 0x00, 0x00, 0x00, 0x00, 0x05, 0xE4, 0xFF, 0x5A, 0x00,
0x00, 0x00, 0x00, 0x00, 0x00, 0x00, 0x00, 0x00, 0x00, 0x5F, 0xFF, 0xE1, 0x04, 0x00, 0x00, 0x00,
0x00, 0x00, 0x00, 0x00, 0x00, 0x00, 0x00, 0xD1, 0xFF, 0x72, 0x00, 0x00, 0x00, 0x00, 0x00, 0x00,
0x00, 0x00, 0x00, 0x00, 0x47, 0xFF, 0xF0, 0x0D, 0x00, 0x00, 0x00, 0x00, 0x00, 0x00, 0x00, 0x00,
0x00, 0x00, 0xBB, 0xFF, 0x8A, 0x00, 0x00, 0x00, 0x00, 0x00, 0x00, 0x00, 0x00, 0x00, 0x00, 0x2E,
0xFF, 0xFA, 0x1B, 0x00, 0x00, 0x00, 0x00, 0x00, 0x00, 0x00, 0x00, 0x00, 0x00, 0xA3, 0xFF, 0xA2,
0x00, 0x00, 0x00, 0x00, 0x00, 0x00, 0x00, 0x00, 0x00, 0x00, 0x1B, 0xFA, 0xFF, 0x2E, 0x00, 0x00,
0x00, 0x00, 0x00, 0x00, 0x00, 0x00, 0x00, 0x00, 0x8B, 0xFF, 0xBA, 0x00, 0x00, 0x00, 0x00, 0x00,
0x00, 0x00, 0x00, 0x00, 0x00, 0x0D, 0xF0, 0xFF, 0x46, 0x00, 0x00, 0x00, 0x00, 0x00, 0x00, 0x00,
0x00, 0x00, 0x00, 0x73, 0xFF, 0xD1, 0x00, 0x00, 0x00, 0x00, 0x00, 0x00, 0x00, 0x00, 0x00, 0x00,
0x04, 0xE1, 0xFF, 0x5E, 0x00, 0x00, 0x00, 0x00, 0x00, 0x00, 0x00, 0x00, 0x00, 0x00, 0x5B, 0xFF,
0xE4, 0x05, 0x00, 0x00, 0x00, 0x00, 0x00, 0x00, 0x00, 0x00, 0x00, 0x00, 0xCE, 0xFF, 0x76, 0x00,
0x00, 0x00, 0x00, 0x00, 0x00, 0x00, 0x00, 0x00, 0x00, 0x03, 0x71, 0xD0, 0x0F, 0x00, 0x00, 0x00,
0x00, 0x00, 0x00, 0x00, 0x00, 0x00, 0x00, 0x00, 0x00, 0x00, 0x07, 0x70, 0xC8, 0xED, 0xF6, 0xDD,
0x9D, 0x35, 0x00, 0x00, 0x00, 0x00, 0x00, 0x00, 0x19, 0xD2, 0xFF, 0xFF, 0xFF, 0xFF, 0xFF, 0xFF,
0xFC, 0x75, 0x00, 0x00, 0x00, 0x00, 0x04, 0xCB, 0xFF, 0xF2, 0x66, 0x16, 0x0D, 0x45, 0xD3, 0xFF,
0xFF, 0x51, 0x00, 0x00, 0x00, 0x66, 0xFF, 0xFD, 0x3E, 0x00, 0x00, 0x00, 0x00, 0x11, 0xE2, 0xFF,
0xD9, 0x02, 0x00, 0x00, 0xD5, 0xFF, 0xAD, 0x00, 0x00, 0x00, 0x00, 0x00, 0x00, 0x5F, 0xFF, 0xFF,
0x42, 0x00, 0x22, 0xFF, 0xFF, 0x53, 0x00, 0x00, 0x00, 0x00, 0x00, 0x00, 0x0A, 0xF6, 0xFF, 0x8B,
0x00, 0x5B, 0xFF, 0xFF, 0x19, 0x00, 0x00, 0x00, 0x00, 0x00, 0x00, 0x00, 0xC6, 0xFF, 0xBD, 0x00,
0x82, 0xFF, 0xF4, 0x00, 0x00, 0x00, 0x00, 0x00, 0x00, 0x00, 0x00, 0x9D, 0xFF, 0xE2, 0x00, 0x9D,
0xFF, 0xDA, 0x00, 0x00, 0x00, 0x00, 0x00, 0x00, 0x00, 0x00, 0x84, 0xFF, 0xF9, 0x00, 0xA9, 0xFF,
0xD0, 0x00, 0x00, 0x00, 0x00, 0x00, 0x00, 0x00, 0x00, 0x78, 0xFF, 0xFF, 0x04, 0xB1, 0xFF, 0xCA,
0x00, 0x00, 0x00, 0x00, 0x00, 0x00, 0x00, 0x00, 0x72, 0xFF, 0xFF, 0x0D, 0xA9, 0xFF, 0xD0, 0x00,
0x00, 0x00, 0x00, 0x00, 0x00, 0x00, 0x00, 0x79, 0xFF, 0xFF, 0x04, 0x9D, 0xFF, 0xDE, 0x00, 0x00,
0x00, 0x00, 0x00, 0x00, 0x00, 0x00, 0x83, 0xFF, 0xF8, 0x00, 0x82, 0xFF, 0xF9, 0x01, 0x00, 0x00,
0x00, 0x00, 0x00, 0x00, 0x00, 0x9D, 0xFF, 0xDC, 0x00, 0x5B, 0xFF, 0xFF, 0x27, 0x00, 0x00, 0x00,
0x00, 0x00, 0x00, 0x00, 0xC0, 0xFF, 0xB5, 0x00, 0x21, 0xFF, 0xFF, 0x69, 0x00, 0x00, 0x00, 0x00,
0x00, 0x00, 0x05, 0xF5, 0xFF, 0x7D, 0x00, 0x00, 0xD7, 0xFF, 0xCB, 0x00, 0x00, 0x00, 0x00, 0x00,
0x00, 0x52, 0xFF, 0xFF, 0x2E, 0x00, 0x00, 0x6B, 0xFF, 0xFF, 0x63, 0x00, 0x00, 0x00, 0x00, 0x09,
0xD6, 0xFF, 0xBE, 0x00, 0x00, 0x00, 0x08, 0xD3, 0xFF, 0xFB, 0x78, 0x18, 0x0A, 0x40, 0xCA, 0xFF,
0xF6, 0x31, 0x00, 0x00, 0x00, 0x00, 0x23, 0xDA, 0xFF, 0xFF, 0xFF, 0xFF, 0xFF, 0xFF, 0xF3, 0x4F,
0x00, 0x00, 0x00, 0x00, 0x00, 0x00, 0x0C, 0x77, 0xCC, 0xEF, 0xF6, 0xDA, 0x91, 0x21, 0x00, 0x00,
0x00, 0x00, 0x00, 0x00, 0x00, 0x00, 0x00, 0x1B, 0xCB, 0xC8, 0x00, 0x00, 0x00, 0x00, 0x00, 0x00,
0x00, 0x00, 0x35, 0xE6, 0xFF, 0xC8, 0x00, 0x00, 0x00, 0x00, 0x00, 0x00, 0x00, 0x5A, 0xF7, 0xFF,
0xFF, 0xC8, 0x00, 0x00, 0x00, 0x00, 0x00, 0x01, 0x85, 0xFF, 0xFF, 0xB3, 0xFF, 0xC8, 0x00, 0x00,
0x00, 0x00, 0x0C, 0xAF, 0xFF, 0xFE, 0x7C, 0x84, 0xFF, 0xC8, 0x00, 0x00, 0x00, 0x00, 0xAB, 0xFF,
0xED, 0x4B, 0x00, 0x90, 0xFF, 0xC8, 0x00, 0x00, 0x00, 0x00, 0x2D, 0xBE, 0x1E, 0x00, 0x00, 0x90,
0xFF, 0xC8, 0x00, 0x00, 0x00, 0x00, 0x00, 0x00, 0x00, 0x00, 0x00, 0x90, 0xFF, 0xC8, 0x00, 0x00,
0x00, 0x00, 0x00, 0x00, 0x00, 0x00, 0x00, 0x90, 0xFF, 0xC8, 0x00, 0x00, 0x00, 0x00, 0x00, 0x00,
0x00, 0x00, 0x00, 0x90, 0xFF, 0xC8, 0x00, 0x00, 0x00, 0x00, 0x00, 0x00, 0x00, 0x00, 0x00, 0x90,
0xFF, 0xC8, 0x00, 0x00, 0x00, 0x00, 0x00, 0x00, 0x00, 0x00, 0x00, 0x90, 0xFF, 0xC8, 0x00, 0x00,
0x00, 0x00, 0x00, 0x00, 0x00, 0x00, 0x00, 0x90, 0xFF, 0xC8, 0x00, 0x00, 0x00, 0x00, 0x00, 0x00,
0x00, 0x00, 0x00, 0x90, 0xFF, 0xC8, 0x00, 0x00, 0x00, 0x00, 0x00, 0x00, 0x00, 0x00, 0x00, 0x90,
0xFF, 0xC8, 0x00, 0x00, 0x00, 0x00, 0x00, 0x00, 0x00, 0x00, 0x00, 0x90, 0xFF, 0xC8, 0x00, 0x00,
0x00, 0x00, 0x00, 0x00, 0x00, 0x00, 0x00, 0x90, 0xFF, 0xC8, 0x00, 0x00, 0x00, 0x00, 0x00, 0x00,
0x00, 0x00, 0x00, 0x90, 0xFF, 0xC8, 0x00, 0x00, 0x00, 0x00, 0x00, 0x00, 0x00, 0x00, 0x00, 0x90,
0xFF, 0xC8, 0x00, 0x00, 0x00, 0x00, 0x00, 0xC4, 0xFF, 0xFF, 0xFF, 0xFF, 0xFF, 0xFF, 0xFF, 0xFF,
0xFF, 0xE4, 0x00, 0xC4, 0xFF, 0xFF, 0xFF, 0xFF, 0xFF, 0xFF, 0xFF, 0xFF, 0xFF, 0xE4, 0x00, 0x00,
0x00, 0x44, 0x9F, 0xDB, 0xF4, 0xF6, 0xD3, 0x81, 0x10, 0x00, 0x00, 0x00, 0x1D, 0xC0, 0xFF, 0xFF,
0xFF, 0xFF, 0xFF, 0xFF, 0xFF, 0xDD, 0x1C, 0x00, 0x00, 0x52, 0xFF, 0xF7, 0x87, 0x28, 0x09, 0x29,
0x98, 0xFF, 0xFF, 0xBB, 0x00, 0x00, 0x01, 0xAD, 0x28, 0x00, 0x00, 0x00, 0x00, 0x00, 0xA6, 0xFF,
0xFF, 0x23, 0x00, 0x00, 0x00, 0x00, 0x00, 0x00, 0x00, 0x00, 0x00, 0x40, 0xFF, 0xFF, 0x52, 0x00,
0x00, 0x00, 0x00, 0x00, 0x00, 0x00, 0x00, 0x00, 0x23, 0xFF, 0xFF, 0x55, 0x00, 0x00, 0x00, 0x00,
0x00, 0x00, 0x00, 0x00, 0x00, 0x38, 0xFF, 0xFF, 0x3C, 0x00, 0x00, 0x00, 0x00, 0x00, 0x00, 0x00,
0x00, 0x00, 0x71, 0xFF, 0xF7, 0x09, 0x00, 0x00, 0x00, 0x00, 0x00, 0x00, 0x00, 0x00, 0x00, 0xC2,
0xFF, 0xB3, 0x00, 0x00, 0x00, 0x00, 0x00, 0x00, 0x00, 0x00, 0x00, 0x2A, 0xFF, 0xFF, 0x4D, 0x00,
0x00, 0x00, 0x00, 0x00, 0x00, 0x00, 0x00, 0x00, 0xA6, 0xFF, 0xD4, 0x02, 0x00, 0x00, 0x00, 0x00,
0x00, 0x00, 0x00, 0x00, 0x3A, 0xFE, 0xFF, 0x50, 0x00, 0x00, 0x00, 0x00, 0x00, 0x00, 0x00, 0x00,
0x05, 0xD4, 0xFF, 0xB2, 0x00, 0x00, 0x00, 0x00, 0x00, 0x00, 0x00, 0x00, 0x00, 0x7D, 0xFF, 0xF1,
0x1B, 0x00, 0x00, 0x00, 0x00, 0x00, 0x00, 0x00, 0x00, 0x39, 0xFB, 0xFF, 0x66, 0x00, 0x00, 0x00,
0x00, 0x00, 0x00, 0x00, 0x00, 0x12, 0xE1, 0xFF, 0xAD, 0x00, 0x00, 0x00, 0x00, 0x00, 0x00, 0x00,
0x00, 0x03, 0xB6, 0xFF, 0xDA, 0x0E, 0x00, 0x00, 0x00, 0x00, 0x00, 0x00, 0x00, 0x00, 0x94, 0xFF,
0xF5, 0x2D, 0x00, 0x00, 0x00, 0x00, 0x00, 0x00, 0x00, 0x00, 0x72, 0xFF, 0xEB, 0x3A, 0x00, 0x00,
0x00, 0x00, 0x00, 0x00, 0x00, 0x00, 0x5B, 0xFE, 0xFF, 0xD8, 0xDE, 0xFE, 0xFF, 0xFF, 0xFF, 0xFF,
0xFF, 0xCC, 0x1A, 0xFB, 0xFF, 0xFF, 0xFF, 0xFF, 0xFF, 0xFF, 0xFF, 0xFF, 0xFF, 0xFF, 0xCC, 0x54,
0xFF, 0xFF, 0xFF, 0xFF, 0xFF, 0xFF, 0xFF, 0xFF, 0xFF, 0xFF, 0x56, 0x00, 0x54, 0xFF, 0xFF, 0xFF,
0xFF, 0xFF, 0xFD, 0xDD, 0xE6, 0xFF, 0xD2, 0x05, 0x00, 0x00, 0x00, 0x00, 0x00, 0x00, 0x00, 0x00,
0x45, 0xF6, 0xFD, 0x38, 0x00, 0x00, 0x00, 0x00, 0x00, 0x00, 0x00, 0x00, 0x1D, 0xF4, 0xFF, 0x95,
0x00, 0x00, 0x00, 0x00, 0x00, 0x00, 0x00, 0x00, 0x00, 0xAF, 0xFF, 0xE5, 0x0E, 0x00, 0x00, 0x00,
0x00, 0x00, 0x00, 0x00, 0x00, 0x4B, 0xFF, 0xFF, 0x53, 0x00, 0x00, 0x00, 0x00, 0x00, 0x00, 0x00,
0x00, 0x09, 0xDF, 0xFF, 0xB2, 0x00, 0x00, 0x00, 0x00, 0x00, 0x00, 0x00, 0x00, 0x00, 0x86, 0xFF,
0xF3, 0x1E, 0x00, 0x00, 0x00, 0x00, 0x00, 0x00, 0x00, 0x00, 0x28, 0xF9, 0xF7, 0x52, 0x00, 0x00,
0x00, 0x00, 0x00, 0x00, 0x00, 0x00, 0x00, 0xBF, 0xFF, 0xF0, 0xF4, 0xE5, 0xA8, 0x3A, 0x00, 0x00,
0x00, 0x00, 0x00, 0x22, 0xFF, 0xFF, 0xFF, 0xFF, 0xFF, 0xFF, 0xFE, 0x7A, 0x00, 0x00, 0x00, 0x00,
0x00, 0x00, 0x00, 0x0D, 0x2E, 0x79, 0xEB, 0xFF, 0xFF, 0x4F, 0x00, 0x00, 0x00, 0x00, 0x00, 0x00,
0x00, 0x00, 0x00, 0x1A, 0xE5, 0xFF, 0xCA, 0x00, 0x00, 0x00, 0x00, 0x00, 0x00, 0x00, 0x00, 0x00,
0x00, 0x75, 0xFF, 0xFE, 0x0E, 0x00, 0x00, 0x00, 0x00, 0x00, 0x00, 0x00, 0x00, 0x00, 0x45, 0xFF,
0xFF, 0x21, 0x00, 0x00, 0x00, 0x00, 0x00, 0x00, 0x00, 0x00, 0x00, 0x4D, 0xFF, 0xFF, 0x10, 0x00,
0x00, 0x00, 0x00, 0x00, 0x00, 0x00, 0x00, 0x00, 0x97, 0xFF, 0xD9, 0x00, 0x00, 0x00, 0x00, 0x00,
0x00, 0x00, 0x00, 0x00, 0x43, 0xFB, 0xFF, 0x73, 0x00, 0x00, 0xC1, 0x74, 0x27, 0x08, 0x08, 0x2F,
0x8B, 0xFA, 0xFF, 0xC7, 0x05, 0x00, 0x29, 0xFF, 0xFF, 0xFF, 0xFF, 0xFF, 0xFF, 0xFF, 0xFF, 0xB0,
0x10, 0x00, 0x00, 0x18, 0x83, 0xC3, 0xEA, 0xFB, 0xF6, 0xDB, 0xA1, 0x41, 0x00, 0x00, 0x00, 0x00,
0x00, 0x00, 0x00, 0x00, 0x00, 0x00, 0x00, 0x00, 0x00, 0x03, 0xC7, 0xFF, 0x30, 0x00, 0x00, 0x00,
0x00, 0x00, 0x00, 0x00, 0x00, 0x00, 0x00, 0x00, 0x00, 0x7F, 0xFF, 0xFF, 0x30, 0x00, 0x00, 0x00,
0x00, 0x00, 0x00, 0x00, 0x00, 0x00, 0x00, 0x00, 0x38, 0xFB, 0xFF, 0xFF, 0x30, 0x00, 0x00, 0x00,
0x00, 0x00, 0x00, 0x00, 0x00, 0x00, 0x00, 0x0C, 0xDC, 0xFD, 0xF7, 0xFF, 0x30, 0x00, 0x00, 0x00,
0x00, 0x00, 0x00, 0x00, 0x00, 0x00, 0x00, 0x9E, 0xFF, 0xA8, 0xF3, 0xFF, 0x30, 0x00, 0x00, 0x00,
0x00, 0x00, 0x00, 0x00, 0x00, 0x00, 0x53, 0xFF, 0xFD, 0x3D, 0xFF, 0xFF, 0x30, 0x00, 0x00, 0x00,
0x00, 0x00, 0x00, 0x00, 0x00, 0x1A, 0xED, 0xFF, 0x84, 0x27, 0xFF, 0xFF, 0x30, 0x00, 0x00, 0x00,
0x00, 0x00, 0x00, 0x00, 0x01, 0xBB, 0xFF, 0xC8, 0x04, 0x28, 0xFF, 0xFF, 0x30, 0x00, 0x00, 0x00,
0x00, 0x00, 0x00, 0x00, 0x71, 0xFF, 0xF2, 0x23, 0x00, 0x28, 0xFF, 0xFF, 0x30, 0x00, 0x00, 0x00,
0x00, 0x00, 0x00, 0x2D, 0xF8, 0xFF, 0x5D, 0x00, 0x00, 0x28, 0xFF, 0xFF, 0x30, 0x00, 0x00, 0x00,
0x00, 0x00, 0x07, 0xD3, 0xFF, 0xA6, 0x00, 0x00, 0x00, 0x28, 0xFF, 0xFF, 0x30, 0x00, 0x00, 0x00,
0x00, 0x00, 0x90, 0xFF, 0xDD, 0x0F, 0x00, 0x00, 0x00, 0x28, 0xFF, 0xFF, 0x30, 0x00, 0x00, 0x00,
0x00, 0x46, 0xFE, 0xE5, 0x22, 0x00, 0x00, 0x00, 0x00, 0x28, 0xFF, 0xFF, 0x30, 0x00, 0x00, 0x00,
0x13, 0xE6, 0xFF, 0xE4, 0xE5, 0xFD, 0xFF, 0xFF, 0xFF, 0xFF, 0xFF, 0xFF, 0xFF, 0xFF, 0xFF, 0xB8,
0x66, 0xFF, 0xFF, 0xFF, 0xFF, 0xFF, 0xFF, 0xFF, 0xFF, 0xFF, 0xFF, 0xFF, 0xFF, 0xFF, 0xFF, 0xB8,
0x00, 0x00, 0x00, 0x00, 0x00, 0x00, 0x00, 0x00, 0x00, 0x28, 0xFF, 0xFF, 0x30, 0x00, 0x00, 0x00,
0x00, 0x00, 0x00, 0x00, 0x00, 0x00, 0x00, 0x00, 0x00, 0x28, 0xFF, 0xFF, 0x30, 0x00, 0x00, 0x00,
0x00, 0x00, 0x00, 0x00, 0x00, 0x00, 0x00, 0x00, 0x00, 0x28, 0xFF, 0xFF, 0x30, 0x00, 0x00, 0x00,
0x00, 0x00, 0x00, 0x00, 0x00, 0x00, 0x00, 0x00, 0x00, 0x28, 0xFF, 0xFF, 0x30, 0x00, 0x00, 0x00,
0x00, 0x00, 0x00, 0x00, 0x00, 0x00, 0x00, 0x00, 0x00, 0x28, 0xFF, 0xFF, 0x30, 0x00, 0x00, 0x00,
0x00, 0x00, 0x00, 0x00, 0x00, 0x00, 0x00, 0x00, 0x00, 0x28, 0xFF, 0xFF, 0x30, 0x00, 0x00, 0x00,
0x00, 0x60, 0xFF, 0xFF, 0xFF, 0xFF, 0xFF, 0xFF, 0xFF, 0xFF, 0xFC, 0x00, 0x00, 0x60, 0xFF, 0xFF,
0xFF, 0xFF, 0xFF, 0xFF, 0xFF, 0xFF, 0xFC, 0x00, 0x00, 0x60, 0xFF, 0xE0, 0x00, 0x00, 0x00, 0x00,
0x00, 0x00, 0x00, 0x00, 0x00, 0x60, 0xFF, 0xE0, 0x00, 0x00, 0x00, 0x00, 0x00, 0x00, 0x00, 0x00,
0x00, 0x60, 0xFF, 0xE0, 0x00, 0x00, 0x00, 0x00, 0x00, 0x00, 0x00, 0x00, 0x00, 0x60, 0xFF, 0xE0,
0x00, 0x00, 0x00, 0x00, 0x00, 0x00, 0x00, 0x00, 0x00, 0x60, 0xFF, 0xE0, 0x00, 0x00, 0x00, 0x00,
0x00, 0x00, 0x00, 0x00, 0x00, 0x60, 0xFF, 0xE0, 0x00, 0x00, 0x00, 0x00, 0x00, 0x00, 0x00, 0x00,
0x00, 0x60, 0xFF, 0xFE, 0xF7, 0xF8, 0xE0, 0xA7, 0x43, 0x00, 0x00, 0x00, 0x00, 0x60, 0xFF, 0xFF,
0xFF, 0xFF, 0xFF, 0xFF, 0xFF, 0xA0, 0x03, 0x00, 0x00, 0x0C, 0x18, 0x0A, 0x06, 0x1F, 0x61, 0xD8,
0xFF, 0xFF, 0x8B, 0x00, 0x00, 0x00, 0x00, 0x00, 0x00, 0x00, 0x00, 0x09, 0xC3, 0xFF, 0xF9, 0x19,
0x00, 0x00, 0x00, 0x00, 0x00, 0x00, 0x00, 0x00, 0x2F, 0xFF, 0xFF, 0x5F, 0x00, 0x00, 0x00, 0x00,
0x00, 0x00, 0x00, 0x00, 0x00, 0xEC, 0xFF, 0x82, 0x00, 0x00, 0x00, 0x00, 0x00, 0x00, 0x00, 0x00,
0x00, 0xDE, 0xFF, 0x87, 0x00, 0x00, 0x00, 0x00, 0x00, 0x00, 0x00, 0x00, 0x04, 0xF4, 0xFF, 0x6E,
0x00, 0x00, 0x00, 0x00, 0x00, 0x00, 0x00, 0x00, 0x48, 0xFF, 0xFF, 0x2E, 0x00, 0x00, 0x00, 0x00,
0x00, 0x00, 0x00, 0x15, 0xDA, 0xFF, 0xC4, 0x00, 0x33, 0xB6, 0x42, 0x0E, 0x04, 0x1D, 0x68, 0xE5,
0xFF, 0xF1, 0x2C, 0x00, 0x78, 0xFF, 0xFF, 0xFF, 0xFF, 0xFF, 0xFF, 0xFF, 0xDF, 0x37, 0x00, 0x00,
0x45, 0xAB, 0xE2, 0xF9, 0xFB, 0xE8, 0xB8, 0x66, 0x09, 0x00, 0x00, 0x00, 0x00, 0x00, 0x00, 0x00,
0x00, 0x00, 0x00, 0x03, 0x59, 0xAA, 0xDF, 0x08, 0x00, 0x00, 0x00, 0x00, 0x00, 0x00, 0x00, 0x00,
0x4C, 0xDC, 0xFF, 0xFF, 0xFF, 0x42, 0x00, 0x00, 0x00, 0x00, 0x00, 0x00, 0x01, 0x8C, 0xFF, 0xFF,
0xF5, 0x91, 0x3D, 0x05, 0x00, 0x00, 0x00, 0x00, 0x00, 0x00, 0x93, 0xFF, 0xFF, 0xB7, 0x18, 0x00,
0x00, 0x00, 0x00, 0x00, 0x00, 0x00, 0x00, 0x6B, 0xFF, 0xFF, 0x94, 0x01, 0x00, 0x00, 0x00, 0x00,
0x00, 0x00, 0x00, 0x00, 0x1A, 0xF1, 0xFF, 0xAB, 0x00, 0x00, 0x00, 0x00, 0x00, 0x00, 0x00, 0x00,
0x00, 0x00, 0x9B, 0xFF, 0xE8, 0x10, 0x00, 0x00, 0x00, 0x00, 0x00, 0x00, 0x00, 0x00, 0x00, 0x0F,
0xF5, 0xFF, 0x6D, 0x00, 0x00, 0x00, 0x00, 0x00, 0x00, 0x00, 0x00, 0x00, 0x00, 0x66, 0xFF, 0xF4,
0x0C, 0x00, 0x00, 0x00, 0x00, 0x00, 0x00, 0x00, 0x00, 0x00, 0x00, 0xA8, 0xFF, 0xA9, 0x1E, 0x92,
0xDD, 0xF7, 0xF1, 0xCB, 0x7E, 0x12, 0x00, 0x00, 0x00, 0xE2, 0xFF, 0xAD, 0xF1, 0xFF, 0xFF, 0xFF,
0xFF, 0xFF, 0xFF, 0xE4, 0x2E, 0x00, 0x0A, 0xFF, 0xFF, 0xFF, 0xCE, 0x53, 0x17, 0x05, 0x22, 0x7A,
0xF8, 0xFF, 0xE0, 0x09, 0x1D, 0xFF, 0xFF, 0xB4, 0x07, 0x00, 0x00, 0x00, 0x00, 0x00, 0x6C, 0xFF,
0xFF, 0x64, 0x2D, 0xFF, 0xFF, 0x2E, 0x00, 0x00, 0x00, 0x00, 0x00, 0x00, 0x03, 0xF1, 0xFF, 0xA5,
0x28, 0xFF, 0xFF, 0x2B, 0x00, 0x00, 0x00, 0x00, 0x00, 0x00, 0x00, 0xCD, 0xFF, 0xBD, 0x10, 0xFF,
0xFF, 0x4E, 0x00, 0x00, 0x00, 0x00, 0x00, 0x00, 0x00, 0xC8, 0xFF, 0xB3, 0x00, 0xD6, 0xFF, 0x94,
0x00, 0x00, 0x00, 0x00, 0x00, 0x00, 0x10, 0xF6, 0xFF, 0x85, 0x00, 0x78, 0xFF, 0xF9, 0x3D, 0x00,
0x00, 0x00, 0x00, 0x00, 0x99, 0xFF, 0xFF, 0x2F, 0x00, 0x0C, 0xDA, 0xFF, 0xFA, 0x78, 0x1B, 0x05,
0x29, 0xAA, 0xFF, 0xFF, 0x9D, 0x00, 0x00, 0x00, 0x26, 0xDB, 0xFF, 0xFF, 0xFF, 0xFF, 0xFF, 0xFF,
0xFF, 0xAC, 0x08, 0x00, 0x00, 0x00, 0x00, 0x0A, 0x72, 0xC4, 0xEF, 0xFA, 0xE7, 0xAF, 0x4D, 0x00,
0x00, 0x00, 0x2C, 0xFF, 0xFF, 0xFF, 0xFF, 0xFF, 0xFF, 0xFF, 0xFF, 0xFF, 0xFF, 0xFF, 0xFF, 0x56,
0x2C, 0xFF, 0xFF, 0xFF, 0xFF, 0xFF, 0xFF, 0xFF, 0xFF, 0xF8, 0xD6, 0xFC, 0xF1, 0x0C, 0x00, 0x00,
0x00, 0x00, 0x00, 0x00, 0x00, 0x00, 0x00, 0x00, 0x87, 0xFF, 0x91, 0x00, 0x00, 0x00, 0x00, 0x00,
0x00, 0x00, 0x00, 0x00, 0x00, 0x47, 0xFF, 0xFE, 0x26, 0x00, 0x00, 0x00, 0x00, 0x00, 0x00, 0x00,
0x00, 0x00, 0x00, 0xB7, 0xFF, 0xB8, 0x00, 0x00, 0x00, 0x00, 0x00, 0x00, 0x00, 0x00, 0x00, 0x00,
0x25, 0xFE, 0xFF, 0x4B, 0x00, 0x00, 0x00, 0x00, 0x00, 0x00, 0x00, 0x00, 0x00, 0x00, 0x90, 0xFF,
0xDD, 0x02, 0x00, 0x00, 0x00, 0x00, 0x00, 0x00, 0x00, 0x00, 0x00, 0x0B, 0xF0, 0xFF, 0x73, 0x00,
0x00, 0x00, 0x00, 0x00, 0x00, 0x00, 0x00, 0x00, 0x00, 0x69, 0xFF, 0xF5, 0x11, 0x00, 0x00, 0x00,
0x00, 0x00, 0x00, 0x00, 0x00, 0x00, 0x00, 0xD4, 0xFF, 0x9A, 0x00, 0x00, 0x00, 0x00, 0x00, 0x00,
0x00, 0x00, 0x00, 0x00, 0x42, 0xFF, 0xFF, 0x2E, 0x00, 0x00, 0x00, 0x00, 0x00, 0x00, 0x00, 0x00,
0x00, 0x00, 0xAE, 0xFF, 0xC1, 0x00, 0x00, 0x00, 0x00, 0x00, 0x00, 0x00, 0x00, 0x00, 0x00, 0x1E,
0xFC, 0xFF, 0x55, 0x00, 0x00, 0x00, 0x00, 0x00, 0x00, 0x00, 0x00, 0x00, 0x00, 0x87, 0xFF, 0xE4,
0x04, 0x00, 0x00, 0x00, 0x00, 0x00, 0x00, 0x00, 0x00, 0x00, 0x07, 0xEB, 0xFF, 0x7C, 0x00, 0x00,
0x00, 0x00, 0x00, 0x00, 0x00, 0x00, 0x00, 0x00, 0x60, 0xFF, 0xF9, 0x16, 0x00, 0x00, 0x00, 0x00,
0x00, 0x00, 0x00, 0x00, 0x00, 0x00, 0xCC, 0xFF, 0xA3, 0x00, 0x00, 0x00, 0x00, 0x00, 0x00, 0x00,
0x00, 0x00, 0x00, 0x39, 0xFF, 0xFF, 0x37, 0x00, 0x00, 0x00, 0x00, 0x00, 0x00, 0x00, 0x00, 0x00,
0x00, 0xA5, 0xFF, 0xCA, 0x00, 0x00, 0x00, 0x00, 0x00, 0x00, 0x00, 0x00, 0x00, 0x00, 0x17, 0xF9,
0xFF, 0x5E, 0x00, 0x00, 0x00, 0x00, 0x00, 0x00, 0x00, 0x00, 0x00, 0x00, 0x7E, 0xFF, 0xEA, 0x07,
0x00, 0x00, 0x00, 0x00, 0x00, 0x00, 0x00, 0x00, 0x00, 0x00, 0x08, 0x6E, 0xC4, 0xEF, 0xFA, 0xE4,
0xA7, 0x3B, 0x00, 0x00, 0x00, 0x00, 0x1A, 0xD4, 0xFF, 0xFF, 0xFF, 0xFF, 0xFF, 0xFF, 0xFE, 0x7F,
0x00, 0x00, 0x00, 0xC4, 0xFF, 0xF6, 0x7A, 0x18, 0x0C, 0x41, 0xCD, 0xFF, 0xFF, 0x45, 0x00, 0x39,
0xFF, 0xFF, 0x5A, 0x00, 0x00, 0x00, 0x00, 0x13, 0xE6, 0xFF, 0xAB, 0x00, 0x6E, 0xFF, 0xF3, 0x02,
0x00, 0x00, 0x00, 0x00, 0x00, 0xA0, 0xFF, 0xCC, 0x00, 0x74, 0xFF, 0xEA, 0x00, 0x00, 0x00, 0x00,
0x00, 0x00, 0x93, 0xFF, 0xB7, 0x00, 0x48, 0xFF, 0xFF, 0x46, 0x00, 0x00, 0x00, 0x00, 0x00, 0xCE,
0xFF, 0x7C, 0x00, 0x02, 0xCF, 0xFF, 0xE8, 0x29, 0x00, 0x00, 0x00, 0x5A, 0xFF, 0xF0, 0x16, 0x00,
0x00, 0x2C, 0xEA, 0xFF, 0xF5, 0x71, 0x06, 0x4A, 0xF6, 0xF9, 0x4B, 0x00, 0x00, 0x00, 0x00, 0x25,
0xC7, 0xFF, 0xFF, 0xE4, 0xFC, 0xE7, 0x40, 0x00, 0x00, 0x00, 0x00, 0x00, 0x03, 0x75, 0xFD, 0xFF,
0xFF, 0xFF, 0xE6, 0x4F, 0x00, 0x00, 0x00, 0x00, 0x14, 0xC5, 0xFF, 0xCB, 0x30, 0x66, 0xE7, 0xFF,
0xFF, 0x7E, 0x00, 0x00, 0x05, 0xCE, 0xFF, 0xB8, 0x07, 0x00, 0x00, 0x14, 0xB7, 0xFF, 0xFF, 0x60,
0x00, 0x67, 0xFF, 0xF2, 0x13, 0x00, 0x00, 0x00, 0x00, 0x06, 0xC7, 0xFF, 0xE8, 0x06, 0xC3, 0xFF,
0x94, 0x00, 0x00, 0x00, 0x00, 0x00, 0x00, 0x37, 0xFF, 0xFF, 0x39, 0xE7, 0xFF, 0x6A, 0x00, 0x00,
0x00, 0x00, 0x00, 0x00, 0x0F, 0xFF, 0xFF, 0x49, 0xE4, 0xFF, 0x8B, 0x00, 0x00, 0x00, 0x00, 0x00,
0x00, 0x2C, 0xFF, 0xFF, 0x31, 0xAD, 0xFF, 0xEC, 0x16, 0x00, 0x00, 0x00, 0x00, 0x00, 0xAE, 0xFF,
0xE8, 0x02, 0x39, 0xFD, 0xFF, 0xDD, 0x51, 0x0E, 0x0D, 0x3B, 0xB4, 0xFF, 0xFF, 0x68, 0x00, 0x00,
0x62, 0xF9, 0xFF, 0xFF, 0xFF, 0xFF, 0xFF, 0xFF, 0xFE, 0x83, 0x00, 0x00, 0x00, 0x00, 0x26, 0x95,
0xD9, 0xF6, 0xF7, 0xDC, 0x9C, 0x32, 0x00, 0x00, 0x00, 0x00, 0x00, 0x00, 0x28, 0x95, 0xD8, 0xF4,
0xF6, 0xDA, 0x97, 0x26, 0x00, 0x00, 0x00, 0x00, 0x00, 0x70, 0xFC, 0xFF, 0xFF, 0xFF, 0xFF, 0xFF,
0xFF, 0xFA, 0x5F, 0x00, 0x00, 0x00, 0x52, 0xFF, 0xFF, 0xB9, 0x3A, 0x08, 0x0F, 0x4C, 0xD2, 0xFF,
0xFD, 0x3F, 0x00, 0x02, 0xDC, 0xFF, 0xBF, 0x02, 0x00, 0x00, 0x00, 0x00, 0x0F, 0xD9, 0xFF, 0xCD,
0x00, 0x33, 0xFF, 0xFF, 0x47, 0x00, 0x00, 0x00, 0x00, 0x00, 0x00, 0x54, 0xFF, 0xFF, 0x2B, 0x60,
0xFF, 0xFF, 0x16, 0x00, 0x00, 0x00, 0x00, 0x00, 0x00, 0x08, 0xFD, 0xFF, 0x63, 0x69, 0xFF, 0xFF,
0x14, 0x00, 0x00, 0x00, 0x00, 0x00, 0x00, 0x00, 0xE3, 0xFF, 0x7D, 0x4F, 0xFF, 0xFF, 0x41, 0x00,
0x00, 0x00, 0x00, 0x00, 0x00, 0x00, 0xCD, 0xFF, 0x87, 0x0F, 0xF7, 0xFF, 0xBC, 0x03, 0x00, 0x00,
0x00, 0x00, 0x00, 0x16, 0xEB, 0xFF, 0x79, 0x00, 0x7F, 0xFF, 0xFF, 0xCA, 0x49, 0x17, 0x07, 0x22,
0x6A, 0xE3, 0xFF, 0xFF, 0x69, 0x00, 0x01, 0x97, 0xFF, 0xFF, 0xFF, 0xFF, 0xFF, 0xFF, 0xFF, 0xD6,
0xFF, 0xFF, 0x51, 0x00, 0x00, 0x00, 0x41, 0xAA, 0xE5, 0xFB, 0xF3, 0xCF, 0x7B, 0x4C, 0xFF, 0xFF,
0x1D, 0x00, 0x00, 0x00, 0x00, 0x00, 0x00, 0x00, 0x00, 0x00, 0x00, 0x88, 0xFF, 0xE5, 0x00, 0x00,
0x00, 0x00, 0x00, 0x00, 0x00, 0x00, 0x00, 0x00, 0x05, 0xE3, 0xFF, 0x98, 0x00, 0x00, 0x00, 0x00,
0x00, 0x00, 0x00, 0x00, 0x00, 0x00, 0x69, 0xFF, 0xFF, 0x30, 0x00, 0x00, 0x00, 0x00, 0x00, 0x00,
0x00, 0x00, 0x00, 0x22, 0xF0, 0xFF, 0xB9, 0x00, 0x00, 0x00, 0x00, 0x00, 0x00, 0x00, 0x00, 0x00,
0x1B, 0xD7, 0xFF, 0xF5, 0x21, 0x00, 0x00, 0x00, 0x00, 0x00, 0x00, 0x00, 0x00, 0x49, 0xE3, 0xFF,
0xFC, 0x57, 0x00, 0x00, 0x00, 0x00, 0x00, 0x00, 0x21, 0x60, 0xC3, 0xFF, 0xFF, 0xF7, 0x5B, 0x00,
0x00, 0x00, 0x00, 0x00, 0x00, 0x02, 0xEC, 0xFF, 0xFF, 0xFF, 0xBF, 0x27, 0x00, 0x00, 0x00, 0x00,
0x00, 0x00, 0x00, 0x00, 0xA3, 0xC9, 0x8E, 0x2F, 0x00, 0x00, 0x00, 0x00, 0x00, 0x00, 0x00, 0x09,
0xBC, 0xF6, 0xAD, 0x04, 0x38, 0xFF, 0xFF, 0xFF, 0x27, 0x08, 0xBD, 0xF6, 0xAD, 0x03, 0x00, 0x00,
0x00, 0x00, 0x00, 0x00, 0x00, 0x00, 0x00, 0x00, 0x00, 0x00, 0x00, 0x00, 0x00, 0x00, 0x00, 0x00,
0x00, 0x00, 0x00, 0x00, 0x00, 0x00, 0x00, 0x00, 0x00, 0x00, 0x00, 0x00, 0x00, 0x00, 0x00, 0x00,
0x00, 0x00, 0x00, 0x00, 0x00, 0x00, 0x00, 0x00, 0x00, 0x00, 0x00, 0x09, 0xBC, 0xF6, 0xAD, 0x04,
0x38, 0xFF, 0xFF, 0xFF, 0x27, 0x08, 0xBD, 0xF6, 0xAD, 0x03, 0x00, 0xA1, 0xF6, 0xC5, 0x11, 0x14,
0xFF, 0xFF, 0xFF, 0x4F, 0x00, 0xA1, 0xF6, 0xC5, 0x10, 0x00, 0x00, 0x00, 0x00, 0x00, 0x00, 0x00,
0x00, 0x00, 0x00, 0x00, 0x00, 0x00, 0x00, 0x00, 0x00, 0x00, 0x00, 0x00, 0x00, 0x00, 0x00, 0x00,
0x00, 0x00, 0x00, 0x00, 0x00, 0x00, 0x00, 0x00, 0x00, 0x00, 0x00, 0x00, 0x00, 0x00, 0x00, 0x00,
0x00, 0x00, 0x00, 0x00, 0x00, 0x00, 0x0D, 0xC1, 0xF3, 0xA1, 0x02, 0x48, 0xFF, 0xFF, 0xFF, 0x50,
0x13, 0xD5, 0xF9, 0xFF, 0x74, 0x00, 0x00, 0x7F, 0xFF, 0x5C, 0x00, 0x05, 0xD8, 0xF0, 0x13, 0x15,
0xAC, 0xFE, 0x63, 0x00, 0x33, 0xD4, 0x54, 0x00, 0x00, 0x00, 0x00, 0x00, 0x00, 0x00, 0x00, 0x00,
0x00, 0x00, 0x00, 0x59, 0xBF, 0x05, 0x00, 0x00, 0x00, 0x00, 0x00, 0x00, 0x00, 0x00, 0x2E, 0xC1,
0xFF, 0xFF, 0x72, 0x00, 0x00, 0x00, 0x00, 0x00, 0x00, 0x10, 0x92, 0xFC, 0xFF, 0xFF, 0xB8, 0x28,
0x00, 0x00, 0x00, 0x00, 0x01, 0x62, 0xEA, 0xFF, 0xFF, 0xDC, 0x4F, 0x00, 0x00, 0x00, 0x00, 0x00,
0x35, 0xC9, 0xFF, 0xFF, 0xF4, 0x7A, 0x07, 0x00, 0x00, 0x00, 0x00, 0x14, 0x9B, 0xFD, 0xFF, 0xFF,
0xA5, 0x1B, 0x00, 0x00, 0x00, 0x00, 0x00, 0x5D, 0xEE, 0xFF, 0xE2, 0x8C, 0x2F, 0x00, 0x00, 0x00,
0x00, 0x00, 0x00, 0x00, 0x90, 0xFF, 0xFF, 0xBB, 0x6E, 0x20, 0x00, 0x00, 0x00, 0x00, 0x00, 0x00,
0x00, 0x00, 0x41, 0xCE, 0xFF, 0xFF, 0xFC, 0x99, 0x16, 0x00, 0x00, 0x00, 0x00, 0x00, 0x00, 0x00,
0x02, 0x60, 0xE5, 0xFF, 0xFF, 0xF2, 0x78, 0x08, 0x00, 0x00, 0x00, 0x00, 0x00, 0x00, 0x00, 0x0A,
0x7F, 0xF4, 0xFF, 0xFF, 0xE0, 0x58, 0x00, 0x00, 0x00, 0x00, 0x00, 0x00, 0x00, 0x00, 0x1A, 0x9E,
0xFD, 0xFF, 0xFF, 0xC7, 0x39, 0x00, 0x00, 0x00, 0x00, 0x00, 0x00, 0x00, 0x00, 0x30, 0xBD, 0xFF,
0xFF, 0x9A, 0x00, 0x00, 0x00, 0x00, 0x00, 0x00, 0x00, 0x00, 0x00, 0x00, 0x4D, 0xC9, 0x16, 0xCC,
0xFF, 0xFF, 0xFF, 0xFF, 0xFF, 0xFF, 0xFF, 0xFF, 0xFF, 0xFF, 0xFF, 0xEC, 0xCC, 0xFF, 0xFF, 0xFF,
0xFF, 0xFF, 0xFF, 0xFF, 0xFF, 0xFF, 0xFF, 0xFF, 0xEC, 0x00, 0x00, 0x00, 0x00, 0x00, 0x00, 0x00,
0x00, 0x00, 0x00, 0x00, 0x00, 0x00, 0x00, 0x00, 0x00, 0x00, 0x00, 0x00, 0x00, 0x00, 0x00, 0x00,
0x00, 0x00, 0x00, 0x00, 0x00, 0x00, 0x00, 0x00, 0x00, 0x00, 0x00, 0x00, 0x00, 0x00, 0x00, 0x00,
0xCC, 0xFF, 0xFF, 0xFF, 0xFF, 0xFF, 0xFF, 0xFF, 0xFF, 0xFF, 0xFF, 0xFF, 0xEC, 0xCC, 0xFF, 0xFF,
0xFF, 0xFF, 0xFF, 0xFF, 0xFF, 0xFF, 0xFF, 0xFF, 0xFF, 0xEC, 0x06, 0xC1, 0x62, 0x02, 0x00, 0x00,
0x00, 0x00, 0x00, 0x00, 0x00, 0x00, 0x00, 0x73, 0xFF, 0xFF, 0xD0, 0x43, 0x00, 0x00, 0x00, 0x00,
0x00, 0x00, 0x00, 0x00, 0x27, 0xB3, 0xFF, 0xFF, 0xFF, 0xB4, 0x28, 0x00, 0x00, 0x00, 0x00, 0x00,
0x00, 0x00, 0x00, 0x43, 0xD1, 0xFF, 0xFF, 0xFB, 0x95, 0x14, 0x00, 0x00, 0x00, 0x00, 0x00, 0x00,
0x00, 0x02, 0x64, 0xE8, 0xFF, 0xFF, 0xF0, 0x76, 0x07, 0x00, 0x00, 0x00, 0x00, 0x00, 0x00, 0x00,
0x0C, 0x85, 0xF7, 0xFF, 0xFF, 0xDF, 0x57, 0x00, 0x00, 0x00, 0x00, 0x00, 0x00, 0x00, 0x00, 0x17,
0x6A, 0xBB, 0xFB, 0xFF, 0xB8, 0x00, 0x00, 0x00, 0x00, 0x00, 0x00, 0x00, 0x0B, 0x5E, 0xBF, 0xFE,
0xF8, 0x7C, 0x00, 0x00, 0x00, 0x00, 0x00, 0x04, 0x6D, 0xEC, 0xFF, 0xFF, 0xB3, 0x22, 0x00, 0x00,
0x00, 0x00, 0x00, 0x4D, 0xD8, 0xFF, 0xFF, 0xDA, 0x4A, 0x00, 0x00, 0x00, 0x00, 0x00, 0x2F, 0xBD,
0xFF, 0xFF, 0xF4, 0x7A, 0x06, 0x00, 0x00, 0x00, 0x00, 0x19, 0x9D, 0xFD, 0xFF, 0xFF, 0xA9, 0x1C,
0x00, 0x00, 0x00, 0x00, 0x00, 0x00, 0x50, 0xFF, 0xFF, 0xD3, 0x40, 0x00, 0x00, 0x00, 0x00, 0x00,
0x00, 0x00, 0x00, 0x00, 0xAD, 0x70, 0x04, 0x00, 0x00, 0x00, 0x00, 0x00, 0x00, 0x00, 0x00, 0x00,
0x01, 0x49, 0x9E, 0xD4, 0xF0, 0xFB, 0xEE, 0xBD, 0x5B, 0x01, 0x00, 0xA9, 0xFF, 0xFF, 0xFF, 0xFF,
0xFF, 0xFF, 0xFF, 0xFF, 0xA8, 0x02, 0x52, 0xC1, 0x68, 0x2A, 0x0A, 0x07, 0x35, 0xB9, 0xFF, 0xFF,
0x69, 0x00, 0x00, 0x00, 0x00, 0x00, 0x00, 0x00, 0x0C, 0xE5, 0xFF, 0xC8, 0x00, 0x00, 0x00, 0x00,
0x00, 0x00, 0x00, 0x00, 0x9E, 0xFF, 0xEF, 0x00, 0x00, 0x00, 0x00, 0x00, 0x00, 0x00, 0x00, 0x8D,
0xFF, 0xEA, 0x00, 0x00, 0x00, 0x00, 0x00, 0x00, 0x00, 0x00, 0xBE, 0xFF, 0xC1, 0x00, 0x00, 0x00,
0x00, 0x00, 0x00, 0x00, 0x3B, 0xFE, 0xFF, 0x63, 0x00, 0x00, 0x00, 0x00, 0x00, 0x00, 0x0B, 0xD5,
0xFF, 0xD2, 0x03, 0x00, 0x00, 0x00, 0x00, 0x00, 0x02, 0xB3, 0xFF, 0xF2, 0x2E, 0x00, 0x00, 0x00,
0x00, 0x00, 0x00, 0x8A, 0xFF, 0xFB, 0x46, 0x00, 0x00, 0x00, 0x00, 0x00, 0x00, 0x4A, 0xFF, 0xFF,
0x64, 0x00, 0x00, 0x00, 0x00, 0x00, 0x00, 0x02, 0xD2, 0xFF, 0xA6, 0x00, 0x00, 0x00, 0x00, 0x00,
0x00, 0x00, 0x42, 0xFF, 0xF6, 0x1B, 0x00, 0x00, 0x00, 0x00, 0x00, 0x00, 0x00, 0x76, 0xFF, 0xAE,
0x00, 0x00, 0x00, 0x00, 0x00, 0x00, 0x00, 0x00, 0x85, 0xFF, 0x86, 0x00, 0x00, 0x00, 0x00, 0x00,
0x00, 0x00, 0x00, 0x00, 0x00, 0x00, 0x00, 0x00, 0x00, 0x00, 0x00, 0x00, 0x00, 0x00, 0x00, 0x00,
0x00, 0x00, 0x00, 0x00, 0x00, 0x00, 0x00, 0x00, 0x00, 0x9D, 0xF6, 0xC7, 0x13, 0x00, 0x00, 0x00,
0x00, 0x00, 0x00, 0x0C, 0xFF, 0xFF, 0xFF, 0x53, 0x00, 0x00, 0x00, 0x00, 0x00, 0x00, 0x00, 0x9D,
0xF6, 0xC7, 0x12, 0x00, 0x00, 0x00, 0x00, 0x00, 0x00, 0x00, 0x00, 0x00, 0x00, 0x00, 0x00, 0x00,
0x14, 0x5A, 0xA3, 0xCD, 0xE4, 0xF9, 0xEF, 0xDB, 0xBB, 0x7D, 0x3A, 0x00, 0x00, 0x00, 0x00, 0x00,
0x00, 0x00, 0x00, 0x00, 0x00, 0x00, 0x00, 0x00, 0x00, 0x00, 0x23, 0x9F, 0xFB, 0xFF, 0xFF, 0xFF,
0xFF, 0xFF, 0xFF, 0xFF, 0xFF, 0xFF, 0xFF, 0xD3, 0x61, 0x02, 0x00, 0x00, 0x00, 0x00, 0x00, 0x00,
0x00, 0x00, 0x00, 0x00, 0x02, 0x83, 0xFB, 0xFF, 0xFA, 0xB7, 0x6A, 0x31, 0x19, 0x05, 0x12, 0x25,
0x55, 0x91, 0xE8, 0xFF, 0xFF, 0xC1, 0x1F, 0x00, 0x00, 0x00, 0x00, 0x00, 0x00, 0x00, 0x00, 0x11,
0xB9, 0xFF, 0xFE, 0xA6, 0x23, 0x00, 0x00, 0x00, 0x00, 0x00, 0x00, 0x00, 0x00, 0x00, 0x06, 0x60,
0xEB, 0xFF, 0xEB, 0x28, 0x00, 0x00, 0x00, 0x00, 0x00, 0x00, 0x07, 0xC3, 0xFF, 0xF2, 0x4E, 0x00,
0x00, 0x00, 0x00, 0x00, 0x00, 0x00, 0x00, 0x00, 0x00, 0x00, 0x00, 0x00, 0x18, 0xC6, 0xFF, 0xE3,
0x1A, 0x00, 0x00, 0x00, 0x00, 0x00, 0xA3, 0xFF, 0xEF, 0x2D, 0x00, 0x00, 0x00, 0x00, 0x00, 0x00,
0x00, 0x00, 0x00, 0x00, 0x00, 0x00, 0x00, 0x00, 0x00, 0x10, 0xD2, 0xFF, 0xA8, 0x00, 0x00, 0x00,
0x00, 0x4C, 0xFF, 0xFC, 0x47, 0x00, 0x00, 0x00, 0x00, 0x00, 0x00, 0x45, 0xB5, 0xE8, 0xF7, 0xCD,
0x53, 0x4A, 0xFA, 0x25, 0x00, 0x00, 0x33, 0xFD, 0xFF, 0x3A, 0x00, 0x00, 0x03, 0xD5, 0xFF, 0x91,
0x00, 0x00, 0x00, 0x00, 0x00, 0x08, 0x9F, 0xFF, 0xFF, 0xFF, 0xFF, 0xFF, 0xFF, 0xFD, 0xF7, 0x02,
0x00, 0x00, 0x00, 0xA8, 0xFF, 0x9B, 0x00, 0x00, 0x58, 0xFF, 0xF3, 0x15, 0x00, 0x00, 0x00, 0x00,
0x03, 0xB4, 0xFF, 0xF5, 0x79, 0x1C, 0x08, 0x4A, 0xEA, 0xFF, 0xCE, 0x00, 0x00, 0x00, 0x00, 0x53,
0xFF, 0xEB, 0x03, 0x00, 0xB6, 0xFF, 0x97, 0x00, 0x00, 0x00, 0x00, 0x00, 0x85, 0xFF, 0xF3, 0x36,
0x00, 0x00, 0x00, 0x00, 0x94, 0xFF, 0xA2, 0x00, 0x00, 0x00, 0x00, 0x10, 0xFF, 0xFF, 0x1F, 0x05,
0xF5, 0xFF, 0x4B, 0x00, 0x00, 0x00, 0x00, 0x28, 0xFA, 0xFF, 0x5C, 0x00, 0x00, 0x00, 0x00, 0x00,
0xC1, 0xFF, 0x76, 0x00, 0x00, 0x00, 0x00, 0x00, 0xF6, 0xFF, 0x38, 0x2D, 0xFF, 0xFE, 0x09, 0x00,
0x00, 0x00, 0x00, 0x9F, 0xFF, 0xC8, 0x00, 0x00, 0x00, 0x00, 0x00, 0x00, 0xEE, 0xFF, 0x4A, 0x00,
0x00, 0x00, 0x00, 0x00, 0xE5, 0xFF, 0x49, 0x4E, 0xFF, 0xEC, 0x00, 0x00, 0x00, 0x00, 0x0F, 0xF7,
0xFF, 0x5A, 0x00, 0x00, 0x00, 0x00, 0x00, 0x1D, 0xFF, 0xFF, 0x1E, 0x00, 0x00, 0x00, 0x00, 0x00,
0xF4, 0xFF, 0x37, 0x5D, 0xFF, 0xD5, 0x00, 0x00, 0x00, 0x00, 0x4E, 0xFF, 0xFA, 0x0B, 0x00, 0x00,
0x00, 0x00, 0x00, 0x4A, 0xFF, 0xF1, 0x00, 0x00, 0x00, 0x00, 0x00, 0x1A, 0xFF, 0xFE, 0x15, 0x5F,
0xFF, 0xD8, 0x00, 0x00, 0x00, 0x00, 0x87, 0xFF, 0xCC, 0x00, 0x00, 0x00, 0x00, 0x00, 0x00, 0x9B,
0xFF, 0xC6, 0x00, 0x00, 0x00, 0x00, 0x00, 0x5F, 0xFF, 0xCD, 0x00, 0x54, 0xFF, 0xED, 0x00, 0x00,
0x00, 0x00, 0xA1, 0xFF, 0xAF, 0x00, 0x00, 0x00, 0x00, 0x00, 0x2F, 0xFD, 0xFF, 0x9B, 0x00, 0x00,
0x00, 0x00, 0x00, 0xC8, 0xFF, 0x70, 0x00, 0x36, 0xFF, 0xFE, 0x0E, 0x00, 0x00, 0x00, 0xAF, 0xFF,
0xAF, 0x00, 0x00, 0x00, 0x00, 0x09, 0xD1, 0xFF, 0xFF, 0x78, 0x00, 0x00, 0x00, 0x00, 0x5C, 0xFF,
0xE9, 0x0A, 0x00, 0x0B, 0xFB, 0xFF, 0x51, 0x00, 0x00, 0x00, 0x99, 0xFF, 0xDE, 0x00, 0x00, 0x00,
0x02, 0xA5, 0xED, 0xBF, 0xFF, 0x6C, 0x00, 0x00, 0x00, 0x3D, 0xF4, 0xFF, 0x4E, 0x00, 0x00, 0x00,
0xC3, 0xFF, 0x9E, 0x00, 0x00, 0x00, 0x4F, 0xFF, 0xFF, 0x80, 0x12, 0x27, 0xB4, 0xFB, 0x4D, 0xAC,
0xFF, 0xA7, 0x09, 0x26, 0x88, 0xFA, 0xFF, 0x77, 0x00, 0x00, 0x00, 0x00, 0x65, 0xFF, 0xF9, 0x1F,
0x00, 0x00, 0x00, 0xC5, 0xFF, 0xFF, 0xFF, 0xFF, 0xF4, 0x50, 0x00, 0x82, 0xFF, 0xFF, 0xFF, 0xFF,
0xFF, 0xF0, 0x5F, 0x00, 0x00, 0x00, 0x00, 0x00, 0x06, 0xDB, 0xFF, 0xA9, 0x00, 0x00, 0x00, 0x15,
0xA8, 0xF4, 0xED, 0xA2, 0x1D, 0x00, 0x00, 0x0E, 0xA9, 0xEF, 0xF2, 0xD1, 0x80, 0x19, 0x00, 0x00,
0x00, 0x00, 0x00, 0x00, 0x00, 0x51, 0xFF, 0xFF, 0x79, 0x00, 0x00, 0x00, 0x00, 0x00, 0x00, 0x00,
0x00, 0x00, 0x00, 0x00, 0x00, 0x00, 0x00, 0x00, 0x00, 0x00, 0x00, 0x00, 0x00, 0x00, 0x00, 0x00,
0x00, 0x00, 0x90, 0xFF, 0xFE, 0x85, 0x03, 0x00, 0x00, 0x00, 0x00, 0x00, 0x00, 0x00, 0x00, 0x00,
0x00, 0x00, 0x00, 0x00, 0x00, 0x00, 0x00, 0x00, 0x00, 0x00, 0x00, 0x00, 0x00, 0x00, 0x02, 0xA6,
0xFF, 0xFF, 0xC6, 0x43, 0x00, 0x00, 0x00, 0x00, 0x00, 0x00, 0x00, 0x00, 0x00, 0x00, 0x00, 0x00,
0x00, 0x00, 0x00, 0x00, 0x00, 0x00, 0x00, 0x00, 0x00, 0x00, 0x00, 0x00, 0x6E, 0xF8, 0xFF, 0xFF,
0xCF, 0x85, 0x47, 0x22, 0x10, 0x06, 0x21, 0x49, 0x98, 0x7C, 0x00, 0x00, 0x00, 0x00, 0x00, 0x00,
0x00, 0x00, 0x00, 0x00, 0x00, 0x00, 0x00, 0x00, 0x00, 0x25, 0x99, 0xF7, 0xFF, 0xFF, 0xFF, 0xFF,
0xFF, 0xFF, 0xFF, 0xFF, 0xFF, 0xD1, 0x00, 0x00, 0x00, 0x00, 0x00, 0x00, 0x00, 0x00, 0x00, 0x00,
0x00, 0x00, 0x00, 0x00, 0x00, 0x00, 0x00, 0x13, 0x59, 0x98, 0xCC, 0xE3, 0xF6, 0xF6, 0xE1, 0xC6,
0x88, 0x2E, 0x00, 0x00, 0x00, 0x00, 0x00, 0x00, 0x00, 0x00, 0x00, 0x00, 0x00, 0x00, 0x00, 0x00,
0x00, 0x00, 0x0C, 0xF4, 0x84, 0x00, 0x00, 0x00, 0x00, 0x00, 0x00, 0x00, 0x00, 0x00, 0x00, 0x00,
0x00, 0x00, 0x00, 0x00, 0x61, 0xFF, 0xE3, 0x02, 0x00, 0x00, 0x00, 0x00, 0x00, 0x00, 0x00, 0x00,
0x00, 0x00, 0x00, 0x00, 0x00, 0x00, 0xC2, 0xFF, 0xFF, 0x46, 0x00, 0x00, 0x00, 0x00, 0x00, 0x00,
0x00, 0x00, 0x00, 0x00, 0x00, 0x00, 0x00, 0x24, 0xFF, 0xF8, 0xFF, 0xA8, 0x00, 0x00, 0x00, 0x00,
0x00, 0x00, 0x00, 0x00, 0x00, 0x00, 0x00, 0x00, 0x00, 0x84, 0xFF, 0x97, 0xFF, 0xF8, 0x11, 0x00,
0x00, 0x00, 0x00, 0x00, 0x00, 0x00, 0x00, 0x00, 0x00, 0x00, 0x02, 0xE2, 0xFF, 0x3E, 0xDD, 0xFF,
0x6A, 0x00, 0x00, 0x00, 0x00, 0x00, 0x00, 0x00, 0x00, 0x00, 0x00, 0x00, 0x46, 0xFF, 0xF8, 0x08,
0x9D, 0xFF, 0xCC, 0x00, 0x00, 0x00, 0x00, 0x00, 0x00, 0x00, 0x00, 0x00, 0x00, 0x00, 0xA7, 0xFF,
0xAE, 0x00, 0x48, 0xFF, 0xFF, 0x2D, 0x00, 0x00, 0x00, 0x00, 0x00, 0x00, 0x00, 0x00, 0x00, 0x10,
0xF7, 0xFF, 0x4D, 0x00, 0x02, 0xE4, 0xFF, 0x8E, 0x00, 0x00, 0x00, 0x00, 0x00, 0x00, 0x00, 0x00,
0x00, 0x69, 0xFF, 0xE8, 0x04, 0x00, 0x00, 0x87, 0xFF, 0xEA, 0x05, 0x00, 0x00, 0x00, 0x00, 0x00,
0x00, 0x00, 0x00, 0xCA, 0xFF, 0x8C, 0x00, 0x00, 0x00, 0x26, 0xFF, 0xFF, 0x51, 0x00, 0x00, 0x00,
0x00, 0x00, 0x00, 0x00, 0x2B, 0xFF, 0xFF, 0x2C, 0x00, 0x00, 0x00, 0x00, 0xC5, 0xFF, 0xB2, 0x00,
0x00, 0x00, 0x00, 0x00, 0x00, 0x00, 0x8C, 0xFF, 0xCC, 0x00, 0x00, 0x00, 0x00, 0x00, 0x64, 0xFF,
0xFB, 0x18, 0x00, 0x00, 0x00, 0x00, 0x00, 0x04, 0xE8, 0xFF, 0xFF, 0xFF, 0xFF, 0xFF, 0xFF, 0xFF,
0xFF, 0xFF, 0xFF, 0x75, 0x00, 0x00, 0x00, 0x00, 0x00, 0x4E, 0xFF, 0xFF, 0xFF, 0xFF, 0xFF, 0xFF,
0xFF, 0xFF, 0xFF, 0xFF, 0xFF, 0xD6, 0x00, 0x00, 0x00, 0x00, 0x00, 0xAF, 0xFF, 0x9E, 0x00, 0x00,
0x00, 0x00, 0x00, 0x00, 0x00, 0x47, 0xFF, 0xFF, 0x38, 0x00, 0x00, 0x00, 0x15, 0xFA, 0xFF, 0x45,
0x00, 0x00, 0x00, 0x00, 0x00, 0x00, 0x00, 0x03, 0xE7, 0xFF, 0x99, 0x00, 0x00, 0x00, 0x71, 0xFF,
0xE8, 0x03, 0x00, 0x00, 0x00, 0x00, 0x00, 0x00, 0x00, 0x00, 0x8F, 0xFF, 0xF1, 0x09, 0x00, 0x00,
0xD1, 0xFF, 0x92, 0x00, 0x00, 0x00, 0x00, 0x00, 0x00, 0x00, 0x00, 0x00, 0x33, 0xFF, 0xFF, 0x5C,
0x00, 0x33, 0xFF, 0xFF, 0x39, 0x00, 0x00, 0x00, 0x00, 0x00, 0x00, 0x00, 0x00, 0x00, 0x00, 0xD6,
0xFF, 0xBD, 0x00, 0x94, 0xFF, 0xDF, 0x00, 0x00, 0x00, 0x00, 0x00, 0x00, 0x00, 0x00, 0x00, 0x00,
0x00, 0x7A, 0xFF, 0xFE, 0x20, 0x48, 0xB7, 0xD1, 0xE5, 0xF4, 0xFB, 0xFB, 0xE8, 0xD2, 0xA0, 0x45,
0x00, 0x00, 0x00, 0x74, 0xFF, 0xFF, 0xFF, 0xFF, 0xFF, 0xFF, 0xFF, 0xFF, 0xFF, 0xFF, 0xB1, 0x08,
0x00, 0x74, 0xFF, 0xFF, 0x27, 0x0B, 0x04, 0x0A, 0x24, 0x6F, 0xE3, 0xFF, 0xFF, 0x98, 0x00, 0x74,
0xFF, 0xFF, 0x0C, 0x00, 0x00, 0x00, 0x00, 0x00, 0x20, 0xE7, 0xFF, 0xF9, 0x0B, 0x74, 0xFF, 0xFF,
0x0C, 0x00, 0x00, 0x00, 0x00, 0x00, 0x00, 0x8A, 0xFF, 0xFF, 0x29, 0x74, 0xFF, 0xFF, 0x0C, 0x00,
0x00, 0x00, 0x00, 0x00, 0x00, 0x78, 0xFF, 0xFF, 0x15, 0x74, 0xFF, 0xFF, 0x0C, 0x00, 0x00, 0x00,
0x00, 0x00, 0x00, 0xC0, 0xFF, 0xD1, 0x00, 0x74, 0xFF, 0xFF, 0x0C, 0x00, 0x00, 0x00, 0x00, 0x01,
0x83, 0xFF, 0xFE, 0x48, 0x00, 0x74, 0xFF, 0xFF, 0x0C, 0x00, 0x05, 0x12, 0x4D, 0xC4, 0xFF, 0xF0,
0x5A, 0x00, 0x00, 0x74, 0xFF, 0xFF, 0xFF, 0xFF, 0xFF, 0xFF, 0xFF, 0xFF, 0xBD, 0x1E, 0x00, 0x00,
0x00, 0x74, 0xFF, 0xFF, 0xFF, 0xFF, 0xFF, 0xFF, 0xFF, 0xFF, 0xFF, 0xF9, 0x96, 0x09, 0x00, 0x74,
0xFF, 0xFF, 0x0C, 0x00, 0x01, 0x11, 0x28, 0x62, 0xD1, 0xFF, 0xFF, 0xBA, 0x02, 0x74, 0xFF, 0xFF,
0x0C, 0x00, 0x00, 0x00, 0x00, 0x00, 0x05, 0xAC, 0xFF, 0xFF, 0x5C, 0x74, 0xFF, 0xFF, 0x0C, 0x00,
0x00, 0x00, 0x00, 0x00, 0x00, 0x18, 0xFA, 0xFF, 0xB1, 0x74, 0xFF, 0xFF, 0x0C, 0x00, 0x00, 0x00,
0x00, 0x00, 0x00, 0x00, 0xDA, 0xFF, 0xD0, 0x74, 0xFF, 0xFF, 0x0C, 0x00, 0x00, 0x00, 0x00, 0x00,
0x00, 0x00, 0xDA, 0xFF, 0xC2, 0x74, 0xFF, 0xFF, 0x0C, 0x00, 0x00, 0x00, 0x00, 0x00, 0x00, 0x1F,
0xFD, 0xFF, 0x92, 0x74, 0xFF, 0xFF, 0x0C, 0x00, 0x00, 0x00, 0x00, 0x00, 0x08, 0xBB, 0xFF, 0xFC,
0x2C, 0x74, 0xFF, 0xFF, 0x30, 0x10, 0x04, 0x09, 0x28, 0x5F, 0xD4, 0xFF, 0xFF, 0x78, 0x00, 0x74,
0xFF, 0xFF, 0xFF, 0xFF, 0xFF, 0xFF, 0xFF, 0xFF, 0xFF, 0xF1, 0x68, 0x00, 0x00, 0x4D, 0xC8, 0xE4,
0xF4, 0xFD, 0xFF, 0xF8, 0xE4, 0xB7, 0x6F, 0x14, 0x00, 0x00, 0x00, 0x00, 0x00, 0x00, 0x00, 0x00,
0x08, 0x64, 0xAF, 0xE2, 0xF8, 0xF7, 0xE8, 0xC0, 0x7C, 0x1B, 0x00, 0x00, 0x00, 0x00, 0x51, 0xE7,
0xFF, 0xFF, 0xFF, 0xFF, 0xFF, 0xFF, 0xFF, 0xFF, 0x89, 0x00, 0x00, 0x00, 0x76, 0xFF, 0xFF, 0xED,
0x80, 0x31, 0x0B, 0x07, 0x1C, 0x4F, 0xAF, 0x3C, 0x00, 0x00, 0x50, 0xFE, 0xFF, 0xC5, 0x15, 0x00,
0x00, 0x00, 0x00, 0x00, 0x00, 0x00, 0x00, 0x00, 0x08, 0xE6, 0xFF, 0xE0, 0x10, 0x00, 0x00, 0x00,
0x00, 0x00, 0x00, 0x00, 0x00, 0x00, 0x00, 0x6E, 0xFF, 0xFF, 0x56, 0x00, 0x00, 0x00, 0x00, 0x00,
0x00, 0x00, 0x00, 0x00, 0x00, 0x00, 0xC1, 0xFF, 0xE5, 0x03, 0x00, 0x00, 0x00, 0x00, 0x00, 0x00,
0x00, 0x00, 0x00, 0x00, 0x0A, 0xF9, 0xFF, 0xA5, 0x00, 0x00, 0x00, 0x00, 0x00, 0x00, 0x00, 0x00,
0x00, 0x00, 0x00, 0x2A, 0xFF, 0xFF, 0x73, 0x00, 0x00, 0x00, 0x00, 0x00, 0x00, 0x00, 0x00, 0x00,
0x00, 0x00, 0x3D, 0xFF, 0xFF, 0x60, 0x00, 0x00, 0x00, 0x00, 0x00, 0x00, 0x00, 0x00, 0x00, 0x00,
0x00, 0x4B, 0xFF, 0xFF, 0x54, 0x00, 0x00, 0x00, 0x00, 0x00, 0x00, 0x00, 0x00, 0x00, 0x00, 0x00,
0x3E, 0xFF, 0xFF, 0x61, 0x00, 0x00, 0x00, 0x00, 0x00, 0x00, 0x00, 0x00, 0x00, 0x00, 0x00, 0x2C,
0xFF, 0xFF, 0x78, 0x00, 0x00, 0x00, 0x00, 0x00, 0x00, 0x00, 0x00, 0x00, 0x00, 0x00, 0x0A, 0xFA,
0xFF, 0xAF, 0x00, 0x00, 0x00, 0x00, 0x00, 0x00, 0x00, 0x00, 0x00, 0x00, 0x00, 0x00, 0xC6, 0xFF,
0xF0, 0x0B, 0x00, 0x00, 0x00, 0x00, 0x00, 0x00, 0x00, 0x00, 0x00, 0x00, 0x00, 0x75, 0xFF, 0xFF,
0x6F, 0x00, 0x00, 0x00, 0x00, 0x00, 0x00, 0x00, 0x00, 0x00, 0x00, 0x00, 0x0E, 0xF0, 0xFF, 0xF2,
0x22, 0x00, 0x00, 0x00, 0x00, 0x00, 0x00, 0x00, 0x00, 0x00, 0x00, 0x00, 0x65, 0xFF, 0xFF, 0xE0,
0x2B, 0x00, 0x00, 0x00, 0x00, 0x00, 0x00, 0x00, 0x00, 0x00, 0x00, 0x00, 0x95, 0xFF, 0xFF, 0xFA,
0x97, 0x40, 0x13, 0x04, 0x13, 0x40, 0x92, 0x7E, 0x00, 0x00, 0x00, 0x00, 0x6D, 0xF0, 0xFF, 0xFF,
0xFF, 0xFF, 0xFF, 0xFF, 0xFF, 0xFF, 0xD5, 0x00, 0x00, 0x00, 0x00, 0x00, 0x11, 0x72, 0xB9, 0xE5,
0xF9, 0xF2, 0xDF, 0xCA, 0x97, 0x3A, 0x5B, 0xDB, 0xEA, 0xF4, 0xFA, 0xFD, 0xF8, 0xE3, 0xC8, 0x86,
0x36, 0x00, 0x00, 0x00, 0x00, 0x00, 0x74, 0xFF, 0xFF, 0xFF, 0xFF, 0xFF, 0xFF, 0xFF, 0xFF, 0xFF,
0xFF, 0xB6, 0x24, 0x00, 0x00, 0x00, 0x74, 0xFF, 0xFF, 0x26, 0x08, 0x00, 0x08, 0x21, 0x56, 0xBA,
0xFF, 0xFF, 0xEA, 0x35, 0x00, 0x00, 0x74, 0xFF, 0xFF, 0x0C, 0x00, 0x00, 0x00, 0x00, 0x00, 0x00,
0x5E, 0xFA, 0xFF, 0xE7, 0x14, 0x00, 0x74, 0xFF, 0xFF, 0x0C, 0x00, 0x00, 0x00, 0x00, 0x00, 0x00,
0x00, 0x60, 0xFF, 0xFF, 0xA2, 0x00, 0x74, 0xFF, 0xFF, 0x0C, 0x00, 0x00, 0x00, 0x00, 0x00, 0x00,
0x00, 0x00, 0xBE, 0xFF, 0xFA, 0x17, 0x74, 0xFF, 0xFF, 0x0C, 0x00, 0x00, 0x00, 0x00, 0x00, 0x00,
0x00, 0x00, 0x51, 0xFF, 0xFF, 0x6A, 0x74, 0xFF, 0xFF, 0x0C, 0x00, 0x00, 0x00, 0x00, 0x00, 0x00,
0x00, 0x00, 0x0A, 0xFC, 0xFF, 0xA4, 0x74, 0xFF, 0xFF, 0x0C, 0x00, 0x00, 0x00, 0x00, 0x00, 0x00,
0x00, 0x00, 0x00, 0xD9, 0xFF, 0xCF, 0x74, 0xFF, 0xFF, 0x0C, 0x00, 0x00, 0x00, 0x00, 0x00, 0x00,
0x00, 0x00, 0x00, 0xC0, 0xFF, 0xE1, 0x74, 0xFF, 0xFF, 0x0C, 0x00, 0x00, 0x00, 0x00, 0x00, 0x00,
0x00, 0x00, 0x00, 0xB8, 0xFF, 0xEB, 0x74, 0xFF, 0xFF, 0x0C, 0x00, 0x00, 0x00, 0x00, 0x00, 0x00,
0x00, 0x00, 0x00, 0xC4, 0xFF, 0xDB, 0x74, 0xFF, 0xFF, 0x0C, 0x00, 0x00, 0x00, 0x00, 0x00, 0x00,
0x00, 0x00, 0x00, 0xE1, 0xFF, 0xC2, 0x74, 0xFF, 0xFF, 0x0C, 0x00, 0x00, 0x00, 0x00, 0x00, 0x00,
0x00, 0x00, 0x11, 0xFF, 0xFF, 0x8E, 0x74, 0xFF, 0xFF, 0x0C, 0x00, 0x00, 0x00, 0x00, 0x00, 0x00,
0x00, 0x00, 0x5E, 0xFF, 0xFF, 0x4D, 0x74, 0xFF, 0xFF, 0x0C, 0x00, 0x00, 0x00, 0x00, 0x00, 0x00,
0x00, 0x01, 0xCA, 0xFF, 0xE6, 0x04, 0x74, 0xFF, 0xFF, 0x0C, 0x00, 0x00, 0x00, 0x00, 0x00, 0x00,
0x00, 0x6F, 0xFF, 0xFF, 0x6D, 0x00, 0x74, 0xFF, 0xFF, 0x0C, 0x00, 0x00, 0x00, 0x00, 0x00, 0x01,
0x6D, 0xFD, 0xFF, 0xC1, 0x02, 0x00, 0x74, 0xFF, 0xFF, 0x20, 0x0B, 0x02, 0x0D, 0x26, 0x66, 0xC8,
0xFF, 0xFF, 0xC7, 0x0F, 0x00, 0x00, 0x74, 0xFF, 0xFF, 0xFF, 0xFF, 0xFF, 0xFF, 0xFF, 0xFF, 0xFF,
0xF8, 0x85, 0x0A, 0x00, 0x00, 0x00, 0x5C, 0xDB, 0xE9, 0xF3, 0xFB, 0xFF, 0xF2, 0xDB, 0xB9, 0x6E,
0x1B, 0x00, 0x00, 0x00, 0x00, 0x00, 0x74, 0xFF, 0xFF, 0xFF, 0xFF, 0xFF, 0xFF, 0xFF, 0xFF, 0xFF,
0xFF, 0xFC, 0x00, 0x74, 0xFF, 0xFF, 0xFF, 0xFF, 0xFF, 0xFF, 0xFF, 0xFF, 0xFF, 0xFF, 0xFC, 0x00,
0x74, 0xFF, 0xFF, 0x0C, 0x00, 0x00, 0x00, 0x00, 0x00, 0x00, 0x00, 0x00, 0x00, 0x74, 0xFF, 0xFF,
0x0C, 0x00, 0x00, 0x00, 0x00, 0x00, 0x00, 0x00, 0x00, 0x00, 0x74, 0xFF, 0xFF, 0x0C, 0x00, 0x00,
0x00, 0x00, 0x00, 0x00, 0x00, 0x00, 0x00, 0x74, 0xFF, 0xFF, 0x0C, 0x00, 0x00, 0x00, 0x00, 0x00,
0x00, 0x00, 0x00, 0x00, 0x74, 0xFF, 0xFF, 0x0C, 0x00, 0x00, 0x00, 0x00, 0x00, 0x00, 0x00, 0x00,
0x00, 0x74, 0xFF, 0xFF, 0x0C, 0x00, 0x00, 0x00, 0x00, 0x00, 0x00, 0x00, 0x00, 0x00, 0x74, 0xFF,
0xFF, 0x0C, 0x00, 0x00, 0x00, 0x00, 0x00, 0x00, 0x00, 0x00, 0x00, 0x74, 0xFF, 0xFF, 0xFF, 0xFF,
0xFF, 0xFF, 0xFF, 0xFF, 0xFF, 0xFF, 0x3C, 0x00, 0x74, 0xFF, 0xFF, 0xFF, 0xFF, 0xFF, 0xFF, 0xFF,
0xFF, 0xFF, 0xFF, 0x3C, 0x00, 0x74, 0xFF, 0xFF, 0x0C, 0x00, 0x00, 0x00, 0x00, 0x00, 0x00, 0x00,
0x00, 0x00, 0x74, 0xFF, 0xFF, 0x0C, 0x00, 0x00, 0x00, 0x00, 0x00, 0x00, 0x00, 0x00, 0x00, 0x74,
0xFF, 0xFF, 0x0C, 0x00, 0x00, 0x00, 0x00, 0x00, 0x00, 0x00, 0x00, 0x00, 0x74, 0xFF, 0xFF, 0x0C,
0x00, 0x00, 0x00, 0x00, 0x00, 0x00, 0x00, 0x00, 0x00, 0x74, 0xFF, 0xFF, 0x0C, 0x00, 0x00, 0x00,
0x00, 0x00, 0x00, 0x00, 0x00, 0x00, 0x74, 0xFF, 0xFF, 0x0C, 0x00, 0x00, 0x00, 0x00, 0x00, 0x00,
0x00, 0x00, 0x00, 0x74, 0xFF, 0xFF, 0x0C, 0x00, 0x00, 0x00, 0x00, 0x00, 0x00, 0x00, 0x00, 0x00,
0x74, 0xFF, 0xFF, 0x0C, 0x00, 0x00, 0x00, 0x00, 0x00, 0x00, 0x00, 0x00, 0x00, 0x74, 0xFF, 0xFF,
0xFF, 0xFF, 0xFF, 0xFF, 0xFF, 0xFF, 0xFF, 0xFF, 0xFF, 0x20, 0x74, 0xFF, 0xFF, 0xFF, 0xFF, 0xFF,
0xFF, 0xFF, 0xFF, 0xFF, 0xFF, 0xFF, 0x20, 0x74, 0xFF, 0xFF, 0xFF, 0xFF, 0xFF, 0xFF, 0xFF, 0xFF,
0xFF, 0xFF, 0xFC, 0x74, 0xFF, 0xFF, 0xFF, 0xFF, 0xFF, 0xFF, 0xFF, 0xFF, 0xFF, 0xFF, 0xFC, 0x74,
0xFF, 0xFF, 0x0C, 0x00, 0x00, 0x00, 0x00, 0x00, 0x00, 0x00, 0x00, 0x74, 0xFF, 0xFF, 0x0C, 0x00,
0x00, 0x00, 0x00, 0x00, 0x00, 0x00, 0x00, 0x74, 0xFF, 0xFF, 0x0C, 0x00, 0x00, 0x00, 0x00, 0x00,
0x00, 0x00, 0x00, 0x74, 0xFF, 0xFF, 0x0C, 0x00, 0x00, 0x00, 0x00, 0x00, 0x00, 0x00, 0x00, 0x74,
0xFF, 0xFF, 0x0C, 0x00, 0x00, 0x00, 0x00, 0x00, 0x00, 0x00, 0x00, 0x74, 0xFF, 0xFF, 0x0C, 0x00,
0x00, 0x00, 0x00, 0x00, 0x00, 0x00, 0x00, 0x74, 0xFF, 0xFF, 0x0C, 0x00, 0x00, 0x00, 0x00, 0x00,
0x00, 0x00, 0x00, 0x74, 0xFF, 0xFF, 0xFF, 0xFF, 0xFF, 0xFF, 0xFF, 0xFF, 0xFF, 0xFF, 0x60, 0x74,
0xFF, 0xFF, 0xFF, 0xFF, 0xFF, 0xFF, 0xFF, 0xFF, 0xFF, 0xFF, 0x60, 0x74, 0xFF, 0xFF, 0x0C, 0x00,
0x00, 0x00, 0x00, 0x00, 0x00, 0x00, 0x00, 0x74, 0xFF, 0xFF, 0x0C, 0x00, 0x00, 0x00, 0x00, 0x00,
0x00, 0x00, 0x00, 0x74, 0xFF, 0xFF, 0x0C, 0x00, 0x00, 0x00, 0x00, 0x00, 0x00, 0x00, 0x00, 0x74,
0xFF, 0xFF, 0x0C, 0x00, 0x00, 0x00, 0x00, 0x00, 0x00, 0x00, 0x00, 0x74, 0xFF, 0xFF, 0x0C, 0x00,
0x00, 0x00, 0x00, 0x00, 0x00, 0x00, 0x00, 0x74, 0xFF, 0xFF, 0x0C, 0x00, 0x00, 0x00, 0x00, 0x00,
0x00, 0x00, 0x00, 0x74, 0xFF, 0xFF, 0x0C, 0x00, 0x00, 0x00, 0x00, 0x00, 0x00, 0x00, 0x00, 0x74,
0xFF, 0xFF, 0x0C, 0x00, 0x00, 0x00, 0x00, 0x00, 0x00, 0x00, 0x00, 0x74, 0xFF, 0xFF, 0x0C, 0x00,
0x00, 0x00, 0x00, 0x00, 0x00, 0x00, 0x00, 0x74, 0xFF, 0xFF, 0x0C, 0x00, 0x00, 0x00, 0x00, 0x00,
0x00, 0x00, 0x00, 0x00, 0x00, 0x00, 0x00, 0x00, 0x01, 0x4D, 0x9E, 0xD8, 0xF2, 0xFB, 0xEF, 0xCE,
0x97, 0x3E, 0x00, 0x00, 0x00, 0x00, 0x00, 0x35, 0xD5, 0xFF, 0xFF, 0xFF, 0xFF, 0xFF, 0xFF, 0xFF,
0xFF, 0xE2, 0x00, 0x00, 0x00, 0x00, 0x58, 0xF9, 0xFF, 0xF7, 0x96, 0x41, 0x12, 0x04, 0x12, 0x3A,
0x89, 0x87, 0x00, 0x00, 0x00, 0x3A, 0xF8, 0xFF, 0xDA, 0x28, 0x00, 0x00, 0x00, 0x00, 0x00, 0x00,
0x00, 0x00, 0x00, 0x00, 0x03, 0xD6, 0xFF, 0xEE, 0x21, 0x00, 0x00, 0x00, 0x00, 0x00, 0x00, 0x00,
0x00, 0x00, 0x00, 0x00, 0x5F, 0xFF, 0xFF, 0x6C, 0x00, 0x00, 0x00, 0x00, 0x00, 0x00, 0x00, 0x00,
0x00, 0x00, 0x00, 0x00, 0xB7, 0xFF, 0xED, 0x08, 0x00, 0x00, 0x00, 0x00, 0x00, 0x00, 0x00, 0x00,
0x00, 0x00, 0x00, 0x08, 0xF6, 0xFF, 0xAC, 0x00, 0x00, 0x00, 0x00, 0x00, 0x00, 0x00, 0x00, 0x00,
0x00, 0x00, 0x00, 0x28, 0xFF, 0xFF, 0x76, 0x00, 0x00, 0x00, 0x00, 0x00, 0x00, 0x00, 0x00, 0x00,
0x00, 0x00, 0x00, 0x3C, 0xFF, 0xFF, 0x62, 0x00, 0x00, 0x00, 0x00, 0x00, 0x00, 0x00, 0x00, 0x00,
0x00, 0x00, 0x00, 0x4B, 0xFF, 0xFF, 0x54, 0x00, 0x00, 0x00, 0x00, 0x00, 0x00, 0x00, 0x00, 0x00,
0x00, 0x00, 0x00, 0x3F, 0xFF, 0xFF, 0x60, 0x00, 0x00, 0x00, 0x00, 0x60, 0xFF, 0xFF, 0xFF, 0xFF,
0xFF, 0xFF, 0xB0, 0x2D, 0xFF, 0xFF, 0x74, 0x00, 0x00, 0x00, 0x00, 0x60, 0xFF, 0xFF, 0xFF, 0xFF,
0xFF, 0xFF, 0xB0, 0x0B, 0xFB, 0xFF, 0xA7, 0x00, 0x00, 0x00, 0x00, 0x00, 0x00, 0x00, 0x00, 0x00,
0x74, 0xFF, 0xB0, 0x00, 0xCA, 0xFF, 0xE8, 0x05, 0x00, 0x00, 0x00, 0x00, 0x00, 0x00, 0x00, 0x00,
0x74, 0xFF, 0xB0, 0x00, 0x7A, 0xFF, 0xFF, 0x59, 0x00, 0x00, 0x00, 0x00, 0x00, 0x00, 0x00, 0x00,
0x74, 0xFF, 0xB0, 0x00, 0x12, 0xF5, 0xFF, 0xE4, 0x11, 0x00, 0x00, 0x00, 0x00, 0x00, 0x00, 0x00,
0x74, 0xFF, 0xB0, 0x00, 0x00, 0x70, 0xFF, 0xFF, 0xCC, 0x19, 0x00, 0x00, 0x00, 0x00, 0x00, 0x00,
0x74, 0xFF, 0xB0, 0x00, 0x00, 0x00, 0xA0, 0xFF, 0xFF, 0xF2, 0x87, 0x38, 0x11, 0x06, 0x1D, 0x53,
0xC6, 0xFF, 0xB0, 0x00, 0x00, 0x00, 0x00, 0x75, 0xF3, 0xFF, 0xFF, 0xFF, 0xFF, 0xFF, 0xFF, 0xFF,
0xFF, 0xFC, 0x7D, 0x00, 0x00, 0x00, 0x00, 0x00, 0x14, 0x74, 0xB9, 0xE3, 0xF7, 0xF7, 0xE4, 0xBA,
0x7B, 0x23, 0x00, 0x74, 0xFF, 0xFF, 0x0C, 0x00, 0x00, 0x00, 0x00, 0x00, 0x00, 0x00, 0x00, 0x00,
0xE0, 0xFF, 0x9C, 0x74, 0xFF, 0xFF, 0x0C, 0x00, 0x00, 0x00, 0x00, 0x00, 0x00, 0x00, 0x00, 0x00,
0xE0, 0xFF, 0x9C, 0x74, 0xFF, 0xFF, 0x0C, 0x00, 0x00, 0x00, 0x00, 0x00, 0x00, 0x00, 0x00, 0x00,
0xE0, 0xFF, 0x9C, 0x74, 0xFF, 0xFF, 0x0C, 0x00, 0x00, 0x00, 0x00, 0x00, 0x00, 0x00, 0x00, 0x00,
0xE0, 0xFF, 0x9C, 0x74, 0xFF, 0xFF, 0x0C, 0x00, 0x00, 0x00, 0x00, 0x00, 0x00, 0x00, 0x00, 0x00,
0xE0, 0xFF, 0x9C, 0x74, 0xFF, 0xFF, 0x0C, 0x00, 0x00, 0x00, 0x00, 0x00, 0x00, 0x00, 0x00, 0x00,
0xE0, 0xFF, 0x9C, 0x74, 0xFF, 0xFF, 0x0C, 0x00, 0x00, 0x00, 0x00, 0x00, 0x00, 0x00, 0x00, 0x00,
0xE0, 0xFF, 0x9C, 0x74, 0xFF, 0xFF, 0x0C, 0x00, 0x00, 0x00, 0x00, 0x00, 0x00, 0x00, 0x00, 0x00,
0xE0, 0xFF, 0x9C, 0x74, 0xFF, 0xFF, 0x0C, 0x00, 0x00, 0x00, 0x00, 0x00, 0x00, 0x00, 0x00, 0x00,
0xE0, 0xFF, 0x9C, 0x74, 0xFF, 0xFF, 0xFF, 0xFF, 0xFF, 0xFF, 0xFF, 0xFF, 0xFF, 0xFF, 0xFF, 0xFF,
0xFF, 0xFF, 0x9C, 0x74, 0xFF, 0xFF, 0xFF, 0xFF, 0xFF, 0xFF, 0xFF, 0xFF, 0xFF, 0xFF, 0xFF, 0xFF,
0xFF, 0xFF, 0x9C, 0x74, 0xFF, 0xFF, 0x0C, 0x00, 0x00, 0x00, 0x00, 0x00, 0x00, 0x00, 0x00, 0x00,
0xE0, 0xFF, 0x9C, 0x74, 0xFF, 0xFF, 0x0C, 0x00, 0x00, 0x00, 0x00, 0x00, 0x00, 0x00, 0x00, 0x00,
0xE0, 0xFF, 0x9C, 0x74, 0xFF, 0xFF, 0x0C, 0x00, 0x00, 0x00, 0x00, 0x00, 0x00, 0x00, 0x00, 0x00,
0xE0, 0xFF, 0x9C, 0x74, 0xFF, 0xFF, 0x0C, 0x00, 0x00, 0x00, 0x00, 0x00, 0x00, 0x00, 0x00, 0x00,
0xE0, 0xFF, 0x9C, 0x74, 0xFF, 0xFF, 0x0C, 0x00, 0x00, 0x00, 0x00, 0x00, 0x00, 0x00, 0x00, 0x00,
0xE0, 0xFF, 0x9C, 0x74, 0xFF, 0xFF, 0x0C, 0x00, 0x00, 0x00, 0x00, 0x00, 0x00, 0x00, 0x00, 0x00,
0xE0, 0xFF, 0x9C, 0x74, 0xFF, 0xFF, 0x0C, 0x00, 0x00, 0x00, 0x00, 0x00, 0x00, 0x00, 0x00, 0x00,
0xE0, 0xFF, 0x9C, 0x74, 0xFF, 0xFF, 0x0C, 0x00, 0x00, 0x00, 0x00, 0x00, 0x00, 0x00, 0x00, 0x00,
0xE0, 0xFF, 0x9C, 0x74, 0xFF, 0xFF, 0x0C, 0x00, 0x00, 0x00, 0x00, 0x00, 0x00, 0x00, 0x00, 0x00,
0xE0, 0xFF, 0x9C, 0x74, 0xFF, 0xFF, 0x0C, 0x00, 0x00, 0x00, 0x00, 0x00, 0x00, 0x00, 0x00, 0x00,
0xE0, 0xFF, 0x9C, 0xE0, 0xFF, 0x9C, 0xE0, 0xFF, 0x9C, 0xE0, 0xFF, 0x9C, 0xE0, 0xFF, 0x9C, 0xE0,
0xFF, 0x9C, 0xE0, 0xFF, 0x9C, 0xE0, 0xFF, 0x9C, 0xE0, 0xFF, 0x9C, 0xE0, 0xFF, 0x9C, 0xE0, 0xFF,
0x9C, 0xE0, 0xFF, 0x9C, 0xE0, 0xFF, 0x9C, 0xE0, 0xFF, 0x9C, 0xE0, 0xFF, 0x9C, 0xE0, 0xFF, 0x9C,
0xE0, 0xFF, 0x9C, 0xE0, 0xFF, 0x9C, 0xE0, 0xFF, 0x9C, 0xE0, 0xFF, 0x9C, 0xE0, 0xFF, 0x9C, 0xE0,
0xFF, 0x9C, 0x00, 0x00, 0x00, 0x00, 0xA4, 0xFF, 0xD8, 0x00, 0x00, 0x00, 0x00, 0xA4, 0xFF, 0xD8,
0x00, 0x00, 0x00, 0x00, 0xA4, 0xFF, 0xD8, 0x00, 0x00, 0x00, 0x00, 0xA4, 0xFF, 0xD8, 0x00, 0x00,
0x00, 0x00, 0xA4, 0xFF, 0xD8, 0x00, 0x00, 0x00, 0x00, 0xA4, 0xFF, 0xD8, 0x00, 0x00, 0x00, 0x00,
0xA4, 0xFF, 0xD8, 0x00, 0x00, 0x00, 0x00, 0xA4, 0xFF, 0xD8, 0x00, 0x00, 0x00, 0x00, 0xA4, 0xFF,
0xD8, 0x00, 0x00, 0x00, 0x00, 0xA4, 0xFF, 0xD8, 0x00, 0x00, 0x00, 0x00, 0xA4, 0xFF, 0xD8, 0x00,
0x00, 0x00, 0x00, 0xA4, 0xFF, 0xD8, 0x00, 0x00, 0x00, 0x00, 0xA4, 0xFF, 0xD8, 0x00, 0x00, 0x00,
0x00, 0xA4, 0xFF, 0xD8, 0x00, 0x00, 0x00, 0x00, 0xA4, 0xFF, 0xD8, 0x00, 0x00, 0x00, 0x00, 0xA4,
0xFF, 0xD8, 0x00, 0x00, 0x00, 0x00, 0xB3, 0xFF, 0xD2, 0x00, 0x00, 0x00, 0x00, 0xDD, 0xFF, 0xB9,
0x00, 0x00, 0x0D, 0x71, 0xFF, 0xFF, 0x77, 0xAB, 0xFF, 0xFF, 0xFF, 0xFF, 0xE1, 0x10, 0xE6, 0xFF,
0xFE, 0xE9, 0xA3, 0x1D, 0x00, 0x74, 0xFF, 0xFF, 0x0C, 0x00, 0x00, 0x00, 0x00, 0x00, 0x00, 0x0F,
0xDE, 0xFF, 0xDE, 0x10, 0x00, 0x74, 0xFF, 0xFF, 0x0C, 0x00, 0x00, 0x00, 0x00, 0x00, 0x00, 0xAA,
0xFF, 0xF9, 0x34, 0x00, 0x00, 0x74, 0xFF, 0xFF, 0x0C, 0x00, 0x00, 0x00, 0x00, 0x00, 0x67, 0xFF,
0xFF, 0x6C, 0x00, 0x00, 0x00, 0x74, 0xFF, 0xFF, 0x0C, 0x00, 0x00, 0x00, 0x00, 0x2C, 0xF6, 0xFF,
0xAB, 0x00, 0x00, 0x00, 0x00, 0x74, 0xFF, 0xFF, 0x0C, 0x00, 0x00, 0x00, 0x0A, 0xD5, 0xFF, 0xDC,
0x0E, 0x00, 0x00, 0x00, 0x00, 0x74, 0xFF, 0xFF, 0x0C, 0x00, 0x00, 0x00, 0x9C, 0xFF, 0xF8, 0x31,
0x00, 0x00, 0x00, 0x00, 0x00, 0x74, 0xFF, 0xFF, 0x0C, 0x00, 0x00, 0x58, 0xFF, 0xFF, 0x67, 0x00,
0x00, 0x00, 0x00, 0x00, 0x00, 0x74, 0xFF, 0xFF, 0x0C, 0x00, 0x22, 0xF1, 0xFF, 0xA6, 0x00, 0x00,
0x00, 0x00, 0x00, 0x00, 0x00, 0x74, 0xFF, 0xFF, 0x0C, 0x06, 0xCB, 0xFF, 0xD9, 0x0C, 0x00, 0x00,
0x00, 0x00, 0x00, 0x00, 0x00, 0x74, 0xFF, 0xFF, 0x30, 0xA0, 0xFF, 0xDE, 0x28, 0x00, 0x00, 0x00,
0x00, 0x00, 0x00, 0x00, 0x00, 0x74, 0xFF, 0xFF, 0xFF, 0xFF, 0xFF, 0x69, 0x00, 0x00, 0x00, 0x00,
0x00, 0x00, 0x00, 0x00, 0x00, 0x74, 0xFF, 0xFF, 0xFF, 0xFF, 0xFF, 0xFF, 0x84, 0x00, 0x00, 0x00,
0x00, 0x00, 0x00, 0x00, 0x00, 0x74, 0xFF, 0xFF, 0x0C, 0x2D, 0xF2, 0xFF, 0xFF, 0x61, 0x00, 0x00,
0x00, 0x00, 0x00, 0x00, 0x00, 0x74, 0xFF, 0xFF, 0x0C, 0x00, 0x49, 0xFC, 0xFF, 0xF8, 0x37, 0x00,
0x00, 0x00, 0x00, 0x00, 0x00, 0x74, 0xFF, 0xFF, 0x0C, 0x00, 0x00, 0x6D, 0xFF, 0xFF, 0xE5, 0x19,
0x00, 0x00, 0x00, 0x00, 0x00, 0x74, 0xFF, 0xFF, 0x0C, 0x00, 0x00, 0x00, 0x93, 0xFF, 0xFF, 0xC7,
0x06, 0x00, 0x00, 0x00, 0x00, 0x74, 0xFF, 0xFF, 0x0C, 0x00, 0x00, 0x00, 0x03, 0xB6, 0xFF, 0xFF,
0x9C, 0x00, 0x00, 0x00, 0x00, 0x74, 0xFF, 0xFF, 0x0C, 0x00, 0x00, 0x00, 0x00, 0x0E, 0xD3, 0xFF,
0xFF, 0x6B, 0x00, 0x00, 0x00, 0x74, 0xFF, 0xFF, 0x0C, 0x00, 0x00, 0x00, 0x00, 0x00, 0x1F, 0xE8,
0xFF, 0xFB, 0x3F, 0x00, 0x00, 0x74, 0xFF, 0xFF, 0x0C, 0x00, 0x00, 0x00, 0x00, 0x00, 0x00, 0x37,
0xF7, 0xFF, 0xEA, 0x1E, 0x00, 0x74, 0xFF, 0xFF, 0x0C, 0x00, 0x00, 0x00, 0x00, 0x00, 0x00, 0x00,
0x56, 0xFE, 0xFF, 0xCE, 0x09, 0x74, 0xFF, 0xFF, 0x0C, 0x00, 0x00, 0x00, 0x00, 0x00, 0x00, 0x00,
0x00, 0x00, 0x74, 0xFF, 0xFF, 0x0C, 0x00, 0x00, 0x00, 0x00, 0x00, 0x00, 0x00, 0x00, 0x00, 0x74,
0xFF, 0xFF, 0x0C, 0x00, 0x00, 0x00, 0x00, 0x00, 0x00, 0x00, 0x00, 0x00, 0x74, 0xFF, 0xFF, 0x0C,
0x00, 0x00, 0x00, 0x00, 0x00, 0x00, 0x00, 0x00, 0x00, 0x74, 0xFF, 0xFF, 0x0C, 0x00, 0x00, 0x00,
0x00, 0x00, 0x00, 0x00, 0x00, 0x00, 0x74, 0xFF, 0xFF, 0x0C, 0x00, 0x00, 0x00, 0x00, 0x00, 0x00,
0x00, 0x00, 0x00, 0x74, 0xFF, 0xFF, 0x0C, 0x00, 0x00, 0x00, 0x00, 0x00, 0x00, 0x00, 0x00, 0x00,
0x74, 0xFF, 0xFF, 0x0C, 0x00, 0x00, 0x00, 0x00, 0x00, 0x00, 0x00, 0x00, 0x00, 0x74, 0xFF, 0xFF,
0x0C, 0x00, 0x00, 0x00, 0x00, 0x00, 0x00, 0x00, 0x00, 0x00, 0x74, 0xFF, 0xFF, 0x0C, 0x00, 0x00,
0x00, 0x00, 0x00, 0x00, 0x00, 0x00, 0x00, 0x74, 0xFF, 0xFF, 0x0C, 0x00, 0x00, 0x00, 0x00, 0x00,
0x00, 0x00, 0x00, 0x00, 0x74, 0xFF, 0xFF, 0x0C, 0x00, 0x00, 0x00, 0x00, 0x00, 0x00, 0x00, 0x00,
0x00, 0x74, 0xFF, 0xFF, 0x0C, 0x00, 0x00, 0x00, 0x00, 0x00, 0x00, 0x00, 0x00, 0x00, 0x74, 0xFF,
0xFF, 0x0C, 0x00, 0x00, 0x00, 0x00, 0x00, 0x00, 0x00, 0x00, 0x00, 0x74, 0xFF, 0xFF, 0x0C, 0x00,
0x00, 0x00, 0x00, 0x00, 0x00, 0x00, 0x00, 0x00, 0x74, 0xFF, 0xFF, 0x0C, 0x00, 0x00, 0x00, 0x00,
0x00, 0x00, 0x00, 0x00, 0x00, 0x74, 0xFF, 0xFF, 0x0C, 0x00, 0x00, 0x00, 0x00, 0x00, 0x00, 0x00,
0x00, 0x00, 0x74, 0xFF, 0xFF, 0x0C, 0x00, 0x00, 0x00, 0x00, 0x00, 0x00, 0x00, 0x00, 0x00, 0x74,
0xFF, 0xFF, 0x0C, 0x00, 0x00, 0x00, 0x00, 0x00, 0x00, 0x00, 0x00, 0x00, 0x74, 0xFF, 0xFF, 0xFF,
0xFF, 0xFF, 0xFF, 0xFF, 0xFF, 0xFF, 0xFF, 0xFF, 0xF8, 0x74, 0xFF, 0xFF, 0xFF, 0xFF, 0xFF, 0xFF,
0xFF, 0xFF, 0xFF, 0xFF, 0xFF, 0xF8, 0x74, 0xFF, 0xB5, 0x00, 0x00, 0x00, 0x00, 0x00, 0x00, 0x00,
0x00, 0x00, 0x00, 0x00, 0x00, 0x00, 0x1B, 0xF4, 0xFF, 0x30, 0x74, 0xFF, 0xFF, 0x52, 0x00, 0x00,
0x00, 0x00, 0x00, 0x00, 0x00, 0x00, 0x00, 0x00, 0x00, 0x00, 0xA6, 0xFF, 0xFF, 0x30, 0x74, 0xFF,
0xFF, 0xE3, 0x0C, 0x00, 0x00, 0x00, 0x00, 0x00, 0x00, 0x00, 0x00, 0x00, 0x00, 0x3D, 0xFF, 0xFF,
0xFF, 0x30, 0x74, 0xFF, 0xF4, 0xFF, 0x8C, 0x00, 0x00, 0x00, 0x00, 0x00, 0x00, 0x00, 0x00, 0x00,
0x03, 0xD0, 0xF4, 0xFF, 0xFF, 0x30, 0x74, 0xFF, 0xAB, 0xFC, 0xFB, 0x2D, 0x00, 0x00, 0x00, 0x00,
0x00, 0x00, 0x00, 0x00, 0x6A, 0xFF, 0xA2, 0xFF, 0xFF, 0x30, 0x74, 0xFF, 0xB4, 0xB6, 0xFF, 0xC5,
0x01, 0x00, 0x00, 0x00, 0x00, 0x00, 0x00, 0x13, 0xED, 0xFF, 0x55, 0xFF, 0xFF, 0x30, 0x74, 0xFF,
0xD6, 0x4E, 0xFF, 0xFF, 0x63, 0x00, 0x00, 0x00, 0x00, 0x00, 0x00, 0x98, 0xFF, 0xBB, 0x46, 0xFF,
0xFF, 0x30, 0x74, 0xFF, 0xE4, 0x00, 0xBB, 0xFF, 0xEC, 0x13, 0x00, 0x00, 0x00, 0x00, 0x31, 0xFD,
0xFD, 0x31, 0x50, 0xFF, 0xFF, 0x30, 0x74, 0xFF, 0xE4, 0x00, 0x25, 0xF8, 0xFF, 0x9D, 0x00, 0x00,
0x00, 0x00, 0xC4, 0xFF, 0x99, 0x00, 0x50, 0xFF, 0xFF, 0x30, 0x74, 0xFF, 0xE4, 0x00, 0x00, 0x81,
0xFF, 0xFE, 0x3B, 0x00, 0x00, 0x5C, 0xFF, 0xEF, 0x15, 0x00, 0x50, 0xFF, 0xFF, 0x30, 0x74, 0xFF,
0xE4, 0x00, 0x00, 0x08, 0xDC, 0xFF, 0xD2, 0x02, 0x09, 0xE5, 0xFF, 0x6F, 0x00, 0x00, 0x50, 0xFF,
0xFF, 0x30, 0x74, 0xFF, 0xE4, 0x00, 0x00, 0x00, 0x47, 0xFF, 0xFF, 0x4E, 0x5E, 0xFF, 0xD6, 0x04,
0x00, 0x00, 0x50, 0xFF, 0xFF, 0x30, 0x74, 0xFF, 0xE4, 0x00, 0x00, 0x00, 0x00, 0xAA, 0xFF, 0xB9,
0xC0, 0xFF, 0x45, 0x00, 0x00, 0x00, 0x50, 0xFF, 0xFF, 0x30, 0x74, 0xFF, 0xE4, 0x00, 0x00, 0x00,
0x00, 0x1A, 0xF2, 0xFF, 0xFF, 0xB0, 0x00, 0x00, 0x00, 0x00, 0x50, 0xFF, 0xFF, 0x30, 0x74, 0xFF,
0xE4, 0x00, 0x00, 0x00, 0x00, 0x00, 0x70, 0xFF, 0xF8, 0x23, 0x00, 0x00, 0x00, 0x00, 0x50, 0xFF,
0xFF, 0x30, 0x74, 0xFF, 0xE4, 0x00, 0x00, 0x00, 0x00, 0x00, 0x03, 0xCF, 0x86, 0x00, 0x00, 0x00,
0x00, 0x00, 0x50, 0xFF, 0xFF, 0x30, 0x74, 0xFF, 0xE4, 0x00, 0x00, 0x00, 0x00, 0x00, 0x00, 0x00,
0x00, 0x00, 0x00, 0x00, 0x00, 0x00, 0x50, 0xFF, 0xFF, 0x30, 0x74, 0xFF, 0xE4, 0x00, 0x00, 0x00,
0x00, 0x00, 0x00, 0x00, 0x00, 0x00, 0x00, 0x00, 0x00, 0x00, 0x50, 0xFF, 0xFF, 0x30, 0x74, 0xFF,
0xE4, 0x00, 0x00, 0x00, 0x00, 0x00, 0x00, 0x00, 0x00, 0x00, 0x00, 0x00, 0x00, 0x00, 0x50, 0xFF,
0xFF, 0x30, 0x74, 0xFF, 0xE4, 0x00, 0x00, 0x00, 0x00, 0x00, 0x00, 0x00, 0x00, 0x00, 0x00, 0x00,
0x00, 0x00, 0x50, 0xFF, 0xFF, 0x30, 0x74, 0xFF, 0xE4, 0x00, 0x00, 0x00, 0x00, 0x00, 0x00, 0x00,
0x00, 0x00, 0x00, 0x00, 0x00, 0x00, 0x50, 0xFF, 0xFF, 0x30, 0x74, 0xFD, 0x40, 0x00, 0x00, 0x00,
0x00, 0x00, 0x00, 0x00, 0x00, 0x00, 0x00, 0xB4, 0xFF, 0xA4, 0x74, 0xFF, 0xE4, 0x13, 0x00, 0x00,
0x00, 0x00, 0x00, 0x00, 0x00, 0x00, 0x00, 0xB4, 0xFF, 0xA4, 0x74, 0xFF, 0xFF, 0xB2, 0x00, 0x00,
0x00, 0x00, 0x00, 0x00, 0x00, 0x00, 0x00, 0xB4, 0xFF, 0xA4, 0x74, 0xFF, 0xFF, 0xFF, 0x6F, 0x00,
0x00, 0x00, 0x00, 0x00, 0x00, 0x00, 0x00, 0xB4, 0xFF, 0xA4, 0x74, 0xFF, 0xCC, 0xFC, 0xF9, 0x31,
0x00, 0x00, 0x00, 0x00, 0x00, 0x00, 0x00, 0xB4, 0xFF, 0xA4, 0x74, 0xFF, 0xB7, 0x9B, 0xFF, 0xD9,
0x0C, 0x00, 0x00, 0x00, 0x00, 0x00, 0x00, 0xB4, 0xFF, 0xA4, 0x74, 0xFF, 0xD0, 0x19, 0xF5, 0xFF,
0xA0, 0x00, 0x00, 0x00, 0x00, 0x00, 0x00, 0xB4, 0xFF, 0xA4, 0x74, 0xFF, 0xE3, 0x00, 0x74, 0xFF,
0xFF, 0x5C, 0x00, 0x00, 0x00, 0x00, 0x00, 0xB4, 0xFF, 0xA4, 0x74, 0xFF, 0xE4, 0x00, 0x01, 0xBA,
0xFF, 0xF2, 0x24, 0x00, 0x00, 0x00, 0x00, 0xB4, 0xFF, 0xA4, 0x74, 0xFF, 0xE4, 0x00, 0x00, 0x18,
0xEA, 0xFF, 0xCC, 0x06, 0x00, 0x00, 0x00, 0xB4, 0xFF, 0xA4, 0x74, 0xFF, 0xE4, 0x00, 0x00, 0x00,
0x4A, 0xFF, 0xFF, 0x8D, 0x00, 0x00, 0x00, 0xB4, 0xFF, 0xA4, 0x74, 0xFF, 0xE4, 0x00, 0x00, 0x00,
0x00, 0x90, 0xFF, 0xFE, 0x4A, 0x00, 0x00, 0xB4, 0xFF, 0xA4, 0x74, 0xFF, 0xE4, 0x00, 0x00, 0x00,
0x00, 0x07, 0xCF, 0xFF, 0xEA, 0x19, 0x00, 0xB4, 0xFF, 0xA4, 0x74, 0xFF, 0xE4, 0x00, 0x00, 0x00,
0x00, 0x00, 0x28, 0xF5, 0xFF, 0xBD, 0x01, 0xB2, 0xFF, 0xA4, 0x74, 0xFF, 0xE4, 0x00, 0x00, 0x00,
0x00, 0x00, 0x00, 0x64, 0xFF, 0xFF, 0x58, 0x9C, 0xFF, 0xA4, 0x74, 0xFF, 0xE4, 0x00, 0x00, 0x00,
0x00, 0x00, 0x00, 0x00, 0xAB, 0xFF, 0xDE, 0x86, 0xFF, 0xA4, 0x74, 0xFF, 0xE4, 0x00, 0x00, 0x00,
0x00, 0x00, 0x00, 0x00, 0x10, 0xE1, 0xFF, 0xDA, 0xFF, 0xA4, 0x74, 0xFF, 0xE4, 0x00, 0x00, 0x00,
0x00, 0x00, 0x00, 0x00, 0x00, 0x3C, 0xFC, 0xFF, 0xFF, 0xA4, 0x74, 0xFF, 0xE4, 0x00, 0x00, 0x00,
0x00, 0x00, 0x00, 0x00, 0x00, 0x00, 0x7F, 0xFF, 0xFF, 0xA4, 0x74, 0xFF, 0xE4, 0x00, 0x00, 0x00,
0x00, 0x00, 0x00, 0x00, 0x00, 0x00, 0x03, 0xC3, 0xFF, 0xA4, 0x74, 0xFF, 0xE4, 0x00, 0x00, 0x00,
0x00, 0x00, 0x00, 0x00, 0x00, 0x00, 0x00, 0x1E, 0xEE, 0xA4, 0x00, 0x00, 0x00, 0x00, 0x00, 0x3D,
0x96, 0xD5, 0xEE, 0xF7, 0xE1, 0xBB, 0x6A, 0x0F, 0x00, 0x00, 0x00, 0x00, 0x00, 0x00, 0x00, 0x0F,
0xAD, 0xFF, 0xFF, 0xFF, 0xFF, 0xFF, 0xFF, 0xFF, 0xFF, 0xE7, 0x52, 0x00, 0x00, 0x00, 0x00, 0x00,
0x0E, 0xCB, 0xFF, 0xFF, 0xB3, 0x46, 0x14, 0x0A, 0x2B, 0x86, 0xF7, 0xFF, 0xFD, 0x5E, 0x00, 0x00,
0x00, 0x00, 0x9A, 0xFF, 0xFF, 0x73, 0x00, 0x00, 0x00, 0x00, 0x00, 0x00, 0x31, 0xEE, 0xFF, 0xF8,
0x26, 0x00, 0x00, 0x2C, 0xFE, 0xFF, 0xA5, 0x00, 0x00, 0x00, 0x00, 0x00, 0x00, 0x00, 0x00, 0x4B,
0xFF, 0xFF, 0xB0, 0x00, 0x00, 0x8F, 0xFF, 0xFF, 0x21, 0x00, 0x00, 0x00, 0x00, 0x00, 0x00, 0x00,
0x00, 0x00, 0xBF, 0xFF, 0xFB, 0x16, 0x00, 0xDB, 0xFF, 0xC9, 0x00, 0x00, 0x00, 0x00, 0x00, 0x00,
0x00, 0x00, 0x00, 0x00, 0x60, 0xFF, 0xFF, 0x61, 0x0F, 0xFE, 0xFF, 0x92, 0x00, 0x00, 0x00, 0x00,
0x00, 0x00, 0x00, 0x00, 0x00, 0x00, 0x1B, 0xFF, 0xFF, 0x92, 0x32, 0xFF, 0xFF, 0x6B, 0x00, 0x00,
0x00, 0x00, 0x00, 0x00, 0x00, 0x00, 0x00, 0x00, 0x00, 0xF0, 0xFF, 0xB9, 0x42, 0xFF, 0xFF, 0x5C,
0x00, 0x00, 0x00, 0x00, 0x00, 0x00, 0x00, 0x00, 0x00, 0x00, 0x00, 0xD9, 0xFF, 0xC9, 0x4C, 0xFF,
0xFF, 0x53, 0x00, 0x00, 0x00, 0x00, 0x00, 0x00, 0x00, 0x00, 0x00, 0x00, 0x00, 0xCF, 0xFF, 0xD4,
0x42, 0xFF, 0xFF, 0x5C, 0x00, 0x00, 0x00, 0x00, 0x00, 0x00, 0x00, 0x00, 0x00, 0x00, 0x00, 0xD9,
0xFF, 0xC8, 0x33, 0xFF, 0xFF, 0x73, 0x00, 0x00, 0x00, 0x00, 0x00, 0x00, 0x00, 0x00, 0x00, 0x00,
0x00, 0xE9, 0xFF, 0xB9, 0x0F, 0xFF, 0xFF, 0x9E, 0x00, 0x00, 0x00, 0x00, 0x00, 0x00, 0x00, 0x00,
0x00, 0x00, 0x10, 0xFF, 0xFF, 0x94, 0x00, 0xDE, 0xFF, 0xE2, 0x00, 0x00, 0x00, 0x00, 0x00, 0x00,
0x00, 0x00, 0x00, 0x00, 0x47, 0xFF, 0xFF, 0x61, 0x00, 0x90, 0xFF, 0xFF, 0x43, 0x00, 0x00, 0x00,
0x00, 0x00, 0x00, 0x00, 0x00, 0x00, 0x9F, 0xFF, 0xFC, 0x19, 0x00, 0x2E, 0xFE, 0xFF, 0xC8, 0x04,
0x00, 0x00, 0x00, 0x00, 0x00, 0x00, 0x00, 0x29, 0xFA, 0xFF, 0xB1, 0x00, 0x00, 0x00, 0x9C, 0xFF,
0xFF, 0x9A, 0x03, 0x00, 0x00, 0x00, 0x00, 0x00, 0x1A, 0xDA, 0xFF, 0xF8, 0x28, 0x00, 0x00, 0x00,
0x0E, 0xCB, 0xFF, 0xFF, 0xC4, 0x4D, 0x16, 0x08, 0x25, 0x75, 0xED, 0xFF, 0xFE, 0x63, 0x00, 0x00,
0x00, 0x00, 0x00, 0x11, 0xAB, 0xFF, 0xFF, 0xFF, 0xFF, 0xFF, 0xFF, 0xFF, 0xFF, 0xEA, 0x56, 0x00,
0x00, 0x00, 0x00, 0x00, 0x00, 0x00, 0x00, 0x3E, 0x98, 0xD6, 0xEF, 0xF9, 0xE5, 0xBC, 0x71, 0x0F,
0x00, 0x00, 0x00, 0x00, 0x44, 0xB2, 0xD5, 0xEC, 0xF5, 0xFD, 0xF5, 0xDD, 0xB3, 0x6E, 0x11, 0x00,
0x00, 0x00, 0x74, 0xFF, 0xFF, 0xFF, 0xFF, 0xFF, 0xFF, 0xFF, 0xFF, 0xFF, 0xF2, 0x63, 0x00, 0x00,
0x74, 0xFF, 0xFF, 0x24, 0x06, 0x02, 0x18, 0x39, 0x85, 0xF1, 0xFF, 0xFF, 0x6A, 0x00, 0x74, 0xFF,
0xFF, 0x0C, 0x00, 0x00, 0x00, 0x00, 0x00, 0x23, 0xE6, 0xFF, 0xF8, 0x14, 0x74, 0xFF, 0xFF, 0x0C,
0x00, 0x00, 0x00, 0x00, 0x00, 0x00, 0x5C, 0xFF, 0xFF, 0x6C, 0x74, 0xFF, 0xFF, 0x0C, 0x00, 0x00,
0x00, 0x00, 0x00, 0x00, 0x12, 0xFF, 0xFF, 0x92, 0x74, 0xFF, 0xFF, 0x0C, 0x00, 0x00, 0x00, 0x00,
0x00, 0x00, 0x04, 0xFF, 0xFF, 0x9F, 0x74, 0xFF, 0xFF, 0x0C, 0x00, 0x00, 0x00, 0x00, 0x00, 0x00,
0x1E, 0xFF, 0xFF, 0x88, 0x74, 0xFF, 0xFF, 0x0C, 0x00, 0x00, 0x00, 0x00, 0x00, 0x00, 0x71, 0xFF,
0xFF, 0x4C, 0x74, 0xFF, 0xFF, 0x0C, 0x00, 0x00, 0x00, 0x00, 0x00, 0x2E, 0xF0, 0xFF, 0xDD, 0x05,
0x74, 0xFF, 0xFF, 0x1A, 0x02, 0x04, 0x1A, 0x3B, 0x8C, 0xF5, 0xFF, 0xF5, 0x39, 0x00, 0x74, 0xFF,
0xFF, 0xFF, 0xFF, 0xFF, 0xFF, 0xFF, 0xFF, 0xFF, 0xD7, 0x37, 0x00, 0x00, 0x74, 0xFF, 0xFF, 0xEE,
0xFC, 0xFE, 0xF2, 0xD5, 0xA5, 0x54, 0x04, 0x00, 0x00, 0x00, 0x74, 0xFF, 0xFF, 0x0C, 0x00, 0x00,
0x00, 0x00, 0x00, 0x00, 0x00, 0x00, 0x00, 0x00, 0x74, 0xFF, 0xFF, 0x0C, 0x00, 0x00, 0x00, 0x00,
0x00, 0x00, 0x00, 0x00, 0x00, 0x00, 0x74, 0xFF, 0xFF, 0x0C, 0x00, 0x00, 0x00, 0x00, 0x00, 0x00,
0x00, 0x00, 0x00, 0x00, 0x74, 0xFF, 0xFF, 0x0C, 0x00, 0x00, 0x00, 0x00, 0x00, 0x00, 0x00, 0x00,
0x00, 0x00, 0x74, 0xFF, 0xFF, 0x0C, 0x00, 0x00, 0x00, 0x00, 0x00, 0x00, 0x00, 0x00, 0x00, 0x00,
0x74, 0xFF, 0xFF, 0x0C, 0x00, 0x00, 0x00, 0x00, 0x00, 0x00, 0x00, 0x00, 0x00, 0x00, 0x74, 0xFF,
0xFF, 0x0C, 0x00, 0x00, 0x00, 0x00, 0x00, 0x00, 0x00, 0x00, 0x00, 0x00, 0x74, 0xFF, 0xFF, 0x0C,
0x00, 0x00, 0x00, 0x00, 0x00, 0x00, 0x00, 0x00, 0x00, 0x00, 0x00, 0x00, 0x00, 0x00, 0x00, 0x3D,
0x96, 0xD5, 0xEE, 0xF7, 0xE1, 0xBB, 0x6A, 0x0F, 0x00, 0x00, 0x00, 0x00, 0x00, 0x00, 0x00, 0x00,
0x00, 0x00, 0x0F, 0xAD, 0xFF, 0xFF, 0xFF, 0xFF, 0xFF, 0xFF, 0xFF, 0xFF, 0xE7, 0x52, 0x00, 0x00,
0x00, 0x00, 0x00, 0x00, 0x00, 0x00, 0x0E, 0xCB, 0xFF, 0xFF, 0xB3, 0x46, 0x14, 0x0A, 0x2B, 0x86,
0xF7, 0xFF, 0xFD, 0x5E, 0x00, 0x00, 0x00, 0x00, 0x00, 0x00, 0x00, 0x9A, 0xFF, 0xFF, 0x73, 0x00,
0x00, 0x00, 0x00, 0x00, 0x00, 0x31, 0xEE, 0xFF, 0xF8, 0x26, 0x00, 0x00, 0x00, 0x00, 0x00, 0x2C,
0xFE, 0xFF, 0xA5, 0x00, 0x00, 0x00, 0x00, 0x00, 0x00, 0x00, 0x00, 0x4B, 0xFF, 0xFF, 0xB0, 0x00,
0x00, 0x00, 0x00, 0x00, 0x8F, 0xFF, 0xFF, 0x21, 0x00, 0x00, 0x00, 0x00, 0x00, 0x00, 0x00, 0x00,
0x00, 0xBF, 0xFF, 0xFB, 0x16, 0x00, 0x00, 0x00, 0x00, 0xDB, 0xFF, 0xC9, 0x00, 0x00, 0x00, 0x00,
0x00, 0x00, 0x00, 0x00, 0x00, 0x00, 0x60, 0xFF, 0xFF, 0x61, 0x00, 0x00, 0x00, 0x0F, 0xFE, 0xFF,
0x92, 0x00, 0x00, 0x00, 0x00, 0x00, 0x00, 0x00, 0x00, 0x00, 0x00, 0x1B, 0xFF, 0xFF, 0x92, 0x00,
0x00, 0x00, 0x32, 0xFF, 0xFF, 0x6B, 0x00, 0x00, 0x00, 0x00, 0x00, 0x00, 0x00, 0x00, 0x00, 0x00,
0x00, 0xF0, 0xFF, 0xB9, 0x00, 0x00, 0x00, 0x42, 0xFF, 0xFF, 0x5C, 0x00, 0x00, 0x00, 0x00, 0x00,
0x00, 0x00, 0x00, 0x00, 0x00, 0x00, 0xD9, 0xFF, 0xC9, 0x00, 0x00, 0x00, 0x4C, 0xFF, 0xFF, 0x53,
0x00, 0x00, 0x00, 0x00, 0x00, 0x00, 0x00, 0x00, 0x00, 0x00, 0x00, 0xCF, 0xFF, 0xD4, 0x00, 0x00,
0x00, 0x42, 0xFF, 0xFF, 0x5C, 0x00, 0x00, 0x00, 0x00, 0x00, 0x00, 0x00, 0x00, 0x00, 0x00, 0x00,
0xD9, 0xFF, 0xC8, 0x00, 0x00, 0x00, 0x33, 0xFF, 0xFF, 0x73, 0x00, 0x00, 0x00, 0x00, 0x00, 0x00,
0x00, 0x00, 0x00, 0x00, 0x00, 0xE9, 0xFF, 0xB9, 0x00, 0x00, 0x00, 0x0F, 0xFF, 0xFF, 0x9E, 0x00,
0x00, 0x00, 0x00, 0x00, 0x00, 0x00, 0x00, 0x00, 0x00, 0x10, 0xFF, 0xFF, 0x94, 0x00, 0x00, 0x00,
0x00, 0xDE, 0xFF, 0xE2, 0x00, 0x00, 0x00, 0x00, 0x00, 0x00, 0x00, 0x00, 0x00, 0x00, 0x47, 0xFF,
0xFF, 0x61, 0x00, 0x00, 0x00, 0x00, 0x90, 0xFF, 0xFF, 0x43, 0x00, 0x00, 0x00, 0x00, 0x00, 0x00,
0x00, 0x00, 0x00, 0x9F, 0xFF, 0xFC, 0x19, 0x00, 0x00, 0x00, 0x00, 0x2E, 0xFE, 0xFF, 0xC8, 0x04,
0x00, 0x00, 0x00, 0x00, 0x00, 0x00, 0x00, 0x29, 0xFA, 0xFF, 0xB1, 0x00, 0x00, 0x00, 0x00, 0x00,
0x00, 0x9C, 0xFF, 0xFF, 0x9A, 0x03, 0x00, 0x00, 0x00, 0x00, 0x00, 0x1A, 0xDA, 0xFF, 0xF8, 0x28,
0x00, 0x00, 0x00, 0x00, 0x00, 0x00, 0x0E, 0xCB, 0xFF, 0xFF, 0xC4, 0x4D, 0x16, 0x08, 0x25, 0x75,
0xED, 0xFF, 0xFE, 0x63, 0x00, 0x00, 0x00, 0x00, 0x00, 0x00, 0x00, 0x00, 0x11, 0xAB, 0xFF, 0xFF,
0xFF, 0xFF, 0xFF, 0xFF, 0xFF, 0xFF, 0xEA, 0x56, 0x00, 0x00, 0x00, 0x00, 0x00, 0x00, 0x00, 0x00,
0x00, 0x00, 0x00, 0x3E, 0x98, 0xD6, 0xEF, 0xF9, 0xE5, 0xBC, 0x71, 0x0F, 0x00, 0x00, 0x00, 0x00,
0x00, 0x00, 0x00, 0x00, 0x00, 0x00, 0x00, 0x00, 0x00, 0x00, 0x00, 0x00, 0x00, 0x00, 0x00, 0x00,
0x00, 0x00, 0x00, 0x00, 0x00, 0x00, 0x00, 0x00, 0x00, 0x00, 0x00, 0x00, 0x00, 0x8D, 0xF6, 0xF7,
0xDE, 0xAC, 0x69, 0x23, 0x00, 0x00, 0x00, 0x00, 0x00, 0x00, 0x00, 0x00, 0x00, 0x00, 0x00, 0x00,
0x00, 0x00, 0xA4, 0xFF, 0xFF, 0xFF, 0xFF, 0xFF, 0xFF, 0xDF, 0x9C, 0x5B, 0x2B, 0x0D, 0x03, 0x0E,
0x30, 0x09, 0x00, 0x00, 0x00, 0x00, 0x00, 0x15, 0x09, 0x0D, 0x34, 0x6D, 0xB2, 0xF2, 0xFF, 0xFF,
0xFF, 0xFF, 0xFF, 0xFF, 0xFF, 0xFF, 0x20, 0x00, 0x00, 0x00, 0x00, 0x00, 0x00, 0x00, 0x00, 0x00,
0x00, 0x00, 0x04, 0x37, 0x77, 0xB2, 0xDD, 0xF5, 0xFC, 0xF1, 0xCA, 0x15, 0x44, 0xB2, 0xCF, 0xE3,
0xEF, 0xFB, 0xF7, 0xDF, 0xAF, 0x5B, 0x03, 0x00, 0x00, 0x00, 0x00, 0x74, 0xFF, 0xFF, 0xFF, 0xFF,
0xFF, 0xFF, 0xFF, 0xFF, 0xFF, 0xCE, 0x1C, 0x00, 0x00, 0x00, 0x74, 0xFF, 0xFF, 0x27, 0x07, 0x00,
0x0A, 0x38, 0xAC, 0xFF, 0xFF, 0xD3, 0x06, 0x00, 0x00, 0x74, 0xFF, 0xFF, 0x0C, 0x00, 0x00, 0x00,
0x00, 0x00, 0x99, 0xFF, 0xFF, 0x61, 0x00, 0x00, 0x74, 0xFF, 0xFF, 0x0C, 0x00, 0x00, 0x00, 0x00,
0x00, 0x13, 0xFC, 0xFF, 0xAA, 0x00, 0x00, 0x74, 0xFF, 0xFF, 0x0C, 0x00, 0x00, 0x00, 0x00, 0x00,
0x00, 0xDF, 0xFF, 0xC4, 0x00, 0x00, 0x74, 0xFF, 0xFF, 0x0C, 0x00, 0x00, 0x00, 0x00, 0x00, 0x00,
0xE9, 0xFF, 0xBC, 0x00, 0x00, 0x74, 0xFF, 0xFF, 0x0C, 0x00, 0x00, 0x00, 0x00, 0x00, 0x28, 0xFF,
0xFF, 0x8D, 0x00, 0x00, 0x74, 0xFF, 0xFF, 0x0C, 0x00, 0x00, 0x00, 0x00, 0x07, 0xBB, 0xFF, 0xFE,
0x2E, 0x00, 0x00, 0x74, 0xFF, 0xFF, 0x0C, 0x00, 0x03, 0x19, 0x5B, 0xD3, 0xFF, 0xFF, 0x81, 0x00,
0x00, 0x00, 0x74, 0xFF, 0xFF, 0xFF, 0xFF, 0xFF, 0xFF, 0xFF, 0xFF, 0xF8, 0x68, 0x00, 0x00, 0x00,
0x00, 0x74, 0xFF, 0xFF, 0xAA, 0xCA, 0xEE, 0xFF, 0xFF, 0x8A, 0x14, 0x00, 0x00, 0x00, 0x00, 0x00,
0x74, 0xFF, 0xFF, 0x0C, 0x00, 0x00, 0xB2, 0xFF, 0xE5, 0x36, 0x00, 0x00, 0x00, 0x00, 0x00, 0x74,
0xFF, 0xFF, 0x0C, 0x00, 0x00, 0x1B, 0xF1, 0xFF, 0xE1, 0x0C, 0x00, 0x00, 0x00, 0x00, 0x74, 0xFF,
0xFF, 0x0C, 0x00, 0x00, 0x00, 0x69, 0xFF, 0xFF, 0x90, 0x00, 0x00, 0x00, 0x00, 0x74, 0xFF, 0xFF,
0x0C, 0x00, 0x00, 0x00, 0x01, 0xC3, 0xFF, 0xFD, 0x34, 0x00, 0x00, 0x00, 0x74, 0xFF, 0xFF, 0x0C,
0x00, 0x00, 0x00, 0x00, 0x27, 0xF8, 0xFF, 0xD0, 0x04, 0x00, 0x00, 0x74, 0xFF, 0xFF, 0x0C, 0x00,
0x00, 0x00, 0x00, 0x00, 0x7C, 0xFF, 0xFF, 0x77, 0x00, 0x00, 0x74, 0xFF, 0xFF, 0x0C, 0x00, 0x00,
0x00, 0x00, 0x00, 0x05, 0xD2, 0xFF, 0xF6, 0x23, 0x00, 0x74, 0xFF, 0xFF, 0x0C, 0x00, 0x00, 0x00,
0x00, 0x00, 0x00, 0x35, 0xFD, 0xFF, 0xBB, 0x00, 0x74, 0xFF, 0xFF, 0x0C, 0x00, 0x00, 0x00, 0x00,
0x00, 0x00, 0x00, 0x8E, 0xFF, 0xFF, 0x5E, 0x00, 0x00, 0x00, 0x29, 0x91, 0xD0, 0xF0, 0xFC, 0xF5,
0xE3, 0xC1, 0x8C, 0x3F, 0x00, 0x00, 0x00, 0x73, 0xFB, 0xFF, 0xFF, 0xFF, 0xFF, 0xFF, 0xFF, 0xFF,
0xFF, 0xEA, 0x05, 0x00, 0x53, 0xFF, 0xFF, 0xCE, 0x4E, 0x1C, 0x05, 0x0F, 0x2F, 0x60, 0xA9, 0x88,
0x00, 0x00, 0xCE, 0xFF, 0xD6, 0x0B, 0x00, 0x00, 0x00, 0x00, 0x00, 0x00, 0x00, 0x00, 0x00, 0x0A,
0xFF, 0xFF, 0x78, 0x00, 0x00, 0x00, 0x00, 0x00, 0x00, 0x00, 0x00, 0x00, 0x00, 0x13, 0xFF, 0xFF,
0x79, 0x00, 0x00, 0x00, 0x00, 0x00, 0x00, 0x00, 0x00, 0x00, 0x00, 0x00, 0xF5, 0xFF, 0xDA, 0x0A,
0x00, 0x00, 0x00, 0x00, 0x00, 0x00, 0x00, 0x00, 0x00, 0x00, 0xA2, 0xFF, 0xFF, 0xC7, 0x1F, 0x00,
0x00, 0x00, 0x00, 0x00, 0x00, 0x00, 0x00, 0x00, 0x1E, 0xEA, 0xFF, 0xFF, 0xF4, 0x85, 0x14, 0x00,
0x00, 0x00, 0x00, 0x00, 0x00, 0x00, 0x00, 0x2F, 0xE2, 0xFF, 0xFF, 0xFF, 0xF4, 0x89, 0x10, 0x00,
0x00, 0x00, 0x00, 0x00, 0x00, 0x00, 0x0E, 0x81, 0xF2, 0xFF, 0xFF, 0xFF, 0xEC, 0x6E, 0x02, 0x00,
0x00, 0x00, 0x00, 0x00, 0x00, 0x00, 0x14, 0x84, 0xEE, 0xFF, 0xFF, 0xFF, 0xB5, 0x08, 0x00, 0x00,
0x00, 0x00, 0x00, 0x00, 0x00, 0x00, 0x0B, 0x76, 0xF3, 0xFF, 0xFF, 0xA1, 0x00, 0x00, 0x00, 0x00,
0x00, 0x00, 0x00, 0x00, 0x00, 0x00, 0x24, 0xDE, 0xFF, 0xFF, 0x2C, 0x00, 0x00, 0x00, 0x00, 0x00,
0x00, 0x00, 0x00, 0x00, 0x00, 0x42, 0xFF, 0xFF, 0x69, 0x00, 0x00, 0x00, 0x00, 0x00, 0x00, 0x00,
0x00, 0x00, 0x00, 0x05, 0xFE, 0xFF, 0x7C, 0x00, 0x00, 0x00, 0x00, 0x00, 0x00, 0x00, 0x00, 0x00,
0x00, 0x1A, 0xFF, 0xFF, 0x5E, 0x00, 0x00, 0x00, 0x00, 0x00, 0x00, 0x00, 0x00, 0x00, 0x00, 0x9C,
0xFF, 0xF8, 0x16, 0x0C, 0xD2, 0x8A, 0x49, 0x1E, 0x09, 0x06, 0x1F, 0x55, 0xBF, 0xFF, 0xFF, 0x7A,
0x00, 0x6A, 0xFF, 0xFF, 0xFF, 0xFF, 0xFF, 0xFF, 0xFF, 0xFF, 0xFF, 0xFB, 0x7E, 0x00, 0x00, 0x12,
0x63, 0xA4, 0xCF, 0xEC, 0xF8, 0xFC, 0xED, 0xC9, 0x87, 0x24, 0x00, 0x00, 0x00, 0x74, 0xFF, 0xFF,
0xFF, 0xFF, 0xFF, 0xFF, 0xFF, 0xFF, 0xFF, 0xFF, 0xFF, 0xFF, 0xFF, 0xFF, 0xFF, 0x1C, 0x74, 0xFF,
0xFF, 0xFF, 0xFF, 0xFF, 0xFF, 0xFF, 0xFF, 0xFF, 0xFF, 0xFF, 0xFF, 0xFF, 0xFF, 0xFF, 0x1C, 0x00,
0x00, 0x00, 0x00, 0x00, 0x00, 0x00, 0xEC, 0xFF, 0x90, 0x00, 0x00, 0x00, 0x00, 0x00, 0x00, 0x00,
0x00, 0x00, 0x00, 0x00, 0x00, 0x00, 0x00, 0xEC, 0xFF, 0x90, 0x00, 0x00, 0x00, 0x00, 0x00, 0x00,
0x00, 0x00, 0x00, 0x00, 0x00, 0x00, 0x00, 0x00, 0xEC, 0xFF, 0x90, 0x00, 0x00, 0x00, 0x00, 0x00,
0x00, 0x00, 0x00, 0x00, 0x00, 0x00, 0x00, 0x00, 0x00, 0xEC, 0xFF, 0x90, 0x00, 0x00, 0x00, 0x00,
0x00, 0x00, 0x00, 0x00, 0x00, 0x00, 0x00, 0x00, 0x00, 0x00, 0xEC, 0xFF, 0x90, 0x00, 0x00, 0x00,
0x00, 0x00, 0x00, 0x00, 0x00, 0x00, 0x00, 0x00, 0x00, 0x00, 0x00, 0xEC, 0xFF, 0x90, 0x00, 0x00,
0x00, 0x00, 0x00, 0x00, 0x00, 0x00, 0x00, 0x00, 0x00, 0x00, 0x00, 0x00, 0xEC, 0xFF, 0x90, 0x00,
0x00, 0x00, 0x00, 0x00, 0x00, 0x00, 0x00, 0x00, 0x00, 0x00, 0x00, 0x00, 0x00, 0xEC, 0xFF, 0x90,
0x00, 0x00, 0x00, 0x00, 0x00, 0x00, 0x00, 0x00, 0x00, 0x00, 0x00, 0x00, 0x00, 0x00, 0xEC, 0xFF,
0x90, 0x00, 0x00, 0x00, 0x00, 0x00, 0x00, 0x00, 0x00, 0x00, 0x00, 0x00, 0x00, 0x00, 0x00, 0xEC,
0xFF, 0x90, 0x00, 0x00, 0x00, 0x00, 0x00, 0x00, 0x00, 0x00, 0x00, 0x00, 0x00, 0x00, 0x00, 0x00,
0xEC, 0xFF, 0x90, 0x00, 0x00, 0x00, 0x00, 0x00, 0x00, 0x00, 0x00, 0x00, 0x00, 0x00, 0x00, 0x00,
0x00, 0xEC, 0xFF, 0x90, 0x00, 0x00, 0x00, 0x00, 0x00, 0x00, 0x00, 0x00, 0x00, 0x00, 0x00, 0x00,
0x00, 0x00, 0xEC, 0xFF, 0x90, 0x00, 0x00, 0x00, 0x00, 0x00, 0x00, 0x00, 0x00, 0x00, 0x00, 0x00,
0x00, 0x00, 0x00, 0xEC, 0xFF, 0x90, 0x00, 0x00, 0x00, 0x00, 0x00, 0x00, 0x00, 0x00, 0x00, 0x00,
0x00, 0x00, 0x00, 0x00, 0xEC, 0xFF, 0x90, 0x00, 0x00, 0x00, 0x00, 0x00, 0x00, 0x00, 0x00, 0x00,
0x00, 0x00, 0x00, 0x00, 0x00, 0xEC, 0xFF, 0x90, 0x00, 0x00, 0x00, 0x00, 0x00, 0x00, 0x00, 0x00,
0x00, 0x00, 0x00, 0x00, 0x00, 0x00, 0xEC, 0xFF, 0x90, 0x00, 0x00, 0x00, 0x00, 0x00, 0x00, 0x00,
0x00, 0x00, 0x00, 0x00, 0x00, 0x00, 0x00, 0xEC, 0xFF, 0x90, 0x00, 0x00, 0x00, 0x00, 0x00, 0x00,
0x00, 0x00, 0x00, 0x00, 0x00, 0x00, 0x00, 0x00, 0xEC, 0xFF, 0x90, 0x00, 0x00, 0x00, 0x00, 0x00,
0x00, 0x00, 0x74, 0xFF, 0xFF, 0x0C, 0x00, 0x00, 0x00, 0x00, 0x00, 0x00, 0x00, 0x00, 0x64, 0xFF,
0xFF, 0x04, 0x74, 0xFF, 0xFF, 0x0C, 0x00, 0x00, 0x00, 0x00, 0x00, 0x00, 0x00, 0x00, 0x64, 0xFF,
0xFF, 0x04, 0x74, 0xFF, 0xFF, 0x0C, 0x00, 0x00, 0x00, 0x00, 0x00, 0x00, 0x00, 0x00, 0x64, 0xFF,
0xFF, 0x04, 0x74, 0xFF, 0xFF, 0x0C, 0x00, 0x00, 0x00, 0x00, 0x00, 0x00, 0x00, 0x00, 0x64, 0xFF,
0xFF, 0x04, 0x74, 0xFF, 0xFF, 0x0C, 0x00, 0x00, 0x00, 0x00, 0x00, 0x00, 0x00, 0x00, 0x64, 0xFF,
0xFF, 0x04, 0x74, 0xFF, 0xFF, 0x0C, 0x00, 0x00, 0x00, 0x00, 0x00, 0x00, 0x00, 0x00, 0x64, 0xFF,
0xFF, 0x04, 0x74, 0xFF, 0xFF, 0x0C, 0x00, 0x00, 0x00, 0x00, 0x00, 0x00, 0x00, 0x00, 0x64, 0xFF,
0xFF, 0x04, 0x74, 0xFF, 0xFF, 0x0C, 0x00, 0x00, 0x00, 0x00, 0x00, 0x00, 0x00, 0x00, 0x64, 0xFF,
0xFF, 0x04, 0x74, 0xFF, 0xFF, 0x0C, 0x00, 0x00, 0x00, 0x00, 0x00, 0x00, 0x00, 0x00, 0x64, 0xFF,
0xFF, 0x04, 0x74, 0xFF, 0xFF, 0x0C, 0x00, 0x00, 0x00, 0x00, 0x00, 0x00, 0x00, 0x00, 0x64, 0xFF,
0xFF, 0x04, 0x74, 0xFF, 0xFF, 0x0C, 0x00, 0x00, 0x00, 0x00, 0x00, 0x00, 0x00, 0x00, 0x64, 0xFF,
0xFF, 0x04, 0x74, 0xFF, 0xFF, 0x0C, 0x00, 0x00, 0x00, 0x00, 0x00, 0x00, 0x00, 0x00, 0x64, 0xFF,
0xFF, 0x04, 0x74, 0xFF, 0xFF, 0x0C, 0x00, 0x00, 0x00, 0x00, 0x00, 0x00, 0x00, 0x00, 0x64, 0xFF,
0xFF, 0x04, 0x74, 0xFF, 0xFF, 0x0F, 0x00, 0x00, 0x00, 0x00, 0x00, 0x00, 0x00, 0x00, 0x67, 0xFF,
0xFF, 0x03, 0x6F, 0xFF, 0xFF, 0x1D, 0x00, 0x00, 0x00, 0x00, 0x00, 0x00, 0x00, 0x00, 0x74, 0xFF,
0xF7, 0x00, 0x5D, 0xFF, 0xFF, 0x44, 0x00, 0x00, 0x00, 0x00, 0x00, 0x00, 0x00, 0x00, 0x96, 0xFF,
0xE0, 0x00, 0x2E, 0xFF, 0xFF, 0x91, 0x00, 0x00, 0x00, 0x00, 0x00, 0x00, 0x00, 0x00, 0xD9, 0xFF,
0xA8, 0x00, 0x01, 0xD8, 0xFF, 0xF7, 0x2F, 0x00, 0x00, 0x00, 0x00, 0x00, 0x00, 0x5C, 0xFF, 0xFF,
0x4C, 0x00, 0x00, 0x4A, 0xFD, 0xFF, 0xF1, 0x77, 0x29, 0x09, 0x07, 0x29, 0x83, 0xFA, 0xFF, 0xBA,
0x00, 0x00, 0x00, 0x00, 0x5A, 0xF2, 0xFF, 0xFF, 0xFF, 0xFF, 0xFF, 0xFF, 0xFF, 0xFF, 0xBC, 0x11,
0x00, 0x00, 0x00, 0x00, 0x00, 0x17, 0x77, 0xBC, 0xE7, 0xF8, 0xF8, 0xE2, 0xAE, 0x53, 0x02, 0x00,
0x00, 0x00, 0x01, 0xDD, 0xFF, 0xDA, 0x00, 0x00, 0x00, 0x00, 0x00, 0x00, 0x00, 0x00, 0x00, 0x00,
0x00, 0x92, 0xFF, 0xE4, 0x02, 0x00, 0x7C, 0xFF, 0xFF, 0x3C, 0x00, 0x00, 0x00, 0x00, 0x00, 0x00,
0x00, 0x00, 0x00, 0x04, 0xE9, 0xFF, 0x86, 0x00, 0x00, 0x1C, 0xFD, 0xFF, 0x9C, 0x00, 0x00, 0x00,
0x00, 0x00, 0x00, 0x00, 0x00, 0x00, 0x49, 0xFF, 0xFF, 0x26, 0x00, 0x00, 0x00, 0xB6, 0xFF, 0xF2,
0x0A, 0x00, 0x00, 0x00, 0x00, 0x00, 0x00, 0x00, 0x00, 0xA5, 0xFF, 0xC4, 0x00, 0x00, 0x00, 0x00,
0x53, 0xFF, 0xFF, 0x5C, 0x00, 0x00, 0x00, 0x00, 0x00, 0x00, 0x00, 0x0B, 0xF4, 0xFF, 0x64, 0x00,
0x00, 0x00, 0x00, 0x05, 0xEA, 0xFF, 0xBD, 0x00, 0x00, 0x00, 0x00, 0x00, 0x00, 0x00, 0x5C, 0xFF,
0xF5, 0x0E, 0x00, 0x00, 0x00, 0x00, 0x00, 0x8E, 0xFF, 0xFE, 0x1E, 0x00, 0x00, 0x00, 0x00, 0x00,
0x00, 0xB7, 0xFF, 0xA2, 0x00, 0x00, 0x00, 0x00, 0x00, 0x00, 0x2B, 0xFF, 0xFF, 0x7D, 0x00, 0x00,
0x00, 0x00, 0x00, 0x16, 0xFB, 0xFF, 0x41, 0x00, 0x00, 0x00, 0x00, 0x00, 0x00, 0x00, 0xC8, 0xFF,
0xDC, 0x00, 0x00, 0x00, 0x00, 0x00, 0x6E, 0xFF, 0xDF, 0x01, 0x00, 0x00, 0x00, 0x00, 0x00, 0x00,
0x00, 0x65, 0xFF, 0xFF, 0x3D, 0x00, 0x00, 0x00, 0x00, 0xCA, 0xFF, 0x80, 0x00, 0x00, 0x00, 0x00,
0x00, 0x00, 0x00, 0x00, 0x0D, 0xF4, 0xFF, 0x9E, 0x00, 0x00, 0x00, 0x26, 0xFF, 0xFE, 0x21, 0x00,
0x00, 0x00, 0x00, 0x00, 0x00, 0x00, 0x00, 0x00, 0x9F, 0xFF, 0xF3, 0x0B, 0x00, 0x00, 0x81, 0xFF,
0xBE, 0x00, 0x00, 0x00, 0x00, 0x00, 0x00, 0x00, 0x00, 0x00, 0x00, 0x3C, 0xFF, 0xFF, 0x5E, 0x00,
0x00, 0xDB, 0xFF, 0x5E, 0x00, 0x00, 0x00, 0x00, 0x00, 0x00, 0x00, 0x00, 0x00, 0x00, 0x00, 0xD9,
0xFF, 0xBE, 0x00, 0x38, 0xFF, 0xF2, 0x0A, 0x00, 0x00, 0x00, 0x00, 0x00, 0x00, 0x00, 0x00, 0x00,
0x00, 0x00, 0x77, 0xFF, 0xFE, 0x14, 0x89, 0xFF, 0x9C, 0x00, 0x00, 0x00, 0x00, 0x00, 0x00, 0x00,
0x00, 0x00, 0x00, 0x00, 0x00, 0x18, 0xFB, 0xFF, 0x4E, 0xC8, 0xFF, 0x3B, 0x00, 0x00, 0x00, 0x00,
0x00, 0x00, 0x00, 0x00, 0x00, 0x00, 0x00, 0x00, 0x00, 0xB1, 0xFF, 0x95, 0xFB, 0xDA, 0x00, 0x00,
0x00, 0x00, 0x00, 0x00, 0x00, 0x00, 0x00, 0x00, 0x00, 0x00, 0x00, 0x00, 0x4E, 0xFF, 0xF6, 0xFF,
0x7A, 0x00, 0x00, 0x00, 0x00, 0x00, 0x00, 0x00, 0x00, 0x00, 0x00, 0x00, 0x00, 0x00, 0x00, 0x04,
0xE7, 0xFF, 0xFD, 0x1C, 0x00, 0x00, 0x00, 0x00, 0x00, 0x00, 0x00, 0x00, 0x00, 0x00, 0x00, 0x00,
0x00, 0x00, 0x00, 0x88, 0xFF, 0xB8, 0x00, 0x00, 0x00, 0x00, 0x00, 0x00, 0x00, 0x00, 0x00, 0x00,
0x00, 0x00, 0x00, 0x00, 0x00, 0x00, 0x26, 0xFF, 0x58, 0x00, 0x00, 0x00, 0x00, 0x00, 0x00, 0x00,
0x00, 0xA0, 0xFF, 0xF8, 0x09, 0x00, 0x00, 0x00, 0x00, 0x00, 0x00, 0x00, 0x28, 0xFF, 0x5B, 0x00,
0x00, 0x00, 0x00, 0x00, 0x00, 0x00, 0x03, 0xF1, 0xFF, 0x73, 0x56, 0xFF, 0xFF, 0x48, 0x00, 0x00,
0x00, 0x00, 0x00, 0x00, 0x00, 0x79, 0xFF, 0xAC, 0x00, 0x00, 0x00, 0x00, 0x00, 0x00, 0x00, 0x37,
0xFF, 0xFF, 0x2C, 0x11, 0xFC, 0xFF, 0x8E, 0x00, 0x00, 0x00, 0x00, 0x00, 0x00, 0x00, 0xC9, 0xFF,
0xF4, 0x08, 0x00, 0x00, 0x00, 0x00, 0x00, 0x00, 0x79, 0xFF, 0xE5, 0x00, 0x00, 0xC4, 0xFF, 0xD4,
0x00, 0x00, 0x00, 0x00, 0x00, 0x00, 0x19, 0xFE, 0xFF, 0xFF, 0x4C, 0x00, 0x00, 0x00, 0x00, 0x00,
0x00, 0xBB, 0xFF, 0x9E, 0x00, 0x00, 0x7B, 0xFF, 0xFF, 0x1A, 0x00, 0x00, 0x00, 0x00, 0x00, 0x69,
0xFF, 0xB1, 0xFF, 0x9C, 0x00, 0x00, 0x00, 0x00, 0x00, 0x06, 0xF5, 0xFF, 0x57, 0x00, 0x00, 0x32,
0xFF, 0xFF, 0x60, 0x00, 0x00, 0x00, 0x00, 0x00, 0xB9, 0xFF, 0x57, 0xFF, 0xEA, 0x02, 0x00, 0x00,
0x00, 0x00, 0x3E, 0xFF, 0xFD, 0x12, 0x00, 0x00, 0x01, 0xE7, 0xFF, 0xA5, 0x00, 0x00, 0x00, 0x00,
0x0E, 0xF9, 0xF9, 0x0A, 0xFA, 0xFF, 0x3D, 0x00, 0x00, 0x00, 0x00, 0x80, 0xFF, 0xC8, 0x00, 0x00,
0x00, 0x00, 0xA0, 0xFF, 0xE9, 0x01, 0x00, 0x00, 0x00, 0x59, 0xFF, 0xC5, 0x00, 0xC7, 0xFF, 0x8D,
0x00, 0x00, 0x00, 0x00, 0xC2, 0xFF, 0x81, 0x00, 0x00, 0x00, 0x00, 0x56, 0xFF, 0xFF, 0x31, 0x00,
0x00, 0x00, 0xA9, 0xFF, 0x77, 0x00, 0x79, 0xFF, 0xDD, 0x00, 0x00, 0x00, 0x0A, 0xF9, 0xFF, 0x3A,
0x00, 0x00, 0x00, 0x00, 0x11, 0xFC, 0xFF, 0x77, 0x00, 0x00, 0x06, 0xF1, 0xFF, 0x28, 0x00, 0x2A,
0xFF, 0xFF, 0x2E, 0x00, 0x00, 0x46, 0xFF, 0xEF, 0x03, 0x00, 0x00, 0x00, 0x00, 0x00, 0xC4, 0xFF,
0xBD, 0x00, 0x00, 0x49, 0xFF, 0xD9, 0x00, 0x00, 0x00, 0xDB, 0xFF, 0x7E, 0x00, 0x00, 0x87, 0xFF,
0xAB, 0x00, 0x00, 0x00, 0x00, 0x00, 0x00, 0x7B, 0xFF, 0xF8, 0x0A, 0x00, 0x99, 0xFF, 0x8B, 0x00,
0x00, 0x00, 0x8D, 0xFF, 0xCE, 0x00, 0x00, 0xC9, 0xFF, 0x64, 0x00, 0x00, 0x00, 0x00, 0x00, 0x00,
0x32, 0xFF, 0xFF, 0x48, 0x01, 0xE6, 0xFF, 0x3C, 0x00, 0x00, 0x00, 0x3E, 0xFF, 0xFF, 0x1F, 0x0E,
0xFC, 0xFF, 0x1D, 0x00, 0x00, 0x00, 0x00, 0x00, 0x00, 0x01, 0xE7, 0xFF, 0x8E, 0x37, 0xFF, 0xEA,
0x02, 0x00, 0x00, 0x00, 0x03, 0xEB, 0xFF, 0x6E, 0x4C, 0xFF, 0xD5, 0x00, 0x00, 0x00, 0x00, 0x00,
0x00, 0x00, 0x00, 0xA0, 0xFF, 0xBF, 0x6B, 0xFF, 0x9F, 0x00, 0x00, 0x00, 0x00, 0x00, 0xA0, 0xFF,
0xA4, 0x7B, 0xFF, 0x8E, 0x00, 0x00, 0x00, 0x00, 0x00, 0x00, 0x00, 0x00, 0x56, 0xFF, 0xE3, 0x91,
0xFF, 0x50, 0x00, 0x00, 0x00, 0x00, 0x00, 0x51, 0xFF, 0xCA, 0xA2, 0xFF, 0x47, 0x00, 0x00, 0x00,
0x00, 0x00, 0x00, 0x00, 0x00, 0x11, 0xFC, 0xFE, 0xBF, 0xF7, 0x0A, 0x00, 0x00, 0x00, 0x00, 0x00,
0x0B, 0xF7, 0xF1, 0xCA, 0xF7, 0x09, 0x00, 0x00, 0x00, 0x00, 0x00, 0x00, 0x00, 0x00, 0x00, 0xC4,
0xFF, 0xFA, 0xB3, 0x00, 0x00, 0x00, 0x00, 0x00, 0x00, 0x00, 0xB4, 0xFF, 0xFA, 0xB8, 0x00, 0x00,
0x00, 0x00, 0x00, 0x00, 0x00, 0x00, 0x00, 0x00, 0x7B, 0xFF, 0xFF, 0x64, 0x00, 0x00, 0x00, 0x00,
0x00, 0x00, 0x00, 0x65, 0xFF, 0xFF, 0x71, 0x00, 0x00, 0x00, 0x00, 0x00, 0x00, 0x00, 0x00, 0x00,
0x00, 0x32, 0xFF, 0xFE, 0x17, 0x00, 0x00, 0x00, 0x00, 0x00, 0x00, 0x00, 0x18, 0xFE, 0xFF, 0x2A,
0x00, 0x00, 0x00, 0x00, 0x00, 0x00, 0x00, 0x00, 0x00, 0x00, 0x01, 0xE7, 0xC7, 0x00, 0x00, 0x00,
0x00, 0x00, 0x00, 0x00, 0x00, 0x00, 0xC7, 0xE3, 0x00, 0x00, 0x00, 0x00, 0x00, 0x00, 0x00, 0x51,
0xFF, 0xFF, 0xAC, 0x00, 0x00, 0x00, 0x00, 0x00, 0x00, 0x00, 0x00, 0x00, 0xB5, 0xFF, 0xF0, 0x1B,
0x00, 0x00, 0xB2, 0xFF, 0xFF, 0x46, 0x00, 0x00, 0x00, 0x00, 0x00, 0x00, 0x00, 0x58, 0xFF, 0xFF,
0x64, 0x00, 0x00, 0x00, 0x1E, 0xF4, 0xFF, 0xD9, 0x06, 0x00, 0x00, 0x00, 0x00, 0x00, 0x11, 0xE8,
0xFF, 0xBC, 0x00, 0x00, 0x00, 0x00, 0x00, 0x75, 0xFF, 0xFF, 0x79, 0x00, 0x00, 0x00, 0x00, 0x00,
0x9C, 0xFF, 0xF4, 0x21, 0x00, 0x00, 0x00, 0x00, 0x00, 0x04, 0xD1, 0xFF, 0xF5, 0x1D, 0x00, 0x00,
0x00, 0x3E, 0xFE, 0xFF, 0x6E, 0x00, 0x00, 0x00, 0x00, 0x00, 0x00, 0x00, 0x39, 0xFE, 0xFF, 0xAC,
0x00, 0x00, 0x07, 0xD8, 0xFF, 0xC5, 0x02, 0x00, 0x00, 0x00, 0x00, 0x00, 0x00, 0x00, 0x00, 0x99,
0xFF, 0xFF, 0x46, 0x00, 0x82, 0xFF, 0xF8, 0x27, 0x00, 0x00, 0x00, 0x00, 0x00, 0x00, 0x00, 0x00,
0x00, 0x11, 0xE9, 0xFF, 0xCF, 0x15, 0xF8, 0xFF, 0x78, 0x00, 0x00, 0x00, 0x00, 0x00, 0x00, 0x00,
0x00, 0x00, 0x00, 0x00, 0x5C, 0xFF, 0xFF, 0xB7, 0xFF, 0xCD, 0x04, 0x00, 0x00, 0x00, 0x00, 0x00,
0x00, 0x00, 0x00, 0x00, 0x00, 0x00, 0x00, 0xBC, 0xFF, 0xFF, 0xFA, 0x2F, 0x00, 0x00, 0x00, 0x00,
0x00, 0x00, 0x00, 0x00, 0x00, 0x00, 0x00, 0x00, 0x00, 0x6B, 0xFF, 0xFF, 0xEF, 0x15, 0x00, 0x00,
0x00, 0x00, 0x00, 0x00, 0x00, 0x00, 0x00, 0x00, 0x00, 0x00, 0x16, 0xEC, 0xFF, 0xF4, 0xFF, 0xA5,
0x00, 0x00, 0x00, 0x00, 0x00, 0x00, 0x00, 0x00, 0x00, 0x00, 0x00, 0x00, 0xAA, 0xFF, 0xD8, 0x6E,
0xFF, 0xFF, 0x48, 0x00, 0x00, 0x00, 0x00, 0x00, 0x00, 0x00, 0x00, 0x00, 0x00, 0x51, 0xFF, 0xFF,
0x64, 0x0B, 0xE7, 0xFF, 0xDF, 0x0A, 0x00, 0x00, 0x00, 0x00, 0x00, 0x00, 0x00, 0x00, 0x11, 0xE7,
0xFF, 0xC3, 0x01, 0x00, 0x56, 0xFF, 0xFF, 0x8C, 0x00, 0x00, 0x00, 0x00, 0x00, 0x00, 0x00, 0x00,
0xA0, 0xFF, 0xF7, 0x27, 0x00, 0x00, 0x00, 0xB4, 0xFF, 0xFC, 0x32, 0x00, 0x00, 0x00, 0x00, 0x00,
0x00, 0x47, 0xFF, 0xFF, 0x79, 0x00, 0x00, 0x00, 0x00, 0x1E, 0xF4, 0xFF, 0xCD, 0x03, 0x00, 0x00,
0x00, 0x00, 0x0D, 0xE1, 0xFF, 0xCF, 0x04, 0x00, 0x00, 0x00, 0x00, 0x00, 0x71, 0xFF, 0xFF, 0x73,
0x00, 0x00, 0x00, 0x00, 0x96, 0xFF, 0xFB, 0x32, 0x00, 0x00, 0x00, 0x00, 0x00, 0x00, 0x03, 0xCC,
0xFF, 0xF4, 0x20, 0x00, 0x00, 0x3E, 0xFE, 0xFF, 0x88, 0x00, 0x00, 0x00, 0x00, 0x00, 0x00, 0x00,
0x00, 0x32, 0xFC, 0xFF, 0xB7, 0x00, 0x09, 0xDA, 0xFF, 0xDA, 0x08, 0x00, 0x00, 0x00, 0x00, 0x00,
0x00, 0x00, 0x00, 0x00, 0x8D, 0xFF, 0xFF, 0x5A, 0x7E, 0xFF, 0xFF, 0x6B, 0x00, 0x00, 0x00, 0x00,
0x00, 0x00, 0x00, 0x00, 0x00, 0x66, 0xFF, 0xFF, 0x41, 0x0B, 0xE6, 0xFF, 0xE8, 0x0B, 0x00, 0x00,
0x00, 0x00, 0x00, 0x00, 0x00, 0x07, 0xE2, 0xFF, 0xB6, 0x00, 0x00, 0x66, 0xFF, 0xFF, 0x7D, 0x00,
0x00, 0x00, 0x00, 0x00, 0x00, 0x00, 0x6E, 0xFF, 0xFD, 0x2D, 0x00, 0x00, 0x03, 0xD5, 0xFF, 0xF1,
0x14, 0x00, 0x00, 0x00, 0x00, 0x00, 0x0A, 0xE7, 0xFF, 0x9F, 0x00, 0x00, 0x00, 0x00, 0x4D, 0xFF,
0xFF, 0x8E, 0x00, 0x00, 0x00, 0x00, 0x00, 0x76, 0xFF, 0xF7, 0x1D, 0x00, 0x00, 0x00, 0x00, 0x00,
0xC0, 0xFF, 0xF8, 0x1E, 0x00, 0x00, 0x00, 0x0D, 0xEC, 0xFF, 0x88, 0x00, 0x00, 0x00, 0x00, 0x00,
0x00, 0x35, 0xFE, 0xFF, 0xA0, 0x00, 0x00, 0x00, 0x7E, 0xFF, 0xED, 0x10, 0x00, 0x00, 0x00, 0x00,
0x00, 0x00, 0x00, 0xA8, 0xFF, 0xFD, 0x2B, 0x00, 0x11, 0xF0, 0xFF, 0x72, 0x00, 0x00, 0x00, 0x00,
0x00, 0x00, 0x00, 0x00, 0x22, 0xF9, 0xFF, 0xB1, 0x00, 0x86, 0xFF, 0xDF, 0x07, 0x00, 0x00, 0x00,
0x00, 0x00, 0x00, 0x00, 0x00, 0x00, 0x8F, 0xFF, 0xFF, 0x29, 0xEF, 0xFF, 0x5B, 0x00, 0x00, 0x00,
0x00, 0x00, 0x00, 0x00, 0x00, 0x00, 0x00, 0x12, 0xEF, 0xFF, 0xAC, 0xFF, 0xCE, 0x01, 0x00, 0x00,
0x00, 0x00, 0x00, 0x00, 0x00, 0x00, 0x00, 0x00, 0x00, 0x77, 0xFF, 0xFF, 0xFF, 0x44, 0x00, 0x00,
0x00, 0x00, 0x00, 0x00, 0x00, 0x00, 0x00, 0x00, 0x00, 0x00, 0x08, 0xEA, 0xFF, 0xC3, 0x00, 0x00,
0x00, 0x00, 0x00, 0x00, 0x00, 0x00, 0x00, 0x00, 0x00, 0x00, 0x00, 0x00, 0xD4, 0xFF, 0xA8, 0x00,
0x00, 0x00, 0x00, 0x00, 0x00, 0x00, 0x00, 0x00, 0x00, 0x00, 0x00, 0x00, 0x00, 0xD4, 0xFF, 0xA8,
0x00, 0x00, 0x00, 0x00, 0x00, 0x00, 0x00, 0x00, 0x00, 0x00, 0x00, 0x00, 0x00, 0x00, 0xD4, 0xFF,
0xA8, 0x00, 0x00, 0x00, 0x00, 0x00, 0x00, 0x00, 0x00, 0x00, 0x00, 0x00, 0x00, 0x00, 0x00, 0xD4,
0xFF, 0xA8, 0x00, 0x00, 0x00, 0x00, 0x00, 0x00, 0x00, 0x00, 0x00, 0x00, 0x00, 0x00, 0x00, 0x00,
0xD4, 0xFF, 0xA8, 0x00, 0x00, 0x00, 0x00, 0x00, 0x00, 0x00, 0x00, 0x00, 0x00, 0x00, 0x00, 0x00,
0x00, 0xD4, 0xFF, 0xA8, 0x00, 0x00, 0x00, 0x00, 0x00, 0x00, 0x00, 0x00, 0x00, 0x00, 0x00, 0x00,
0x00, 0x00, 0xD4, 0xFF, 0xA8, 0x00, 0x00, 0x00, 0x00, 0x00, 0x00, 0x00, 0x00, 0x00, 0x00, 0x00,
0x00, 0x00, 0x00, 0xD4, 0xFF, 0xA8, 0x00, 0x00, 0x00, 0x00, 0x00, 0x00, 0x00, 0xDC, 0xFF, 0xFF,
0xFF, 0xFF, 0xFF, 0xFF, 0xFF, 0xFF, 0xFF, 0xFF, 0xFF, 0xFF, 0xFF, 0x3C, 0xDC, 0xFF, 0xFF, 0xFF,
0xFF, 0xFF, 0xFF, 0xFF, 0xFF, 0xFF, 0xFF, 0xFF, 0xFF, 0xFF, 0x3C, 0x00, 0x00, 0x00, 0x00, 0x00,
0x00, 0x00, 0x00, 0x00, 0x00, 0x00, 0x85, 0xFF, 0xDE, 0x0C, 0x00, 0x00, 0x00, 0x00, 0x00, 0x00,
0x00, 0x00, 0x00, 0x00, 0x6F, 0xFF, 0xFE, 0x40, 0x00, 0x00, 0x00, 0x00, 0x00, 0x00, 0x00, 0x00,
0x00, 0x00, 0x27, 0xF6, 0xFF, 0x93, 0x00, 0x00, 0x00, 0x00, 0x00, 0x00, 0x00, 0x00, 0x00, 0x00,
0x03, 0xC7, 0xFF, 0xDB, 0x0A, 0x00, 0x00, 0x00, 0x00, 0x00, 0x00, 0x00, 0x00, 0x00, 0x00, 0x77,
0xFF, 0xFD, 0x3C, 0x00, 0x00, 0x00, 0x00, 0x00, 0x00, 0x00, 0x00, 0x00, 0x00, 0x2A, 0xF8, 0xFF,
0x8E, 0x00, 0x00, 0x00, 0x00, 0x00, 0x00, 0x00, 0x00, 0x00, 0x00, 0x04, 0xCB, 0xFF, 0xD9, 0x09,
0x00, 0x00, 0x00, 0x00, 0x00, 0x00, 0x00, 0x00, 0x00, 0x00, 0x7C, 0xFF, 0xFD, 0x39, 0x00, 0x00,
0x00, 0x00, 0x00, 0x00, 0x00, 0x00, 0x00, 0x00, 0x2E, 0xF9, 0xFF, 0x8A, 0x00, 0x00, 0x00, 0x00,
0x00, 0x00, 0x00, 0x00, 0x00, 0x00, 0x05, 0xCF, 0xFF, 0xD6, 0x08, 0x00, 0x00, 0x00, 0x00, 0x00,
0x00, 0x00, 0x00, 0x00, 0x00, 0x81, 0xFF, 0xFC, 0x35, 0x00, 0x00, 0x00, 0x00, 0x00, 0x00, 0x00,
0x00, 0x00, 0x00, 0x32, 0xFB, 0xFF, 0x86, 0x00, 0x00, 0x00, 0x00, 0x00, 0x00, 0x00, 0x00, 0x00,
0x00, 0x06, 0xD3, 0xFF, 0xD3, 0x06, 0x00, 0x00, 0x00, 0x00, 0x00, 0x00, 0x00, 0x00, 0x00, 0x00,
0x86, 0xFF, 0xFB, 0x32, 0x00, 0x00, 0x00, 0x00, 0x00, 0x00, 0x00, 0x00, 0x00, 0x00, 0x36, 0xFC,
0xFF, 0x81, 0x00, 0x00, 0x00, 0x00, 0x00, 0x00, 0x00, 0x00, 0x00, 0x00, 0x08, 0xD6, 0xFF, 0xCF,
0x05, 0x00, 0x00, 0x00, 0x00, 0x00, 0x00, 0x00, 0x00, 0x00, 0x00, 0x8B, 0xFF, 0xCB, 0x16, 0x00,
0x00, 0x00, 0x00, 0x00, 0x00, 0x00, 0x00, 0x00, 0x00, 0x00, 0xDC, 0xFF, 0xFF, 0xFF, 0xFF, 0xFF,
0xFF, 0xFF, 0xFF, 0xFF, 0xFF, 0xFF, 0xFF, 0xFF, 0x3C, 0xDC, 0xFF, 0xFF, 0xFF, 0xFF, 0xFF, 0xFF,
0xFF, 0xFF, 0xFF, 0xFF, 0xFF, 0xFF, 0xFF, 0x3C, 0x74, 0xFF, 0xFF, 0xFF, 0xFF, 0xFC, 0x74, 0xFF,
0xFF, 0xFF, 0xFF, 0xFC, 0x74, 0xFF, 0xE4, 0x00, 0x00, 0x00, 0x74, 0xFF, 0xE4, 0x00, 0x00, 0x00,
0x74, 0xFF, 0xE4, 0x00, 0x00, 0x00, 0x74, 0xFF, 0xE4, 0x00, 0x00, 0x00, 0x74, 0xFF, 0xE4, 0x00,
0x00, 0x00, 0x74, 0xFF, 0xE4, 0x00, 0x00, 0x00, 0x74, 0xFF, 0xE4, 0x00, 0x00, 0x00, 0x74, 0xFF,
0xE4, 0x00, 0x00, 0x00, 0x74, 0xFF, 0xE4, 0x00, 0x00, 0x00, 0x74, 0xFF, 0xE4, 0x00, 0x00, 0x00,
0x74, 0xFF, 0xE4, 0x00, 0x00, 0x00, 0x74, 0xFF, 0xE4, 0x00, 0x00, 0x00, 0x74, 0xFF, 0xE4, 0x00,
0x00, 0x00, 0x74, 0xFF, 0xE4, 0x00, 0x00, 0x00, 0x74, 0xFF, 0xE4, 0x00, 0x00, 0x00, 0x74, 0xFF,
0xE4, 0x00, 0x00, 0x00, 0x74, 0xFF, 0xE4, 0x00, 0x00, 0x00, 0x74, 0xFF, 0xE4, 0x00, 0x00, 0x00,
0x74, 0xFF, 0xE4, 0x00, 0x00, 0x00, 0x74, 0xFF, 0xE4, 0x00, 0x00, 0x00, 0x74, 0xFF, 0xE4, 0x00,
0x00, 0x00, 0x74, 0xFF, 0xE4, 0x00, 0x00, 0x00, 0x74, 0xFF, 0xE4, 0x00, 0x00, 0x00, 0x74, 0xFF,
0xE4, 0x00, 0x00, 0x00, 0x74, 0xFF, 0xFF, 0xFF, 0xFF, 0xFC, 0x74, 0xFF, 0xFF, 0xFF, 0xFF, 0xFC,
0x03, 0x6B, 0xD2, 0x24, 0x00, 0x00, 0x00, 0x00, 0x00, 0x00, 0x00, 0x00, 0x00, 0x00, 0x00, 0xCD,
0xFF, 0x97, 0x00, 0x00, 0x00, 0x00, 0x00, 0x00, 0x00, 0x00, 0x00, 0x00, 0x00, 0x58, 0xFF, 0xF7,
0x15, 0x00, 0x00, 0x00, 0x00, 0x00, 0x00, 0x00, 0x00, 0x00, 0x00, 0x03, 0xDE, 0xFF, 0x81, 0x00,
0x00, 0x00, 0x00, 0x00, 0x00, 0x00, 0x00, 0x00, 0x00, 0x00, 0x6D, 0xFF, 0xEC, 0x0A, 0x00, 0x00,
0x00, 0x00, 0x00, 0x00, 0x00, 0x00, 0x00, 0x00, 0x0A, 0xEC, 0xFF, 0x6C, 0x00, 0x00, 0x00, 0x00,
0x00, 0x00, 0x00, 0x00, 0x00, 0x00, 0x00, 0x82, 0xFF, 0xDE, 0x03, 0x00, 0x00, 0x00, 0x00, 0x00,
0x00, 0x00, 0x00, 0x00, 0x00, 0x15, 0xF6, 0xFF, 0x56, 0x00, 0x00, 0x00, 0x00, 0x00, 0x00, 0x00,
0x00, 0x00, 0x00, 0x00, 0x97, 0xFF, 0xCB, 0x00, 0x00, 0x00, 0x00, 0x00, 0x00, 0x00, 0x00, 0x00,
0x00, 0x00, 0x24, 0xFD, 0xFF, 0x41, 0x00, 0x00, 0x00, 0x00, 0x00, 0x00, 0x00, 0x00, 0x00, 0x00,
0x00, 0xAC, 0xFF, 0xB6, 0x00, 0x00, 0x00, 0x00, 0x00, 0x00, 0x00, 0x00, 0x00, 0x00, 0x00, 0x36,
0xFF, 0xFF, 0x2C, 0x00, 0x00, 0x00, 0x00, 0x00, 0x00, 0x00, 0x00, 0x00, 0x00, 0x00, 0xC1, 0xFF,
0xA1, 0x00, 0x00, 0x00, 0x00, 0x00, 0x00, 0x00, 0x00, 0x00, 0x00, 0x00, 0x4B, 0xFF, 0xFA, 0x1C,
0x00, 0x00, 0x00, 0x00, 0x00, 0x00, 0x00, 0x00, 0x00, 0x00, 0x01, 0xD4, 0xFF, 0x8B, 0x00, 0x00,
0x00, 0x00, 0x00, 0x00, 0x00, 0x00, 0x00, 0x00, 0x00, 0x60, 0xFF, 0xF1, 0x0E, 0x00, 0x00, 0x00,
0x00, 0x00, 0x00, 0x00, 0x00, 0x00, 0x00, 0x06, 0xE4, 0xFF, 0x76, 0x00, 0x00, 0x00, 0x00, 0x00,
0x00, 0x00, 0x00, 0x00, 0x00, 0x00, 0x75, 0xFF, 0xE5, 0x06, 0x00, 0x00, 0x00, 0x00, 0x00, 0x00,
0x00, 0x00, 0x00, 0x00, 0x0E, 0xF1, 0xFF, 0x60, 0x00, 0x00, 0x00, 0x00, 0x00, 0x00, 0x00, 0x00,
0x00, 0x00, 0x00, 0x8A, 0xFF, 0xD4, 0x01, 0x00, 0x00, 0x00, 0x00, 0x00, 0x00, 0x00, 0x00, 0x00,
0x00, 0x1B, 0xF9, 0xFF, 0x4A, 0x00, 0x00, 0x00, 0x00, 0x00, 0x00, 0x00, 0x00, 0x00, 0x00, 0x00,
0x9F, 0xFF, 0xC0, 0x00, 0x00, 0x00, 0x00, 0x00, 0x00, 0x00, 0x00, 0x00, 0x00, 0x00, 0x2B, 0xFE,
0xFF, 0x35, 0x00, 0x00, 0x00, 0x00, 0x00, 0x00, 0x00, 0x00, 0x00, 0x00, 0x00, 0xB4, 0xFF, 0xAA,
0x00, 0x00, 0x00, 0x00, 0x00, 0x00, 0x00, 0x00, 0x00, 0x00, 0x00, 0x3E, 0xC8, 0x58, 0xDC, 0xFF,
0xFF, 0xFF, 0xFF, 0x98, 0xDC, 0xFF, 0xFF, 0xFF, 0xFF, 0x98, 0x00, 0x00, 0x00, 0xBC, 0xFF, 0x98,
0x00, 0x00, 0x00, 0xBC, 0xFF, 0x98, 0x00, 0x00, 0x00, 0xBC, 0xFF, 0x98, 0x00, 0x00, 0x00, 0xBC,
0xFF, 0x98, 0x00, 0x00, 0x00, 0xBC, 0xFF, 0x98, 0x00, 0x00, 0x00, 0xBC, 0xFF, 0x98, 0x00, 0x00,
0x00, 0xBC, 0xFF, 0x98, 0x00, 0x00, 0x00, 0xBC, 0xFF, 0x98, 0x00, 0x00, 0x00, 0xBC, 0xFF, 0x98,
0x00, 0x00, 0x00, 0xBC, 0xFF, 0x98, 0x00, 0x00, 0x00, 0xBC, 0xFF, 0x98, 0x00, 0x00, 0x00, 0xBC,
0xFF, 0x98, 0x00, 0x00, 0x00, 0xBC, 0xFF, 0x98, 0x00, 0x00, 0x00, 0xBC, 0xFF, 0x98, 0x00, 0x00,
0x00, 0xBC, 0xFF, 0x98, 0x00, 0x00, 0x00, 0xBC, 0xFF, 0x98, 0x00, 0x00, 0x00, 0xBC, 0xFF, 0x98,
0x00, 0x00, 0x00, 0xBC, 0xFF, 0x98, 0x00, 0x00, 0x00, 0xBC, 0xFF, 0x98, 0x00, 0x00, 0x00, 0xBC,
0xFF, 0x98, 0x00, 0x00, 0x00, 0xBC, 0xFF, 0x98, 0x00, 0x00, 0x00, 0xBC, 0xFF, 0x98, 0x00, 0x00,
0x00, 0xBC, 0xFF, 0x98, 0x00, 0x00, 0x00, 0xBC, 0xFF, 0x98, 0xDC, 0xFF, 0xFF, 0xFF, 0xFF, 0x98,
0xDC, 0xFF, 0xFF, 0xFF, 0xFF, 0x98, 0x00, 0x00, 0x00, 0x00, 0x00, 0x55, 0xFD, 0x36, 0x00, 0x00,
0x00, 0x00, 0x00, 0x00, 0x00, 0x00, 0x1A, 0xED, 0xFF, 0xD1, 0x04, 0x00, 0x00, 0x00, 0x00, 0x00,
0x00, 0x01, 0xB9, 0xFF, 0xAC, 0xFF, 0x78, 0x00, 0x00, 0x00, 0x00, 0x00, 0x00, 0x6D, 0xFF, 0xC4,
0x1E, 0xFE, 0xF6, 0x23, 0x00, 0x00, 0x00, 0x00, 0x28, 0xF6, 0xFC, 0x3A, 0x00, 0xA8, 0xFF, 0xBB,
0x00, 0x00, 0x00, 0x05, 0xCC, 0xFF, 0x80, 0x00, 0x00, 0x19, 0xF1, 0xFF, 0x5E, 0x00, 0x00, 0x85,
0xFF, 0xC6, 0x03, 0x00, 0x00, 0x00, 0x6D, 0xFF, 0xEB, 0x14, 0x39, 0xFC, 0xF1, 0x21, 0x00, 0x00,
0x00, 0x00, 0x02, 0xCC, 0xFF, 0xA2, 0xFF, 0xFF, 0xFF, 0xFF, 0xFF, 0xFF, 0xFF, 0xFF, 0xFF, 0xFF,
0xFF, 0xFF, 0x3C, 0xFF, 0xFF, 0xFF, 0xFF, 0xFF, 0xFF, 0xFF, 0xFF, 0xFF, 0xFF, 0xFF, 0xFF, 0x3C,
0x22, 0xF8, 0xFF, 0xE0, 0x05, 0x00, 0x00, 0x4A, 0xF8, 0xFF, 0x61, 0x00, 0x00, 0x00, 0x49, 0xF8,
0xDA, 0x03, 0x00, 0x00, 0x00, 0x49, 0xF8, 0x59, 0x00, 0x28, 0x7B, 0xB2, 0xCF, 0xE3, 0xF7, 0xF3,
0xD3, 0x7E, 0x0B, 0x00, 0x00, 0xC1, 0xFF, 0xFF, 0xFF, 0xFF, 0xFF, 0xFF, 0xFF, 0xFF, 0xC5, 0x03,
0x00, 0x5E, 0xB7, 0x67, 0x30, 0x0E, 0x04, 0x1E, 0x8D, 0xFF, 0xFF, 0x57, 0x00, 0x00, 0x00, 0x00,
0x00, 0x00, 0x00, 0x00, 0x01, 0xDE, 0xFF, 0x8B, 0x00, 0x00, 0x00, 0x00, 0x00, 0x00, 0x00, 0x00,
0x00, 0xB8, 0xFF, 0xA3, 0x00, 0x00, 0x00, 0x00, 0x00, 0x00, 0x00, 0x00, 0x00, 0xBD, 0xFF, 0xA0,
0x00, 0x00, 0x21, 0x80, 0xBD, 0xE0, 0xF5, 0xFE, 0xFC, 0xFC, 0xFF, 0x99, 0x00, 0x72, 0xFB, 0xFF,
0xFF, 0xFF, 0xFF, 0xFF, 0xFF, 0xFF, 0xFF, 0x92, 0x49, 0xFF, 0xFF, 0xDB, 0x6C, 0x2B, 0x10, 0x02,
0x06, 0xC7, 0xFF, 0x8C, 0xAC, 0xFF, 0xE9, 0x11, 0x00, 0x00, 0x00, 0x00, 0x00, 0xC4, 0xFF, 0x86,
0xCC, 0xFF, 0xB2, 0x00, 0x00, 0x00, 0x00, 0x00, 0x00, 0xCF, 0xFF, 0x7F, 0xBD, 0xFF, 0xDF, 0x05,
0x00, 0x00, 0x00, 0x00, 0x5A, 0xFF, 0xFF, 0x7F, 0x6B, 0xFF, 0xFF, 0xAC, 0x25, 0x0A, 0x2D, 0x8F,
0xFC, 0xE6, 0xFF, 0x89, 0x02, 0xBF, 0xFF, 0xFF, 0xFF, 0xFF, 0xFF, 0xFF, 0xA1, 0x49, 0xFF, 0x9F,
0x00, 0x05, 0x78, 0xDC, 0xF9, 0xE7, 0xBA, 0x53, 0x00, 0x0A, 0xF8, 0xCF, 0xB0, 0xFF, 0xB4, 0x00,
0x00, 0x00, 0x00, 0x00, 0x00, 0x00, 0x00, 0x00, 0x00, 0xB0, 0xFF, 0xB4, 0x00, 0x00, 0x00, 0x00,
0x00, 0x00, 0x00, 0x00, 0x00, 0x00, 0xB0, 0xFF, 0xB4, 0x00, 0x00, 0x00, 0x00, 0x00, 0x00, 0x00,
0x00, 0x00, 0x00, 0xB0, 0xFF, 0xB4, 0x00, 0x00, 0x00, 0x00, 0x00, 0x00, 0x00, 0x00, 0x00, 0x00,
0xB0, 0xFF, 0xB4, 0x00, 0x00, 0x00, 0x00, 0x00, 0x00, 0x00, 0x00, 0x00, 0x00, 0xB0, 0xFF, 0xB4,
0x00, 0x00, 0x00, 0x00, 0x00, 0x00, 0x00, 0x00, 0x00, 0x00, 0xB0, 0xFF, 0xB4, 0x09, 0x76, 0xCF,
0xF5, 0xF2, 0xD0, 0x7F, 0x0D, 0x00, 0x00, 0xB0, 0xFF, 0xCA, 0xD0, 0xFF, 0xFF, 0xFF, 0xFF, 0xFF,
0xFF, 0xDA, 0x1B, 0x00, 0xB0, 0xFF, 0xFF, 0xFE, 0x8F, 0x26, 0x08, 0x27, 0xA1, 0xFF, 0xFF, 0xB6,
0x00, 0xB0, 0xFF, 0xFF, 0x7D, 0x00, 0x00, 0x00, 0x00, 0x00, 0xAD, 0xFF, 0xFF, 0x29, 0xB0, 0xFF,
0xEB, 0x07, 0x00, 0x00, 0x00, 0x00, 0x00, 0x30, 0xFF, 0xFF, 0x72, 0xB0, 0xFF, 0xB4, 0x00, 0x00,
0x00, 0x00, 0x00, 0x00, 0x00, 0xF3, 0xFF, 0x9D, 0xB0, 0xFF, 0xB4, 0x00, 0x00, 0x00, 0x00, 0x00,
0x00, 0x00, 0xD9, 0xFF, 0xB0, 0xB0, 0xFF, 0xB4, 0x00, 0x00, 0x00, 0x00, 0x00, 0x00, 0x00, 0xC9,
0xFF, 0xB6, 0xB0, 0xFF, 0xB4, 0x00, 0x00, 0x00, 0x00, 0x00, 0x00, 0x00, 0xD7, 0xFF, 0xA6, 0xB0,
0xFF, 0xB4, 0x00, 0x00, 0x00, 0x00, 0x00, 0x00, 0x07, 0xFA, 0xFF, 0x83, 0xB0, 0xFF, 0xB4, 0x00,
0x00, 0x00, 0x00, 0x00, 0x00, 0x54, 0xFF, 0xFF, 0x44, 0xB0, 0xFF, 0xB4, 0x00, 0x00, 0x00, 0x00,
0x00, 0x12, 0xDC, 0xFF, 0xD9, 0x02, 0xB0, 0xFF, 0xE0, 0x5C, 0x1E, 0x07, 0x12, 0x55, 0xDA, 0xFF,
0xFC, 0x3F, 0x00, 0xAB, 0xFF, 0xFF, 0xFF, 0xFF, 0xFF, 0xFF, 0xFF, 0xFF, 0xF1, 0x4E, 0x00, 0x00,
0x0B, 0x62, 0xAC, 0xDB, 0xF4, 0xFB, 0xEB, 0xC4, 0x7B, 0x13, 0x00, 0x00, 0x00, 0x00, 0x00, 0x00,
0x27, 0x98, 0xDA, 0xF5, 0xF8, 0xE4, 0xAE, 0x4C, 0x02, 0x00, 0x00, 0x63, 0xFB, 0xFF, 0xFF, 0xFF,
0xFF, 0xFF, 0xFF, 0xFB, 0x14, 0x00, 0x40, 0xFE, 0xFF, 0xD8, 0x51, 0x11, 0x06, 0x26, 0x7F, 0xA5,
0x00, 0x00, 0xCB, 0xFF, 0xE4, 0x13, 0x00, 0x00, 0x00, 0x00, 0x00, 0x00, 0x00, 0x26, 0xFF, 0xFF,
0x6D, 0x00, 0x00, 0x00, 0x00, 0x00, 0x00, 0x00, 0x00, 0x5D, 0xFF, 0xFF, 0x25, 0x00, 0x00, 0x00,
0x00, 0x00, 0x00, 0x00, 0x00, 0x79, 0xFF, 0xFE, 0x02, 0x00, 0x00, 0x00, 0x00, 0x00, 0x00, 0x00,
0x00, 0x84, 0xFF, 0xF8, 0x00, 0x00, 0x00, 0x00, 0x00, 0x00, 0x00, 0x00, 0x00, 0x7B, 0xFF, 0xFF,
0x0E, 0x00, 0x00, 0x00, 0x00, 0x00, 0x00, 0x00, 0x00, 0x60, 0xFF, 0xFF, 0x2E, 0x00, 0x00, 0x00,
0x00, 0x00, 0x00, 0x00, 0x00, 0x30, 0xFF, 0xFF, 0x7F, 0x00, 0x00, 0x00, 0x00, 0x00, 0x00, 0x00,
0x00, 0x00, 0xDC, 0xFF, 0xF0, 0x27, 0x00, 0x00, 0x00, 0x00, 0x00, 0x00, 0x00, 0x00, 0x5A, 0xFF,
0xFF, 0xEB, 0x66, 0x19, 0x05, 0x1A, 0x5D, 0xC1, 0x07, 0x00, 0x00, 0x85, 0xFF, 0xFF, 0xFF, 0xFF,
0xFF, 0xFF, 0xFF, 0xFF, 0x59, 0x00, 0x00, 0x00, 0x3D, 0xA7, 0xE2, 0xF8, 0xEF, 0xD7, 0xB5, 0x6E,
0x10, 0x00, 0x00, 0x00, 0x00, 0x00, 0x00, 0x00, 0x00, 0x00, 0x00, 0x90, 0xFF, 0xD4, 0x00, 0x00,
0x00, 0x00, 0x00, 0x00, 0x00, 0x00, 0x00, 0x00, 0x00, 0x90, 0xFF, 0xD4, 0x00, 0x00, 0x00, 0x00,
0x00, 0x00, 0x00, 0x00, 0x00, 0x00, 0x00, 0x90, 0xFF, 0xD4, 0x00, 0x00, 0x00, 0x00, 0x00, 0x00,
0x00, 0x00, 0x00, 0x00, 0x00, 0x90, 0xFF, 0xD4, 0x00, 0x00, 0x00, 0x00, 0x00, 0x00, 0x00, 0x00,
0x00, 0x00, 0x00, 0x90, 0xFF, 0xD4, 0x00, 0x00, 0x00, 0x00, 0x00, 0x00, 0x00, 0x00, 0x00, 0x00,
0x00, 0x90, 0xFF, 0xD4, 0x00, 0x00, 0x00, 0x00, 0x15, 0x83, 0xCC, 0xEF, 0xFD, 0xEF, 0xC1, 0xCF,
0xFF, 0xD4, 0x00, 0x00, 0x00, 0x46, 0xF0, 0xFF, 0xFF, 0xFF, 0xFF, 0xFF, 0xFF, 0xFF, 0xFF, 0xD4,
0x00, 0x00, 0x2E, 0xF7, 0xFF, 0xE2, 0x5F, 0x17, 0x03, 0x11, 0x51, 0xD8, 0xFF, 0xD4, 0x00, 0x00,
0xBD, 0xFF, 0xEA, 0x1A, 0x00, 0x00, 0x00, 0x00, 0x00, 0x90, 0xFF, 0xD4, 0x00, 0x1F, 0xFF, 0xFF,
0x71, 0x00, 0x00, 0x00, 0x00, 0x00, 0x00, 0x90, 0xFF, 0xD4, 0x00, 0x59, 0xFF, 0xFF, 0x26, 0x00,
0x00, 0x00, 0x00, 0x00, 0x00, 0x90, 0xFF, 0xD4, 0x00, 0x77, 0xFF, 0xFE, 0x03, 0x00, 0x00, 0x00,
0x00, 0x00, 0x00, 0x90, 0xFF, 0xD4, 0x00, 0x84, 0xFF, 0xF7, 0x00, 0x00, 0x00, 0x00, 0x00, 0x00,
0x00, 0x90, 0xFF, 0xD4, 0x00, 0x7C, 0xFF, 0xFF, 0x09, 0x00, 0x00, 0x00, 0x00, 0x00, 0x00, 0x90,
0xFF, 0xD4, 0x00, 0x67, 0xFF, 0xFF, 0x21, 0x00, 0x00, 0x00, 0x00, 0x00, 0x00, 0x90, 0xFF, 0xD4,
0x00, 0x3B, 0xFF, 0xFF, 0x60, 0x00, 0x00, 0x00, 0x00, 0x00, 0x00, 0xC6, 0xFF, 0xD4, 0x00, 0x05,
0xEC, 0xFF, 0xD6, 0x09, 0x00, 0x00, 0x00, 0x00, 0x3F, 0xFF, 0xFF, 0xD6, 0x00, 0x00, 0x80, 0xFF,
0xFF, 0xC4, 0x39, 0x08, 0x1A, 0x64, 0xEC, 0xE8, 0xFF, 0xDD, 0x00, 0x00, 0x07, 0xB8, 0xFF, 0xFF,
0xFF, 0xFF, 0xFF, 0xFF, 0xE8, 0x2C, 0xE1, 0xF5, 0x00, 0x00, 0x00, 0x03, 0x65, 0xC1, 0xEE, 0xF9,
0xDD, 0x90, 0x18, 0x00, 0x9E, 0xFF, 0x12, 0x00, 0x00, 0x00, 0x23, 0x93, 0xD7, 0xF3, 0xF3, 0xD8,
0xA6, 0x35, 0x00, 0x00, 0x00, 0x00, 0x5E, 0xFA, 0xFF, 0xFF, 0xFF, 0xFF, 0xFF, 0xFF, 0xFD, 0x5D,
0x00, 0x00, 0x3E, 0xFD, 0xFF, 0xC7, 0x47, 0x16, 0x11, 0x47, 0xD5, 0xFF, 0xF4, 0x19, 0x00, 0xCA,
0xFF, 0xC5, 0x04, 0x00, 0x00, 0x00, 0x00, 0x17, 0xF6, 0xFF, 0x71, 0x25, 0xFF, 0xFF, 0x4C, 0x00,
0x00, 0x00, 0x00, 0x00, 0x00, 0xB5, 0xFF, 0xA8, 0x5D, 0xFF, 0xFF, 0x10, 0x00, 0x00, 0x00, 0x00,
0x00, 0x00, 0x97, 0xFF, 0xBC, 0x79, 0xFF, 0xFF, 0xFF, 0xFF, 0xFF, 0xFF, 0xFF, 0xFF, 0xFF, 0xFF,
0xFF, 0xB6, 0x84, 0xFF, 0xFF, 0xFF, 0xFF, 0xFF, 0xFF, 0xFF, 0xFF, 0xFF, 0xFF, 0xFF, 0xA2, 0x79,
0xFF, 0xFA, 0x00, 0x00, 0x00, 0x00, 0x00, 0x00, 0x00, 0x00, 0x00, 0x00, 0x5C, 0xFF, 0xFF, 0x17,
0x00, 0x00, 0x00, 0x00, 0x00, 0x00, 0x00, 0x00, 0x00, 0x25, 0xFF, 0xFF, 0x60, 0x00, 0x00, 0x00,
0x00, 0x00, 0x00, 0x00, 0x00, 0x00, 0x00, 0xC9, 0xFF, 0xE0, 0x14, 0x00, 0x00, 0x00, 0x00, 0x00,
0x28, 0x81, 0x00, 0x00, 0x3D, 0xFE, 0xFF, 0xDF, 0x60, 0x1D, 0x05, 0x1B, 0x74, 0xF2, 0xF5, 0x13,
0x00, 0x00, 0x5F, 0xF9, 0xFF, 0xFF, 0xFF, 0xFF, 0xFF, 0xFF, 0xFF, 0x9C, 0x07, 0x00, 0x00, 0x00,
0x24, 0x93, 0xD7, 0xF4, 0xF6, 0xDB, 0x9B, 0x35, 0x00, 0x00, 0x00, 0x00, 0x00, 0x00, 0x3F, 0xBB,
0xF0, 0xFB, 0xEE, 0xCA, 0x46, 0x00, 0x00, 0x00, 0x36, 0xFA, 0xFF, 0xFF, 0xFF, 0xFF, 0xFF, 0x28,
0x00, 0x00, 0x00, 0xA9, 0xFF, 0xEA, 0x36, 0x03, 0x00, 0x00, 0x00, 0x00, 0x00, 0x00, 0xE1, 0xFF,
0x8C, 0x00, 0x00, 0x00, 0x00, 0x00, 0x00, 0x00, 0x00, 0xF8, 0xFF, 0x6D, 0x00, 0x00, 0x00, 0x00,
0x00, 0x00, 0x00, 0x00, 0xFF, 0xFF, 0x68, 0x00, 0x00, 0x00, 0x00, 0x00, 0x58, 0xFF, 0xFF, 0xFF,
0xFF, 0xFF, 0xFF, 0xFF, 0xFF, 0x64, 0x00, 0x58, 0xFF, 0xFF, 0xFF, 0xFF, 0xFF, 0xFF, 0xFF, 0xFF,
0x64, 0x00, 0x00, 0x00, 0x00, 0xFF, 0xFF, 0x68, 0x00, 0x00, 0x00, 0x00, 0x00, 0x00, 0x00, 0x00,
0xFF, 0xFF, 0x68, 0x00, 0x00, 0x00, 0x00, 0x00, 0x00, 0x00, 0x00, 0xFF, 0xFF, 0x68, 0x00, 0x00,
0x00, 0x00, 0x00, 0x00, 0x00, 0x00, 0xFF, 0xFF, 0x68, 0x00, 0x00, 0x00, 0x00, 0x00, 0x00, 0x00,
0x00, 0xFF, 0xFF, 0x68, 0x00, 0x00, 0x00, 0x00, 0x00, 0x00, 0x00, 0x00, 0xFF, 0xFF, 0x68, 0x00,
0x00, 0x00, 0x00, 0x00, 0x00, 0x00, 0x00, 0xFF, 0xFF, 0x68, 0x00, 0x00, 0x00, 0x00, 0x00, 0x00,
0x00, 0x00, 0xFF, 0xFF, 0x68, 0x00, 0x00, 0x00, 0x00, 0x00, 0x00, 0x00, 0x00, 0xFF, 0xFF, 0x68,
0x00, 0x00, 0x00, 0x00, 0x00, 0x00, 0x00, 0x00, 0xFF, 0xFF, 0x68, 0x00, 0x00, 0x00, 0x00, 0x00,
0x00, 0x00, 0x00, 0xFF, 0xFF, 0x68, 0x00, 0x00, 0x00, 0x00, 0x00, 0x00, 0x00, 0x00, 0xFF, 0xFF,
0x68, 0x00, 0x00, 0x00, 0x00, 0x00, 0x00, 0x00, 0x00, 0xFF, 0xFF, 0x68, 0x00, 0x00, 0x00, 0x00,
0x00, 0x00, 0x00, 0x00, 0x10, 0x77, 0xBF, 0xE9, 0xFA, 0xF7, 0xE5, 0xBE, 0x83, 0x33, 0x00, 0x00,
0x42, 0xEC, 0xFF, 0xFF, 0xFF, 0xFF, 0xFF, 0xFF, 0xFF, 0xFF, 0xCC, 0x00, 0x2C, 0xF6, 0xFF, 0xE4,
0x5F, 0x16, 0x05, 0x18, 0x46, 0xCA, 0xFF, 0xCC, 0x00, 0xBA, 0xFF, 0xEB, 0x1C, 0x00, 0x00, 0x00,
0x00, 0x00, 0x98, 0xFF, 0xCC, 0x1E, 0xFF, 0xFF, 0x73, 0x00, 0x00, 0x00, 0x00, 0x00, 0x00, 0x98,
0xFF, 0xCC, 0x58, 0xFF, 0xFF, 0x27, 0x00, 0x00, 0x00, 0x00, 0x00, 0x00, 0x98, 0xFF, 0xCC, 0x77,
0xFF, 0xFE, 0x03, 0x00, 0x00, 0x00, 0x00, 0x00, 0x00, 0x98, 0xFF, 0xCC, 0x84, 0xFF, 0xF8, 0x00,
0x00, 0x00, 0x00, 0x00, 0x00, 0x00, 0x98, 0xFF, 0xCC, 0x7C, 0xFF, 0xFF, 0x0A, 0x00, 0x00, 0x00,
0x00, 0x00, 0x00, 0x98, 0xFF, 0xCC, 0x68, 0xFF, 0xFF, 0x24, 0x00, 0x00, 0x00, 0x00, 0x00, 0x00,
0x98, 0xFF, 0xCC, 0x3C, 0xFF, 0xFF, 0x64, 0x00, 0x00, 0x00, 0x00, 0x00, 0x00, 0xCA, 0xFF, 0xCC,
0x06, 0xEF, 0xFF, 0xD8, 0x0A, 0x00, 0x00, 0x00, 0x00, 0x3F, 0xFF, 0xFF, 0xCC, 0x00, 0x85, 0xFF,
0xFF, 0xC3, 0x38, 0x08, 0x19, 0x61, 0xEB, 0xFF, 0xFF, 0xCC, 0x00, 0x09, 0xBF, 0xFF, 0xFF, 0xFF,
0xFF, 0xFF, 0xFF, 0xED, 0xBB, 0xFF, 0xCC, 0x00, 0x00, 0x05, 0x6A, 0xC4, 0xEF, 0xFA, 0xE5, 0xA2,
0x21, 0x90, 0xFF, 0xCC, 0x00, 0x00, 0x00, 0x00, 0x00, 0x00, 0x00, 0x00, 0x00, 0x00, 0x9A, 0xFF,
0xC9, 0x00, 0x00, 0x00, 0x00, 0x00, 0x00, 0x00, 0x00, 0x00, 0x00, 0xBC, 0xFF, 0xB8, 0x00, 0x00,
0x00, 0x00, 0x00, 0x00, 0x00, 0x00, 0x00, 0x1E, 0xF9, 0xFF, 0x86, 0x00, 0x00, 0x91, 0x91, 0x35,
0x0C, 0x03, 0x15, 0x4F, 0xD8, 0xFF, 0xFB, 0x25, 0x00, 0x03, 0xEB, 0xFF, 0xFF, 0xFF, 0xFF, 0xFF,
0xFF, 0xFF, 0xFB, 0x63, 0x00, 0x00, 0x00, 0x45, 0xA0, 0xD7, 0xF3, 0xFC, 0xF4, 0xD6, 0x97, 0x2C,
0x00, 0x00, 0xB0, 0xFF, 0xB4, 0x00, 0x00, 0x00, 0x00, 0x00, 0x00, 0x00, 0x00, 0x00, 0x00, 0xB0,
0xFF, 0xB4, 0x00, 0x00, 0x00, 0x00, 0x00, 0x00, 0x00, 0x00, 0x00, 0x00, 0xB0, 0xFF, 0xB4, 0x00,
0x00, 0x00, 0x00, 0x00, 0x00, 0x00, 0x00, 0x00, 0x00, 0xB0, 0xFF, 0xB4, 0x00, 0x00, 0x00, 0x00,
0x00, 0x00, 0x00, 0x00, 0x00, 0x00, 0xB0, 0xFF, 0xB4, 0x00, 0x00, 0x00, 0x00, 0x00, 0x00, 0x00,
0x00, 0x00, 0x00, 0xB0, 0xFF, 0xB4, 0x00, 0x00, 0x00, 0x00, 0x00, 0x00, 0x00, 0x00, 0x00, 0x00,
0xB0, 0xFF, 0xB4, 0x00, 0x50, 0xB7, 0xEA, 0xFB, 0xEC, 0xB8, 0x44, 0x00, 0x00, 0xB0, 0xFF, 0xB8,
0xA2, 0xFF, 0xFF, 0xFF, 0xFF, 0xFF, 0xFF, 0xFD, 0x4C, 0x00, 0xB0, 0xFF, 0xFF, 0xFF, 0xBA, 0x3C,
0x0C, 0x14, 0x6E, 0xFB, 0xFF, 0xD2, 0x00, 0xB0, 0xFF, 0xFF, 0xA0, 0x01, 0x00, 0x00, 0x00, 0x00,
0x8B, 0xFF, 0xFF, 0x19, 0xB0, 0xFF, 0xF2, 0x0D, 0x00, 0x00, 0x00, 0x00, 0x00, 0x3C, 0xFF, 0xFF,
0x40, 0xB0, 0xFF, 0xB6, 0x00, 0x00, 0x00, 0x00, 0x00, 0x00, 0x1C, 0xFF, 0xFF, 0x50, 0xB0, 0xFF,
0xB4, 0x00, 0x00, 0x00, 0x00, 0x00, 0x00, 0x11, 0xFF, 0xFF, 0x57, 0xB0, 0xFF, 0xB4, 0x00, 0x00,
0x00, 0x00, 0x00, 0x00, 0x10, 0xFF, 0xFF, 0x58, 0xB0, 0xFF, 0xB4, 0x00, 0x00, 0x00, 0x00, 0x00,
0x00, 0x10, 0xFF, 0xFF, 0x58, 0xB0, 0xFF, 0xB4, 0x00, 0x00, 0x00, 0x00, 0x00, 0x00, 0x10, 0xFF,
0xFF, 0x58, 0xB0, 0xFF, 0xB4, 0x00, 0x00, 0x00, 0x00, 0x00, 0x00, 0x10, 0xFF, 0xFF, 0x58, 0xB0,
0xFF, 0xB4, 0x00, 0x00, 0x00, 0x00, 0x00, 0x00, 0x10, 0xFF, 0xFF, 0x58, 0xB0, 0xFF, 0xB4, 0x00,
0x00, 0x00, 0x00, 0x00, 0x00, 0x10, 0xFF, 0xFF, 0x58, 0xB0, 0xFF, 0xB4, 0x00, 0x00, 0x00, 0x00,
0x00, 0x00, 0x10, 0xFF, 0xFF, 0x58, 0xB0, 0xFF, 0xB4, 0x00, 0x00, 0x00, 0x00, 0x00, 0x00, 0x10,
0xFF, 0xFF, 0x58, 0x3F, 0xE6, 0xE0, 0x3A, 0xA3, 0xFF, 0xFF, 0xA5, 0x47, 0xE9, 0xE4, 0x42, 0x00,
0x00, 0x00, 0x00, 0x00, 0x00, 0x00, 0x00, 0x00, 0x00, 0x00, 0x00, 0x30, 0xFF, 0xFF, 0x38, 0x30,
0xFF, 0xFF, 0x38, 0x30, 0xFF, 0xFF, 0x38, 0x30, 0xFF, 0xFF, 0x38, 0x30, 0xFF, 0xFF, 0x38, 0x30,
0xFF, 0xFF, 0x38, 0x30, 0xFF, 0xFF, 0x38, 0x30, 0xFF, 0xFF, 0x38, 0x30, 0xFF, 0xFF, 0x38, 0x30,
0xFF, 0xFF, 0x38, 0x30, 0xFF, 0xFF, 0x38, 0x30, 0xFF, 0xFF, 0x38, 0x30, 0xFF, 0xFF, 0x38, 0x30,
0xFF, 0xFF, 0x38, 0x30, 0xFF, 0xFF, 0x38, 0x00, 0x00, 0x44, 0xE8, 0xDE, 0x35, 0x00, 0x00, 0xAB,
0xFF, 0xFF, 0x9D, 0x00, 0x00, 0x4D, 0xEA, 0xE2, 0x3D, 0x00, 0x00, 0x00, 0x00, 0x00, 0x00, 0x00,
0x00, 0x00, 0x00, 0x00, 0x00, 0x00, 0x00, 0x00, 0x00, 0x00, 0x00, 0x00, 0x00, 0x34, 0xFF, 0xFF,
0x30, 0x00, 0x00, 0x34, 0xFF, 0xFF, 0x30, 0x00, 0x00, 0x34, 0xFF, 0xFF, 0x30, 0x00, 0x00, 0x34,
0xFF, 0xFF, 0x30, 0x00, 0x00, 0x34, 0xFF, 0xFF, 0x30, 0x00, 0x00, 0x34, 0xFF, 0xFF, 0x30, 0x00,
0x00, 0x34, 0xFF, 0xFF, 0x30, 0x00, 0x00, 0x34, 0xFF, 0xFF, 0x30, 0x00, 0x00, 0x34, 0xFF, 0xFF,
0x30, 0x00, 0x00, 0x34, 0xFF, 0xFF, 0x30, 0x00, 0x00, 0x34, 0xFF, 0xFF, 0x30, 0x00, 0x00, 0x34,
0xFF, 0xFF, 0x30, 0x00, 0x00, 0x34, 0xFF, 0xFF, 0x30, 0x00, 0x00, 0x34, 0xFF, 0xFF, 0x30, 0x00,
0x00, 0x34, 0xFF, 0xFF, 0x30, 0x00, 0x00, 0x38, 0xFF, 0xFF, 0x2E, 0x00, 0x00, 0x48, 0xFF, 0xFF,
0x23, 0x00, 0x00, 0x79, 0xFF, 0xFC, 0x07, 0x05, 0x40, 0xEB, 0xFF, 0xC2, 0x00, 0xBC, 0xFF, 0xFF,
0xFE, 0x47, 0x00, 0xB6, 0xF8, 0xCE, 0x52, 0x00, 0x00, 0xB0, 0xFF, 0xB4, 0x00, 0x00, 0x00, 0x00,
0x00, 0x00, 0x00, 0x00, 0x00, 0xB0, 0xFF, 0xB4, 0x00, 0x00, 0x00, 0x00, 0x00, 0x00, 0x00, 0x00,
0x00, 0xB0, 0xFF, 0xB4, 0x00, 0x00, 0x00, 0x00, 0x00, 0x00, 0x00, 0x00, 0x00, 0xB0, 0xFF, 0xB4,
0x00, 0x00, 0x00, 0x00, 0x00, 0x00, 0x00, 0x00, 0x00, 0xB0, 0xFF, 0xB4, 0x00, 0x00, 0x00, 0x00,
0x00, 0x00, 0x00, 0x00, 0x00, 0xB0, 0xFF, 0xB4, 0x00, 0x00, 0x00, 0x00, 0x00, 0x00, 0x00, 0x00,
0x00, 0xB0, 0xFF, 0xB4, 0x00, 0x00, 0x00, 0x00, 0x02, 0xC0, 0xFF, 0xEA, 0x18, 0xB0, 0xFF, 0xB4,
0x00, 0x00, 0x00, 0x00, 0x79, 0xFF, 0xFE, 0x49, 0x00, 0xB0, 0xFF, 0xB4, 0x00, 0x00, 0x00, 0x33,
0xFA, 0xFF, 0x8E, 0x00, 0x00, 0xB0, 0xFF, 0xB4, 0x00, 0x00, 0x0A, 0xD8, 0xFF, 0xCD, 0x06, 0x00,
0x00, 0xB0, 0xFF, 0xB4, 0x00, 0x00, 0x9A, 0xFF, 0xF4, 0x26, 0x00, 0x00, 0x00, 0xB0, 0xFF, 0xB4,
0x00, 0x4F, 0xFF, 0xFF, 0x60, 0x00, 0x00, 0x00, 0x00, 0xB0, 0xFF, 0xB7, 0x48, 0xEB, 0xFF, 0x88,
0x00, 0x00, 0x00, 0x00, 0x00, 0xB0, 0xFF, 0xFF, 0xFF, 0xFF, 0xD8, 0x12, 0x00, 0x00, 0x00, 0x00,
0x00, 0xB0, 0xFF, 0xFF, 0xFF, 0xFF, 0xFF, 0xE0, 0x22, 0x00, 0x00, 0x00, 0x00, 0xB0, 0xFF, 0xB4,
0x00, 0x7E, 0xFF, 0xFF, 0xCE, 0x08, 0x00, 0x00, 0x00, 0xB0, 0xFF, 0xB4, 0x00, 0x00, 0xA7, 0xFF,
0xFF, 0x9B, 0x00, 0x00, 0x00, 0xB0, 0xFF, 0xB4, 0x00, 0x00, 0x08, 0xCA, 0xFF, 0xFF, 0x5F, 0x00,
0x00, 0xB0, 0xFF, 0xB4, 0x00, 0x00, 0x00, 0x19, 0xE4, 0xFF, 0xF6, 0x2E, 0x00, 0xB0, 0xFF, 0xB4,
0x00, 0x00, 0x00, 0x00, 0x32, 0xF5, 0xFF, 0xDA, 0x0E, 0xB0, 0xFF, 0xB4, 0x00, 0x00, 0x00, 0x00,
0x00, 0x54, 0xFE, 0xFF, 0xAC, 0x6C, 0xFF, 0xFC, 0x00, 0x00, 0x00, 0x00, 0x6C, 0xFF, 0xFC, 0x00,
0x00, 0x00, 0x00, 0x6C, 0xFF, 0xFC, 0x00, 0x00, 0x00, 0x00, 0x6C, 0xFF, 0xFC, 0x00, 0x00, 0x00,
0x00, 0x6C, 0xFF, 0xFC, 0x00, 0x00, 0x00, 0x00, 0x6C, 0xFF, 0xFC, 0x00, 0x00, 0x00, 0x00, 0x6C,
0xFF, 0xFC, 0x00, 0x00, 0x00, 0x00, 0x6C, 0xFF, 0xFC, 0x00, 0x00, 0x00, 0x00, 0x6C, 0xFF, 0xFC,
0x00, 0x00, 0x00, 0x00, 0x6C, 0xFF, 0xFC, 0x00, 0x00, 0x00, 0x00, 0x6C, 0xFF, 0xFC, 0x00, 0x00,
0x00, 0x00, 0x6C, 0xFF, 0xFC, 0x00, 0x00, 0x00, 0x00, 0x6C, 0xFF, 0xFC, 0x00, 0x00, 0x00, 0x00,
0x6C, 0xFF, 0xFC, 0x00, 0x00, 0x00, 0x00, 0x6C, 0xFF, 0xFC, 0x00, 0x00, 0x00, 0x00, 0x6C, 0xFF,
0xFC, 0x00, 0x00, 0x00, 0x00, 0x6C, 0xFF, 0xFC, 0x00, 0x00, 0x00, 0x00, 0x6B, 0xFF, 0xFF, 0x07,
0x00, 0x00, 0x00, 0x5B, 0xFF, 0xFF, 0x69, 0x06, 0x24, 0x12, 0x1A, 0xF8, 0xFF, 0xFF, 0xFF, 0xFF,
0x56, 0x00, 0x42, 0xC8, 0xF6, 0xEC, 0xC8, 0x42, 0xB0, 0xFF, 0x17, 0x01, 0x62, 0xC5, 0xED, 0xF6,
0xD4, 0x6D, 0x00, 0x00, 0x1F, 0x92, 0xDD, 0xF8, 0xF1, 0xC4, 0x52, 0x00, 0x00, 0xB0, 0xFF, 0x57,
0xB7, 0xFF, 0xFF, 0xFF, 0xFF, 0xFF, 0xFF, 0x76, 0x41, 0xF0, 0xFF, 0xFF, 0xFF, 0xFF, 0xFF, 0xFF,
0x54, 0x00, 0xB0, 0xFF, 0xF8, 0xFC, 0x85, 0x20, 0x07, 0x3A, 0xDD, 0xFF, 0xF1, 0xED, 0xE9, 0x5B,
0x16, 0x09, 0x4C, 0xED, 0xFF, 0xD2, 0x00, 0xB0, 0xFF, 0xFF, 0x6C, 0x00, 0x00, 0x00, 0x00, 0x4B,
0xFF, 0xFF, 0xFD, 0x3A, 0x00, 0x00, 0x00, 0x00, 0x6F, 0xFF, 0xFF, 0x13, 0xB0, 0xFF, 0xDD, 0x02,
0x00, 0x00, 0x00, 0x00, 0x0C, 0xFF, 0xFF, 0xBC, 0x00, 0x00, 0x00, 0x00, 0x00, 0x34, 0xFF, 0xFF,
0x36, 0xB0, 0xFF, 0xB4, 0x00, 0x00, 0x00, 0x00, 0x00, 0x00, 0xF2, 0xFF, 0x81, 0x00, 0x00, 0x00,
0x00, 0x00, 0x21, 0xFF, 0xFF, 0x44, 0xB0, 0xFF, 0xB4, 0x00, 0x00, 0x00, 0x00, 0x00, 0x00, 0xE9,
0xFF, 0x80, 0x00, 0x00, 0x00, 0x00, 0x00, 0x1C, 0xFF, 0xFF, 0x4B, 0xB0, 0xFF, 0xB4, 0x00, 0x00,
0x00, 0x00, 0x00, 0x00, 0xE8, 0xFF, 0x80, 0x00, 0x00, 0x00, 0x00, 0x00, 0x1C, 0xFF, 0xFF, 0x4C,
0xB0, 0xFF, 0xB4, 0x00, 0x00, 0x00, 0x00, 0x00, 0x00, 0xE8, 0xFF, 0x80, 0x00, 0x00, 0x00, 0x00,
0x00, 0x1C, 0xFF, 0xFF, 0x4C, 0xB0, 0xFF, 0xB4, 0x00, 0x00, 0x00, 0x00, 0x00, 0x00, 0xE8, 0xFF,
0x80, 0x00, 0x00, 0x00, 0x00, 0x00, 0x1C, 0xFF, 0xFF, 0x4C, 0xB0, 0xFF, 0xB4, 0x00, 0x00, 0x00,
0x00, 0x00, 0x00, 0xE8, 0xFF, 0x80, 0x00, 0x00, 0x00, 0x00, 0x00, 0x1C, 0xFF, 0xFF, 0x4C, 0xB0,
0xFF, 0xB4, 0x00, 0x00, 0x00, 0x00, 0x00, 0x00, 0xE8, 0xFF, 0x80, 0x00, 0x00, 0x00, 0x00, 0x00,
0x1C, 0xFF, 0xFF, 0x4C, 0xB0, 0xFF, 0xB4, 0x00, 0x00, 0x00, 0x00, 0x00, 0x00, 0xE8, 0xFF, 0x80,
0x00, 0x00, 0x00, 0x00, 0x00, 0x1C, 0xFF, 0xFF, 0x4C, 0xB0, 0xFF, 0xB4, 0x00, 0x00, 0x00, 0x00,
0x00, 0x00, 0xE8, 0xFF, 0x80, 0x00, 0x00, 0x00, 0x00, 0x00, 0x1C, 0xFF, 0xFF, 0x4C, 0xB0, 0xFF,
0xB4, 0x00, 0x00, 0x00, 0x00, 0x00, 0x00, 0xE8, 0xFF, 0x80, 0x00, 0x00, 0x00, 0x00, 0x00, 0x1C,
0xFF, 0xFF, 0x4C, 0xB0, 0xFF, 0x17, 0x01, 0x5C, 0xBB, 0xE9, 0xFB, 0xEA, 0xB3, 0x3B, 0x00, 0x00,
0xB0, 0xFF, 0x58, 0xBC, 0xFF, 0xFF, 0xFF, 0xFF, 0xFF, 0xFF, 0xFA, 0x3F, 0x00, 0xB0, 0xFF, 0xF8,
0xFF, 0xAA, 0x36, 0x0C, 0x14, 0x71, 0xFD, 0xFF, 0xC6, 0x00, 0xB0, 0xFF, 0xFF, 0x8D, 0x00, 0x00,
0x00, 0x00, 0x00, 0x98, 0xFF, 0xFF, 0x13, 0xB0, 0xFF, 0xE4, 0x07, 0x00, 0x00, 0x00, 0x00, 0x00,
0x45, 0xFF, 0xFF, 0x3E, 0xB0, 0xFF, 0xB4, 0x00, 0x00, 0x00, 0x00, 0x00, 0x00, 0x1F, 0xFF, 0xFF,
0x4F, 0xB0, 0xFF, 0xB4, 0x00, 0x00, 0x00, 0x00, 0x00, 0x00, 0x12, 0xFF, 0xFF, 0x57, 0xB0, 0xFF,
0xB4, 0x00, 0x00, 0x00, 0x00, 0x00, 0x00, 0x10, 0xFF, 0xFF, 0x58, 0xB0, 0xFF, 0xB4, 0x00, 0x00,
0x00, 0x00, 0x00, 0x00, 0x10, 0xFF, 0xFF, 0x58, 0xB0, 0xFF, 0xB4, 0x00, 0x00, 0x00, 0x00, 0x00,
0x00, 0x10, 0xFF, 0xFF, 0x58, 0xB0, 0xFF, 0xB4, 0x00, 0x00, 0x00, 0x00, 0x00, 0x00, 0x10, 0xFF,
0xFF, 0x58, 0xB0, 0xFF, 0xB4, 0x00, 0x00, 0x00, 0x00, 0x00, 0x00, 0x10, 0xFF, 0xFF, 0x58, 0xB0,
0xFF, 0xB4, 0x00, 0x00, 0x00, 0x00, 0x00, 0x00, 0x10, 0xFF, 0xFF, 0x58, 0xB0, 0xFF, 0xB4, 0x00,
0x00, 0x00, 0x00, 0x00, 0x00, 0x10, 0xFF, 0xFF, 0x58, 0xB0, 0xFF, 0xB4, 0x00, 0x00, 0x00, 0x00,
0x00, 0x00, 0x10, 0xFF, 0xFF, 0x58, 0x00, 0x00, 0x00, 0x24, 0x95, 0xD8, 0xF4, 0xF5, 0xDC, 0x9A,
0x2C, 0x00, 0x00, 0x00, 0x00, 0x00, 0x5F, 0xFA, 0xFF, 0xFF, 0xFF, 0xFF, 0xFF, 0xFF, 0xFC, 0x70,
0x00, 0x00, 0x00, 0x3D, 0xFD, 0xFF, 0xCD, 0x44, 0x0C, 0x0D, 0x49, 0xD6, 0xFF, 0xFF, 0x4F, 0x00,
0x00, 0xC9, 0xFF, 0xDD, 0x0D, 0x00, 0x00, 0x00, 0x00, 0x12, 0xE0, 0xFF, 0xDB, 0x01, 0x25, 0xFF,
0xFF, 0x67, 0x00, 0x00, 0x00, 0x00, 0x00, 0x00, 0x66, 0xFF, 0xFF, 0x37, 0x5C, 0xFF, 0xFF, 0x22,
0x00, 0x00, 0x00, 0x00, 0x00, 0x00, 0x1C, 0xFF, 0xFF, 0x6E, 0x79, 0xFF, 0xFE, 0x02, 0x00, 0x00,
0x00, 0x00, 0x00, 0x00, 0x02, 0xFA, 0xFF, 0x8C, 0x84, 0xFF, 0xF8, 0x00, 0x00, 0x00, 0x00, 0x00,
0x00, 0x00, 0x00, 0xE5, 0xFF, 0x97, 0x79, 0xFF, 0xFF, 0x0E, 0x00, 0x00, 0x00, 0x00, 0x00, 0x00,
0x00, 0xED, 0xFF, 0x8B, 0x5B, 0xFF, 0xFF, 0x2F, 0x00, 0x00, 0x00, 0x00, 0x00, 0x00, 0x10, 0xFF,
0xFF, 0x6F, 0x24, 0xFF, 0xFF, 0x8A, 0x00, 0x00, 0x00, 0x00, 0x00, 0x00, 0x54, 0xFF, 0xFF, 0x38,
0x00, 0xC8, 0xFF, 0xEE, 0x1D, 0x00, 0x00, 0x00, 0x00, 0x07, 0xCF, 0xFF, 0xDA, 0x01, 0x00, 0x3D,
0xFE, 0xFF, 0xE0, 0x52, 0x0F, 0x09, 0x3C, 0xC1, 0xFF, 0xFF, 0x4E, 0x00, 0x00, 0x00, 0x60, 0xFA,
0xFF, 0xFF, 0xFF, 0xFF, 0xFF, 0xFF, 0xFD, 0x71, 0x00, 0x00, 0x00, 0x00, 0x00, 0x25, 0x95, 0xD8,
0xF4, 0xF6, 0xDD, 0x9D, 0x2E, 0x00, 0x00, 0x00, 0x81, 0xBA, 0x09, 0x0D, 0x84, 0xD6, 0xF7, 0xF2,
0xD0, 0x84, 0x13, 0x00, 0x00, 0xB0, 0xFF, 0x5B, 0xDC, 0xFF, 0xFF, 0xFF, 0xFF, 0xFF, 0xFF, 0xE3,
0x27, 0x00, 0xB0, 0xFF, 0xFD, 0xF7, 0x78, 0x1F, 0x07, 0x28, 0x99, 0xFF, 0xFF, 0xCC, 0x00, 0xB0,
0xFF, 0xFF, 0x62, 0x00, 0x00, 0x00, 0x00, 0x00, 0x9D, 0xFF, 0xFF, 0x3C, 0xB0, 0xFF, 0xE5, 0x02,
0x00, 0x00, 0x00, 0x00, 0x00, 0x20, 0xFF, 0xFF, 0x80, 0xB0, 0xFF, 0xB4, 0x00, 0x00, 0x00, 0x00,
0x00, 0x00, 0x00, 0xE8, 0xFF, 0xA9, 0xB0, 0xFF, 0xB4, 0x00, 0x00, 0x00, 0x00, 0x00, 0x00, 0x00,
0xCE, 0xFF, 0xBA, 0xB0, 0xFF, 0xB4, 0x00, 0x00, 0x00, 0x00, 0x00, 0x00, 0x00, 0xC1, 0xFF, 0xBD,
0xB0, 0xFF, 0xB4, 0x00, 0x00, 0x00, 0x00, 0x00, 0x00, 0x00, 0xD3, 0xFF, 0xAB, 0xB0, 0xFF, 0xB4,
0x00, 0x00, 0x00, 0x00, 0x00, 0x00, 0x08, 0xF9, 0xFF, 0x80, 0xB0, 0xFF, 0xB4, 0x00, 0x00, 0x00,
0x00, 0x00, 0x00, 0x5B, 0xFF, 0xFF, 0x3A, 0xB0, 0xFF, 0xB4, 0x00, 0x00, 0x00, 0x00, 0x00, 0x17,
0xE2, 0xFF, 0xCA, 0x00, 0xB0, 0xFF, 0xED, 0x6C, 0x19, 0x04, 0x12, 0x58, 0xDE, 0xFF, 0xF7, 0x2F,
0x00, 0xB0, 0xFF, 0xFF, 0xFF, 0xFF, 0xFF, 0xFF, 0xFF, 0xFF, 0xED, 0x41, 0x00, 0x00, 0xB0, 0xFF,
0xD7, 0xAF, 0xEC, 0xFD, 0xF1, 0xCD, 0x7F, 0x11, 0x00, 0x00, 0x00, 0xB0, 0xFF, 0xB4, 0x00, 0x00,
0x00, 0x00, 0x00, 0x00, 0x00, 0x00, 0x00, 0x00, 0xB0, 0xFF, 0xB4, 0x00, 0x00, 0x00, 0x00, 0x00,
0x00, 0x00, 0x00, 0x00, 0x00, 0xB0, 0xFF, 0xB4, 0x00, 0x00, 0x00, 0x00, 0x00, 0x00, 0x00, 0x00,
0x00, 0x00, 0xB0, 0xFF, 0xB4, 0x00, 0x00, 0x00, 0x00, 0x00, 0x00, 0x00, 0x00, 0x00, 0x00, 0xB0,
0xFF, 0xB4, 0x00, 0x00, 0x00, 0x00, 0x00, 0x00, 0x00, 0x00, 0x00, 0x00, 0xB0, 0xFF, 0xB4, 0x00,
0x00, 0x00, 0x00, 0x00, 0x00, 0x00, 0x00, 0x00, 0x00, 0x00, 0x00, 0x00, 0x0E, 0x72, 0xBC, 0xE8,
0xF9, 0xF6, 0xE3, 0xBC, 0x82, 0x2E, 0x00, 0x00, 0x3F, 0xEA, 0xFF, 0xFF, 0xFF, 0xFF, 0xFF, 0xFF,
0xFF, 0xFF, 0xCC, 0x00, 0x2B, 0xF5, 0xFF, 0xE3, 0x5E, 0x16, 0x05, 0x18, 0x44, 0xCA, 0xFF, 0xCC,
0x00, 0xBA, 0xFF, 0xEB, 0x1C, 0x00, 0x00, 0x00, 0x00, 0x00, 0x98, 0xFF, 0xCC, 0x1E, 0xFF, 0xFF,
0x73, 0x00, 0x00, 0x00, 0x00, 0x00, 0x00, 0x98, 0xFF, 0xCC, 0x5A, 0xFF, 0xFF, 0x27, 0x00, 0x00,
0x00, 0x00, 0x00, 0x00, 0x98, 0xFF, 0xCC, 0x77, 0xFF, 0xFE, 0x03, 0x00, 0x00, 0x00, 0x00, 0x00,
0x00, 0x98, 0xFF, 0xCC, 0x84, 0xFF, 0xF8, 0x00, 0x00, 0x00, 0x00, 0x00, 0x00, 0x00, 0x98, 0xFF,
0xCC, 0x7B, 0xFF, 0xFF, 0x0B, 0x00, 0x00, 0x00, 0x00, 0x00, 0x00, 0x98, 0xFF, 0xCC, 0x66, 0xFF,
0xFF, 0x24, 0x00, 0x00, 0x00, 0x00, 0x00, 0x00, 0x98, 0xFF, 0xCC, 0x3B, 0xFF, 0xFF, 0x64, 0x00,
0x00, 0x00, 0x00, 0x00, 0x00, 0xCC, 0xFF, 0xCC, 0x05, 0xEC, 0xFF, 0xD8, 0x0A, 0x00, 0x00, 0x00,
0x00, 0x42, 0xFF, 0xFF, 0xCC, 0x00, 0x7F, 0xFF, 0xFF, 0xC3, 0x38, 0x08, 0x19, 0x63, 0xEC, 0xFF,
0xFF, 0xCC, 0x00, 0x07, 0xB9, 0xFF, 0xFF, 0xFF, 0xFF, 0xFF, 0xFF, 0xE7, 0xBA, 0xFF, 0xCC, 0x00,
0x00, 0x03, 0x67, 0xC3, 0xEF, 0xFA, 0xE4, 0x9F, 0x1C, 0x98, 0xFF, 0xCC, 0x00, 0x00, 0x00, 0x00,
0x00, 0x00, 0x00, 0x00, 0x00, 0x00, 0x98, 0xFF, 0xCC, 0x00, 0x00, 0x00, 0x00, 0x00, 0x00, 0x00,
0x00, 0x00, 0x00, 0x98, 0xFF, 0xCC, 0x00, 0x00, 0x00, 0x00, 0x00, 0x00, 0x00, 0x00, 0x00, 0x00,
0x98, 0xFF, 0xCC, 0x00, 0x00, 0x00, 0x00, 0x00, 0x00, 0x00, 0x00, 0x00, 0x00, 0x98, 0xFF, 0xCC,
0x00, 0x00, 0x00, 0x00, 0x00, 0x00, 0x00, 0x00, 0x00, 0x00, 0x98, 0xFF, 0xCC, 0x00, 0x00, 0x00,
0x00, 0x00, 0x00, 0x00, 0x00, 0x00, 0x00, 0x98, 0xFF, 0xCC, 0xB0, 0xFF, 0x17, 0x26, 0xB5, 0xF1,
0xF5, 0xAC, 0xB0, 0xFF, 0x67, 0xE9, 0xFF, 0xFF, 0xFF, 0x97, 0xB0, 0xFF, 0xFB, 0xD2, 0x3E, 0x0A,
0x17, 0x1B, 0xB0, 0xFF, 0xF8, 0x1C, 0x00, 0x00, 0x00, 0x00, 0xB0, 0xFF, 0xBD, 0x00, 0x00, 0x00,
0x00, 0x00, 0xB0, 0xFF, 0xB4, 0x00, 0x00, 0x00, 0x00, 0x00, 0xB0, 0xFF, 0xB4, 0x00, 0x00, 0x00,
0x00, 0x00, 0xB0, 0xFF, 0xB4, 0x00, 0x00, 0x00, 0x00, 0x00, 0xB0, 0xFF, 0xB4, 0x00, 0x00, 0x00,
0x00, 0x00, 0xB0, 0xFF, 0xB4, 0x00, 0x00, 0x00, 0x00, 0x00, 0xB0, 0xFF, 0xB4, 0x00, 0x00, 0x00,
0x00, 0x00, 0xB0, 0xFF, 0xB4, 0x00, 0x00, 0x00, 0x00, 0x00, 0xB0, 0xFF, 0xB4, 0x00, 0x00, 0x00,
0x00, 0x00, 0xB0, 0xFF, 0xB4, 0x00, 0x00, 0x00, 0x00, 0x00, 0xB0, 0xFF, 0xB4, 0x00, 0x00, 0x00,
0x00, 0x00, 0x00, 0x01, 0x55, 0xBF, 0xE5, 0xFB, 0xF0, 0xCD, 0x8E, 0x31, 0x00, 0x00, 0x95, 0xFF,
0xFF, 0xFF, 0xFF, 0xFF, 0xFF, 0xFF, 0xCE, 0x00, 0x1B, 0xFE, 0xFF, 0xAD, 0x25, 0x06, 0x12, 0x45,
0x9A, 0x7B, 0x00, 0x47, 0xFF, 0xFF, 0x26, 0x00, 0x00, 0x00, 0x00, 0x00, 0x00, 0x00, 0x3F, 0xFF,
0xFF, 0x3D, 0x00, 0x00, 0x00, 0x00, 0x00, 0x00, 0x00, 0x0B, 0xEC, 0xFF, 0xEA, 0x6B, 0x08, 0x00,
0x00, 0x00, 0x00, 0x00, 0x00, 0x34, 0xE9, 0xFF, 0xFF, 0xEF, 0x98, 0x27, 0x00, 0x00, 0x00, 0x00,
0x00, 0x17, 0x84, 0xEA, 0xFF, 0xFF, 0xFD, 0x9E, 0x09, 0x00, 0x00, 0x00, 0x00, 0x00, 0x05, 0x4F,
0xBE, 0xFF, 0xFF, 0xA5, 0x00, 0x00, 0x00, 0x00, 0x00, 0x00, 0x00, 0x00, 0x8E, 0xFF, 0xFF, 0x21,
0x00, 0x00, 0x00, 0x00, 0x00, 0x00, 0x00, 0x25, 0xFF, 0xFF, 0x47, 0x00, 0x00, 0x00, 0x00, 0x00,
0x00, 0x00, 0x43, 0xFF, 0xFF, 0x38, 0x4A, 0xBA, 0x60, 0x24, 0x07, 0x0E, 0x47, 0xDB, 0xFF, 0xE7,
0x05, 0xA6, 0xFF, 0xFF, 0xFF, 0xFF, 0xFF, 0xFF, 0xFF, 0xF7, 0x49, 0x00, 0x25, 0x80, 0xC1, 0xE9,
0xF9, 0xF9, 0xDE, 0x9B, 0x27, 0x00, 0x00, 0x00, 0x00, 0x19, 0x82, 0xD2, 0x0F, 0x00, 0x00, 0x00,
0x00, 0x00, 0x00, 0x54, 0xFF, 0xFF, 0x10, 0x00, 0x00, 0x00, 0x00, 0x00, 0x00, 0x54, 0xFF, 0xFF,
0x10, 0x00, 0x00, 0x00, 0x00, 0x00, 0x00, 0x54, 0xFF, 0xFF, 0x10, 0x00, 0x00, 0x00, 0x00, 0xAC,
0xFF, 0xFF, 0xFF, 0xFF, 0xFF, 0xFF, 0xFF, 0xFF, 0x28, 0xAC, 0xFF, 0xFF, 0xFF, 0xFF, 0xFF, 0xFF,
0xFF, 0xFF, 0x28, 0x00, 0x00, 0x54, 0xFF, 0xFF, 0x10, 0x00, 0x00, 0x00, 0x00, 0x00, 0x00, 0x54,
0xFF, 0xFF, 0x10, 0x00, 0x00, 0x00, 0x00, 0x00, 0x00, 0x54, 0xFF, 0xFF, 0x10, 0x00, 0x00, 0x00,
0x00, 0x00, 0x00, 0x54, 0xFF, 0xFF, 0x10, 0x00, 0x00, 0x00, 0x00, 0x00, 0x00, 0x54, 0xFF, 0xFF,
0x10, 0x00, 0x00, 0x00, 0x00, 0x00, 0x00, 0x54, 0xFF, 0xFF, 0x10, 0x00, 0x00, 0x00, 0x00, 0x00,
0x00, 0x54, 0xFF, 0xFF, 0x10, 0x00, 0x00, 0x00, 0x00, 0x00, 0x00, 0x54, 0xFF, 0xFF, 0x10, 0x00,
0x00, 0x00, 0x00, 0x00, 0x00, 0x53, 0xFF, 0xFF, 0x16, 0x00, 0x00, 0x00, 0x00, 0x00, 0x00, 0x49,
0xFF, 0xFF, 0x30, 0x00, 0x00, 0x00, 0x00, 0x00, 0x00, 0x26, 0xFF, 0xFF, 0xA3, 0x0F, 0x18, 0x83,
0x67, 0x00, 0x00, 0x00, 0xD3, 0xFF, 0xFF, 0xFF, 0xFF, 0xFF, 0xB4, 0x00, 0x00, 0x00, 0x28, 0xBC,
0xF6, 0xF8, 0xD9, 0x8E, 0x25, 0xF0, 0xFF, 0x78, 0x00, 0x00, 0x00, 0x00, 0x00, 0x00, 0x8C, 0xFF,
0xDC, 0x00, 0xF0, 0xFF, 0x78, 0x00, 0x00, 0x00, 0x00, 0x00, 0x00, 0x8C, 0xFF, 0xDC, 0x00, 0xF0,
0xFF, 0x78, 0x00, 0x00, 0x00, 0x00, 0x00, 0x00, 0x8C, 0xFF, 0xDC, 0x00, 0xF0, 0xFF, 0x78, 0x00,
0x00, 0x00, 0x00, 0x00, 0x00, 0x8C, 0xFF, 0xDC, 0x00, 0xF0, 0xFF, 0x78, 0x00, 0x00, 0x00, 0x00,
0x00, 0x00, 0x8C, 0xFF, 0xDC, 0x00, 0xF0, 0xFF, 0x78, 0x00, 0x00, 0x00, 0x00, 0x00, 0x00, 0x8C,
0xFF, 0xDC, 0x00, 0xF0, 0xFF, 0x78, 0x00, 0x00, 0x00, 0x00, 0x00, 0x00, 0x8C, 0xFF, 0xDC, 0x00,
0xF0, 0xFF, 0x78, 0x00, 0x00, 0x00, 0x00, 0x00, 0x00, 0x8C, 0xFF, 0xDC, 0x00, 0xEF, 0xFF, 0x79,
0x00, 0x00, 0x00, 0x00, 0x00, 0x00, 0x8C, 0xFF, 0xDC, 0x00, 0xE9, 0xFF, 0x82, 0x00, 0x00, 0x00,
0x00, 0x00, 0x00, 0x8D, 0xFF, 0xDC, 0x00, 0xD8, 0xFF, 0xA0, 0x00, 0x00, 0x00, 0x00, 0x00, 0x04,
0xDD, 0xFF, 0xDC, 0x00, 0xAE, 0xFF, 0xE5, 0x06, 0x00, 0x00, 0x00, 0x00, 0x8C, 0xFF, 0xFF, 0xE2,
0x00, 0x61, 0xFF, 0xFF, 0xAA, 0x21, 0x09, 0x31, 0xA6, 0xFF, 0xB1, 0xFB, 0xEB, 0x00, 0x05, 0xCD,
0xFF, 0xFF, 0xFF, 0xFF, 0xFF, 0xFF, 0xBE, 0x0B, 0xCC, 0xFA, 0x01, 0x00, 0x0F, 0x8E, 0xDB, 0xF8,
0xF0, 0xCB, 0x6A, 0x04, 0x00, 0x91, 0xFF, 0x1B, 0x85, 0xFF, 0xFF, 0x3C, 0x00, 0x00, 0x00, 0x00,
0x00, 0x00, 0x00, 0x97, 0xFF, 0xEE, 0x0A, 0x1A, 0xFA, 0xFF, 0xA7, 0x00, 0x00, 0x00, 0x00, 0x00,
0x00, 0x0A, 0xF0, 0xFF, 0x8B, 0x00, 0x00, 0xA6, 0xFF, 0xFA, 0x18, 0x00, 0x00, 0x00, 0x00, 0x00,
0x60, 0xFF, 0xFD, 0x21, 0x00, 0x00, 0x37, 0xFF, 0xFF, 0x7D, 0x00, 0x00, 0x00, 0x00, 0x00, 0xC4,
0xFF, 0xB1, 0x00, 0x00, 0x00, 0x00, 0xC8, 0xFF, 0xE4, 0x04, 0x00, 0x00, 0x00, 0x29, 0xFF, 0xFF,
0x44, 0x00, 0x00, 0x00, 0x00, 0x59, 0xFF, 0xFF, 0x53, 0x00, 0x00, 0x00, 0x8E, 0xFF, 0xD6, 0x00,
0x00, 0x00, 0x00, 0x00, 0x04, 0xE4, 0xFF, 0xBE, 0x00, 0x00, 0x06, 0xEB, 0xFF, 0x6A, 0x00, 0x00,
0x00, 0x00, 0x00, 0x00, 0x7A, 0xFF, 0xFF, 0x29, 0x00, 0x57, 0xFF, 0xF1, 0x0C, 0x00, 0x00, 0x00,
0x00, 0x00, 0x00, 0x14, 0xF7, 0xFF, 0x91, 0x00, 0xB7, 0xFF, 0x90, 0x00, 0x00, 0x00, 0x00, 0x00,
0x00, 0x00, 0x00, 0x9C, 0xFF, 0xE4, 0x09, 0xF7, 0xFE, 0x25, 0x00, 0x00, 0x00, 0x00, 0x00, 0x00,
0x00, 0x00, 0x2D, 0xFF, 0xFF, 0x76, 0xFF, 0xB6, 0x00, 0x00, 0x00, 0x00, 0x00, 0x00, 0x00, 0x00,
0x00, 0x00, 0xBD, 0xFF, 0xF1, 0xFF, 0x49, 0x00, 0x00, 0x00, 0x00, 0x00, 0x00, 0x00, 0x00, 0x00,
0x00, 0x4E, 0xFF, 0xFF, 0xDB, 0x01, 0x00, 0x00, 0x00, 0x00, 0x00, 0x00, 0x00, 0x00, 0x00, 0x00,
0x02, 0xDC, 0xFF, 0x6F, 0x00, 0x00, 0x00, 0x00, 0x00, 0x00, 0x00, 0x00, 0x00, 0x00, 0x00, 0x00,
0x70, 0xF3, 0x0E, 0x00, 0x00, 0x00, 0x00, 0x00, 0x00, 0x98, 0xFF, 0xF6, 0x0D, 0x00, 0x00, 0x00,
0x00, 0x00, 0x02, 0xE2, 0xFF, 0x3B, 0x00, 0x00, 0x00, 0x00, 0x00, 0x00, 0xA1, 0xFF, 0xA4, 0x3E,
0xFF, 0xFF, 0x5C, 0x00, 0x00, 0x00, 0x00, 0x00, 0x46, 0xFF, 0xFF, 0xA2, 0x00, 0x00, 0x00, 0x00,
0x00, 0x03, 0xEC, 0xFF, 0x4E, 0x01, 0xE3, 0xFF, 0xB5, 0x00, 0x00, 0x00, 0x00, 0x00, 0xA7, 0xFF,
0xFD, 0xF7, 0x11, 0x00, 0x00, 0x00, 0x00, 0x41, 0xFF, 0xF1, 0x07, 0x00, 0x8C, 0xFF, 0xFB, 0x13,
0x00, 0x00, 0x00, 0x10, 0xF7, 0xDD, 0xC4, 0xFF, 0x70, 0x00, 0x00, 0x00, 0x00, 0x91, 0xFF, 0xA2,
0x00, 0x00, 0x33, 0xFF, 0xFF, 0x67, 0x00, 0x00, 0x00, 0x69, 0xFF, 0x9D, 0x86, 0xFF, 0xD6, 0x00,
0x00, 0x00, 0x00, 0xE1, 0xFF, 0x4C, 0x00, 0x00, 0x00, 0xDA, 0xFF, 0xC0, 0x00, 0x00, 0x00, 0xCA,
0xFF, 0x55, 0x3E, 0xFF, 0xFF, 0x3E, 0x00, 0x00, 0x32, 0xFF, 0xEF, 0x06, 0x00, 0x00, 0x00, 0x81,
0xFF, 0xFD, 0x1B, 0x00, 0x2B, 0xFF, 0xEC, 0x07, 0x00, 0xD8, 0xFF, 0xA5, 0x00, 0x00, 0x82, 0xFF,
0xA0, 0x00, 0x00, 0x00, 0x00, 0x28, 0xFF, 0xFF, 0x72, 0x00, 0x8C, 0xFF, 0x8F, 0x00, 0x00, 0x72,
0xFF, 0xF8, 0x14, 0x00, 0xD3, 0xFF, 0x49, 0x00, 0x00, 0x00, 0x00, 0x00, 0xCF, 0xFF, 0xC7, 0x01,
0xE7, 0xFF, 0x2B, 0x00, 0x00, 0x12, 0xF7, 0xFF, 0x70, 0x1F, 0xFF, 0xEE, 0x05, 0x00, 0x00, 0x00,
0x00, 0x00, 0x76, 0xFF, 0xF8, 0x30, 0xFF, 0xC7, 0x00, 0x00, 0x00, 0x00, 0xA2, 0xFF, 0xBA, 0x56,
0xFF, 0x9D, 0x00, 0x00, 0x00, 0x00, 0x00, 0x00, 0x1E, 0xFE, 0xFF, 0x96, 0xFF, 0x62, 0x00, 0x00,
0x00, 0x00, 0x3B, 0xFF, 0xF6, 0x8F, 0xFF, 0x47, 0x00, 0x00, 0x00, 0x00, 0x00, 0x00, 0x00, 0xC4,
0xFF, 0xF4, 0xF2, 0x0B, 0x00, 0x00, 0x00, 0x00, 0x00, 0xD2, 0xFF, 0xF0, 0xEC, 0x04, 0x00, 0x00,
0x00, 0x00, 0x00, 0x00, 0x00, 0x6B, 0xFF, 0xFF, 0x9A, 0x00, 0x00, 0x00, 0x00, 0x00, 0x00, 0x6B,
0xFF, 0xFF, 0x9B, 0x00, 0x00, 0x00, 0x00, 0x00, 0x00, 0x00, 0x00, 0x16, 0xFC, 0xFF, 0x36, 0x00,
0x00, 0x00, 0x00, 0x00, 0x00, 0x0E, 0xF4, 0xFF, 0x45, 0x00, 0x00, 0x00, 0x00, 0x00, 0x00, 0x00,
0x00, 0x00, 0xB9, 0xD2, 0x00, 0x00, 0x00, 0x00, 0x00, 0x00, 0x00, 0x00, 0x9C, 0xEB, 0x03, 0x00,
0x00, 0x00, 0x00, 0x00, 0x74, 0xFF, 0xFF, 0x7B, 0x00, 0x00, 0x00, 0x00, 0x00, 0x01, 0xBC, 0xFF,
0xE3, 0x11, 0x00, 0x02, 0xC1, 0xFF, 0xFA, 0x30, 0x00, 0x00, 0x00, 0x00, 0x72, 0xFF, 0xFE, 0x42,
0x00, 0x00, 0x00, 0x21, 0xF2, 0xFF, 0xD3, 0x07, 0x00, 0x00, 0x2D, 0xF8, 0xFF, 0x8C, 0x00, 0x00,
0x00, 0x00, 0x00, 0x64, 0xFF, 0xFF, 0x8B, 0x00, 0x07, 0xD2, 0xFF, 0xD1, 0x07, 0x00, 0x00, 0x00,
0x00, 0x00, 0x00, 0xB3, 0xFF, 0xFD, 0x2A, 0x7B, 0xFF, 0xF7, 0x2C, 0x00, 0x00, 0x00, 0x00, 0x00,
0x00, 0x00, 0x17, 0xEB, 0xFF, 0xB4, 0xEF, 0xFF, 0x6F, 0x00, 0x00, 0x00, 0x00, 0x00, 0x00, 0x00,
0x00, 0x00, 0x53, 0xFF, 0xFF, 0xFF, 0xB9, 0x01, 0x00, 0x00, 0x00, 0x00, 0x00, 0x00, 0x00, 0x00,
0x00, 0x0B, 0xEB, 0xFF, 0xFF, 0x77, 0x00, 0x00, 0x00, 0x00, 0x00, 0x00, 0x00, 0x00, 0x00, 0x00,
0x99, 0xFF, 0xEF, 0xFF, 0xF7, 0x29, 0x00, 0x00, 0x00, 0x00, 0x00, 0x00, 0x00, 0x00, 0x4D, 0xFF,
0xFF, 0x41, 0xDE, 0xFF, 0xCC, 0x04, 0x00, 0x00, 0x00, 0x00, 0x00, 0x00, 0x16, 0xE9, 0xFF, 0xAF,
0x00, 0x5C, 0xFF, 0xFF, 0x81, 0x00, 0x00, 0x00, 0x00, 0x00, 0x00, 0xB3, 0xFF, 0xE8, 0x16, 0x00,
0x00, 0xAE, 0xFF, 0xFB, 0x35, 0x00, 0x00, 0x00, 0x00, 0x67, 0xFF, 0xFF, 0x4A, 0x00, 0x00, 0x00,
0x14, 0xE7, 0xFF, 0xD8, 0x09, 0x00, 0x00, 0x25, 0xF4, 0xFF, 0x93, 0x00, 0x00, 0x00, 0x00, 0x00,
0x49, 0xFF, 0xFF, 0x93, 0x00, 0x04, 0xC9, 0xFF, 0xD5, 0x09, 0x00, 0x00, 0x00, 0x00, 0x00, 0x00,
0x95, 0xFF, 0xFE, 0x44, 0x71, 0xFF, 0xFF, 0x4F, 0x00, 0x00, 0x00, 0x00, 0x00, 0x00, 0x00, 0xDE,
0xFF, 0x89, 0x11, 0xF7, 0xFF, 0xAE, 0x00, 0x00, 0x00, 0x00, 0x00, 0x00, 0x2C, 0xFF, 0xFF, 0x34,
0x00, 0xA1, 0xFF, 0xFA, 0x13, 0x00, 0x00, 0x00, 0x00, 0x00, 0x79, 0xFF, 0xDF, 0x00, 0x00, 0x39,
0xFF, 0xFF, 0x6D, 0x00, 0x00, 0x00, 0x00, 0x00, 0xC7, 0xFF, 0x8A, 0x00, 0x00, 0x00, 0xD1, 0xFF,
0xCC, 0x00, 0x00, 0x00, 0x00, 0x16, 0xFD, 0xFF, 0x35, 0x00, 0x00, 0x00, 0x6A, 0xFF, 0xFF, 0x2B,
0x00, 0x00, 0x00, 0x61, 0xFF, 0xE0, 0x00, 0x00, 0x00, 0x00, 0x0E, 0xF4, 0xFF, 0x8A, 0x00, 0x00,
0x00, 0xAF, 0xFF, 0x8B, 0x00, 0x00, 0x00, 0x00, 0x00, 0x9B, 0xFF, 0xE6, 0x03, 0x00, 0x07, 0xF4,
0xFF, 0x36, 0x00, 0x00, 0x00, 0x00, 0x00, 0x33, 0xFF, 0xFF, 0x49, 0x00, 0x49, 0xFF, 0xE0, 0x00,
0x00, 0x00, 0x00, 0x00, 0x00, 0x00, 0xCB, 0xFF, 0xA7, 0x00, 0x95, 0xFF, 0x8C, 0x00, 0x00, 0x00,
0x00, 0x00, 0x00, 0x00, 0x64, 0xFF, 0xF1, 0x05, 0xD4, 0xFF, 0x37, 0x00, 0x00, 0x00, 0x00, 0x00,
0x00, 0x00, 0x0B, 0xF0, 0xFF, 0x54, 0xFE, 0xE1, 0x01, 0x00, 0x00, 0x00, 0x00, 0x00, 0x00, 0x00,
0x00, 0x94, 0xFF, 0xDB, 0xFF, 0x8D, 0x00, 0x00, 0x00, 0x00, 0x00, 0x00, 0x00, 0x00, 0x00, 0x2D,
0xFF, 0xFF, 0xFF, 0x38, 0x00, 0x00, 0x00, 0x00, 0x00, 0x00, 0x00, 0x00, 0x00, 0x00, 0xC5, 0xFF,
0xDD, 0x00, 0x00, 0x00, 0x00, 0x00, 0x00, 0x00, 0x00, 0x00, 0x00, 0x00, 0xC5, 0xFF, 0x83, 0x00,
0x00, 0x00, 0x00, 0x00, 0x00, 0x00, 0x00, 0x00, 0x00, 0x18, 0xFC, 0xFE, 0x25, 0x00, 0x00, 0x00,
0x00, 0x00, 0x00, 0x00, 0x00, 0x00, 0x00, 0x8A, 0xFF, 0xB9, 0x00, 0x00, 0x00, 0x00, 0x00, 0x00,
0x00, 0x00, 0x09, 0x0F, 0x6E, 0xFC, 0xFE, 0x3A, 0x00, 0x00, 0x00, 0x00, 0x00, 0x00, 0x00, 0x00,
0x6A, 0xFF, 0xFF, 0xFF, 0x93, 0x00, 0x00, 0x00, 0x00, 0x00, 0x00, 0x00, 0x00, 0x00, 0x81, 0xF5,
0xED, 0x89, 0x03, 0x00, 0x00, 0x00, 0x00, 0x00, 0x00, 0x00, 0xBC, 0xFF, 0xFF, 0xFF, 0xFF, 0xFF,
0xFF, 0xFF, 0xFF, 0xFF, 0xF0, 0xBC, 0xFF, 0xFF, 0xFF, 0xFF, 0xFF, 0xFF, 0xFF, 0xFF, 0xFF, 0xF0,
0x00, 0x00, 0x00, 0x00, 0x00, 0x00, 0x00, 0x24, 0xE5, 0xFF, 0x94, 0x00, 0x00, 0x00, 0x00, 0x00,
0x00, 0x13, 0xE2, 0xFF, 0xD5, 0x09, 0x00, 0x00, 0x00, 0x00, 0x00, 0x00, 0xAE, 0xFF, 0xF8, 0x2F,
0x00, 0x00, 0x00, 0x00, 0x00, 0x00, 0x65, 0xFF, 0xFF, 0x72, 0x00, 0x00, 0x00, 0x00, 0x00, 0x00,
0x26, 0xF4, 0xFF, 0xBA, 0x01, 0x00, 0x00, 0x00, 0x00, 0x00, 0x05, 0xCC, 0xFF, 0xEC, 0x19, 0x00,
0x00, 0x00, 0x00, 0x00, 0x00, 0x88, 0xFF, 0xFF, 0x4F, 0x00, 0x00, 0x00, 0x00, 0x00, 0x00, 0x40,
0xFD, 0xFF, 0x99, 0x00, 0x00, 0x00, 0x00, 0x00, 0x00, 0x11, 0xE3, 0xFF, 0xD8, 0x0A, 0x00, 0x00,
0x00, 0x00, 0x00, 0x00, 0xAA, 0xFF, 0xF8, 0x33, 0x00, 0x00, 0x00, 0x00, 0x00, 0x00, 0x61, 0xFF,
0xF6, 0x46, 0x00, 0x00, 0x00, 0x00, 0x00, 0x00, 0x00, 0xBC, 0xFF, 0xFF, 0xFF, 0xFF, 0xFF, 0xFF,
0xFF, 0xFF, 0xFF, 0xF0, 0xBC, 0xFF, 0xFF, 0xFF, 0xFF, 0xFF, 0xFF, 0xFF, 0xFF, 0xFF, 0xF0, 0x00,
0x00, 0x00, 0x0A, 0x9B, 0xEB, 0xFF, 0xFF, 0x84, 0x00, 0x00, 0x00, 0x82, 0xFF, 0xFF, 0xFF, 0xFF,
0x84, 0x00, 0x00, 0x00, 0xCC, 0xFF, 0xCC, 0x19, 0x00, 0x00, 0x00, 0x00, 0x00, 0xE3, 0xFF, 0x7C,
0x00, 0x00, 0x00, 0x00, 0x00, 0x00, 0xE4, 0xFF, 0x74, 0x00, 0x00, 0x00, 0x00, 0x00, 0x00, 0xE4,
0xFF, 0x74, 0x00, 0x00, 0x00, 0x00, 0x00, 0x00, 0xE4, 0xFF, 0x74, 0x00, 0x00, 0x00, 0x00, 0x00,
0x00, 0xE4, 0xFF, 0x74, 0x00, 0x00, 0x00, 0x00, 0x00, 0x00, 0xE4, 0xFF, 0x74, 0x00, 0x00, 0x00,
0x00, 0x00, 0x00, 0xE4, 0xFF, 0x74, 0x00, 0x00, 0x00, 0x00, 0x00, 0x00, 0xE9, 0xFF, 0x73, 0x00,
0x00, 0x00, 0x00, 0x00, 0x12, 0xFE, 0xFF, 0x61, 0x00, 0x00, 0x00, 0x01, 0x22, 0xB1, 0xFF, 0xF8,
0x1F, 0x00, 0x00, 0x00, 0x4C, 0xFF, 0xFF, 0xD4, 0x47, 0x00, 0x00, 0x00, 0x00, 0x4C, 0xFF, 0xFF,
0xE3, 0x51, 0x00, 0x00, 0x00, 0x00, 0x01, 0x20, 0xAD, 0xFF, 0xF7, 0x1C, 0x00, 0x00, 0x00, 0x00,
0x00, 0x11, 0xFF, 0xFF, 0x60, 0x00, 0x00, 0x00, 0x00, 0x00, 0x00, 0xEA, 0xFF, 0x73, 0x00, 0x00,
0x00, 0x00, 0x00, 0x00, 0xE4, 0xFF, 0x74, 0x00, 0x00, 0x00, 0x00, 0x00, 0x00, 0xE4, 0xFF, 0x74,
0x00, 0x00, 0x00, 0x00, 0x00, 0x00, 0xE4, 0xFF, 0x74, 0x00, 0x00, 0x00, 0x00, 0x00, 0x00, 0xE4,
0xFF, 0x74, 0x00, 0x00, 0x00, 0x00, 0x00, 0x00, 0xE4, 0xFF, 0x74, 0x00, 0x00, 0x00, 0x00, 0x00,
0x00, 0xE4, 0xFF, 0x74, 0x00, 0x00, 0x00, 0x00, 0x00, 0x00, 0xE3, 0xFF, 0x7C, 0x00, 0x00, 0x00,
0x00, 0x00, 0x00, 0xCE, 0xFF, 0xCC, 0x19, 0x00, 0x00, 0x00, 0x00, 0x00, 0x87, 0xFF, 0xFF, 0xFF,
0xFF, 0x84, 0x00, 0x00, 0x00, 0x0C, 0x9D, 0xEC, 0xFF, 0xFF, 0x84, 0x74, 0xFF, 0x98, 0x74, 0xFF,
0x98, 0x74, 0xFF, 0x98, 0x74, 0xFF, 0x98, 0x74, 0xFF, 0x98, 0x74, 0xFF, 0x98, 0x74, 0xFF, 0x98,
0x74, 0xFF, 0x98, 0x74, 0xFF, 0x98, 0x74, 0xFF, 0x98, 0x74, 0xFF, 0x98, 0x74, 0xFF, 0x98, 0x74,
0xFF, 0x98, 0x74, 0xFF, 0x98, 0x74, 0xFF, 0x98, 0x74, 0xFF, 0x98, 0x74, 0xFF, 0x98, 0x74, 0xFF,
0x98, 0x74, 0xFF, 0x98, 0x74, 0xFF, 0x98, 0x74, 0xFF, 0x98, 0x74, 0xFF, 0x98, 0x74, 0xFF, 0x98,
0x74, 0xFF, 0x98, 0x74, 0xFF, 0x98, 0x58, 0xFF, 0xFF, 0xF2, 0xB0, 0x18, 0x00, 0x00, 0x00, 0x58,
0xFF, 0xFF, 0xFF, 0xFF, 0xAE, 0x00, 0x00, 0x00, 0x00, 0x00, 0x0E, 0xAE, 0xFF, 0xF4, 0x00, 0x00,
0x00, 0x00, 0x00, 0x00, 0x55, 0xFF, 0xFF, 0x0B, 0x00, 0x00, 0x00, 0x00, 0x00, 0x4C, 0xFF, 0xFF,
0x0C, 0x00, 0x00, 0x00, 0x00, 0x00, 0x4C, 0xFF, 0xFF, 0x0C, 0x00, 0x00, 0x00, 0x00, 0x00, 0x4C,
0xFF, 0xFF, 0x0C, 0x00, 0x00, 0x00, 0x00, 0x00, 0x4C, 0xFF, 0xFF, 0x0C, 0x00, 0x00, 0x00, 0x00,
0x00, 0x4C, 0xFF, 0xFF, 0x0C, 0x00, 0x00, 0x00, 0x00, 0x00, 0x4C, 0xFF, 0xFF, 0x0C, 0x00, 0x00,
0x00, 0x00, 0x00, 0x4B, 0xFF, 0xFF, 0x12, 0x00, 0x00, 0x00, 0x00, 0x00, 0x3A, 0xFF, 0xFF, 0x37,
0x00, 0x00, 0x00, 0x00, 0x00, 0x09, 0xE8, 0xFF, 0xC5, 0x2B, 0x03, 0x00, 0x00, 0x00, 0x00, 0x3D,
0xDC, 0xFF, 0xFF, 0x74, 0x00, 0x00, 0x00, 0x00, 0x32, 0xC4, 0xFF, 0xFF, 0x74, 0x00, 0x00, 0x00,
0x0A, 0xE8, 0xFF, 0xCB, 0x2F, 0x04, 0x00, 0x00, 0x00, 0x3A, 0xFF, 0xFF, 0x38, 0x00, 0x00, 0x00,
0x00, 0x00, 0x4B, 0xFF, 0xFF, 0x10, 0x00, 0x00, 0x00, 0x00, 0x00, 0x4C, 0xFF, 0xFF, 0x0C, 0x00,
0x00, 0x00, 0x00, 0x00, 0x4C, 0xFF, 0xFF, 0x0C, 0x00, 0x00, 0x00, 0x00, 0x00, 0x4C, 0xFF, 0xFF,
0x0C, 0x00, 0x00, 0x00, 0x00, 0x00, 0x4C, 0xFF, 0xFF, 0x0C, 0x00, 0x00, 0x00, 0x00, 0x00, 0x4C,
0xFF, 0xFF, 0x0C, 0x00, 0x00, 0x00, 0x00, 0x00, 0x4C, 0xFF, 0xFF, 0x0C, 0x00, 0x00, 0x00, 0x00,
0x00, 0x54, 0xFF, 0xFF, 0x0B, 0x00, 0x00, 0x00, 0x00, 0x0E, 0xAE, 0xFF, 0xF3, 0x00, 0x00, 0x00,
0x58, 0xFF, 0xFF, 0xFF, 0xFF, 0xAA, 0x00, 0x00, 0x00, 0x58, 0xFF, 0xFF, 0xF2, 0xB1, 0x17, 0x00,
0x00, 0x00, 0x00, 0x28, 0xA1, 0xE8, 0xF6, 0xC2, 0x4F, 0x00, 0x00, 0x00, 0x00, 0x2D, 0x65, 0x00,
0x72, 0xFB, 0xFF, 0xFF, 0xFF, 0xFF, 0xFF, 0xCB, 0x4C, 0x09, 0x3B, 0xE3, 0xDC, 0x02, 0xCC, 0xFF,
0x9B, 0x22, 0x0B, 0x58, 0xDB, 0xFF, 0xFF, 0xFF, 0xFF, 0xFF, 0xC8, 0x0F, 0x4C, 0x70, 0x00, 0x00,
0x00, 0x00, 0x05, 0x6A, 0xD6, 0xF9, 0xD2, 0x6B, 0x04, 0x00, 0x00, 0x03, 0xB1, 0xF4, 0x85, 0x00,
0x00, 0x1C, 0xD6, 0xEC, 0x4D, 0x00, 0x00, 0x00, 0x28, 0xFF, 0xFF, 0xF0, 0x00, 0x00, 0x64, 0xFF,
0xFF, 0xAF, 0x00, 0x00, 0x00, 0x04, 0xB1, 0xF5, 0x85, 0x00, 0x00, 0x1C, 0xD6, 0xEC, 0x4D, 0x00,
0x00, 0x00, 0x00, 0x00, 0x00, 0x00, 0x00, 0x00, 0x00, 0x00, 0x00, 0x00, 0x00, 0x00, 0x74, 0xFF,
0xFF, 0xFF, 0xFF, 0xFF, 0xFF, 0xFF, 0xFF, 0xFF, 0xFF, 0xFC, 0x00, 0x74, 0xFF, 0xFF, 0xFF, 0xFF,
0xFF, 0xFF, 0xFF, 0xFF, 0xFF, 0xFF, 0xFC, 0x00, 0x74, 0xFF, 0xFF, 0x0C, 0x00, 0x00, 0x00, 0x00,
0x00, 0x00, 0x00, 0x00, 0x00, 0x74, 0xFF, 0xFF, 0x0C, 0x00, 0x00, 0x00, 0x00, 0x00, 0x00, 0x00,
0x00, 0x00, 0x74, 0xFF, 0xFF, 0x0C, 0x00, 0x00, 0x00, 0x00, 0x00, 0x00, 0x00, 0x00, 0x00, 0x74,
0xFF, 0xFF, 0x0C, 0x00, 0x00, 0x00, 0x00, 0x00, 0x00, 0x00, 0x00, 0x00, 0x74, 0xFF, 0xFF, 0x0C,
0x00, 0x00, 0x00, 0x00, 0x00, 0x00, 0x00, 0x00, 0x00, 0x74, 0xFF, 0xFF, 0x0C, 0x00, 0x00, 0x00,
0x00, 0x00, 0x00, 0x00, 0x00, 0x00, 0x74, 0xFF, 0xFF, 0x0C, 0x00, 0x00, 0x00, 0x00, 0x00, 0x00,
0x00, 0x00, 0x00, 0x74, 0xFF, 0xFF, 0xFF, 0xFF, 0xFF, 0xFF, 0xFF, 0xFF, 0xFF, 0xFF, 0x3C, 0x00,
0x74, 0xFF, 0xFF, 0xFF, 0xFF, 0xFF, 0xFF, 0xFF, 0xFF, 0xFF, 0xFF, 0x3C, 0x00, 0x74, 0xFF, 0xFF,
0x0C, 0x00, 0x00, 0x00, 0x00, 0x00, 0x00, 0x00, 0x00, 0x00, 0x74, 0xFF, 0xFF, 0x0C, 0x00, 0x00,
0x00, 0x00, 0x00, 0x00, 0x00, 0x00, 0x00, 0x74, 0xFF, 0xFF, 0x0C, 0x00, 0x00, 0x00, 0x00, 0x00,
0x00, 0x00, 0x00, 0x00, 0x74, 0xFF, 0xFF, 0x0C, 0x00, 0x00, 0x00, 0x00, 0x00, 0x00, 0x00, 0x00,
0x00, 0x74, 0xFF, 0xFF, 0x0C, 0x00, 0x00, 0x00, 0x00, 0x00, 0x00, 0x00, 0x00, 0x00, 0x74, 0xFF,
0xFF, 0x0C, 0x00, 0x00, 0x00, 0x00, 0x00, 0x00, 0x00, 0x00, 0x00, 0x74, 0xFF, 0xFF, 0x0C, 0x00,
0x00, 0x00, 0x00, 0x00, 0x00, 0x00, 0x00, 0x00, 0x74, 0xFF, 0xFF, 0x0C, 0x00, 0x00, 0x00, 0x00,
0x00, 0x00, 0x00, 0x00, 0x00, 0x74, 0xFF, 0xFF, 0xFF, 0xFF, 0xFF, 0xFF, 0xFF, 0xFF, 0xFF, 0xFF,
0xFF, 0x20, 0x74, 0xFF, 0xFF, 0xFF, 0xFF, 0xFF, 0xFF, 0xFF, 0xFF, 0xFF, 0xFF, 0xFF, 0x20, 0x74,
0xFF, 0xFF, 0xFF, 0xFF, 0xFF, 0xFF, 0xFF, 0xFF, 0xFF, 0xFF, 0xFF, 0xFF, 0xFF, 0xFF, 0xFF, 0x1C,
0x00, 0x00, 0x00, 0x00, 0x74, 0xFF, 0xFF, 0xFF, 0xFF, 0xFF, 0xFF, 0xFF, 0xFF, 0xFF, 0xFF, 0xFF,
0xFF, 0xFF, 0xFF, 0xFF, 0x1C, 0x00, 0x00, 0x00, 0x00, 0x00, 0x00, 0x00, 0x00, 0x00, 0x00, 0x00,
0xEC, 0xFF, 0x90, 0x00, 0x00, 0x00, 0x00, 0x00, 0x00, 0x00, 0x00, 0x00, 0x00, 0x00, 0x00, 0x00,
0x00, 0x00, 0x00, 0x00, 0x00, 0xEC, 0xFF, 0x90, 0x00, 0x00, 0x00, 0x00, 0x00, 0x00, 0x00, 0x00,
0x00, 0x00, 0x00, 0x00, 0x00, 0x00, 0x00, 0x00, 0x00, 0x00, 0xEC, 0xFF, 0x90, 0x00, 0x00, 0x00,
0x00, 0x00, 0x00, 0x00, 0x00, 0x00, 0x00, 0x00, 0x00, 0x00, 0x00, 0x00, 0x00, 0x00, 0x00, 0xEC,
0xFF, 0x90, 0x00, 0x00, 0x00, 0x00, 0x00, 0x00, 0x00, 0x00, 0x00, 0x00, 0x00, 0x00, 0x00, 0x00,
0x00, 0x00, 0x00, 0x00, 0xEC, 0xFF, 0x90, 0x00, 0x00, 0x00, 0x00, 0x00, 0x00, 0x00, 0x00, 0x00,
0x00, 0x00, 0x00, 0x00, 0x00, 0x00, 0x00, 0x00, 0x00, 0xEC, 0xFF, 0x90, 0x00, 0x00, 0x00, 0x00,
0x00, 0x00, 0x00, 0x00, 0x00, 0x00, 0x00, 0x00, 0x00, 0x00, 0x00, 0x00, 0x00, 0x00, 0xEC, 0xFF,
0xC2, 0xA0, 0xD3, 0xF2, 0xFC, 0xF3, 0xD3, 0x92, 0x27, 0x00, 0x00, 0x00, 0x00, 0x00, 0x00, 0x00,
0x00, 0x00, 0x00, 0xEC, 0xFF, 0xFF, 0xFF, 0xFF, 0xFF, 0xFF, 0xFF, 0xFF, 0xFF, 0xF9, 0x60, 0x00,
0x00, 0x00, 0x00, 0x00, 0x00, 0x00, 0x00, 0x00, 0xEC, 0xFF, 0xD1, 0x60, 0x27, 0x08, 0x10, 0x2F,
0x80, 0xF7, 0xFF, 0xFD, 0x35, 0x00, 0x00, 0x00, 0x00, 0x00, 0x00, 0x00, 0x00, 0xEC, 0xFF, 0x90,
0x00, 0x00, 0x00, 0x00, 0x00, 0x00, 0x4B, 0xFF, 0xFF, 0xB2, 0x00, 0x00, 0x00, 0x00, 0x00, 0x00,
0x00, 0x00, 0xEC, 0xFF, 0x90, 0x00, 0x00, 0x00, 0x00, 0x00, 0x00, 0x00, 0xC5, 0xFF, 0xF7, 0x04,
0x00, 0x00, 0x00, 0x00, 0x00, 0x00, 0x00, 0xEC, 0xFF, 0x90, 0x00, 0x00, 0x00, 0x00, 0x00, 0x00,
0x00, 0x8D, 0xFF, 0xFF, 0x19, 0x00, 0x00, 0x00, 0x00, 0x00, 0x00, 0x00, 0xEC, 0xFF, 0x90, 0x00,
0x00, 0x00, 0x00, 0x00, 0x00, 0x00, 0x80, 0xFF, 0xFF, 0x20, 0x00, 0x00, 0x00, 0x00, 0x00, 0x00,
0x00, 0xEC, 0xFF, 0x90, 0x00, 0x00, 0x00, 0x00, 0x00, 0x00, 0x00, 0x95, 0xFF, 0xFF, 0x0E, 0x00,
0x00, 0x00, 0x00, 0x00, 0x00, 0x00, 0xEC, 0xFF, 0x90, 0x00, 0x00, 0x00, 0x00, 0x00, 0x00, 0x00,
0xD1, 0xFF, 0xDE, 0x00, 0x00, 0x00, 0x00, 0x00, 0x00, 0x00, 0x00, 0xEC, 0xFF, 0x90, 0x00, 0x00,
0x00, 0x00, 0x00, 0x00, 0x53, 0xFF, 0xFF, 0x8C, 0x00, 0x00, 0x00, 0x00, 0x00, 0x00, 0x00, 0x00,
0xEC, 0xFF, 0x90, 0x00, 0x0C, 0x01, 0x04, 0x23, 0x7C, 0xF8, 0xFF, 0xE8, 0x17, 0x00, 0x00, 0x00,
0x00, 0x00, 0x00, 0x00, 0x00, 0xEC, 0xFF, 0x90, 0x00, 0xF0, 0xFF, 0xFF, 0xFF, 0xFF, 0xFF, 0xDF,
0x31, 0x00, 0x00, 0x00, 0x00, 0x00, 0x00, 0x00, 0x00, 0x00, 0xEC, 0xFF, 0x90, 0x00, 0xE7, 0xFF,
0xFA, 0xE8, 0xBA, 0x6B, 0x0B, 0x00, 0x00, 0x00, 0x00, 0x00, 0x00, 0x00, 0x00, 0x00, 0x2A, 0xEF,
0xFF, 0xFF, 0xB4, 0x00, 0x00, 0x00, 0x00, 0x00, 0x00, 0x1A, 0xE2, 0xFF, 0xFE, 0x92, 0x0A, 0x00,
0x00, 0x00, 0x00, 0x00, 0x0E, 0xD1, 0xFF, 0xDD, 0x3F, 0x00, 0x00, 0x00, 0x00, 0x00, 0x00, 0x05,
0xBC, 0xFE, 0x95, 0x0B, 0x00, 0x00, 0x00, 0x00, 0x00, 0x00, 0x00, 0x00, 0x00, 0x00, 0x00, 0x00,
0x00, 0x00, 0x00, 0x00, 0x74, 0xFF, 0xFF, 0xFF, 0xFF, 0xFF, 0xFF, 0xFF, 0xFF, 0xFF, 0xFF, 0xCC,
0x74, 0xFF, 0xFF, 0xFF, 0xFF, 0xFF, 0xFF, 0xFF, 0xFF, 0xFF, 0xFF, 0xCC, 0x74, 0xFF, 0xFF, 0x0C,
0x00, 0x00, 0x00, 0x00, 0x00, 0x00, 0x00, 0x00, 0x74, 0xFF, 0xFF, 0x0C, 0x00, 0x00, 0x00, 0x00,
0x00, 0x00, 0x00, 0x00, 0x74, 0xFF, 0xFF, 0x0C, 0x00, 0x00, 0x00, 0x00, 0x00, 0x00, 0x00, 0x00,
0x74, 0xFF, 0xFF, 0x0C, 0x00, 0x00, 0x00, 0x00, 0x00, 0x00, 0x00, 0x00, 0x74, 0xFF, 0xFF, 0x0C,
0x00, 0x00, 0x00, 0x00, 0x00, 0x00, 0x00, 0x00, 0x74, 0xFF, 0xFF, 0x0C, 0x00, 0x00, 0x00, 0x00,
0x00, 0x00, 0x00, 0x00, 0x74, 0xFF, 0xFF, 0x0C, 0x00, 0x00, 0x00, 0x00, 0x00, 0x00, 0x00, 0x00,
0x74, 0xFF, 0xFF, 0x0C, 0x00, 0x00, 0x00, 0x00, 0x00, 0x00, 0x00, 0x00, 0x74, 0xFF, 0xFF, 0x0C,
0x00, 0x00, 0x00, 0x00, 0x00, 0x00, 0x00, 0x00, 0x74, 0xFF, 0xFF, 0x0C, 0x00, 0x00, 0x00, 0x00,
0x00, 0x00, 0x00, 0x00, 0x74, 0xFF, 0xFF, 0x0C, 0x00, 0x00, 0x00, 0x00, 0x00, 0x00, 0x00, 0x00,
0x74, 0xFF, 0xFF, 0x0C, 0x00, 0x00, 0x00, 0x00, 0x00, 0x00, 0x00, 0x00, 0x74, 0xFF, 0xFF, 0x0C,
0x00, 0x00, 0x00, 0x00, 0x00, 0x00, 0x00, 0x00, 0x74, 0xFF, 0xFF, 0x0C, 0x00, 0x00, 0x00, 0x00,
0x00, 0x00, 0x00, 0x00, 0x74, 0xFF, 0xFF, 0x0C, 0x00, 0x00, 0x00, 0x00, 0x00, 0x00, 0x00, 0x00,
0x74, 0xFF, 0xFF, 0x0C, 0x00, 0x00, 0x00, 0x00, 0x00, 0x00, 0x00, 0x00, 0x74, 0xFF, 0xFF, 0x0C,
0x00, 0x00, 0x00, 0x00, 0x00, 0x00, 0x00, 0x00, 0x74, 0xFF, 0xFF, 0x0C, 0x00, 0x00, 0x00, 0x00,
0x00, 0x00, 0x00, 0x00, 0x74, 0xFF, 0xFF, 0x0C, 0x00, 0x00, 0x00, 0x00, 0x00, 0x00, 0x00, 0x00,
0x00, 0x00, 0x00, 0x00, 0x00, 0x04, 0x5A, 0xA7, 0xDE, 0xF6, 0xF9, 0xEC, 0xCA, 0x91, 0x39, 0x00,
0x00, 0x00, 0x00, 0x00, 0x42, 0xDF, 0xFF, 0xFF, 0xFF, 0xFF, 0xFF, 0xFF, 0xFF, 0xFF, 0xDD, 0x00,
0x00, 0x00, 0x00, 0x65, 0xFC, 0xFF, 0xF0, 0x89, 0x37, 0x0E, 0x05, 0x17, 0x44, 0x91, 0x85, 0x00,
0x00, 0x00, 0x43, 0xFB, 0xFF, 0xCC, 0x1D, 0x00, 0x00, 0x00, 0x00, 0x00, 0x00, 0x00, 0x00, 0x00,
0x00, 0x05, 0xDC, 0xFF, 0xE3, 0x15, 0x00, 0x00, 0x00, 0x00, 0x00, 0x00, 0x00, 0x00, 0x00, 0x00,
0x00, 0x65, 0xFF, 0xFF, 0x59, 0x00, 0x00, 0x00, 0x00, 0x00, 0x00, 0x00, 0x00, 0x00, 0x00, 0x00,
0x00, 0xBB, 0xFF, 0xE9, 0x04, 0x00, 0x00, 0x00, 0x00, 0x00, 0x00, 0x00, 0x00, 0x00, 0x00, 0x00,
0x09, 0xF8, 0xFF, 0x9E, 0x00, 0x00, 0x00, 0x00, 0x00, 0x00, 0x00, 0x00, 0x00, 0x00, 0x00, 0x00,
0x29, 0xFF, 0xFF, 0x6F, 0x00, 0x00, 0x00, 0x00, 0x00, 0x00, 0x00, 0x00, 0x00, 0x00, 0x00, 0x00,
0x3D, 0xFF, 0xFF, 0xFF, 0xFF, 0xFF, 0xFF, 0xFF, 0xFF, 0xFF, 0xFF, 0xFF, 0x88, 0x00, 0x00, 0x00,
0x4B, 0xFF, 0xFF, 0xFF, 0xFF, 0xFF, 0xFF, 0xFF, 0xFF, 0xFF, 0xFF, 0xFF, 0x88, 0x00, 0x00, 0x00,
0x3E, 0xFF, 0xFF, 0x5E, 0x00, 0x00, 0x00, 0x00, 0x00, 0x00, 0x00, 0x00, 0x00, 0x00, 0x00, 0x00,
0x2B, 0xFF, 0xFF, 0x7D, 0x00, 0x00, 0x00, 0x00, 0x00, 0x00, 0x00, 0x00, 0x00, 0x00, 0x00, 0x00,
0x09, 0xF9, 0xFF, 0xB7, 0x00, 0x00, 0x00, 0x00, 0x00, 0x00, 0x00, 0x00, 0x00, 0x00, 0x00, 0x00,
0x00, 0xC3, 0xFF, 0xF7, 0x11, 0x00, 0x00, 0x00, 0x00, 0x00, 0x00, 0x00, 0x00, 0x00, 0x00, 0x00,
0x00, 0x70, 0xFF, 0xFF, 0x87, 0x00, 0x00, 0x00, 0x00, 0x00, 0x00, 0x00, 0x00, 0x00, 0x00, 0x00,
0x00, 0x0B, 0xEB, 0xFF, 0xFA, 0x3C, 0x00, 0x00, 0x00, 0x00, 0x00, 0x00, 0x00, 0x00, 0x00, 0x00,
0x00, 0x00, 0x58, 0xFF, 0xFF, 0xEF, 0x47, 0x00, 0x00, 0x00, 0x00, 0x00, 0x00, 0x00, 0x00, 0x00,
0x00, 0x00, 0x00, 0x81, 0xFF, 0xFF, 0xFF, 0xAF, 0x4F, 0x18, 0x04, 0x0E, 0x32, 0x75, 0xB7, 0x00,
0x00, 0x00, 0x00, 0x00, 0x58, 0xE7, 0xFF, 0xFF, 0xFF, 0xFF, 0xFF, 0xFF, 0xFF, 0xFF, 0xFF, 0x28,
0x00, 0x00, 0x00, 0x00, 0x00, 0x09, 0x64, 0xAE, 0xE0, 0xF6, 0xF6, 0xE3, 0xD0, 0xA9, 0x5D, 0x05,
0x00, 0x00, 0x00, 0x29, 0x91, 0xD0, 0xF0, 0xFC, 0xF5, 0xE3, 0xC1, 0x8C, 0x3F, 0x00, 0x00, 0x00,
0x73, 0xFB, 0xFF, 0xFF, 0xFF, 0xFF, 0xFF, 0xFF, 0xFF, 0xFF, 0xEA, 0x05, 0x00, 0x53, 0xFF, 0xFF,
0xCE, 0x4E, 0x1C, 0x05, 0x0F, 0x2F, 0x60, 0xA9, 0x88, 0x00, 0x00, 0xCE, 0xFF, 0xD6, 0x0B, 0x00,
0x00, 0x00, 0x00, 0x00, 0x00, 0x00, 0x00, 0x00, 0x0A, 0xFF, 0xFF, 0x78, 0x00, 0x00, 0x00, 0x00,
0x00, 0x00, 0x00, 0x00, 0x00, 0x00, 0x13, 0xFF, 0xFF, 0x79, 0x00, 0x00, 0x00, 0x00, 0x00, 0x00,
0x00, 0x00, 0x00, 0x00, 0x00, 0xF5, 0xFF, 0xDA, 0x0A, 0x00, 0x00, 0x00, 0x00, 0x00, 0x00, 0x00,
0x00, 0x00, 0x00, 0xA2, 0xFF, 0xFF, 0xC7, 0x1F, 0x00, 0x00, 0x00, 0x00, 0x00, 0x00, 0x00, 0x00,
0x00, 0x1E, 0xEA, 0xFF, 0xFF, 0xF4, 0x85, 0x14, 0x00, 0x00, 0x00, 0x00, 0x00, 0x00, 0x00, 0x00,
0x2F, 0xE2, 0xFF, 0xFF, 0xFF, 0xF4, 0x89, 0x10, 0x00, 0x00, 0x00, 0x00, 0x00, 0x00, 0x00, 0x0E,
0x81, 0xF2, 0xFF, 0xFF, 0xFF, 0xEC, 0x6E, 0x02, 0x00, 0x00, 0x00, 0x00, 0x00, 0x00, 0x00, 0x14,
0x84, 0xEE, 0xFF, 0xFF, 0xFF, 0xB5, 0x08, 0x00, 0x00, 0x00, 0x00, 0x00, 0x00, 0x00, 0x00, 0x0B,
0x76, 0xF3, 0xFF, 0xFF, 0xA1, 0x00, 0x00, 0x00, 0x00, 0x00, 0x00, 0x00, 0x00, 0x00, 0x00, 0x24,
0xDE, 0xFF, 0xFF, 0x2C, 0x00, 0x00, 0x00, 0x00, 0x00, 0x00, 0x00, 0x00, 0x00, 0x00, 0x42, 0xFF,
0xFF, 0x69, 0x00, 0x00, 0x00, 0x00, 0x00, 0x00, 0x00, 0x00, 0x00, 0x00, 0x05, 0xFE, 0xFF, 0x7C,
0x00, 0x00, 0x00, 0x00, 0x00, 0x00, 0x00, 0x00, 0x00, 0x00, 0x1A, 0xFF, 0xFF, 0x5E, 0x00, 0x00,
0x00, 0x00, 0x00, 0x00, 0x00, 0x00, 0x00, 0x00, 0x9C, 0xFF, 0xF8, 0x16, 0x0C, 0xD2, 0x8A, 0x49,
0x1E, 0x09, 0x06, 0x1F, 0x55, 0xBF, 0xFF, 0xFF, 0x7A, 0x00, 0x6A, 0xFF, 0xFF, 0xFF, 0xFF, 0xFF,
0xFF, 0xFF, 0xFF, 0xFF, 0xFB, 0x7E, 0x00, 0x00, 0x12, 0x63, 0xA4, 0xCF, 0xEC, 0xF8, 0xFC, 0xED,
0xC9, 0x87, 0x24, 0x00, 0x00, 0x00, 0xE0, 0xFF, 0x9C, 0xE0, 0xFF, 0x9C, 0xE0, 0xFF, 0x9C, 0xE0,
0xFF, 0x9C, 0xE0, 0xFF, 0x9C, 0xE0, 0xFF, 0x9C, 0xE0, 0xFF, 0x9C, 0xE0, 0xFF, 0x9C, 0xE0, 0xFF,
0x9C, 0xE0, 0xFF, 0x9C, 0xE0, 0xFF, 0x9C, 0xE0, 0xFF, 0x9C, 0xE0, 0xFF, 0x9C, 0xE0, 0xFF, 0x9C,
0xE0, 0xFF, 0x9C, 0xE0, 0xFF, 0x9C, 0xE0, 0xFF, 0x9C, 0xE0, 0xFF, 0x9C, 0xE0, 0xFF, 0x9C, 0xE0,
0xFF, 0x9C, 0xE0, 0xFF, 0x9C, 0x00, 0x94, 0xF4, 0x86, 0x02, 0xB0, 0xF2, 0x69, 0x03, 0xFD, 0xFF,
0xF0, 0x20, 0xFF, 0xFF, 0xD0, 0x00, 0x9A, 0xF5, 0x8C, 0x03, 0xB5, 0xF4, 0x6F, 0x00, 0x00, 0x00,
0x00, 0x00, 0x00, 0x00, 0x00, 0x00, 0x00, 0x00, 0xD8, 0xFF, 0xA4, 0x00, 0x00, 0x00, 0x00, 0x00,
0xD8, 0xFF, 0xA4, 0x00, 0x00, 0x00, 0x00, 0x00, 0xD8, 0xFF, 0xA4, 0x00, 0x00, 0x00, 0x00, 0x00,
0xD8, 0xFF, 0xA4, 0x00, 0x00, 0x00, 0x00, 0x00, 0xD8, 0xFF, 0xA4, 0x00, 0x00, 0x00, 0x00, 0x00,
0xD8, 0xFF, 0xA4, 0x00, 0x00, 0x00, 0x00, 0x00, 0xD8, 0xFF, 0xA4, 0x00, 0x00, 0x00, 0x00, 0x00,
0xD8, 0xFF, 0xA4, 0x00, 0x00, 0x00, 0x00, 0x00, 0xD8, 0xFF, 0xA4, 0x00, 0x00, 0x00, 0x00, 0x00,
0xD8, 0xFF, 0xA4, 0x00, 0x00, 0x00, 0x00, 0x00, 0xD8, 0xFF, 0xA4, 0x00, 0x00, 0x00, 0x00, 0x00,
0xD8, 0xFF, 0xA4, 0x00, 0x00, 0x00, 0x00, 0x00, 0xD8, 0xFF, 0xA4, 0x00, 0x00, 0x00, 0x00, 0x00,
0xD8, 0xFF, 0xA4, 0x00, 0x00, 0x00, 0x00, 0x00, 0xD8, 0xFF, 0xA4, 0x00, 0x00, 0x00, 0x00, 0x00,
0xD8, 0xFF, 0xA4, 0x00, 0x00, 0x00, 0x00, 0x00, 0xD8, 0xFF, 0xA4, 0x00, 0x00, 0x00, 0x00, 0x00,
0xD8, 0xFF, 0xA4, 0x00, 0x00, 0x00, 0x00, 0x00, 0xD8, 0xFF, 0xA4, 0x00, 0x00, 0x00, 0x00, 0x00,
0xD8, 0xFF, 0xA4, 0x00, 0x00, 0x00, 0x00, 0x00, 0xD8, 0xFF, 0xA4, 0x00, 0x00, 0x00, 0x00, 0x00,
0x00, 0xA4, 0xFF, 0xD8, 0x00, 0x00, 0x00, 0x00, 0xA4, 0xFF, 0xD8, 0x00, 0x00, 0x00, 0x00, 0xA4,
0xFF, 0xD8, 0x00, 0x00, 0x00, 0x00, 0xA4, 0xFF, 0xD8, 0x00, 0x00, 0x00, 0x00, 0xA4, 0xFF, 0xD8,
0x00, 0x00, 0x00, 0x00, 0xA4, 0xFF, 0xD8, 0x00, 0x00, 0x00, 0x00, 0xA4, 0xFF, 0xD8, 0x00, 0x00,
0x00, 0x00, 0xA4, 0xFF, 0xD8, 0x00, 0x00, 0x00, 0x00, 0xA4, 0xFF, 0xD8, 0x00, 0x00, 0x00, 0x00,
0xA4, 0xFF, 0xD8, 0x00, 0x00, 0x00, 0x00, 0xA4, 0xFF, 0xD8, 0x00, 0x00, 0x00, 0x00, 0xA4, 0xFF,
0xD8, 0x00, 0x00, 0x00, 0x00, 0xA4, 0xFF, 0xD8, 0x00, 0x00, 0x00, 0x00, 0xA4, 0xFF, 0xD8, 0x00,
0x00, 0x00, 0x00, 0xA4, 0xFF, 0xD8, 0x00, 0x00, 0x00, 0x00, 0xA4, 0xFF, 0xD8, 0x00, 0x00, 0x00,
0x00, 0xB3, 0xFF, 0xD2, 0x00, 0x00, 0x00, 0x00, 0xDD, 0xFF, 0xB9, 0x00, 0x00, 0x0D, 0x71, 0xFF,
0xFF, 0x77, 0xAB, 0xFF, 0xFF, 0xFF, 0xFF, 0xE1, 0x10, 0xE6, 0xFF, 0xFE, 0xE9, 0xA3, 0x1D, 0x00,
0x00, 0x00, 0x00, 0x00, 0x00, 0x00, 0xF4, 0xFF, 0xFF, 0xFF, 0xFF, 0xFF, 0xFF, 0xFF, 0xFF, 0xFF,
0xFF, 0x2C, 0x00, 0x00, 0x00, 0x00, 0x00, 0x00, 0x00, 0x00, 0x00, 0x00, 0x00, 0x00, 0x00, 0x00,
0x00, 0x00, 0xFB, 0xFF, 0xFF, 0xFF, 0xFF, 0xFF, 0xFF, 0xFF, 0xFF, 0xFF, 0xFF, 0x2C, 0x00, 0x00,
0x00, 0x00, 0x00, 0x00, 0x00, 0x00, 0x00, 0x00, 0x00, 0x00, 0x00, 0x00, 0x00, 0x02, 0xFF, 0xFF,
0x60, 0x00, 0x00, 0x00, 0x00, 0x00, 0x50, 0xFF, 0xFF, 0x2C, 0x00, 0x00, 0x00, 0x00, 0x00, 0x00,
0x00, 0x00, 0x00, 0x00, 0x00, 0x00, 0x00, 0x00, 0x00, 0x0A, 0xFF, 0xFF, 0x51, 0x00, 0x00, 0x00,
0x00, 0x00, 0x50, 0xFF, 0xFF, 0x2C, 0x00, 0x00, 0x00, 0x00, 0x00, 0x00, 0x00, 0x00, 0x00, 0x00,
0x00, 0x00, 0x00, 0x00, 0x00, 0x16, 0xFF, 0xFF, 0x43, 0x00, 0x00, 0x00, 0x00, 0x00, 0x50, 0xFF,
0xFF, 0x2C, 0x00, 0x00, 0x00, 0x00, 0x00, 0x00, 0x00, 0x00, 0x00, 0x00, 0x00, 0x00, 0x00, 0x00,
0x00, 0x23, 0xFF, 0xFF, 0x32, 0x00, 0x00, 0x00, 0x00, 0x00, 0x50, 0xFF, 0xFF, 0x2C, 0x00, 0x00,
0x00, 0x00, 0x00, 0x00, 0x00, 0x00, 0x00, 0x00, 0x00, 0x00, 0x00, 0x00, 0x00, 0x30, 0xFF, 0xFF,
0x21, 0x00, 0x00, 0x00, 0x00, 0x00, 0x50, 0xFF, 0xFF, 0x2C, 0x00, 0x00, 0x00, 0x00, 0x00, 0x00,
0x00, 0x00, 0x00, 0x00, 0x00, 0x00, 0x00, 0x00, 0x00, 0x42, 0xFF, 0xFF, 0x0E, 0x00, 0x00, 0x00,
0x00, 0x00, 0x50, 0xFF, 0xFF, 0x2C, 0x00, 0x00, 0x00, 0x00, 0x00, 0x00, 0x00, 0x00, 0x00, 0x00,
0x00, 0x00, 0x00, 0x00, 0x00, 0x55, 0xFF, 0xF7, 0x00, 0x00, 0x00, 0x00, 0x00, 0x00, 0x50, 0xFF,
0xFF, 0xD8, 0xE7, 0xF8, 0xFB, 0xEB, 0xC8, 0x8C, 0x30, 0x00, 0x00, 0x00, 0x00, 0x00, 0x00, 0x00,
0x00, 0x69, 0xFF, 0xE0, 0x00, 0x00, 0x00, 0x00, 0x00, 0x00, 0x50, 0xFF, 0xFF, 0xFF, 0xFF, 0xFF,
0xFF, 0xFF, 0xFF, 0xFF, 0xFE, 0x9A, 0x05, 0x00, 0x00, 0x00, 0x00, 0x00, 0x00, 0x86, 0xFF, 0xC6,
0x00, 0x00, 0x00, 0x00, 0x00, 0x00, 0x50, 0xFF, 0xFF, 0x56, 0x16, 0x04, 0x12, 0x2E, 0x6D, 0xE0,
0xFF, 0xFF, 0x9F, 0x00, 0x00, 0x00, 0x00, 0x00, 0x00, 0xA4, 0xFF, 0xAA, 0x00, 0x00, 0x00, 0x00,
0x00, 0x00, 0x50, 0xFF, 0xFF, 0x2C, 0x00, 0x00, 0x00, 0x00, 0x00, 0x10, 0xCF, 0xFF, 0xFF, 0x37,
0x00, 0x00, 0x00, 0x00, 0x00, 0xC9, 0xFF, 0x89, 0x00, 0x00, 0x00, 0x00, 0x00, 0x00, 0x50, 0xFF,
0xFF, 0x2C, 0x00, 0x00, 0x00, 0x00, 0x00, 0x00, 0x3C, 0xFF, 0xFF, 0x90, 0x00, 0x00, 0x00, 0x00,
0x01, 0xF1, 0xFF, 0x63, 0x00, 0x00, 0x00, 0x00, 0x00, 0x00, 0x50, 0xFF, 0xFF, 0x2C, 0x00, 0x00,
0x00, 0x00, 0x00, 0x00, 0x00, 0xF4, 0xFF, 0xB2, 0x00, 0x00, 0x00, 0x00, 0x29, 0xFF, 0xFF, 0x35,
0x00, 0x00, 0x00, 0x00, 0x00, 0x00, 0x50, 0xFF, 0xFF, 0x2C, 0x00, 0x00, 0x00, 0x00, 0x00, 0x00,
0x00, 0xE7, 0xFF, 0xBA, 0x00, 0x00, 0x00, 0x00, 0x69, 0xFF, 0xF8, 0x07, 0x00, 0x00, 0x00, 0x00,
0x00, 0x00, 0x50, 0xFF, 0xFF, 0x2C, 0x00, 0x00, 0x00, 0x00, 0x00, 0x00, 0x0A, 0xFB, 0xFF, 0xA0,
0x00, 0x00, 0x00, 0x00, 0xBD, 0xFF, 0xBB, 0x00, 0x00, 0x00, 0x00, 0x00, 0x00, 0x00, 0x50, 0xFF,
0xFF, 0x2C, 0x00, 0x00, 0x00, 0x00, 0x00, 0x00, 0x60, 0xFF, 0xFF, 0x5C, 0x00, 0x00, 0x00, 0x32,
0xFF, 0xFF, 0x66, 0x00, 0x00, 0x00, 0x00, 0x00, 0x00, 0x00, 0x50, 0xFF, 0xFF, 0x2C, 0x00, 0x00,
0x00, 0x00, 0x00, 0x28, 0xEA, 0xFF, 0xE2, 0x0B, 0x00, 0x08, 0x28, 0xD6, 0xFF, 0xE9, 0x0D, 0x00,
0x00, 0x00, 0x00, 0x00, 0x00, 0x00, 0x50, 0xFF, 0xFF, 0x46, 0x0B, 0x03, 0x09, 0x30, 0x83, 0xF4,
0xFF, 0xF7, 0x42, 0x00, 0x00, 0xD7, 0xFF, 0xFF, 0xFE, 0x58, 0x00, 0x00, 0x00, 0x00, 0x00, 0x00,
0x00, 0x00, 0x50, 0xFF, 0xFF, 0xFF, 0xFF, 0xFF, 0xFF, 0xFF, 0xFF, 0xFF, 0xDB, 0x3D, 0x00, 0x00,
0x02, 0xDE, 0xFA, 0xD5, 0x55, 0x00, 0x00, 0x00, 0x00, 0x00, 0x00, 0x00, 0x00, 0x00, 0x2E, 0xB6,
0xDA, 0xEE, 0xFA, 0xFE, 0xF2, 0xD8, 0xA6, 0x55, 0x06, 0x00, 0x00, 0x00, 0x74, 0xFF, 0xFF, 0x0C,
0x00, 0x00, 0x00, 0x00, 0x00, 0x00, 0x00, 0x00, 0x00, 0xE0, 0xFF, 0x9C, 0x00, 0x00, 0x00, 0x00,
0x00, 0x00, 0x00, 0x00, 0x00, 0x00, 0x00, 0x74, 0xFF, 0xFF, 0x0C, 0x00, 0x00, 0x00, 0x00, 0x00,
0x00, 0x00, 0x00, 0x00, 0xE0, 0xFF, 0x9C, 0x00, 0x00, 0x00, 0x00, 0x00, 0x00, 0x00, 0x00, 0x00,
0x00, 0x00, 0x74, 0xFF, 0xFF, 0x0C, 0x00, 0x00, 0x00, 0x00, 0x00, 0x00, 0x00, 0x00, 0x00, 0xE0,
0xFF, 0x9C, 0x00, 0x00, 0x00, 0x00, 0x00, 0x00, 0x00, 0x00, 0x00, 0x00, 0x00, 0x74, 0xFF, 0xFF,
0x0C, 0x00, 0x00, 0x00, 0x00, 0x00, 0x00, 0x00, 0x00, 0x00, 0xE0, 0xFF, 0x9C, 0x00, 0x00, 0x00,
0x00, 0x00, 0x00, 0x00, 0x00, 0x00, 0x00, 0x00, 0x74, 0xFF, 0xFF, 0x0C, 0x00, 0x00, 0x00, 0x00,
0x00, 0x00, 0x00, 0x00, 0x00, 0xE0, 0xFF, 0x9C, 0x00, 0x00, 0x00, 0x00, 0x00, 0x00, 0x00, 0x00,
0x00, 0x00, 0x00, 0x74, 0xFF, 0xFF, 0x0C, 0x00, 0x00, 0x00, 0x00, 0x00, 0x00, 0x00, 0x00, 0x00,
0xE0, 0xFF, 0x9C, 0x00, 0x00, 0x00, 0x00, 0x00, 0x00, 0x00, 0x00, 0x00, 0x00, 0x00, 0x74, 0xFF,
0xFF, 0x0C, 0x00, 0x00, 0x00, 0x00, 0x00, 0x00, 0x00, 0x00, 0x00, 0xE0, 0xFF, 0x9C, 0x00, 0x00,
0x00, 0x00, 0x00, 0x00, 0x00, 0x00, 0x00, 0x00, 0x00, 0x74, 0xFF, 0xFF, 0x0C, 0x00, 0x00, 0x00,
0x00, 0x00, 0x00, 0x00, 0x00, 0x00, 0xE0, 0xFF, 0x9C, 0x00, 0x00, 0x00, 0x00, 0x00, 0x00, 0x00,
0x00, 0x00, 0x00, 0x00, 0x74, 0xFF, 0xFF, 0x0C, 0x00, 0x00, 0x00, 0x00, 0x00, 0x00, 0x00, 0x00,
0x00, 0xE0, 0xFF, 0xE9, 0xDD, 0xF2, 0xFB, 0xEA, 0xD3, 0xB4, 0x70, 0x0F, 0x00, 0x00, 0x00, 0x74,
0xFF, 0xFF, 0xFF, 0xFF, 0xFF, 0xFF, 0xFF, 0xFF, 0xFF, 0xFF, 0xFF, 0xFF, 0xFF, 0xFF, 0xFF, 0xFF,
0xFF, 0xFF, 0xFF, 0xFF, 0xFF, 0xFF, 0xEE, 0x47, 0x00, 0x00, 0x74, 0xFF, 0xFF, 0xFF, 0xFF, 0xFF,
0xFF, 0xFF, 0xFF, 0xFF, 0xFF, 0xFF, 0xFF, 0xFF, 0xFF, 0xB4, 0x22, 0x0B, 0x06, 0x1A, 0x3A, 0x92,
0xFC, 0xFF, 0xF8, 0x2E, 0x00, 0x74, 0xFF, 0xFF, 0x0C, 0x00, 0x00, 0x00, 0x00, 0x00, 0x00, 0x00,
0x00, 0x00, 0xE0, 0xFF, 0x9C, 0x00, 0x00, 0x00, 0x00, 0x00, 0x00, 0x56, 0xFF, 0xFF, 0xB3, 0x00,
0x74, 0xFF, 0xFF, 0x0C, 0x00, 0x00, 0x00, 0x00, 0x00, 0x00, 0x00, 0x00, 0x00, 0xE0, 0xFF, 0x9C,
0x00, 0x00, 0x00, 0x00, 0x00, 0x00, 0x00, 0xC1, 0xFF, 0xFB, 0x0A, 0x74, 0xFF, 0xFF, 0x0C, 0x00,
0x00, 0x00, 0x00, 0x00, 0x00, 0x00, 0x00, 0x00, 0xE0, 0xFF, 0x9C, 0x00, 0x00, 0x00, 0x00, 0x00,
0x00, 0x00, 0x83, 0xFF, 0xFF, 0x23, 0x74, 0xFF, 0xFF, 0x0C, 0x00, 0x00, 0x00, 0x00, 0x00, 0x00,
0x00, 0x00, 0x00, 0xE0, 0xFF, 0x9C, 0x00, 0x00, 0x00, 0x00, 0x00, 0x00, 0x00, 0x76, 0xFF, 0xFF,
0x2A, 0x74, 0xFF, 0xFF, 0x0C, 0x00, 0x00, 0x00, 0x00, 0x00, 0x00, 0x00, 0x00, 0x00, 0xE0, 0xFF,
0x9C, 0x00, 0x00, 0x00, 0x00, 0x00, 0x00, 0x00, 0x92, 0xFF, 0xFF, 0x11, 0x74, 0xFF, 0xFF, 0x0C,
0x00, 0x00, 0x00, 0x00, 0x00, 0x00, 0x00, 0x00, 0x00, 0xE0, 0xFF, 0x9C, 0x00, 0x00, 0x00, 0x00,
0x00, 0x00, 0x06, 0xE0, 0xFF, 0xD0, 0x00, 0x74, 0xFF, 0xFF, 0x0C, 0x00, 0x00, 0x00, 0x00, 0x00,
0x00, 0x00, 0x00, 0x00, 0xE0, 0xFF, 0x9C, 0x00, 0x00, 0x00, 0x00, 0x00, 0x00, 0x92, 0xFF, 0xFF,
0x67, 0x00, 0x74, 0xFF, 0xFF, 0x0C, 0x00, 0x00, 0x00, 0x00, 0x00, 0x00, 0x00, 0x00, 0x00, 0xE0,
0xFF, 0xAB, 0x13, 0x06, 0x06, 0x24, 0x50, 0xBE, 0xFF, 0xFF, 0xB8, 0x02, 0x00, 0x74, 0xFF, 0xFF,
0x0C, 0x00, 0x00, 0x00, 0x00, 0x00, 0x00, 0x00, 0x00, 0x00, 0xE0, 0xFF, 0xFF, 0xFF, 0xFF, 0xFF,
0xFF, 0xFF, 0xFF, 0xFD, 0x98, 0x07, 0x00, 0x00, 0x74, 0xFF, 0xFF, 0x0C, 0x00, 0x00, 0x00, 0x00,
0x00, 0x00, 0x00, 0x00, 0x00, 0x95, 0xCE, 0xE9, 0xF7, 0xFE, 0xF9, 0xE9, 0xC2, 0x86, 0x29, 0x00,
0x00, 0x00, 0x00, 0x74, 0xFF, 0xFF, 0xFF, 0xFF, 0xFF, 0xFF, 0xFF, 0xFF, 0xFF, 0xFF, 0xFF, 0xFF,
0xFF, 0xFF, 0xFF, 0x1C, 0x00, 0x00, 0x00, 0x00, 0x74, 0xFF, 0xFF, 0xFF, 0xFF, 0xFF, 0xFF, 0xFF,
0xFF, 0xFF, 0xFF, 0xFF, 0xFF, 0xFF, 0xFF, 0xFF, 0x1C, 0x00, 0x00, 0x00, 0x00, 0x00, 0x00, 0x00,
0x00, 0x00, 0x00, 0x00, 0xEC, 0xFF, 0x90, 0x00, 0x00, 0x00, 0x00, 0x00, 0x00, 0x00, 0x00, 0x00,
0x00, 0x00, 0x00, 0x00, 0x00, 0x00, 0x00, 0x00, 0x00, 0xEC, 0xFF, 0x90, 0x00, 0x00, 0x00, 0x00,
0x00, 0x00, 0x00, 0x00, 0x00, 0x00, 0x00, 0x00, 0x00, 0x00, 0x00, 0x00, 0x00, 0x00, 0xEC, 0xFF,
0x90, 0x00, 0x00, 0x00, 0x00, 0x00, 0x00, 0x00, 0x00, 0x00, 0x00, 0x00, 0x00, 0x00, 0x00, 0x00,
0x00, 0x00, 0x00, 0xEC, 0xFF, 0x90, 0x00, 0x00, 0x00, 0x00, 0x00, 0x00, 0x00, 0x00, 0x00, 0x00,
0x00, 0x00, 0x00, 0x00, 0x00, 0x00, 0x00, 0x00, 0xEC, 0xFF, 0x90, 0x00, 0x00, 0x00, 0x00, 0x00,
0x00, 0x00, 0x00, 0x00, 0x00, 0x00, 0x00, 0x00, 0x00, 0x00, 0x00, 0x00, 0x00, 0xEC, 0xFF, 0x90,
0x00, 0x00, 0x00, 0x00, 0x00, 0x00, 0x00, 0x00, 0x00, 0x00, 0x00, 0x00, 0x00, 0x00, 0x00, 0x00,
0x00, 0x00, 0xEC, 0xFF, 0x90, 0x1C, 0x77, 0xBC, 0xE8, 0xFA, 0xF4, 0xD2, 0x8B, 0x19, 0x00, 0x00,
0x00, 0x00, 0x00, 0x00, 0x00, 0x00, 0x00, 0xEC, 0xFF, 0xE6, 0xFB, 0xFF, 0xFF, 0xFF, 0xFF, 0xFF,
0xFF, 0xFF, 0xEB, 0x29, 0x00, 0x00, 0x00, 0x00, 0x00, 0x00, 0x00, 0x00, 0xEC, 0xFF, 0xFF, 0xD0,
0x6B, 0x2D, 0x0D, 0x06, 0x2A, 0x9D, 0xFF, 0xFF, 0xC7, 0x00, 0x00, 0x00, 0x00, 0x00, 0x00, 0x00,
0x00, 0xEC, 0xFF, 0xAA, 0x02, 0x00, 0x00, 0x00, 0x00, 0x00, 0x00, 0xA7, 0xFF, 0xFF, 0x26, 0x00,
0x00, 0x00, 0x00, 0x00, 0x00, 0x00, 0xEC, 0xFF, 0x90, 0x00, 0x00, 0x00, 0x00, 0x00, 0x00, 0x00,
0x3D, 0xFF, 0xFF, 0x5A, 0x00, 0x00, 0x00, 0x00, 0x00, 0x00, 0x00, 0xEC, 0xFF, 0x90, 0x00, 0x00,
0x00, 0x00, 0x00, 0x00, 0x00, 0x12, 0xFF, 0xFF, 0x6E, 0x00, 0x00, 0x00, 0x00, 0x00, 0x00, 0x00,
0xEC, 0xFF, 0x90, 0x00, 0x00, 0x00, 0x00, 0x00, 0x00, 0x00, 0x08, 0xFF, 0xFF, 0x74, 0x00, 0x00,
0x00, 0x00, 0x00, 0x00, 0x00, 0xEC, 0xFF, 0x90, 0x00, 0x00, 0x00, 0x00, 0x00, 0x00, 0x00, 0x08,
0xFF, 0xFF, 0x74, 0x00, 0x00, 0x00, 0x00, 0x00, 0x00, 0x00, 0xEC, 0xFF, 0x90, 0x00, 0x00, 0x00,
0x00, 0x00, 0x00, 0x00, 0x08, 0xFF, 0xFF, 0x74, 0x00, 0x00, 0x00, 0x00, 0x00, 0x00, 0x00, 0xEC,
0xFF, 0x90, 0x00, 0x00, 0x00, 0x00, 0x00, 0x00, 0x00, 0x08, 0xFF, 0xFF, 0x74, 0x00, 0x00, 0x00,
0x00, 0x00, 0x00, 0x00, 0xEC, 0xFF, 0x90, 0x00, 0x00, 0x00, 0x00, 0x00, 0x00, 0x00, 0x08, 0xFF,
0xFF, 0x74, 0x00, 0x00, 0x00, 0x00, 0x00, 0x00, 0x00, 0xEC, 0xFF, 0x90, 0x00, 0x00, 0x00, 0x00,
0x00, 0x00, 0x00, 0x08, 0xFF, 0xFF, 0x74, 0x00, 0x00, 0x00, 0x00, 0x00, 0x00, 0x00, 0xEC, 0xFF,
0x90, 0x00, 0x00, 0x00, 0x00, 0x00, 0x00, 0x00, 0x08, 0xFF, 0xFF, 0x74, 0x00, 0x00, 0x00, 0x00,
0x00, 0x00, 0x00, 0x2A, 0xEF, 0xFF, 0xFF, 0xB4, 0x00, 0x00, 0x00, 0x00, 0x00, 0x00, 0x00, 0x00,
0x00, 0x00, 0x1A, 0xE2, 0xFF, 0xFE, 0x92, 0x0A, 0x00, 0x00, 0x00, 0x00, 0x00, 0x00, 0x00, 0x00,
0x00, 0x0E, 0xD1, 0xFF, 0xDD, 0x3F, 0x00, 0x00, 0x00, 0x00, 0x00, 0x00, 0x00, 0x00, 0x00, 0x00,
0x05, 0xBC, 0xFE, 0x95, 0x0B, 0x00, 0x00, 0x00, 0x00, 0x00, 0x00, 0x00, 0x00, 0x00, 0x00, 0x00,
0x00, 0x00, 0x00, 0x00, 0x00, 0x00, 0x00, 0x00, 0x00, 0x00, 0x00, 0x00, 0x74, 0xFF, 0xFF, 0x0C,
0x00, 0x00, 0x00, 0x00, 0x00, 0x00, 0x0F, 0xDE, 0xFF, 0xDE, 0x10, 0x00, 0x74, 0xFF, 0xFF, 0x0C,
0x00, 0x00, 0x00, 0x00, 0x00, 0x00, 0xAA, 0xFF, 0xF9, 0x34, 0x00, 0x00, 0x74, 0xFF, 0xFF, 0x0C,
0x00, 0x00, 0x00, 0x00, 0x00, 0x67, 0xFF, 0xFF, 0x6C, 0x00, 0x00, 0x00, 0x74, 0xFF, 0xFF, 0x0C,
0x00, 0x00, 0x00, 0x00, 0x2C, 0xF6, 0xFF, 0xAB, 0x00, 0x00, 0x00, 0x00, 0x74, 0xFF, 0xFF, 0x0C,
0x00, 0x00, 0x00, 0x0A, 0xD5, 0xFF, 0xDC, 0x0E, 0x00, 0x00, 0x00, 0x00, 0x74, 0xFF, 0xFF, 0x0C,
0x00, 0x00, 0x00, 0x9C, 0xFF, 0xF8, 0x31, 0x00, 0x00, 0x00, 0x00, 0x00, 0x74, 0xFF, 0xFF, 0x0C,
0x00, 0x00, 0x58, 0xFF, 0xFF, 0x67, 0x00, 0x00, 0x00, 0x00, 0x00, 0x00, 0x74, 0xFF, 0xFF, 0x0C,
0x00, 0x22, 0xF1, 0xFF, 0xA6, 0x00, 0x00, 0x00, 0x00, 0x00, 0x00, 0x00, 0x74, 0xFF, 0xFF, 0x0C,
0x06, 0xCB, 0xFF, 0xD9, 0x0C, 0x00, 0x00, 0x00, 0x00, 0x00, 0x00, 0x00, 0x74, 0xFF, 0xFF, 0x30,
0xA0, 0xFF, 0xDE, 0x28, 0x00, 0x00, 0x00, 0x00, 0x00, 0x00, 0x00, 0x00, 0x74, 0xFF, 0xFF, 0xFF,
0xFF, 0xFF, 0x69, 0x00, 0x00, 0x00, 0x00, 0x00, 0x00, 0x00, 0x00, 0x00, 0x74, 0xFF, 0xFF, 0xFF,
0xFF, 0xFF, 0xFF, 0x84, 0x00, 0x00, 0x00, 0x00, 0x00, 0x00, 0x00, 0x00, 0x74, 0xFF, 0xFF, 0x0C,
0x2D, 0xF2, 0xFF, 0xFF, 0x61, 0x00, 0x00, 0x00, 0x00, 0x00, 0x00, 0x00, 0x74, 0xFF, 0xFF, 0x0C,
0x00, 0x49, 0xFC, 0xFF, 0xF8, 0x37, 0x00, 0x00, 0x00, 0x00, 0x00, 0x00, 0x74, 0xFF, 0xFF, 0x0C,
0x00, 0x00, 0x6D, 0xFF, 0xFF, 0xE5, 0x19, 0x00, 0x00, 0x00, 0x00, 0x00, 0x74, 0xFF, 0xFF, 0x0C,
0x00, 0x00, 0x00, 0x93, 0xFF, 0xFF, 0xC7, 0x06, 0x00, 0x00, 0x00, 0x00, 0x74, 0xFF, 0xFF, 0x0C,
0x00, 0x00, 0x00, 0x03, 0xB6, 0xFF, 0xFF, 0x9C, 0x00, 0x00, 0x00, 0x00, 0x74, 0xFF, 0xFF, 0x0C,
0x00, 0x00, 0x00, 0x00, 0x0E, 0xD3, 0xFF, 0xFF, 0x6B, 0x00, 0x00, 0x00, 0x74, 0xFF, 0xFF, 0x0C,
0x00, 0x00, 0x00, 0x00, 0x00, 0x1F, 0xE8, 0xFF, 0xFB, 0x3F, 0x00, 0x00, 0x74, 0xFF, 0xFF, 0x0C,
0x00, 0x00, 0x00, 0x00, 0x00, 0x00, 0x37, 0xF7, 0xFF, 0xEA, 0x1E, 0x00, 0x74, 0xFF, 0xFF, 0x0C,
0x00, 0x00, 0x00, 0x00, 0x00, 0x00, 0x00, 0x56, 0xFE, 0xFF, 0xCE, 0x09, 0x00, 0x00, 0x00, 0x11,
0x94, 0xD4, 0x55, 0x00, 0x00, 0x00, 0x00, 0x75, 0xC6, 0x6A, 0x00, 0x00, 0x00, 0x00, 0x00, 0x00,
0x06, 0xED, 0xFF, 0xE6, 0x4B, 0x0D, 0x10, 0x5E, 0xF5, 0xFF, 0x72, 0x00, 0x00, 0x00, 0x00, 0x00,
0x00, 0x00, 0x5F, 0xFD, 0xFF, 0xFF, 0xFF, 0xFF, 0xFF, 0xFF, 0xC5, 0x08, 0x00, 0x00, 0x00, 0x00,
0x00, 0x00, 0x00, 0x00, 0x34, 0x9D, 0xDB, 0xF5, 0xF8, 0xD6, 0x85, 0x0D, 0x00, 0x00, 0x00, 0x00,
0x00, 0x00, 0x00, 0x00, 0x00, 0x00, 0x00, 0x00, 0x00, 0x00, 0x00, 0x00, 0x00, 0x00, 0x00, 0x00,
0x00, 0x8C, 0xFF, 0xFF, 0x55, 0x00, 0x00, 0x00, 0x00, 0x00, 0x00, 0x00, 0x00, 0x00, 0x2B, 0xFF,
0xFF, 0x5D, 0x15, 0xF4, 0xFF, 0xD1, 0x01, 0x00, 0x00, 0x00, 0x00, 0x00, 0x00, 0x00, 0x00, 0x8A,
0xFF, 0xEF, 0x09, 0x00, 0x89, 0xFF, 0xFF, 0x4F, 0x00, 0x00, 0x00, 0x00, 0x00, 0x00, 0x00, 0x03,
0xE5, 0xFF, 0x94, 0x00, 0x00, 0x14, 0xF3, 0xFF, 0xCC, 0x00, 0x00, 0x00, 0x00, 0x00, 0x00, 0x00,
0x47, 0xFF, 0xFF, 0x30, 0x00, 0x00, 0x00, 0x87, 0xFF, 0xFF, 0x49, 0x00, 0x00, 0x00, 0x00, 0x00,
0x00, 0xA6, 0xFF, 0xCC, 0x00, 0x00, 0x00, 0x00, 0x13, 0xF2, 0xFF, 0xC6, 0x00, 0x00, 0x00, 0x00,
0x00, 0x0E, 0xF6, 0xFF, 0x67, 0x00, 0x00, 0x00, 0x00, 0x00, 0x85, 0xFF, 0xFF, 0x43, 0x00, 0x00,
0x00, 0x00, 0x63, 0xFF, 0xF5, 0x0E, 0x00, 0x00, 0x00, 0x00, 0x00, 0x12, 0xF2, 0xFF, 0xC0, 0x00,
0x00, 0x00, 0x00, 0xC2, 0xFF, 0x9E, 0x00, 0x00, 0x00, 0x00, 0x00, 0x00, 0x00, 0x83, 0xFF, 0xFF,
0x3D, 0x00, 0x00, 0x21, 0xFE, 0xFF, 0x3A, 0x00, 0x00, 0x00, 0x00, 0x00, 0x00, 0x00, 0x11, 0xF1,
0xFF, 0xBA, 0x00, 0x00, 0x7F, 0xFF, 0xD5, 0x00, 0x00, 0x00, 0x00, 0x00, 0x00, 0x00, 0x00, 0x00,
0x81, 0xFF, 0xFF, 0x37, 0x00, 0xDC, 0xFF, 0x71, 0x00, 0x00, 0x00, 0x00, 0x00, 0x00, 0x00, 0x00,
0x00, 0x10, 0xF0, 0xFF, 0x9A, 0x25, 0xFF, 0xF9, 0x14, 0x00, 0x00, 0x00, 0x00, 0x00, 0x00, 0x00,
0x00, 0x00, 0x00, 0x7F, 0xFF, 0xE4, 0x5D, 0xFF, 0xA8, 0x00, 0x00, 0x00, 0x00, 0x00, 0x00, 0x00,
0x00, 0x00, 0x00, 0x00, 0x0F, 0xEF, 0xFF, 0xCB, 0xFF, 0x44, 0x00, 0x00, 0x00, 0x00, 0x00, 0x00,
0x00, 0x00, 0x00, 0x00, 0x00, 0x00, 0x7D, 0xFF, 0xFF, 0xDE, 0x01, 0x00, 0x00, 0x00, 0x00, 0x00,
0x00, 0x00, 0x00, 0x00, 0x00, 0x00, 0x00, 0x1C, 0xFF, 0xFF, 0x7A, 0x00, 0x00, 0x00, 0x00, 0x00,
0x00, 0x00, 0x00, 0x00, 0x00, 0x00, 0x00, 0x00, 0x54, 0xFF, 0xF9, 0x16, 0x00, 0x00, 0x00, 0x00,
0x00, 0x00, 0x00, 0x00, 0x00, 0x00, 0x00, 0x00, 0x00, 0xB9, 0xFF, 0x9D, 0x00, 0x00, 0x00, 0x00,
0x00, 0x00, 0x00, 0x00, 0x00, 0x00, 0x00, 0x00, 0x06, 0x6D, 0xFF, 0xF8, 0x23, 0x00, 0x00, 0x00,
0x00, 0x00, 0x00, 0x00, 0x00, 0x00, 0x00, 0xB4, 0xFF, 0xFF, 0xFF, 0xFF, 0x73, 0x00, 0x00, 0x00,
0x00, 0x00, 0x00, 0x00, 0x00, 0x00, 0x00, 0x0C, 0xC1, 0xF5, 0xFB, 0xDB, 0x6C, 0x00, 0x00, 0x00,
0x00, 0x00, 0x00, 0x00, 0x00, 0x00, 0x74, 0xFF, 0xFF, 0x0C, 0x00, 0x00, 0x00, 0x00, 0x00, 0x00,
0x00, 0x00, 0x44, 0xFF, 0xFF, 0x38, 0x74, 0xFF, 0xFF, 0x0C, 0x00, 0x00, 0x00, 0x00, 0x00, 0x00,
0x00, 0x00, 0x44, 0xFF, 0xFF, 0x38, 0x74, 0xFF, 0xFF, 0x0C, 0x00, 0x00, 0x00, 0x00, 0x00, 0x00,
0x00, 0x00, 0x44, 0xFF, 0xFF, 0x38, 0x74, 0xFF, 0xFF, 0x0C, 0x00, 0x00, 0x00, 0x00, 0x00, 0x00,
0x00, 0x00, 0x44, 0xFF, 0xFF, 0x38, 0x74, 0xFF, 0xFF, 0x0C, 0x00, 0x00, 0x00, 0x00, 0x00, 0x00,
0x00, 0x00, 0x44, 0xFF, 0xFF, 0x38, 0x74, 0xFF, 0xFF, 0x0C, 0x00, 0x00, 0x00, 0x00, 0x00, 0x00,
0x00, 0x00, 0x44, 0xFF, 0xFF, 0x38, 0x74, 0xFF, 0xFF, 0x0C, 0x00, 0x00, 0x00, 0x00, 0x00, 0x00,
0x00, 0x00, 0x44, 0xFF, 0xFF, 0x38, 0x74, 0xFF, 0xFF, 0x0C, 0x00, 0x00, 0x00, 0x00, 0x00, 0x00,
0x00, 0x00, 0x44, 0xFF, 0xFF, 0x38, 0x74, 0xFF, 0xFF, 0x0C, 0x00, 0x00, 0x00, 0x00, 0x00, 0x00,
0x00, 0x00, 0x44, 0xFF, 0xFF, 0x38, 0x74, 0xFF, 0xFF, 0x0C, 0x00, 0x00, 0x00, 0x00, 0x00, 0x00,
0x00, 0x00, 0x44, 0xFF, 0xFF, 0x38, 0x74, 0xFF, 0xFF, 0x0C, 0x00, 0x00, 0x00, 0x00, 0x00, 0x00,
0x00, 0x00, 0x44, 0xFF, 0xFF, 0x38, 0x74, 0xFF, 0xFF, 0x0C, 0x00, 0x00, 0x00, 0x00, 0x00, 0x00,
0x00, 0x00, 0x44, 0xFF, 0xFF, 0x38, 0x74, 0xFF, 0xFF, 0x0C, 0x00, 0x00, 0x00, 0x00, 0x00, 0x00,
0x00, 0x00, 0x44, 0xFF, 0xFF, 0x38, 0x74, 0xFF, 0xFF, 0x0C, 0x00, 0x00, 0x00, 0x00, 0x00, 0x00,
0x00, 0x00, 0x44, 0xFF, 0xFF, 0x38, 0x74, 0xFF, 0xFF, 0x0C, 0x00, 0x00, 0x00, 0x00, 0x00, 0x00,
0x00, 0x00, 0x44, 0xFF, 0xFF, 0x38, 0x74, 0xFF, 0xFF, 0x0C, 0x00, 0x00, 0x00, 0x00, 0x00, 0x00,
0x00, 0x00, 0x44, 0xFF, 0xFF, 0x38, 0x74, 0xFF, 0xFF, 0x0C, 0x00, 0x00, 0x00, 0x00, 0x00, 0x00,
0x00, 0x00, 0x44, 0xFF, 0xFF, 0x38, 0x74, 0xFF, 0xFF, 0x0C, 0x00, 0x00, 0x00, 0x00, 0x00, 0x00,
0x00, 0x00, 0x44, 0xFF, 0xFF, 0x38, 0x74, 0xFF, 0xFF, 0x0C, 0x00, 0x00, 0x00, 0x00, 0x00, 0x00,
0x00, 0x00, 0x44, 0xFF, 0xFF, 0x38, 0x74, 0xFF, 0xFF, 0xFF, 0xFF, 0xFF, 0xFF, 0xFF, 0xFF, 0xFF,
0xFF, 0xFF, 0xFF, 0xFF, 0xFF, 0x38, 0x74, 0xFF, 0xFF, 0xFF, 0xFF, 0xFF, 0xFF, 0xFF, 0xFF, 0xFF,
0xFF, 0xFF, 0xFF, 0xFF, 0xFF, 0x38, 0x00, 0x00, 0x00, 0x00, 0x00, 0x00, 0x65, 0xFF, 0xFF, 0x1B,
0x00, 0x00, 0x00, 0x00, 0x00, 0x00, 0x00, 0x00, 0x00, 0x00, 0x00, 0x00, 0x45, 0xFF, 0xFF, 0x05,
0x00, 0x00, 0x00, 0x00, 0x00, 0x00, 0x00, 0x00, 0x00, 0x00, 0x00, 0x00, 0x26, 0xFF, 0xED, 0x00,
0x00, 0x00, 0x00, 0x00, 0x00, 0x00, 0x00, 0x00, 0x00, 0x00, 0x00, 0x00, 0x08, 0xFE, 0xD6, 0x00,
0x00, 0x00, 0x00, 0x00, 0x00, 0x00, 0x00, 0x00, 0x00, 0x00, 0x00, 0x00, 0x00, 0xE8, 0xBF, 0x00,
0x00, 0x00, 0x00, 0x00, 0x00, 0x00, 0x00, 0x00, 0x00, 0x00, 0x00, 0x00, 0x00, 0x0C, 0xF4, 0x84,
0x00, 0x00, 0x00, 0x00, 0x00, 0x00, 0x00, 0x00, 0x00, 0x00, 0x00, 0x00, 0x00, 0x00, 0x00, 0x61,
0xFF, 0xE3, 0x02, 0x00, 0x00, 0x00, 0x00, 0x00, 0x00, 0x00, 0x00, 0x00, 0x00, 0x00, 0x00, 0x00,
0x00, 0xC2, 0xFF, 0xFF, 0x46, 0x00, 0x00, 0x00, 0x00, 0x00, 0x00, 0x00, 0x00, 0x00, 0x00, 0x00,
0x00, 0x00, 0x24, 0xFF, 0xF8, 0xFF, 0xA8, 0x00, 0x00, 0x00, 0x00, 0x00, 0x00, 0x00, 0x00, 0x00,
0x00, 0x00, 0x00, 0x00, 0x84, 0xFF, 0x97, 0xFF, 0xF8, 0x11, 0x00, 0x00, 0x00, 0x00, 0x00, 0x00,
0x00, 0x00, 0x00, 0x00, 0x00, 0x02, 0xE2, 0xFF, 0x3E, 0xDD, 0xFF, 0x6A, 0x00, 0x00, 0x00, 0x00,
0x00, 0x00, 0x00, 0x00, 0x00, 0x00, 0x00, 0x46, 0xFF, 0xF8, 0x08, 0x9D, 0xFF, 0xCC, 0x00, 0x00,
0x00, 0x00, 0x00, 0x00, 0x00, 0x00, 0x00, 0x00, 0x00, 0xA7, 0xFF, 0xAE, 0x00, 0x48, 0xFF, 0xFF,
0x2D, 0x00, 0x00, 0x00, 0x00, 0x00, 0x00, 0x00, 0x00, 0x00, 0x10, 0xF7, 0xFF, 0x4D, 0x00, 0x02,
0xE4, 0xFF, 0x8E, 0x00, 0x00, 0x00, 0x00, 0x00, 0x00, 0x00, 0x00, 0x00, 0x69, 0xFF, 0xE8, 0x04,
0x00, 0x00, 0x87, 0xFF, 0xEA, 0x05, 0x00, 0x00, 0x00, 0x00, 0x00, 0x00, 0x00, 0x00, 0xCA, 0xFF,
0x8C, 0x00, 0x00, 0x00, 0x26, 0xFF, 0xFF, 0x51, 0x00, 0x00, 0x00, 0x00, 0x00, 0x00, 0x00, 0x2B,
0xFF, 0xFF, 0x2C, 0x00, 0x00, 0x00, 0x00, 0xC5, 0xFF, 0xB2, 0x00, 0x00, 0x00, 0x00, 0x00, 0x00,
0x00, 0x8C, 0xFF, 0xCC, 0x00, 0x00, 0x00, 0x00, 0x00, 0x64, 0xFF, 0xFB, 0x18, 0x00, 0x00, 0x00,
0x00, 0x00, 0x04, 0xE8, 0xFF, 0xFF, 0xFF, 0xFF, 0xFF, 0xFF, 0xFF, 0xFF, 0xFF, 0xFF, 0x75, 0x00,
0x00, 0x00, 0x00, 0x00, 0x4E, 0xFF, 0xFF, 0xFF, 0xFF, 0xFF, 0xFF, 0xFF, 0xFF, 0xFF, 0xFF, 0xFF,
0xD6, 0x00, 0x00, 0x00, 0x00, 0x00, 0xAF, 0xFF, 0x9E, 0x00, 0x00, 0x00, 0x00, 0x00, 0x00, 0x00,
0x47, 0xFF, 0xFF, 0x38, 0x00, 0x00, 0x00, 0x15, 0xFA, 0xFF, 0x45, 0x00, 0x00, 0x00, 0x00, 0x00,
0x00, 0x00, 0x03, 0xE7, 0xFF, 0x99, 0x00, 0x00, 0x00, 0x71, 0xFF, 0xE8, 0x03, 0x00, 0x00, 0x00,
0x00, 0x00, 0x00, 0x00, 0x00, 0x8F, 0xFF, 0xF1, 0x09, 0x00, 0x00, 0xD1, 0xFF, 0x92, 0x00, 0x00,
0x00, 0x00, 0x00, 0x00, 0x00, 0x00, 0x00, 0x33, 0xFF, 0xFF, 0x5C, 0x00, 0x33, 0xFF, 0xFF, 0x39,
0x00, 0x00, 0x00, 0x00, 0x00, 0x00, 0x00, 0x00, 0x00, 0x00, 0xD6, 0xFF, 0xBD, 0x00, 0x94, 0xFF,
0xDF, 0x00, 0x00, 0x00, 0x00, 0x00, 0x00, 0x00, 0x00, 0x00, 0x00, 0x00, 0x7A, 0xFF, 0xFE, 0x20,
0x74, 0xFF, 0xFF, 0xFF, 0xFF, 0xFF, 0xFF, 0xFF, 0xFF, 0xFF, 0xFF, 0xF4, 0x00, 0x00, 0x74, 0xFF,
0xFF, 0xFF, 0xFF, 0xFF, 0xFF, 0xFF, 0xFF, 0xFF, 0xFF, 0xF4, 0x00, 0x00, 0x74, 0xFF, 0xFF, 0x0C,
0x00, 0x00, 0x00, 0x00, 0x00, 0x00, 0x00, 0x00, 0x00, 0x00, 0x74, 0xFF, 0xFF, 0x0C, 0x00, 0x00,
0x00, 0x00, 0x00, 0x00, 0x00, 0x00, 0x00, 0x00, 0x74, 0xFF, 0xFF, 0x0C, 0x00, 0x00, 0x00, 0x00,
0x00, 0x00, 0x00, 0x00, 0x00, 0x00, 0x74, 0xFF, 0xFF, 0x0C, 0x00, 0x00, 0x00, 0x00, 0x00, 0x00,
0x00, 0x00, 0x00, 0x00, 0x74, 0xFF, 0xFF, 0x0C, 0x00, 0x00, 0x00, 0x00, 0x00, 0x00, 0x00, 0x00,
0x00, 0x00, 0x74, 0xFF, 0xFF, 0x0C, 0x00, 0x00, 0x00, 0x00, 0x00, 0x00, 0x00, 0x00, 0x00, 0x00,
0x74, 0xFF, 0xFF, 0xCE, 0xEA, 0xFA, 0xF5, 0xE0, 0xB7, 0x73, 0x14, 0x00, 0x00, 0x00, 0x74, 0xFF,
0xFF, 0xFF, 0xFF, 0xFF, 0xFF, 0xFF, 0xFF, 0xFF, 0xF3, 0x5E, 0x00, 0x00, 0x74, 0xFF, 0xFF, 0x36,
0x10, 0x04, 0x17, 0x34, 0x86, 0xF6, 0xFF, 0xFF, 0x4D, 0x00, 0x74, 0xFF, 0xFF, 0x0C, 0x00, 0x00,
0x00, 0x00, 0x00, 0x3F, 0xFC, 0xFF, 0xDA, 0x00, 0x74, 0xFF, 0xFF, 0x0C, 0x00, 0x00, 0x00, 0x00,
0x00, 0x00, 0xA4, 0xFF, 0xFF, 0x2C, 0x74, 0xFF, 0xFF, 0x0C, 0x00, 0x00, 0x00, 0x00, 0x00, 0x00,
0x60, 0xFF, 0xFF, 0x4C, 0x74, 0xFF, 0xFF, 0x0C, 0x00, 0x00, 0x00, 0x00, 0x00, 0x00, 0x4D, 0xFF,
0xFF, 0x52, 0x74, 0xFF, 0xFF, 0x0C, 0x00, 0x00, 0x00, 0x00, 0x00, 0x00, 0x62, 0xFF, 0xFF, 0x38,
0x74, 0xFF, 0xFF, 0x0C, 0x00, 0x00, 0x00, 0x00, 0x00, 0x00, 0xAF, 0xFF, 0xF0, 0x06, 0x74, 0xFF,
0xFF, 0x0C, 0x00, 0x00, 0x00, 0x00, 0x00, 0x53, 0xFF, 0xFF, 0x8B, 0x00, 0x74, 0xFF, 0xFF, 0x27,
0x06, 0x00, 0x09, 0x35, 0x97, 0xFD, 0xFF, 0xD2, 0x0C, 0x00, 0x74, 0xFF, 0xFF, 0xFF, 0xFF, 0xFF,
0xFF, 0xFF, 0xFF, 0xFF, 0xB5, 0x14, 0x00, 0x00, 0x46, 0xBA, 0xDB, 0xEF, 0xFA, 0xFE, 0xF2, 0xD3,
0x99, 0x3D, 0x00, 0x00, 0x00, 0x00, 0x48, 0xB7, 0xD1, 0xE5, 0xF4, 0xFB, 0xFB, 0xE8, 0xD2, 0xA0,
0x45, 0x00, 0x00, 0x00, 0x74, 0xFF, 0xFF, 0xFF, 0xFF, 0xFF, 0xFF, 0xFF, 0xFF, 0xFF, 0xFF, 0xB1,
0x08, 0x00, 0x74, 0xFF, 0xFF, 0x27, 0x0B, 0x04, 0x0A, 0x24, 0x6F, 0xE3, 0xFF, 0xFF, 0x98, 0x00,
0x74, 0xFF, 0xFF, 0x0C, 0x00, 0x00, 0x00, 0x00, 0x00, 0x20, 0xE7, 0xFF, 0xF9, 0x0B, 0x74, 0xFF,
0xFF, 0x0C, 0x00, 0x00, 0x00, 0x00, 0x00, 0x00, 0x8A, 0xFF, 0xFF, 0x29, 0x74, 0xFF, 0xFF, 0x0C,
0x00, 0x00, 0x00, 0x00, 0x00, 0x00, 0x78, 0xFF, 0xFF, 0x15, 0x74, 0xFF, 0xFF, 0x0C, 0x00, 0x00,
0x00, 0x00, 0x00, 0x00, 0xC0, 0xFF, 0xD1, 0x00, 0x74, 0xFF, 0xFF, 0x0C, 0x00, 0x00, 0x00, 0x00,
0x01, 0x83, 0xFF, 0xFE, 0x48, 0x00, 0x74, 0xFF, 0xFF, 0x0C, 0x00, 0x05, 0x12, 0x4D, 0xC4, 0xFF,
0xF0, 0x5A, 0x00, 0x00, 0x74, 0xFF, 0xFF, 0xFF, 0xFF, 0xFF, 0xFF, 0xFF, 0xFF, 0xBD, 0x1E, 0x00,
0x00, 0x00, 0x74, 0xFF, 0xFF, 0xFF, 0xFF, 0xFF, 0xFF, 0xFF, 0xFF, 0xFF, 0xF9, 0x96, 0x09, 0x00,
0x74, 0xFF, 0xFF, 0x0C, 0x00, 0x01, 0x11, 0x28, 0x62, 0xD1, 0xFF, 0xFF, 0xBA, 0x02, 0x74, 0xFF,
0xFF, 0x0C, 0x00, 0x00, 0x00, 0x00, 0x00, 0x05, 0xAC, 0xFF, 0xFF, 0x5C, 0x74, 0xFF, 0xFF, 0x0C,
0x00, 0x00, 0x00, 0x00, 0x00, 0x00, 0x18, 0xFA, 0xFF, 0xB1, 0x74, 0xFF, 0xFF, 0x0C, 0x00, 0x00,
0x00, 0x00, 0x00, 0x00, 0x00, 0xDA, 0xFF, 0xD0, 0x74, 0xFF, 0xFF, 0x0C, 0x00, 0x00, 0x00, 0x00,
0x00, 0x00, 0x00, 0xDA, 0xFF, 0xC2, 0x74, 0xFF, 0xFF, 0x0C, 0x00, 0x00, 0x00, 0x00, 0x00, 0x00,
0x1F, 0xFD, 0xFF, 0x92, 0x74, 0xFF, 0xFF, 0x0C, 0x00, 0x00, 0x00, 0x00, 0x00, 0x08, 0xBB, 0xFF,
0xFC, 0x2C, 0x74, 0xFF, 0xFF, 0x30, 0x10, 0x04, 0x09, 0x28, 0x5F, 0xD4, 0xFF, 0xFF, 0x78, 0x00,
0x74, 0xFF, 0xFF, 0xFF, 0xFF, 0xFF, 0xFF, 0xFF, 0xFF, 0xFF, 0xF1, 0x68, 0x00, 0x00, 0x4D, 0xC8,
0xE4, 0xF4, 0xFD, 0xFF, 0xF8, 0xE4, 0xB7, 0x6F, 0x14, 0x00, 0x00, 0x00, 0x74, 0xFF, 0xFF, 0xFF,
0xFF, 0xFF, 0xFF, 0xFF, 0xFF, 0xFF, 0xFF, 0xCC, 0x74, 0xFF, 0xFF, 0xFF, 0xFF, 0xFF, 0xFF, 0xFF,
0xFF, 0xFF, 0xFF, 0xCC, 0x74, 0xFF, 0xFF, 0x0C, 0x00, 0x00, 0x00, 0x00, 0x00, 0x00, 0x00, 0x00,
0x74, 0xFF, 0xFF, 0x0C, 0x00, 0x00, 0x00, 0x00, 0x00, 0x00, 0x00, 0x00, 0x74, 0xFF, 0xFF, 0x0C,
0x00, 0x00, 0x00, 0x00, 0x00, 0x00, 0x00, 0x00, 0x74, 0xFF, 0xFF, 0x0C, 0x00, 0x00, 0x00, 0x00,
0x00, 0x00, 0x00, 0x00, 0x74, 0xFF, 0xFF, 0x0C, 0x00, 0x00, 0x00, 0x00, 0x00, 0x00, 0x00, 0x00,
0x74, 0xFF, 0xFF, 0x0C, 0x00, 0x00, 0x00, 0x00, 0x00, 0x00, 0x00, 0x00, 0x74, 0xFF, 0xFF, 0x0C,
0x00, 0x00, 0x00, 0x00, 0x00, 0x00, 0x00, 0x00, 0x74, 0xFF, 0xFF, 0x0C, 0x00, 0x00, 0x00, 0x00,
0x00, 0x00, 0x00, 0x00, 0x74, 0xFF, 0xFF, 0x0C, 0x00, 0x00, 0x00, 0x00, 0x00, 0x00, 0x00, 0x00,
0x74, 0xFF, 0xFF, 0x0C, 0x00, 0x00, 0x00, 0x00, 0x00, 0x00, 0x00, 0x00, 0x74, 0xFF, 0xFF, 0x0C,
0x00, 0x00, 0x00, 0x00, 0x00, 0x00, 0x00, 0x00, 0x74, 0xFF, 0xFF, 0x0C, 0x00, 0x00, 0x00, 0x00,
0x00, 0x00, 0x00, 0x00, 0x74, 0xFF, 0xFF, 0x0C, 0x00, 0x00, 0x00, 0x00, 0x00, 0x00, 0x00, 0x00,
0x74, 0xFF, 0xFF, 0x0C, 0x00, 0x00, 0x00, 0x00, 0x00, 0x00, 0x00, 0x00, 0x74, 0xFF, 0xFF, 0x0C,
0x00, 0x00, 0x00, 0x00, 0x00, 0x00, 0x00, 0x00, 0x74, 0xFF, 0xFF, 0x0C, 0x00, 0x00, 0x00, 0x00,
0x00, 0x00, 0x00, 0x00, 0x74, 0xFF, 0xFF, 0x0C, 0x00, 0x00, 0x00, 0x00, 0x00, 0x00, 0x00, 0x00,
0x74, 0xFF, 0xFF, 0x0C, 0x00, 0x00, 0x00, 0x00, 0x00, 0x00, 0x00, 0x00, 0x74, 0xFF, 0xFF, 0x0C,
0x00, 0x00, 0x00, 0x00, 0x00, 0x00, 0x00, 0x00, 0x00, 0x00, 0x00, 0x00, 0x00, 0xBA, 0xFF, 0xFF,
0xFF, 0xFF, 0xFF, 0xFF, 0xFF, 0xFF, 0xFF, 0xFF, 0x80, 0x00, 0x00, 0x00, 0x00, 0x00, 0x00, 0x00,
0x00, 0xBD, 0xFF, 0xFF, 0xFF, 0xFF, 0xFF, 0xFF, 0xFF, 0xFF, 0xFF, 0xFF, 0x80, 0x00, 0x00, 0x00,
0x00, 0x00, 0x00, 0x00, 0x00, 0xC1, 0xFF, 0x9A, 0x00, 0x00, 0x00, 0x00, 0x00, 0x00, 0xFC, 0xFF,
0x80, 0x00, 0x00, 0x00, 0x00, 0x00, 0x00, 0x00, 0x00, 0xCA, 0xFF, 0x8F, 0x00, 0x00, 0x00, 0x00,
0x00, 0x00, 0xFC, 0xFF, 0x80, 0x00, 0x00, 0x00, 0x00, 0x00, 0x00, 0x00, 0x00, 0xD3, 0xFF, 0x84,
0x00, 0x00, 0x00, 0x00, 0x00, 0x00, 0xFC, 0xFF, 0x80, 0x00, 0x00, 0x00, 0x00, 0x00, 0x00, 0x00,
0x00, 0xE3, 0xFF, 0x77, 0x00, 0x00, 0x00, 0x00, 0x00, 0x00, 0xFC, 0xFF, 0x80, 0x00, 0x00, 0x00,
0x00, 0x00, 0x00, 0x00, 0x00, 0xF4, 0xFF, 0x63, 0x00, 0x00, 0x00, 0x00, 0x00, 0x00, 0xFC, 0xFF,
0x80, 0x00, 0x00, 0x00, 0x00, 0x00, 0x00, 0x00, 0x0B, 0xFF, 0xFF, 0x4F, 0x00, 0x00, 0x00, 0x00,
0x00, 0x00, 0xFC, 0xFF, 0x80, 0x00, 0x00, 0x00, 0x00, 0x00, 0x00, 0x00, 0x26, 0xFF, 0xFF, 0x38,
0x00, 0x00, 0x00, 0x00, 0x00, 0x00, 0xFC, 0xFF, 0x80, 0x00, 0x00, 0x00, 0x00, 0x00, 0x00, 0x00,
0x45, 0xFF, 0xFF, 0x1D, 0x00, 0x00, 0x00, 0x00, 0x00, 0x00, 0xFC, 0xFF, 0x80, 0x00, 0x00, 0x00,
0x00, 0x00, 0x00, 0x00, 0x69, 0xFF, 0xFC, 0x04, 0x00, 0x00, 0x00, 0x00, 0x00, 0x00, 0xFC, 0xFF,
0x80, 0x00, 0x00, 0x00, 0x00, 0x00, 0x00, 0x00, 0x8E, 0xFF, 0xDC, 0x00, 0x00, 0x00, 0x00, 0x00,
0x00, 0x00, 0xFC, 0xFF, 0x80, 0x00, 0x00, 0x00, 0x00, 0x00, 0x00, 0x00, 0xB9, 0xFF, 0xB6, 0x00,
0x00, 0x00, 0x00, 0x00, 0x00, 0x00, 0xFC, 0xFF, 0x80, 0x00, 0x00, 0x00, 0x00, 0x00, 0x00, 0x00,
0xEA, 0xFF, 0x88, 0x00, 0x00, 0x00, 0x00, 0x00, 0x00, 0x00, 0xFC, 0xFF, 0x80, 0x00, 0x00, 0x00,
0x00, 0x00, 0x00, 0x22, 0xFF, 0xFF, 0x55, 0x00, 0x00, 0x00, 0x00, 0x00, 0x00, 0x00, 0xFC, 0xFF,
0x80, 0x00, 0x00, 0x00, 0x00, 0x00, 0x00, 0x60, 0xFF, 0xFF, 0x19, 0x00, 0x00, 0x00, 0x00, 0x00,
0x00, 0x00, 0xFC, 0xFF, 0x80, 0x00, 0x00, 0x00, 0x00, 0x00, 0x00, 0xA9, 0xFF, 0xD4, 0x00, 0x00,
0x00, 0x00, 0x00, 0x00, 0x00, 0x00, 0xFC, 0xFF, 0x80, 0x00, 0x00, 0x00, 0x00, 0x00, 0x0F, 0xF5,
0xFF, 0x82, 0x00, 0x00, 0x00, 0x00, 0x00, 0x00, 0x00, 0x00, 0xFC, 0xFF, 0x80, 0x00, 0x00, 0x00,
0x00, 0x00, 0x75, 0xFF, 0xFE, 0x22, 0x00, 0x00, 0x00, 0x00, 0x00, 0x00, 0x00, 0x00, 0xFC, 0xFF,
0x80, 0x00, 0x00, 0x00, 0xD8, 0xFF, 0xFF, 0xFF, 0xFF, 0xFF, 0xFF, 0xFF, 0xFF, 0xFF, 0xFF, 0xFF,
0xFF, 0xFF, 0xFF, 0xFF, 0xFF, 0xFF, 0xFF, 0x3C, 0xD8, 0xFF, 0xFF, 0xFF, 0xFF, 0xFF, 0xFF, 0xFF,
0xFF, 0xFF, 0xFF, 0xFF, 0xFF, 0xFF, 0xFF, 0xFF, 0xFF, 0xFF, 0xFF, 0x3C, 0xD8, 0xFF, 0x48, 0x00,
0x00, 0x00, 0x00, 0x00, 0x00, 0x00, 0x00, 0x00, 0x00, 0x00, 0x00, 0x00, 0x00, 0xE2, 0xFF, 0x3C,
0xD8, 0xFF, 0x2B, 0x00, 0x00, 0x00, 0x00, 0x00, 0x00, 0x00, 0x00, 0x00, 0x00, 0x00, 0x00, 0x00,
0x00, 0xC5, 0xFF, 0x3C, 0xD8, 0xFF, 0x0E, 0x00, 0x00, 0x00, 0x00, 0x00, 0x00, 0x00, 0x00, 0x00,
0x00, 0x00, 0x00, 0x00, 0x00, 0xA8, 0xFF, 0x3C, 0xD8, 0xF2, 0x00, 0x00, 0x00, 0x00, 0x00, 0x00,
0x00, 0x00, 0x00, 0x00, 0x00, 0x00, 0x00, 0x00, 0x00, 0x8B, 0xFF, 0x3C, 0x74, 0xFF, 0xFF, 0xFF,
0xFF, 0xFF, 0xFF, 0xFF, 0xFF, 0xFF, 0xFF, 0xFC, 0x00, 0x74, 0xFF, 0xFF, 0xFF, 0xFF, 0xFF, 0xFF,
0xFF, 0xFF, 0xFF, 0xFF, 0xFC, 0x00, 0x74, 0xFF, 0xFF, 0x0C, 0x00, 0x00, 0x00, 0x00, 0x00, 0x00,
0x00, 0x00, 0x00, 0x74, 0xFF, 0xFF, 0x0C, 0x00, 0x00, 0x00, 0x00, 0x00, 0x00, 0x00, 0x00, 0x00,
0x74, 0xFF, 0xFF, 0x0C, 0x00, 0x00, 0x00, 0x00, 0x00, 0x00, 0x00, 0x00, 0x00, 0x74, 0xFF, 0xFF,
0x0C, 0x00, 0x00, 0x00, 0x00, 0x00, 0x00, 0x00, 0x00, 0x00, 0x74, 0xFF, 0xFF, 0x0C, 0x00, 0x00,
0x00, 0x00, 0x00, 0x00, 0x00, 0x00, 0x00, 0x74, 0xFF, 0xFF, 0x0C, 0x00, 0x00, 0x00, 0x00, 0x00,
0x00, 0x00, 0x00, 0x00, 0x74, 0xFF, 0xFF, 0x0C, 0x00, 0x00, 0x00, 0x00, 0x00, 0x00, 0x00, 0x00,
0x00, 0x74, 0xFF, 0xFF, 0xFF, 0xFF, 0xFF, 0xFF, 0xFF, 0xFF, 0xFF, 0xFF, 0x3C, 0x00, 0x74, 0xFF,
0xFF, 0xFF, 0xFF, 0xFF, 0xFF, 0xFF, 0xFF, 0xFF, 0xFF, 0x3C, 0x00, 0x74, 0xFF, 0xFF, 0x0C, 0x00,
0x00, 0x00, 0x00, 0x00, 0x00, 0x00, 0x00, 0x00, 0x74, 0xFF, 0xFF, 0x0C, 0x00, 0x00, 0x00, 0x00,
0x00, 0x00, 0x00, 0x00, 0x00, 0x74, 0xFF, 0xFF, 0x0C, 0x00, 0x00, 0x00, 0x00, 0x00, 0x00, 0x00,
0x00, 0x00, 0x74, 0xFF, 0xFF, 0x0C, 0x00, 0x00, 0x00, 0x00, 0x00, 0x00, 0x00, 0x00, 0x00, 0x74,
0xFF, 0xFF, 0x0C, 0x00, 0x00, 0x00, 0x00, 0x00, 0x00, 0x00, 0x00, 0x00, 0x74, 0xFF, 0xFF, 0x0C,
0x00, 0x00, 0x00, 0x00, 0x00, 0x00, 0x00, 0x00, 0x00, 0x74, 0xFF, 0xFF, 0x0C, 0x00, 0x00, 0x00,
0x00, 0x00, 0x00, 0x00, 0x00, 0x00, 0x74, 0xFF, 0xFF, 0x0C, 0x00, 0x00, 0x00, 0x00, 0x00, 0x00,
0x00, 0x00, 0x00, 0x74, 0xFF, 0xFF, 0xFF, 0xFF, 0xFF, 0xFF, 0xFF, 0xFF, 0xFF, 0xFF, 0xFF, 0x20,
0x74, 0xFF, 0xFF, 0xFF, 0xFF, 0xFF, 0xFF, 0xFF, 0xFF, 0xFF, 0xFF, 0xFF, 0x20, 0x45, 0xFE, 0xFF,
0xA2, 0x00, 0x00, 0x00, 0x00, 0x00, 0x00, 0x44, 0xFF, 0xFF, 0x24, 0x00, 0x00, 0x00, 0x00, 0x00,
0x04, 0xCD, 0xFF, 0xE1, 0x0E, 0x00, 0x00, 0x93, 0xFF, 0xFF, 0x4F, 0x00, 0x00, 0x00, 0x00, 0x00,
0x44, 0xFF, 0xFF, 0x24, 0x00, 0x00, 0x00, 0x00, 0x00, 0x7F, 0xFF, 0xFE, 0x41, 0x00, 0x00, 0x00,
0x09, 0xD8, 0xFF, 0xE8, 0x14, 0x00, 0x00, 0x00, 0x00, 0x44, 0xFF, 0xFF, 0x24, 0x00, 0x00, 0x00,
0x00, 0x31, 0xFA, 0xFF, 0x90, 0x00, 0x00, 0x00, 0x00, 0x00, 0x35, 0xFB, 0xFF, 0xA9, 0x00, 0x00,
0x00, 0x00, 0x44, 0xFF, 0xFF, 0x24, 0x00, 0x00, 0x00, 0x06, 0xD2, 0xFF, 0xD7, 0x09, 0x00, 0x00,
0x00, 0x00, 0x00, 0x00, 0x81, 0xFF, 0xFF, 0x57, 0x00, 0x00, 0x00, 0x44, 0xFF, 0xFF, 0x24, 0x00,
0x00, 0x00, 0x86, 0xFF, 0xFB, 0x35, 0x00, 0x00, 0x00, 0x00, 0x00, 0x00, 0x00, 0x04, 0xCB, 0xFF,
0xEC, 0x17, 0x00, 0x00, 0x44, 0xFF, 0xFF, 0x24, 0x00, 0x00, 0x36, 0xFC, 0xFF, 0x80, 0x00, 0x00,
0x00, 0x00, 0x00, 0x00, 0x00, 0x00, 0x00, 0x28, 0xF7, 0xFF, 0xB1, 0x00, 0x00, 0x44, 0xFF, 0xFF,
0x24, 0x00, 0x08, 0xD7, 0xFF, 0xCC, 0x04, 0x00, 0x00, 0x00, 0x00, 0x00, 0x00, 0x00, 0x00, 0x00,
0x00, 0x6F, 0xFF, 0xFF, 0x5F, 0x00, 0x44, 0xFF, 0xFF, 0x24, 0x00, 0x8D, 0xFF, 0xF7, 0x29, 0x00,
0x00, 0x00, 0x00, 0x00, 0x00, 0x00, 0x00, 0x00, 0x00, 0x00, 0x01, 0xBC, 0xFF, 0xF0, 0x1C, 0x44,
0xFF, 0xFF, 0x24, 0x3B, 0xFD, 0xFF, 0x6F, 0x00, 0x00, 0x00, 0x00, 0x00, 0x00, 0x00, 0x00, 0x00,
0x00, 0x00, 0x00, 0x00, 0x12, 0xB1, 0xFF, 0xFF, 0xFF, 0xFF, 0xFF, 0xC1, 0xF7, 0xFF, 0x6B, 0x00,
0x00, 0x00, 0x00, 0x00, 0x00, 0x00, 0x00, 0x00, 0x00, 0x00, 0x00, 0x00, 0x00, 0x00, 0x75, 0xFF,
0xF4, 0xC8, 0xFF, 0xFF, 0xFF, 0xFF, 0xFF, 0xCC, 0x1A, 0x00, 0x00, 0x00, 0x00, 0x00, 0x00, 0x00,
0x00, 0x00, 0x00, 0x00, 0x00, 0x00, 0x88, 0xFF, 0xF9, 0x2C, 0x44, 0xFF, 0xFF, 0x24, 0x2D, 0xF9,
0xFF, 0xD0, 0x05, 0x00, 0x00, 0x00, 0x00, 0x00, 0x00, 0x00, 0x00, 0x00, 0x00, 0x00, 0x3E, 0xFE,
0xFF, 0x7C, 0x00, 0x44, 0xFF, 0xFF, 0x24, 0x00, 0x7E, 0xFF, 0xFF, 0x82, 0x00, 0x00, 0x00, 0x00,
0x00, 0x00, 0x00, 0x00, 0x00, 0x00, 0x0C, 0xDE, 0xFF, 0xCE, 0x04, 0x00, 0x44, 0xFF, 0xFF, 0x24,
0x00, 0x04, 0xCE, 0xFF, 0xFB, 0x32, 0x00, 0x00, 0x00, 0x00, 0x00, 0x00, 0x00, 0x00, 0x00, 0x9A,
0xFF, 0xFA, 0x2E, 0x00, 0x00, 0x44, 0xFF, 0xFF, 0x24, 0x00, 0x00, 0x2F, 0xFA, 0xFF, 0xD2, 0x06,
0x00, 0x00, 0x00, 0x00, 0x00, 0x00, 0x00, 0x48, 0xFF, 0xFF, 0x7E, 0x00, 0x00, 0x00, 0x44, 0xFF,
0xFF, 0x24, 0x00, 0x00, 0x00, 0x80, 0xFF, 0xFF, 0x84, 0x00, 0x00, 0x00, 0x00, 0x00, 0x00, 0x11,
0xE5, 0xFF, 0xCF, 0x05, 0x00, 0x00, 0x00, 0x44, 0xFF, 0xFF, 0x24, 0x00, 0x00, 0x00, 0x05, 0xD0,
0xFF, 0xFB, 0x34, 0x00, 0x00, 0x00, 0x00, 0x00, 0xA5, 0xFF, 0xFA, 0x2F, 0x00, 0x00, 0x00, 0x00,
0x44, 0xFF, 0xFF, 0x24, 0x00, 0x00, 0x00, 0x00, 0x30, 0xFA, 0xFF, 0xD4, 0x07, 0x00, 0x00, 0x00,
0x53, 0xFF, 0xFF, 0x80, 0x00, 0x00, 0x00, 0x00, 0x00, 0x44, 0xFF, 0xFF, 0x24, 0x00, 0x00, 0x00,
0x00, 0x00, 0x82, 0xFF, 0xFF, 0x87, 0x00, 0x00, 0x17, 0xEB, 0xFF, 0xD1, 0x05, 0x00, 0x00, 0x00,
0x00, 0x00, 0x44, 0xFF, 0xFF, 0x24, 0x00, 0x00, 0x00, 0x00, 0x00, 0x05, 0xD1, 0xFF, 0xFC, 0x35,
0x00, 0xB0, 0xFF, 0xFB, 0x31, 0x00, 0x00, 0x00, 0x00, 0x00, 0x00, 0x44, 0xFF, 0xFF, 0x24, 0x00,
0x00, 0x00, 0x00, 0x00, 0x00, 0x32, 0xFB, 0xFF, 0xD6, 0x07, 0x02, 0x43, 0x8A, 0xBD, 0xE3, 0xF4,
0xFA, 0xE3, 0xC7, 0x8D, 0x25, 0x00, 0x00, 0x00, 0x10, 0xFA, 0xFF, 0xFF, 0xFF, 0xFF, 0xFF, 0xFF,
0xFF, 0xFF, 0xFB, 0x6E, 0x00, 0x00, 0x00, 0xA4, 0x8C, 0x44, 0x19, 0x07, 0x0C, 0x2B, 0x83, 0xF3,
0xFF, 0xFE, 0x43, 0x00, 0x00, 0x00, 0x00, 0x00, 0x00, 0x00, 0x00, 0x00, 0x00, 0x40, 0xFF, 0xFF,
0xB2, 0x00, 0x00, 0x00, 0x00, 0x00, 0x00, 0x00, 0x00, 0x00, 0x00, 0x00, 0xD5, 0xFF, 0xDE, 0x00,
0x00, 0x00, 0x00, 0x00, 0x00, 0x00, 0x00, 0x00, 0x00, 0x00, 0xBF, 0xFF, 0xD3, 0x00, 0x00, 0x00,
0x00, 0x00, 0x00, 0x00, 0x00, 0x00, 0x00, 0x0A, 0xEC, 0xFF, 0x94, 0x00, 0x00, 0x00, 0x00, 0x00,
0x00, 0x00, 0x00, 0x00, 0x05, 0xA7, 0xFF, 0xF0, 0x19, 0x00, 0x00, 0x00, 0x00, 0x00, 0x02, 0x0E,
0x29, 0x6A, 0xD7, 0xFF, 0xE6, 0x31, 0x00, 0x00, 0x00, 0x00, 0x00, 0xD4, 0xFF, 0xFF, 0xFF, 0xFF,
0xFE, 0x80, 0x09, 0x00, 0x00, 0x00, 0x00, 0x00, 0x00, 0xD4, 0xFF, 0xFF, 0xFF, 0xFF, 0xFF, 0xFF,
0xCF, 0x46, 0x00, 0x00, 0x00, 0x00, 0x00, 0x00, 0x00, 0x06, 0x20, 0x4C, 0x98, 0xF7, 0xFF, 0xFE,
0x73, 0x00, 0x00, 0x00, 0x00, 0x00, 0x00, 0x00, 0x00, 0x00, 0x00, 0x20, 0xDF, 0xFF, 0xFB, 0x1F,
0x00, 0x00, 0x00, 0x00, 0x00, 0x00, 0x00, 0x00, 0x00, 0x00, 0x57, 0xFF, 0xFF, 0x6B, 0x00, 0x00,
0x00, 0x00, 0x00, 0x00, 0x00, 0x00, 0x00, 0x00, 0x21, 0xFF, 0xFF, 0x85, 0x00, 0x00, 0x00, 0x00,
0x00, 0x00, 0x00, 0x00, 0x00, 0x00, 0x2B, 0xFF, 0xFF, 0x73, 0x00, 0x00, 0x00, 0x00, 0x00, 0x00,
0x00, 0x00, 0x00, 0x00, 0x79, 0xFF, 0xFF, 0x40, 0x00, 0x00, 0x00, 0x00, 0x00, 0x00, 0x00, 0x00,
0x00, 0x37, 0xF4, 0xFF, 0xD4, 0x01, 0x35, 0xC0, 0x68, 0x31, 0x10, 0x04, 0x14, 0x3A, 0x8E, 0xF8,
0xFF, 0xF1, 0x30, 0x00, 0x87, 0xFF, 0xFF, 0xFF, 0xFF, 0xFF, 0xFF, 0xFF, 0xFF, 0xFF, 0xD2, 0x2F,
0x00, 0x00, 0x19, 0x74, 0xB8, 0xE0, 0xF5, 0xFD, 0xF4, 0xD7, 0xA4, 0x50, 0x03, 0x00, 0x00, 0x00,
0x74, 0xFF, 0xFF, 0x0C, 0x00, 0x00, 0x00, 0x00, 0x00, 0x00, 0x00, 0x00, 0x00, 0x11, 0xE2, 0xE0,
0x74, 0xFF, 0xFF, 0x0C, 0x00, 0x00, 0x00, 0x00, 0x00, 0x00, 0x00, 0x00, 0x00, 0xAC, 0xFF, 0xE0,
0x74, 0xFF, 0xFF, 0x0C, 0x00, 0x00, 0x00, 0x00, 0x00, 0x00, 0x00, 0x00, 0x66, 0xFF, 0xFF, 0xE0,
0x74, 0xFF, 0xFF, 0x0C, 0x00, 0x00, 0x00, 0x00, 0x00, 0x00, 0x00, 0x28, 0xF5, 0xFF, 0xFF, 0xE0,
0x74, 0xFF, 0xFF, 0x0C, 0x00, 0x00, 0x00, 0x00, 0x00, 0x00, 0x07, 0xCF, 0xFF, 0xD7, 0xFF, 0xE0,
0x74, 0xFF, 0xFF, 0x0C, 0x00, 0x00, 0x00, 0x00, 0x00, 0x00, 0x90, 0xFF, 0xD8, 0x88, 0xFF, 0xE0,
0x74, 0xFF, 0xFF, 0x0C, 0x00, 0x00, 0x00, 0x00, 0x00, 0x49, 0xFE, 0xFF, 0x53, 0x96, 0xFF, 0xE0,
0x74, 0xFF, 0xFF, 0x0C, 0x00, 0x00, 0x00, 0x00, 0x17, 0xE9, 0xFF, 0xAC, 0x00, 0x9C, 0xFF, 0xE0,
0x74, 0xFF, 0xFF, 0x0C, 0x00, 0x00, 0x00, 0x01, 0xB7, 0xFF, 0xE3, 0x12, 0x00, 0x9C, 0xFF, 0xE0,
0x74, 0xFF, 0xFF, 0x0C, 0x00, 0x00, 0x00, 0x72, 0xFF, 0xFD, 0x40, 0x00, 0x00, 0x9C, 0xFF, 0xE0,
0x74, 0xFF, 0xFF, 0x0C, 0x00, 0x00, 0x31, 0xF9, 0xFF, 0x86, 0x00, 0x00, 0x00, 0x9C, 0xFF, 0xE0,
0x74, 0xFF, 0xFF, 0x0C, 0x00, 0x0A, 0xD8, 0xFF, 0xCA, 0x05, 0x00, 0x00, 0x00, 0x9C, 0xFF, 0xE0,
0x74, 0xFF, 0xFF, 0x0C, 0x00, 0x9C, 0xFF, 0xF3, 0x24, 0x00, 0x00, 0x00, 0x00, 0x9C, 0xFF, 0xE0,
0x74, 0xFF, 0xFF, 0x0C, 0x54, 0xFF, 0xFF, 0x61, 0x00, 0x00, 0x00, 0x00, 0x00, 0x9C, 0xFF, 0xE0,
0x74, 0xFF, 0xFF, 0x11, 0xE8, 0xFF, 0xAA, 0x00, 0x00, 0x00, 0x00, 0x00, 0x00, 0x9C, 0xFF, 0xE0,
0x74, 0xFF, 0xF1, 0x6F, 0xFF, 0xE2, 0x11, 0x00, 0x00, 0x00, 0x00, 0x00, 0x00, 0x9C, 0xFF, 0xE0,
0x74, 0xFF, 0xE5, 0xE4, 0xFD, 0x3E, 0x00, 0x00, 0x00, 0x00, 0x00, 0x00, 0x00, 0x9C, 0xFF, 0xE0,
0x74, 0xFF, 0xFF, 0xFF, 0x84, 0x00, 0x00, 0x00, 0x00, 0x00, 0x00, 0x00, 0x00, 0x9C, 0xFF, 0xE0,
0x74, 0xFF, 0xFF, 0xC9, 0x04, 0x00, 0x00, 0x00, 0x00, 0x00, 0x00, 0x00, 0x00, 0x9C, 0xFF, 0xE0,
0x74, 0xFF, 0xF3, 0x23, 0x00, 0x00, 0x00, 0x00, 0x00, 0x00, 0x00, 0x00, 0x00, 0x9C, 0xFF, 0xE0,
0x74, 0xFF, 0x5F, 0x00, 0x00, 0x00, 0x00, 0x00, 0x00, 0x00, 0x00, 0x00, 0x00, 0x9C, 0xFF, 0xE0,
0x00, 0x00, 0x00, 0x11, 0x94, 0xD4, 0x55, 0x00, 0x00, 0x00, 0x00, 0x75, 0xC6, 0x6A, 0x00, 0x00,
0x00, 0x00, 0x00, 0x06, 0xED, 0xFF, 0xE6, 0x4B, 0x0D, 0x10, 0x5E, 0xF5, 0xFF, 0x72, 0x00, 0x00,
0x00, 0x00, 0x00, 0x00, 0x5F, 0xFD, 0xFF, 0xFF, 0xFF, 0xFF, 0xFF, 0xFF, 0xC5, 0x08, 0x00, 0x00,
0x00, 0x00, 0x00, 0x00, 0x00, 0x34, 0x9D, 0xDB, 0xF5, 0xF8, 0xD6, 0x85, 0x0D, 0x00, 0x00, 0x00,
0x00, 0x00, 0x00, 0x00, 0x00, 0x00, 0x00, 0x00, 0x00, 0x00, 0x00, 0x00, 0x00, 0x00, 0x00, 0x00,
0x74, 0xFF, 0xFF, 0x0C, 0x00, 0x00, 0x00, 0x00, 0x00, 0x00, 0x00, 0x00, 0x00, 0x11, 0xE2, 0xE0,
0x74, 0xFF, 0xFF, 0x0C, 0x00, 0x00, 0x00, 0x00, 0x00, 0x00, 0x00, 0x00, 0x00, 0xAC, 0xFF, 0xE0,
0x74, 0xFF, 0xFF, 0x0C, 0x00, 0x00, 0x00, 0x00, 0x00, 0x00, 0x00, 0x00, 0x66, 0xFF, 0xFF, 0xE0,
0x74, 0xFF, 0xFF, 0x0C, 0x00, 0x00, 0x00, 0x00, 0x00, 0x00, 0x00, 0x28, 0xF5, 0xFF, 0xFF, 0xE0,
0x74, 0xFF, 0xFF, 0x0C, 0x00, 0x00, 0x00, 0x00, 0x00, 0x00, 0x07, 0xCF, 0xFF, 0xD7, 0xFF, 0xE0,
0x74, 0xFF, 0xFF, 0x0C, 0x00, 0x00, 0x00, 0x00, 0x00, 0x00, 0x90, 0xFF, 0xD8, 0x88, 0xFF, 0xE0,
0x74, 0xFF, 0xFF, 0x0C, 0x00, 0x00, 0x00, 0x00, 0x00, 0x49, 0xFE, 0xFF, 0x53, 0x96, 0xFF, 0xE0,
0x74, 0xFF, 0xFF, 0x0C, 0x00, 0x00, 0x00, 0x00, 0x17, 0xE9, 0xFF, 0xAC, 0x00, 0x9C, 0xFF, 0xE0,
0x74, 0xFF, 0xFF, 0x0C, 0x00, 0x00, 0x00, 0x01, 0xB7, 0xFF, 0xE3, 0x12, 0x00, 0x9C, 0xFF, 0xE0,
0x74, 0xFF, 0xFF, 0x0C, 0x00, 0x00, 0x00, 0x72, 0xFF, 0xFD, 0x40, 0x00, 0x00, 0x9C, 0xFF, 0xE0,
0x74, 0xFF, 0xFF, 0x0C, 0x00, 0x00, 0x31, 0xF9, 0xFF, 0x86, 0x00, 0x00, 0x00, 0x9C, 0xFF, 0xE0,
0x74, 0xFF, 0xFF, 0x0C, 0x00, 0x0A, 0xD8, 0xFF, 0xCA, 0x05, 0x00, 0x00, 0x00, 0x9C, 0xFF, 0xE0,
0x74, 0xFF, 0xFF, 0x0C, 0x00, 0x9C, 0xFF, 0xF3, 0x24, 0x00, 0x00, 0x00, 0x00, 0x9C, 0xFF, 0xE0,
0x74, 0xFF, 0xFF, 0x0C, 0x54, 0xFF, 0xFF, 0x61, 0x00, 0x00, 0x00, 0x00, 0x00, 0x9C, 0xFF, 0xE0,
0x74, 0xFF, 0xFF, 0x11, 0xE8, 0xFF, 0xAA, 0x00, 0x00, 0x00, 0x00, 0x00, 0x00, 0x9C, 0xFF, 0xE0,
0x74, 0xFF, 0xF1, 0x6F, 0xFF, 0xE2, 0x11, 0x00, 0x00, 0x00, 0x00, 0x00, 0x00, 0x9C, 0xFF, 0xE0,
0x74, 0xFF, 0xE5, 0xE4, 0xFD, 0x3E, 0x00, 0x00, 0x00, 0x00, 0x00, 0x00, 0x00, 0x9C, 0xFF, 0xE0,
0x74, 0xFF, 0xFF, 0xFF, 0x84, 0x00, 0x00, 0x00, 0x00, 0x00, 0x00, 0x00, 0x00, 0x9C, 0xFF, 0xE0,
0x74, 0xFF, 0xFF, 0xC9, 0x04, 0x00, 0x00, 0x00, 0x00, 0x00, 0x00, 0x00, 0x00, 0x9C, 0xFF, 0xE0,
0x74, 0xFF, 0xF3, 0x23, 0x00, 0x00, 0x00, 0x00, 0x00, 0x00, 0x00, 0x00, 0x00, 0x9C, 0xFF, 0xE0,
0x74, 0xFF, 0x5F, 0x00, 0x00, 0x00, 0x00, 0x00, 0x00, 0x00, 0x00, 0x00, 0x00, 0x9C, 0xFF, 0xE0,
0x74, 0xFF, 0xFF, 0x0C, 0x00, 0x00, 0x00, 0x00, 0x00, 0x00, 0x0F, 0xDE, 0xFF, 0xDE, 0x10, 0x00,
0x74, 0xFF, 0xFF, 0x0C, 0x00, 0x00, 0x00, 0x00, 0x00, 0x00, 0xAA, 0xFF, 0xF9, 0x34, 0x00, 0x00,
0x74, 0xFF, 0xFF, 0x0C, 0x00, 0x00, 0x00, 0x00, 0x00, 0x67, 0xFF, 0xFF, 0x6C, 0x00, 0x00, 0x00,
0x74, 0xFF, 0xFF, 0x0C, 0x00, 0x00, 0x00, 0x00, 0x2C, 0xF6, 0xFF, 0xAB, 0x00, 0x00, 0x00, 0x00,
0x74, 0xFF, 0xFF, 0x0C, 0x00, 0x00, 0x00, 0x0A, 0xD5, 0xFF, 0xDC, 0x0E, 0x00, 0x00, 0x00, 0x00,
0x74, 0xFF, 0xFF, 0x0C, 0x00, 0x00, 0x00, 0x9C, 0xFF, 0xF8, 0x31, 0x00, 0x00, 0x00, 0x00, 0x00,
0x74, 0xFF, 0xFF, 0x0C, 0x00, 0x00, 0x58, 0xFF, 0xFF, 0x67, 0x00, 0x00, 0x00, 0x00, 0x00, 0x00,
0x74, 0xFF, 0xFF, 0x0C, 0x00, 0x22, 0xF1, 0xFF, 0xA6, 0x00, 0x00, 0x00, 0x00, 0x00, 0x00, 0x00,
0x74, 0xFF, 0xFF, 0x0C, 0x06, 0xCB, 0xFF, 0xD9, 0x0C, 0x00, 0x00, 0x00, 0x00, 0x00, 0x00, 0x00,
0x74, 0xFF, 0xFF, 0x30, 0xA0, 0xFF, 0xDE, 0x28, 0x00, 0x00, 0x00, 0x00, 0x00, 0x00, 0x00, 0x00,
0x74, 0xFF, 0xFF, 0xFF, 0xFF, 0xFF, 0x69, 0x00, 0x00, 0x00, 0x00, 0x00, 0x00, 0x00, 0x00, 0x00,
0x74, 0xFF, 0xFF, 0xFF, 0xFF, 0xFF, 0xFF, 0x84, 0x00, 0x00, 0x00, 0x00, 0x00, 0x00, 0x00, 0x00,
0x74, 0xFF, 0xFF, 0x0C, 0x2D, 0xF2, 0xFF, 0xFF, 0x61, 0x00, 0x00, 0x00, 0x00, 0x00, 0x00, 0x00,
0x74, 0xFF, 0xFF, 0x0C, 0x00, 0x49, 0xFC, 0xFF, 0xF8, 0x37, 0x00, 0x00, 0x00, 0x00, 0x00, 0x00,
0x74, 0xFF, 0xFF, 0x0C, 0x00, 0x00, 0x6D, 0xFF, 0xFF, 0xE5, 0x19, 0x00, 0x00, 0x00, 0x00, 0x00,
0x74, 0xFF, 0xFF, 0x0C, 0x00, 0x00, 0x00, 0x93, 0xFF, 0xFF, 0xC7, 0x06, 0x00, 0x00, 0x00, 0x00,
0x74, 0xFF, 0xFF, 0x0C, 0x00, 0x00, 0x00, 0x03, 0xB6, 0xFF, 0xFF, 0x9C, 0x00, 0x00, 0x00, 0x00,
0x74, 0xFF, 0xFF, 0x0C, 0x00, 0x00, 0x00, 0x00, 0x0E, 0xD3, 0xFF, 0xFF, 0x6B, 0x00, 0x00, 0x00,
0x74, 0xFF, 0xFF, 0x0C, 0x00, 0x00, 0x00, 0x00, 0x00, 0x1F, 0xE8, 0xFF, 0xFB, 0x3F, 0x00, 0x00,
0x74, 0xFF, 0xFF, 0x0C, 0x00, 0x00, 0x00, 0x00, 0x00, 0x00, 0x37, 0xF7, 0xFF, 0xEA, 0x1E, 0x00,
0x74, 0xFF, 0xFF, 0x0C, 0x00, 0x00, 0x00, 0x00, 0x00, 0x00, 0x00, 0x56, 0xFE, 0xFF, 0xCE, 0x09,
0x00, 0x00, 0x00, 0x00, 0x00, 0x00, 0xF4, 0xFF, 0xFF, 0xFF, 0xFF, 0xFF, 0xFF, 0xFF, 0xFF, 0xFF,
0xFF, 0x2C, 0x00, 0x00, 0x00, 0x00, 0x00, 0x00, 0xFB, 0xFF, 0xFF, 0xFF, 0xFF, 0xFF, 0xFF, 0xFF,
0xFF, 0xFF, 0xFF, 0x2C, 0x00, 0x00, 0x00, 0x00, 0x00, 0x02, 0xFF, 0xFF, 0x60, 0x00, 0x00, 0x00,
0x00, 0x00, 0x50, 0xFF, 0xFF, 0x2C, 0x00, 0x00, 0x00, 0x00, 0x00, 0x0A, 0xFF, 0xFF, 0x51, 0x00,
0x00, 0x00, 0x00, 0x00, 0x50, 0xFF, 0xFF, 0x2C, 0x00, 0x00, 0x00, 0x00, 0x00, 0x16, 0xFF, 0xFF,
0x43, 0x00, 0x00, 0x00, 0x00, 0x00, 0x50, 0xFF, 0xFF, 0x2C, 0x00, 0x00, 0x00, 0x00, 0x00, 0x23,
0xFF, 0xFF, 0x32, 0x00, 0x00, 0x00, 0x00, 0x00, 0x50, 0xFF, 0xFF, 0x2C, 0x00, 0x00, 0x00, 0x00,
0x00, 0x30, 0xFF, 0xFF, 0x21, 0x00, 0x00, 0x00, 0x00, 0x00, 0x50, 0xFF, 0xFF, 0x2C, 0x00, 0x00,
0x00, 0x00, 0x00, 0x42, 0xFF, 0xFF, 0x0E, 0x00, 0x00, 0x00, 0x00, 0x00, 0x50, 0xFF, 0xFF, 0x2C,
0x00, 0x00, 0x00, 0x00, 0x00, 0x55, 0xFF, 0xF7, 0x00, 0x00, 0x00, 0x00, 0x00, 0x00, 0x50, 0xFF,
0xFF, 0x2C, 0x00, 0x00, 0x00, 0x00, 0x00, 0x69, 0xFF, 0xE0, 0x00, 0x00, 0x00, 0x00, 0x00, 0x00,
0x50, 0xFF, 0xFF, 0x2C, 0x00, 0x00, 0x00, 0x00, 0x00, 0x86, 0xFF, 0xC6, 0x00, 0x00, 0x00, 0x00,
0x00, 0x00, 0x50, 0xFF, 0xFF, 0x2C, 0x00, 0x00, 0x00, 0x00, 0x00, 0xA4, 0xFF, 0xAA, 0x00, 0x00,
0x00, 0x00, 0x00, 0x00, 0x50, 0xFF, 0xFF, 0x2C, 0x00, 0x00, 0x00, 0x00, 0x00, 0xC9, 0xFF, 0x89,
0x00, 0x00, 0x00, 0x00, 0x00, 0x00, 0x50, 0xFF, 0xFF, 0x2C, 0x00, 0x00, 0x00, 0x00, 0x01, 0xF1,
0xFF, 0x63, 0x00, 0x00, 0x00, 0x00, 0x00, 0x00, 0x50, 0xFF, 0xFF, 0x2C, 0x00, 0x00, 0x00, 0x00,
0x29, 0xFF, 0xFF, 0x35, 0x00, 0x00, 0x00, 0x00, 0x00, 0x00, 0x50, 0xFF, 0xFF, 0x2C, 0x00, 0x00,
0x00, 0x00, 0x69, 0xFF, 0xF8, 0x07, 0x00, 0x00, 0x00, 0x00, 0x00, 0x00, 0x50, 0xFF, 0xFF, 0x2C,
0x00, 0x00, 0x00, 0x00, 0xBD, 0xFF, 0xBB, 0x00, 0x00, 0x00, 0x00, 0x00, 0x00, 0x00, 0x50, 0xFF,
0xFF, 0x2C, 0x00, 0x00, 0x00, 0x32, 0xFF, 0xFF, 0x66, 0x00, 0x00, 0x00, 0x00, 0x00, 0x00, 0x00,
0x50, 0xFF, 0xFF, 0x2C, 0x00, 0x08, 0x28, 0xD6, 0xFF, 0xE9, 0x0D, 0x00, 0x00, 0x00, 0x00, 0x00,
0x00, 0x00, 0x50, 0xFF, 0xFF, 0x2C, 0x00, 0xD7, 0xFF, 0xFF, 0xFE, 0x58, 0x00, 0x00, 0x00, 0x00,
0x00, 0x00, 0x00, 0x00, 0x50, 0xFF, 0xFF, 0x2C, 0x02, 0xDE, 0xFA, 0xD5, 0x55, 0x00, 0x00, 0x00,
0x00, 0x00, 0x00, 0x00, 0x00, 0x00, 0x50, 0xFF, 0xFF, 0x2C, 0x74, 0xFF, 0xB5, 0x00, 0x00, 0x00,
0x00, 0x00, 0x00, 0x00, 0x00, 0x00, 0x00, 0x00, 0x00, 0x00, 0x1B, 0xF4, 0xFF, 0x30, 0x74, 0xFF,
0xFF, 0x52, 0x00, 0x00, 0x00, 0x00, 0x00, 0x00, 0x00, 0x00, 0x00, 0x00, 0x00, 0x00, 0xA6, 0xFF,
0xFF, 0x30, 0x74, 0xFF, 0xFF, 0xE3, 0x0C, 0x00, 0x00, 0x00, 0x00, 0x00, 0x00, 0x00, 0x00, 0x00,
0x00, 0x3D, 0xFF, 0xFF, 0xFF, 0x30, 0x74, 0xFF, 0xF4, 0xFF, 0x8C, 0x00, 0x00, 0x00, 0x00, 0x00,
0x00, 0x00, 0x00, 0x00, 0x03, 0xD0, 0xF4, 0xFF, 0xFF, 0x30, 0x74, 0xFF, 0xAB, 0xFC, 0xFB, 0x2D,
0x00, 0x00, 0x00, 0x00, 0x00, 0x00, 0x00, 0x00, 0x6A, 0xFF, 0xA2, 0xFF, 0xFF, 0x30, 0x74, 0xFF,
0xB4, 0xB6, 0xFF, 0xC5, 0x01, 0x00, 0x00, 0x00, 0x00, 0x00, 0x00, 0x13, 0xED, 0xFF, 0x55, 0xFF,
0xFF, 0x30, 0x74, 0xFF, 0xD6, 0x4E, 0xFF, 0xFF, 0x63, 0x00, 0x00, 0x00, 0x00, 0x00, 0x00, 0x98,
0xFF, 0xBB, 0x46, 0xFF, 0xFF, 0x30, 0x74, 0xFF, 0xE4, 0x00, 0xBB, 0xFF, 0xEC, 0x13, 0x00, 0x00,
0x00, 0x00, 0x31, 0xFD, 0xFD, 0x31, 0x50, 0xFF, 0xFF, 0x30, 0x74, 0xFF, 0xE4, 0x00, 0x25, 0xF8,
0xFF, 0x9D, 0x00, 0x00, 0x00, 0x00, 0xC4, 0xFF, 0x99, 0x00, 0x50, 0xFF, 0xFF, 0x30, 0x74, 0xFF,
0xE4, 0x00, 0x00, 0x81, 0xFF, 0xFE, 0x3B, 0x00, 0x00, 0x5C, 0xFF, 0xEF, 0x15, 0x00, 0x50, 0xFF,
0xFF, 0x30, 0x74, 0xFF, 0xE4, 0x00, 0x00, 0x08, 0xDC, 0xFF, 0xD2, 0x02, 0x09, 0xE5, 0xFF, 0x6F,
0x00, 0x00, 0x50, 0xFF, 0xFF, 0x30, 0x74, 0xFF, 0xE4, 0x00, 0x00, 0x00, 0x47, 0xFF, 0xFF, 0x4E,
0x5E, 0xFF, 0xD6, 0x04, 0x00, 0x00, 0x50, 0xFF, 0xFF, 0x30, 0x74, 0xFF, 0xE4, 0x00, 0x00, 0x00,
0x00, 0xAA, 0xFF, 0xB9, 0xC0, 0xFF, 0x45, 0x00, 0x00, 0x00, 0x50, 0xFF, 0xFF, 0x30, 0x74, 0xFF,
0xE4, 0x00, 0x00, 0x00, 0x00, 0x1A, 0xF2, 0xFF, 0xFF, 0xB0, 0x00, 0x00, 0x00, 0x00, 0x50, 0xFF,
0xFF, 0x30, 0x74, 0xFF, 0xE4, 0x00, 0x00, 0x00, 0x00, 0x00, 0x70, 0xFF, 0xF8, 0x23, 0x00, 0x00,
0x00, 0x00, 0x50, 0xFF, 0xFF, 0x30, 0x74, 0xFF, 0xE4, 0x00, 0x00, 0x00, 0x00, 0x00, 0x03, 0xCF,
0x86, 0x00, 0x00, 0x00, 0x00, 0x00, 0x50, 0xFF, 0xFF, 0x30, 0x74, 0xFF, 0xE4, 0x00, 0x00, 0x00,
0x00, 0x00, 0x00, 0x00, 0x00, 0x00, 0x00, 0x00, 0x00, 0x00, 0x50, 0xFF, 0xFF, 0x30, 0x74, 0xFF,
0xE4, 0x00, 0x00, 0x00, 0x00, 0x00, 0x00, 0x00, 0x00, 0x00, 0x00, 0x00, 0x00, 0x00, 0x50, 0xFF,
0xFF, 0x30, 0x74, 0xFF, 0xE4, 0x00, 0x00, 0x00, 0x00, 0x00, 0x00, 0x00, 0x00, 0x00, 0x00, 0x00,
0x00, 0x00, 0x50, 0xFF, 0xFF, 0x30, 0x74, 0xFF, 0xE4, 0x00, 0x00, 0x00, 0x00, 0x00, 0x00, 0x00,
0x00, 0x00, 0x00, 0x00, 0x00, 0x00, 0x50, 0xFF, 0xFF, 0x30, 0x74, 0xFF, 0xE4, 0x00, 0x00, 0x00,
0x00, 0x00, 0x00, 0x00, 0x00, 0x00, 0x00, 0x00, 0x00, 0x00, 0x50, 0xFF, 0xFF, 0x30, 0x74, 0xFF,
0xFF, 0x0C, 0x00, 0x00, 0x00, 0x00, 0x00, 0x00, 0x00, 0x00, 0x00, 0xE0, 0xFF, 0x9C, 0x74, 0xFF,
0xFF, 0x0C, 0x00, 0x00, 0x00, 0x00, 0x00, 0x00, 0x00, 0x00, 0x00, 0xE0, 0xFF, 0x9C, 0x74, 0xFF,
0xFF, 0x0C, 0x00, 0x00, 0x00, 0x00, 0x00, 0x00, 0x00, 0x00, 0x00, 0xE0, 0xFF, 0x9C, 0x74, 0xFF,
0xFF, 0x0C, 0x00, 0x00, 0x00, 0x00, 0x00, 0x00, 0x00, 0x00, 0x00, 0xE0, 0xFF, 0x9C, 0x74, 0xFF,
0xFF, 0x0C, 0x00, 0x00, 0x00, 0x00, 0x00, 0x00, 0x00, 0x00, 0x00, 0xE0, 0xFF, 0x9C, 0x74, 0xFF,
0xFF, 0x0C, 0x00, 0x00, 0x00, 0x00, 0x00, 0x00, 0x00, 0x00, 0x00, 0xE0, 0xFF, 0x9C, 0x74, 0xFF,
0xFF, 0x0C, 0x00, 0x00, 0x00, 0x00, 0x00, 0x00, 0x00, 0x00, 0x00, 0xE0, 0xFF, 0x9C, 0x74, 0xFF,
0xFF, 0x0C, 0x00, 0x00, 0x00, 0x00, 0x00, 0x00, 0x00, 0x00, 0x00, 0xE0, 0xFF, 0x9C, 0x74, 0xFF,
0xFF, 0x0C, 0x00, 0x00, 0x00, 0x00, 0x00, 0x00, 0x00, 0x00, 0x00, 0xE0, 0xFF, 0x9C, 0x74, 0xFF,
0xFF, 0xFF, 0xFF, 0xFF, 0xFF, 0xFF, 0xFF, 0xFF, 0xFF, 0xFF, 0xFF, 0xFF, 0xFF, 0x9C, 0x74, 0xFF,
0xFF, 0xFF, 0xFF, 0xFF, 0xFF, 0xFF, 0xFF, 0xFF, 0xFF, 0xFF, 0xFF, 0xFF, 0xFF, 0x9C, 0x74, 0xFF,
0xFF, 0x0C, 0x00, 0x00, 0x00, 0x00, 0x00, 0x00, 0x00, 0x00, 0x00, 0xE0, 0xFF, 0x9C, 0x74, 0xFF,
0xFF, 0x0C, 0x00, 0x00, 0x00, 0x00, 0x00, 0x00, 0x00, 0x00, 0x00, 0xE0, 0xFF, 0x9C, 0x74, 0xFF,
0xFF, 0x0C, 0x00, 0x00, 0x00, 0x00, 0x00, 0x00, 0x00, 0x00, 0x00, 0xE0, 0xFF, 0x9C, 0x74, 0xFF,
0xFF, 0x0C, 0x00, 0x00, 0x00, 0x00, 0x00, 0x00, 0x00, 0x00, 0x00, 0xE0, 0xFF, 0x9C, 0x74, 0xFF,
0xFF, 0x0C, 0x00, 0x00, 0x00, 0x00, 0x00, 0x00, 0x00, 0x00, 0x00, 0xE0, 0xFF, 0x9C, 0x74, 0xFF,
0xFF, 0x0C, 0x00, 0x00, 0x00, 0x00, 0x00, 0x00, 0x00, 0x00, 0x00, 0xE0, 0xFF, 0x9C, 0x74, 0xFF,
0xFF, 0x0C, 0x00, 0x00, 0x00, 0x00, 0x00, 0x00, 0x00, 0x00, 0x00, 0xE0, 0xFF, 0x9C, 0x74, 0xFF,
0xFF, 0x0C, 0x00, 0x00, 0x00, 0x00, 0x00, 0x00, 0x00, 0x00, 0x00, 0xE0, 0xFF, 0x9C, 0x74, 0xFF,
0xFF, 0x0C, 0x00, 0x00, 0x00, 0x00, 0x00, 0x00, 0x00, 0x00, 0x00, 0xE0, 0xFF, 0x9C, 0x74, 0xFF,
0xFF, 0x0C, 0x00, 0x00, 0x00, 0x00, 0x00, 0x00, 0x00, 0x00, 0x00, 0xE0, 0xFF, 0x9C, 0x00, 0x00,
0x00, 0x00, 0x00, 0x3D, 0x96, 0xD5, 0xEE, 0xF7, 0xE1, 0xBB, 0x6A, 0x0F, 0x00, 0x00, 0x00, 0x00,
0x00, 0x00, 0x00, 0x0F, 0xAD, 0xFF, 0xFF, 0xFF, 0xFF, 0xFF, 0xFF, 0xFF, 0xFF, 0xE7, 0x52, 0x00,
0x00, 0x00, 0x00, 0x00, 0x0E, 0xCB, 0xFF, 0xFF, 0xB3, 0x46, 0x14, 0x0A, 0x2B, 0x86, 0xF7, 0xFF,
0xFD, 0x5E, 0x00, 0x00, 0x00, 0x00, 0x9A, 0xFF, 0xFF, 0x73, 0x00, 0x00, 0x00, 0x00, 0x00, 0x00,
0x31, 0xEE, 0xFF, 0xF8, 0x26, 0x00, 0x00, 0x2C, 0xFE, 0xFF, 0xA5, 0x00, 0x00, 0x00, 0x00, 0x00,
0x00, 0x00, 0x00, 0x4B, 0xFF, 0xFF, 0xB0, 0x00, 0x00, 0x8F, 0xFF, 0xFF, 0x21, 0x00, 0x00, 0x00,
0x00, 0x00, 0x00, 0x00, 0x00, 0x00, 0xBF, 0xFF, 0xFB, 0x16, 0x00, 0xDB, 0xFF, 0xC9, 0x00, 0x00,
0x00, 0x00, 0x00, 0x00, 0x00, 0x00, 0x00, 0x00, 0x60, 0xFF, 0xFF, 0x61, 0x0F, 0xFE, 0xFF, 0x92,
0x00, 0x00, 0x00, 0x00, 0x00, 0x00, 0x00, 0x00, 0x00, 0x00, 0x1B, 0xFF, 0xFF, 0x92, 0x32, 0xFF,
0xFF, 0x6B, 0x00, 0x00, 0x00, 0x00, 0x00, 0x00, 0x00, 0x00, 0x00, 0x00, 0x00, 0xF0, 0xFF, 0xB9,
0x42, 0xFF, 0xFF, 0x5C, 0x00, 0x00, 0x00, 0x00, 0x00, 0x00, 0x00, 0x00, 0x00, 0x00, 0x00, 0xD9,
0xFF, 0xC9, 0x4C, 0xFF, 0xFF, 0x53, 0x00, 0x00, 0x00, 0x00, 0x00, 0x00, 0x00, 0x00, 0x00, 0x00,
0x00, 0xCF, 0xFF, 0xD4, 0x42, 0xFF, 0xFF, 0x5C, 0x00, 0x00, 0x00, 0x00, 0x00, 0x00, 0x00, 0x00,
0x00, 0x00, 0x00, 0xD9, 0xFF, 0xC8, 0x33, 0xFF, 0xFF, 0x73, 0x00, 0x00, 0x00, 0x00, 0x00, 0x00,
0x00, 0x00, 0x00, 0x00, 0x00, 0xE9, 0xFF, 0xB9, 0x0F, 0xFF, 0xFF, 0x9E, 0x00, 0x00, 0x00, 0x00,
0x00, 0x00, 0x00, 0x00, 0x00, 0x00, 0x10, 0xFF, 0xFF, 0x94, 0x00, 0xDE, 0xFF, 0xE2, 0x00, 0x00,
0x00, 0x00, 0x00, 0x00, 0x00, 0x00, 0x00, 0x00, 0x47, 0xFF, 0xFF, 0x61, 0x00, 0x90, 0xFF, 0xFF,
0x43, 0x00, 0x00, 0x00, 0x00, 0x00, 0x00, 0x00, 0x00, 0x00, 0x9F, 0xFF, 0xFC, 0x19, 0x00, 0x2E,
0xFE, 0xFF, 0xC8, 0x04, 0x00, 0x00, 0x00, 0x00, 0x00, 0x00, 0x00, 0x29, 0xFA, 0xFF, 0xB1, 0x00,
0x00, 0x00, 0x9C, 0xFF, 0xFF, 0x9A, 0x03, 0x00, 0x00, 0x00, 0x00, 0x00, 0x1A, 0xDA, 0xFF, 0xF8,
0x28, 0x00, 0x00, 0x00, 0x0E, 0xCB, 0xFF, 0xFF, 0xC4, 0x4D, 0x16, 0x08, 0x25, 0x75, 0xED, 0xFF,
0xFE, 0x63, 0x00, 0x00, 0x00, 0x00, 0x00, 0x11, 0xAB, 0xFF, 0xFF, 0xFF, 0xFF, 0xFF, 0xFF, 0xFF,
0xFF, 0xEA, 0x56, 0x00, 0x00, 0x00, 0x00, 0x00, 0x00, 0x00, 0x00, 0x3E, 0x98, 0xD6, 0xEF, 0xF9,
0xE5, 0xBC, 0x71, 0x0F, 0x00, 0x00, 0x00, 0x00, 0x74, 0xFF, 0xFF, 0xFF, 0xFF, 0xFF, 0xFF, 0xFF,
0xFF, 0xFF, 0xFF, 0xFF, 0xFF, 0xFF, 0xFF, 0x38, 0x74, 0xFF, 0xFF, 0xFF, 0xFF, 0xFF, 0xFF, 0xFF,
0xFF, 0xFF, 0xFF, 0xFF, 0xFF, 0xFF, 0xFF, 0x38, 0x74, 0xFF, 0xFF, 0x0C, 0x00, 0x00, 0x00, 0x00,
0x00, 0x00, 0x00, 0x00, 0x44, 0xFF, 0xFF, 0x38, 0x74, 0xFF, 0xFF, 0x0C, 0x00, 0x00, 0x00, 0x00,
0x00, 0x00, 0x00, 0x00, 0x44, 0xFF, 0xFF, 0x38, 0x74, 0xFF, 0xFF, 0x0C, 0x00, 0x00, 0x00, 0x00,
0x00, 0x00, 0x00, 0x00, 0x44, 0xFF, 0xFF, 0x38, 0x74, 0xFF, 0xFF, 0x0C, 0x00, 0x00, 0x00, 0x00,
0x00, 0x00, 0x00, 0x00, 0x44, 0xFF, 0xFF, 0x38, 0x74, 0xFF, 0xFF, 0x0C, 0x00, 0x00, 0x00, 0x00,
0x00, 0x00, 0x00, 0x00, 0x44, 0xFF, 0xFF, 0x38, 0x74, 0xFF, 0xFF, 0x0C, 0x00, 0x00, 0x00, 0x00,
0x00, 0x00, 0x00, 0x00, 0x44, 0xFF, 0xFF, 0x38, 0x74, 0xFF, 0xFF, 0x0C, 0x00, 0x00, 0x00, 0x00,
0x00, 0x00, 0x00, 0x00, 0x44, 0xFF, 0xFF, 0x38, 0x74, 0xFF, 0xFF, 0x0C, 0x00, 0x00, 0x00, 0x00,
0x00, 0x00, 0x00, 0x00, 0x44, 0xFF, 0xFF, 0x38, 0x74, 0xFF, 0xFF, 0x0C, 0x00, 0x00, 0x00, 0x00,
0x00, 0x00, 0x00, 0x00, 0x44, 0xFF, 0xFF, 0x38, 0x74, 0xFF, 0xFF, 0x0C, 0x00, 0x00, 0x00, 0x00,
0x00, 0x00, 0x00, 0x00, 0x44, 0xFF, 0xFF, 0x38, 0x74, 0xFF, 0xFF, 0x0C, 0x00, 0x00, 0x00, 0x00,
0x00, 0x00, 0x00, 0x00, 0x44, 0xFF, 0xFF, 0x38, 0x74, 0xFF, 0xFF, 0x0C, 0x00, 0x00, 0x00, 0x00,
0x00, 0x00, 0x00, 0x00, 0x44, 0xFF, 0xFF, 0x38, 0x74, 0xFF, 0xFF, 0x0C, 0x00, 0x00, 0x00, 0x00,
0x00, 0x00, 0x00, 0x00, 0x44, 0xFF, 0xFF, 0x38, 0x74, 0xFF, 0xFF, 0x0C, 0x00, 0x00, 0x00, 0x00,
0x00, 0x00, 0x00, 0x00, 0x44, 0xFF, 0xFF, 0x38, 0x74, 0xFF, 0xFF, 0x0C, 0x00, 0x00, 0x00, 0x00,
0x00, 0x00, 0x00, 0x00, 0x44, 0xFF, 0xFF, 0x38, 0x74, 0xFF, 0xFF, 0x0C, 0x00, 0x00, 0x00, 0x00,
0x00, 0x00, 0x00, 0x00, 0x44, 0xFF, 0xFF, 0x38, 0x74, 0xFF, 0xFF, 0x0C, 0x00, 0x00, 0x00, 0x00,
0x00, 0x00, 0x00, 0x00, 0x44, 0xFF, 0xFF, 0x38, 0x74, 0xFF, 0xFF, 0x0C, 0x00, 0x00, 0x00, 0x00,
0x00, 0x00, 0x00, 0x00, 0x44, 0xFF, 0xFF, 0x38, 0x74, 0xFF, 0xFF, 0x0C, 0x00, 0x00, 0x00, 0x00,
0x00, 0x00, 0x00, 0x00, 0x44, 0xFF, 0xFF, 0x38, 0x44, 0xB2, 0xD5, 0xEC, 0xF5, 0xFD, 0xF5, 0xDD,
0xB3, 0x6E, 0x11, 0x00, 0x00, 0x00, 0x74, 0xFF, 0xFF, 0xFF, 0xFF, 0xFF, 0xFF, 0xFF, 0xFF, 0xFF,
0xF2, 0x63, 0x00, 0x00, 0x74, 0xFF, 0xFF, 0x24, 0x06, 0x02, 0x18, 0x39, 0x85, 0xF1, 0xFF, 0xFF,
0x6A, 0x00, 0x74, 0xFF, 0xFF, 0x0C, 0x00, 0x00, 0x00, 0x00, 0x00, 0x23, 0xE6, 0xFF, 0xF8, 0x14,
0x74, 0xFF, 0xFF, 0x0C, 0x00, 0x00, 0x00, 0x00, 0x00, 0x00, 0x5C, 0xFF, 0xFF, 0x6C, 0x74, 0xFF,
0xFF, 0x0C, 0x00, 0x00, 0x00, 0x00, 0x00, 0x00, 0x12, 0xFF, 0xFF, 0x92, 0x74, 0xFF, 0xFF, 0x0C,
0x00, 0x00, 0x00, 0x00, 0x00, 0x00, 0x04, 0xFF, 0xFF, 0x9F, 0x74, 0xFF, 0xFF, 0x0C, 0x00, 0x00,
0x00, 0x00, 0x00, 0x00, 0x1E, 0xFF, 0xFF, 0x88, 0x74, 0xFF, 0xFF, 0x0C, 0x00, 0x00, 0x00, 0x00,
0x00, 0x00, 0x71, 0xFF, 0xFF, 0x4C, 0x74, 0xFF, 0xFF, 0x0C, 0x00, 0x00, 0x00, 0x00, 0x00, 0x2E,
0xF0, 0xFF, 0xDD, 0x05, 0x74, 0xFF, 0xFF, 0x1A, 0x02, 0x04, 0x1A, 0x3B, 0x8C, 0xF5, 0xFF, 0xF5,
0x39, 0x00, 0x74, 0xFF, 0xFF, 0xFF, 0xFF, 0xFF, 0xFF, 0xFF, 0xFF, 0xFF, 0xD7, 0x37, 0x00, 0x00,
0x74, 0xFF, 0xFF, 0xEE, 0xFC, 0xFE, 0xF2, 0xD5, 0xA5, 0x54, 0x04, 0x00, 0x00, 0x00, 0x74, 0xFF,
0xFF, 0x0C, 0x00, 0x00, 0x00, 0x00, 0x00, 0x00, 0x00, 0x00, 0x00, 0x00, 0x74, 0xFF, 0xFF, 0x0C,
0x00, 0x00, 0x00, 0x00, 0x00, 0x00, 0x00, 0x00, 0x00, 0x00, 0x74, 0xFF, 0xFF, 0x0C, 0x00, 0x00,
0x00, 0x00, 0x00, 0x00, 0x00, 0x00, 0x00, 0x00, 0x74, 0xFF, 0xFF, 0x0C, 0x00, 0x00, 0x00, 0x00,
0x00, 0x00, 0x00, 0x00, 0x00, 0x00, 0x74, 0xFF, 0xFF, 0x0C, 0x00, 0x00, 0x00, 0x00, 0x00, 0x00,
0x00, 0x00, 0x00, 0x00, 0x74, 0xFF, 0xFF, 0x0C, 0x00, 0x00, 0x00, 0x00, 0x00, 0x00, 0x00, 0x00,
0x00, 0x00, 0x74, 0xFF, 0xFF, 0x0C, 0x00, 0x00, 0x00, 0x00, 0x00, 0x00, 0x00, 0x00, 0x00, 0x00,
0x74, 0xFF, 0xFF, 0x0C, 0x00, 0x00, 0x00, 0x00, 0x00, 0x00, 0x00, 0x00, 0x00, 0x00, 0x00, 0x00,
0x00, 0x00, 0x00, 0x08, 0x64, 0xAF, 0xE2, 0xF8, 0xF7, 0xE8, 0xC0, 0x7C, 0x1B, 0x00, 0x00, 0x00,
0x00, 0x51, 0xE7, 0xFF, 0xFF, 0xFF, 0xFF, 0xFF, 0xFF, 0xFF, 0xFF, 0x89, 0x00, 0x00, 0x00, 0x76,
0xFF, 0xFF, 0xED, 0x80, 0x31, 0x0B, 0x07, 0x1C, 0x4F, 0xAF, 0x3C, 0x00, 0x00, 0x50, 0xFE, 0xFF,
0xC5, 0x15, 0x00, 0x00, 0x00, 0x00, 0x00, 0x00, 0x00, 0x00, 0x00, 0x08, 0xE6, 0xFF, 0xE0, 0x10,
0x00, 0x00, 0x00, 0x00, 0x00, 0x00, 0x00, 0x00, 0x00, 0x00, 0x6E, 0xFF, 0xFF, 0x56, 0x00, 0x00,
0x00, 0x00, 0x00, 0x00, 0x00, 0x00, 0x00, 0x00, 0x00, 0xC1, 0xFF, 0xE5, 0x03, 0x00, 0x00, 0x00,
0x00, 0x00, 0x00, 0x00, 0x00, 0x00, 0x00, 0x0A, 0xF9, 0xFF, 0xA5, 0x00, 0x00, 0x00, 0x00, 0x00,
0x00, 0x00, 0x00, 0x00, 0x00, 0x00, 0x2A, 0xFF, 0xFF, 0x73, 0x00, 0x00, 0x00, 0x00, 0x00, 0x00,
0x00, 0x00, 0x00, 0x00, 0x00, 0x3D, 0xFF, 0xFF, 0x60, 0x00, 0x00, 0x00, 0x00, 0x00, 0x00, 0x00,
0x00, 0x00, 0x00, 0x00, 0x4B, 0xFF, 0xFF, 0x54, 0x00, 0x00, 0x00, 0x00, 0x00, 0x00, 0x00, 0x00,
0x00, 0x00, 0x00, 0x3E, 0xFF, 0xFF, 0x61, 0x00, 0x00, 0x00, 0x00, 0x00, 0x00, 0x00, 0x00, 0x00,
0x00, 0x00, 0x2C, 0xFF, 0xFF, 0x78, 0x00, 0x00, 0x00, 0x00, 0x00, 0x00, 0x00, 0x00, 0x00, 0x00,
0x00, 0x0A, 0xFA, 0xFF, 0xAF, 0x00, 0x00, 0x00, 0x00, 0x00, 0x00, 0x00, 0x00, 0x00, 0x00, 0x00,
0x00, 0xC6, 0xFF, 0xF0, 0x0B, 0x00, 0x00, 0x00, 0x00, 0x00, 0x00, 0x00, 0x00, 0x00, 0x00, 0x00,
0x75, 0xFF, 0xFF, 0x6F, 0x00, 0x00, 0x00, 0x00, 0x00, 0x00, 0x00, 0x00, 0x00, 0x00, 0x00, 0x0E,
0xF0, 0xFF, 0xF2, 0x22, 0x00, 0x00, 0x00, 0x00, 0x00, 0x00, 0x00, 0x00, 0x00, 0x00, 0x00, 0x65,
0xFF, 0xFF, 0xE0, 0x2B, 0x00, 0x00, 0x00, 0x00, 0x00, 0x00, 0x00, 0x00, 0x00, 0x00, 0x00, 0x95,
0xFF, 0xFF, 0xFA, 0x97, 0x40, 0x13, 0x04, 0x13, 0x40, 0x92, 0x7E, 0x00, 0x00, 0x00, 0x00, 0x6D,
0xF0, 0xFF, 0xFF, 0xFF, 0xFF, 0xFF, 0xFF, 0xFF, 0xFF, 0xD5, 0x00, 0x00, 0x00, 0x00, 0x00, 0x11,
0x72, 0xB9, 0xE5, 0xF9, 0xF2, 0xDF, 0xCA, 0x97, 0x3A, 0x74, 0xFF, 0xFF, 0xFF, 0xFF, 0xFF, 0xFF,
0xFF, 0xFF, 0xFF, 0xFF, 0xFF, 0xFF, 0xFF, 0xFF, 0xFF, 0x1C, 0x74, 0xFF, 0xFF, 0xFF, 0xFF, 0xFF,
0xFF, 0xFF, 0xFF, 0xFF, 0xFF, 0xFF, 0xFF, 0xFF, 0xFF, 0xFF, 0x1C, 0x00, 0x00, 0x00, 0x00, 0x00,
0x00, 0x00, 0xEC, 0xFF, 0x90, 0x00, 0x00, 0x00, 0x00, 0x00, 0x00, 0x00, 0x00, 0x00, 0x00, 0x00,
0x00, 0x00, 0x00, 0xEC, 0xFF, 0x90, 0x00, 0x00, 0x00, 0x00, 0x00, 0x00, 0x00, 0x00, 0x00, 0x00,
0x00, 0x00, 0x00, 0x00, 0xEC, 0xFF, 0x90, 0x00, 0x00, 0x00, 0x00, 0x00, 0x00, 0x00, 0x00, 0x00,
0x00, 0x00, 0x00, 0x00, 0x00, 0xEC, 0xFF, 0x90, 0x00, 0x00, 0x00, 0x00, 0x00, 0x00, 0x00, 0x00,
0x00, 0x00, 0x00, 0x00, 0x00, 0x00, 0xEC, 0xFF, 0x90, 0x00, 0x00, 0x00, 0x00, 0x00, 0x00, 0x00,
0x00, 0x00, 0x00, 0x00, 0x00, 0x00, 0x00, 0xEC, 0xFF, 0x90, 0x00, 0x00, 0x00, 0x00, 0x00, 0x00,
0x00, 0x00, 0x00, 0x00, 0x00, 0x00, 0x00, 0x00, 0xEC, 0xFF, 0x90, 0x00, 0x00, 0x00, 0x00, 0x00,
0x00, 0x00, 0x00, 0x00, 0x00, 0x00, 0x00, 0x00, 0x00, 0xEC, 0xFF, 0x90, 0x00, 0x00, 0x00, 0x00,
0x00, 0x00, 0x00, 0x00, 0x00, 0x00, 0x00, 0x00, 0x00, 0x00, 0xEC, 0xFF, 0x90, 0x00, 0x00, 0x00,
0x00, 0x00, 0x00, 0x00, 0x00, 0x00, 0x00, 0x00, 0x00, 0x00, 0x00, 0xEC, 0xFF, 0x90, 0x00, 0x00,
0x00, 0x00, 0x00, 0x00, 0x00, 0x00, 0x00, 0x00, 0x00, 0x00, 0x00, 0x00, 0xEC, 0xFF, 0x90, 0x00,
0x00, 0x00, 0x00, 0x00, 0x00, 0x00, 0x00, 0x00, 0x00, 0x00, 0x00, 0x00, 0x00, 0xEC, 0xFF, 0x90,
0x00, 0x00, 0x00, 0x00, 0x00, 0x00, 0x00, 0x00, 0x00, 0x00, 0x00, 0x00, 0x00, 0x00, 0xEC, 0xFF,
0x90, 0x00, 0x00, 0x00, 0x00, 0x00, 0x00, 0x00, 0x00, 0x00, 0x00, 0x00, 0x00, 0x00, 0x00, 0xEC,
0xFF, 0x90, 0x00, 0x00, 0x00, 0x00, 0x00, 0x00, 0x00, 0x00, 0x00, 0x00, 0x00, 0x00, 0x00, 0x00,
0xEC, 0xFF, 0x90, 0x00, 0x00, 0x00, 0x00, 0x00, 0x00, 0x00, 0x00, 0x00, 0x00, 0x00, 0x00, 0x00,
0x00, 0xEC, 0xFF, 0x90, 0x00, 0x00, 0x00, 0x00, 0x00, 0x00, 0x00, 0x00, 0x00, 0x00, 0x00, 0x00,
0x00, 0x00, 0xEC, 0xFF, 0x90, 0x00, 0x00, 0x00, 0x00, 0x00, 0x00, 0x00, 0x00, 0x00, 0x00, 0x00,
0x00, 0x00, 0x00, 0xEC, 0xFF, 0x90, 0x00, 0x00, 0x00, 0x00, 0x00, 0x00, 0x00, 0x00, 0x00, 0x00,
0x00, 0x00, 0x00, 0x00, 0xEC, 0xFF, 0x90, 0x00, 0x00, 0x00, 0x00, 0x00, 0x00, 0x00, 0x8C, 0xFF,
0xFF, 0x55, 0x00, 0x00, 0x00, 0x00, 0x00, 0x00, 0x00, 0x00, 0x00, 0x2B, 0xFF, 0xFF, 0x5D, 0x15,
0xF4, 0xFF, 0xD1, 0x01, 0x00, 0x00, 0x00, 0x00, 0x00, 0x00, 0x00, 0x00, 0x8A, 0xFF, 0xEF, 0x09,
0x00, 0x89, 0xFF, 0xFF, 0x4F, 0x00, 0x00, 0x00, 0x00, 0x00, 0x00, 0x00, 0x03, 0xE5, 0xFF, 0x94,
0x00, 0x00, 0x14, 0xF3, 0xFF, 0xCC, 0x00, 0x00, 0x00, 0x00, 0x00, 0x00, 0x00, 0x47, 0xFF, 0xFF,
0x30, 0x00, 0x00, 0x00, 0x87, 0xFF, 0xFF, 0x49, 0x00, 0x00, 0x00, 0x00, 0x00, 0x00, 0xA6, 0xFF,
0xCC, 0x00, 0x00, 0x00, 0x00, 0x13, 0xF2, 0xFF, 0xC6, 0x00, 0x00, 0x00, 0x00, 0x00, 0x0E, 0xF6,
0xFF, 0x67, 0x00, 0x00, 0x00, 0x00, 0x00, 0x85, 0xFF, 0xFF, 0x43, 0x00, 0x00, 0x00, 0x00, 0x63,
0xFF, 0xF5, 0x0E, 0x00, 0x00, 0x00, 0x00, 0x00, 0x12, 0xF2, 0xFF, 0xC0, 0x00, 0x00, 0x00, 0x00,
0xC2, 0xFF, 0x9E, 0x00, 0x00, 0x00, 0x00, 0x00, 0x00, 0x00, 0x83, 0xFF, 0xFF, 0x3D, 0x00, 0x00,
0x21, 0xFE, 0xFF, 0x3A, 0x00, 0x00, 0x00, 0x00, 0x00, 0x00, 0x00, 0x11, 0xF1, 0xFF, 0xBA, 0x00,
0x00, 0x7F, 0xFF, 0xD5, 0x00, 0x00, 0x00, 0x00, 0x00, 0x00, 0x00, 0x00, 0x00, 0x81, 0xFF, 0xFF,
0x37, 0x00, 0xDC, 0xFF, 0x71, 0x00, 0x00, 0x00, 0x00, 0x00, 0x00, 0x00, 0x00, 0x00, 0x10, 0xF0,
0xFF, 0x9A, 0x25, 0xFF, 0xF9, 0x14, 0x00, 0x00, 0x00, 0x00, 0x00, 0x00, 0x00, 0x00, 0x00, 0x00,
0x7F, 0xFF, 0xE4, 0x5D, 0xFF, 0xA8, 0x00, 0x00, 0x00, 0x00, 0x00, 0x00, 0x00, 0x00, 0x00, 0x00,
0x00, 0x0F, 0xEF, 0xFF, 0xCB, 0xFF, 0x44, 0x00, 0x00, 0x00, 0x00, 0x00, 0x00, 0x00, 0x00, 0x00,
0x00, 0x00, 0x00, 0x7D, 0xFF, 0xFF, 0xDE, 0x01, 0x00, 0x00, 0x00, 0x00, 0x00, 0x00, 0x00, 0x00,
0x00, 0x00, 0x00, 0x00, 0x1C, 0xFF, 0xFF, 0x7A, 0x00, 0x00, 0x00, 0x00, 0x00, 0x00, 0x00, 0x00,
0x00, 0x00, 0x00, 0x00, 0x00, 0x54, 0xFF, 0xF9, 0x16, 0x00, 0x00, 0x00, 0x00, 0x00, 0x00, 0x00,
0x00, 0x00, 0x00, 0x00, 0x00, 0x00, 0xB9, 0xFF, 0x9D, 0x00, 0x00, 0x00, 0x00, 0x00, 0x00, 0x00,
0x00, 0x00, 0x00, 0x00, 0x00, 0x06, 0x6D, 0xFF, 0xF8, 0x23, 0x00, 0x00, 0x00, 0x00, 0x00, 0x00,
0x00, 0x00, 0x00, 0x00, 0xB4, 0xFF, 0xFF, 0xFF, 0xFF, 0x73, 0x00, 0x00, 0x00, 0x00, 0x00, 0x00,
0x00, 0x00, 0x00, 0x00, 0x0C, 0xC1, 0xF5, 0xFB, 0xDB, 0x6C, 0x00, 0x00, 0x00, 0x00, 0x00, 0x00,
0x00, 0x00, 0x00, 0x00, 0x00, 0x00, 0x00, 0x00, 0x00, 0x00, 0x00, 0x00, 0x88, 0xFF, 0xF0, 0x00,
0x00, 0x00, 0x00, 0x00, 0x00, 0x00, 0x00, 0x00, 0x00, 0x00, 0x00, 0x00, 0x00, 0x00, 0x00, 0x00,
0x00, 0x00, 0x88, 0xFF, 0xF0, 0x00, 0x00, 0x00, 0x00, 0x00, 0x00, 0x00, 0x00, 0x00, 0x00, 0x00,
0x00, 0x00, 0x03, 0x5F, 0xB5, 0xE6, 0xFB, 0xF7, 0xF4, 0xFF, 0xFC, 0xDF, 0xF9, 0xFB, 0xE5, 0xAB,
0x46, 0x00, 0x00, 0x00, 0x00, 0x00, 0x00, 0x23, 0xD3, 0xFF, 0xFF, 0xFF, 0xFF, 0xFF, 0xFF, 0xFF,
0xFF, 0xFF, 0xFF, 0xFF, 0xFF, 0xFF, 0xFF, 0xA6, 0x07, 0x00, 0x00, 0x00, 0x18, 0xE7, 0xFF, 0xFB,
0x8D, 0x2B, 0x06, 0x08, 0x8B, 0xFF, 0xEC, 0x1B, 0x04, 0x0B, 0x40, 0xC2, 0xFF, 0xFF, 0xA0, 0x00,
0x00, 0x00, 0xAD, 0xFF, 0xFE, 0x4F, 0x00, 0x00, 0x00, 0x00, 0x80, 0xFF, 0xE8, 0x00, 0x00, 0x00,
0x00, 0x04, 0xBB, 0xFF, 0xFF, 0x3D, 0x00, 0x25, 0xFE, 0xFF, 0x9D, 0x00, 0x00, 0x00, 0x00, 0x00,
0x80, 0xFF, 0xE8, 0x00, 0x00, 0x00, 0x00, 0x00, 0x23, 0xFD, 0xFF, 0xA6, 0x00, 0x70, 0xFF, 0xFF,
0x33, 0x00, 0x00, 0x00, 0x00, 0x00, 0x80, 0xFF, 0xE8, 0x00, 0x00, 0x00, 0x00, 0x00, 0x00, 0xC1,
0xFF, 0xE8, 0x00, 0xA3, 0xFF, 0xF3, 0x02, 0x00, 0x00, 0x00, 0x00, 0x00, 0x80, 0xFF, 0xE8, 0x00,
0x00, 0x00, 0x00, 0x00, 0x00, 0x87, 0xFF, 0xFF, 0x13, 0xB9, 0xFF, 0xDA, 0x00, 0x00, 0x00, 0x00,
0x00, 0x00, 0x80, 0xFF, 0xE8, 0x00, 0x00, 0x00, 0x00, 0x00, 0x00, 0x6E, 0xFF, 0xFF, 0x24, 0xBD,
0xFF, 0xD5, 0x00, 0x00, 0x00, 0x00, 0x00, 0x00, 0x80, 0xFF, 0xE8, 0x00, 0x00, 0x00, 0x00, 0x00,
0x00, 0x73, 0xFF, 0xFF, 0x1F, 0xAD, 0xFF, 0xEB, 0x00, 0x00, 0x00, 0x00, 0x00, 0x00, 0x80, 0xFF,
0xE8, 0x00, 0x00, 0x00, 0x00, 0x00, 0x00, 0x8E, 0xFF, 0xFF, 0x0A, 0x88, 0xFF, 0xFF, 0x21, 0x00,
0x00, 0x00, 0x00, 0x00, 0x80, 0xFF, 0xE8, 0x00, 0x00, 0x00, 0x00, 0x00, 0x00, 0xCC, 0xFF, 0xD3,
0x00, 0x48, 0xFF, 0xFF, 0x83, 0x00, 0x00, 0x00, 0x00, 0x00, 0x80, 0xFF, 0xE8, 0x00, 0x00, 0x00,
0x00, 0x00, 0x38, 0xFF, 0xFF, 0x85, 0x00, 0x03, 0xDD, 0xFF, 0xF6, 0x33, 0x00, 0x00, 0x00, 0x00,
0x80, 0xFF, 0xE8, 0x00, 0x00, 0x00, 0x00, 0x14, 0xD7, 0xFF, 0xF4, 0x16, 0x00, 0x00, 0x4A, 0xFE,
0xFF, 0xF2, 0x73, 0x1D, 0x02, 0x06, 0x8F, 0xFF, 0xE9, 0x08, 0x01, 0x16, 0x5D, 0xDF, 0xFF, 0xFF,
0x5D, 0x00, 0x00, 0x00, 0x00, 0x65, 0xFA, 0xFF, 0xFF, 0xFF, 0xFF, 0xFF, 0xFF, 0xFF, 0xFF, 0xFF,
0xFF, 0xFF, 0xFF, 0xFF, 0xF8, 0x62, 0x00, 0x00, 0x00, 0x00, 0x00, 0x00, 0x24, 0x93, 0xD7, 0xF5,
0xFD, 0xF1, 0xF0, 0xFF, 0xFC, 0xE5, 0xFC, 0xF3, 0xD1, 0x8A, 0x1C, 0x00, 0x00, 0x00, 0x00, 0x00,
0x00, 0x00, 0x00, 0x00, 0x00, 0x00, 0x00, 0x00, 0x88, 0xFF, 0xF0, 0x00, 0x00, 0x00, 0x00, 0x00,
0x00, 0x00, 0x00, 0x00, 0x00, 0x00, 0x00, 0x00, 0x00, 0x00, 0x00, 0x00, 0x00, 0x00, 0x88, 0xFF,
0xF0, 0x00, 0x00, 0x00, 0x00, 0x00, 0x00, 0x00, 0x00, 0x00, 0x00, 0x00, 0x00, 0x00, 0x00, 0x00,
0x00, 0x00, 0x00, 0x00, 0x88, 0xFF, 0xF0, 0x00, 0x00, 0x00, 0x00, 0x00, 0x00, 0x00, 0x00, 0x00,
0x00, 0x00, 0x51, 0xFF, 0xFF, 0xAC, 0x00, 0x00, 0x00, 0x00, 0x00, 0x00, 0x00, 0x00, 0x00, 0xB5,
0xFF, 0xF0, 0x1B, 0x00, 0x00, 0xB2, 0xFF, 0xFF, 0x46, 0x00, 0x00, 0x00, 0x00, 0x00, 0x00, 0x00,
0x58, 0xFF, 0xFF, 0x64, 0x00, 0x00, 0x00, 0x1E, 0xF4, 0xFF, 0xD9, 0x06, 0x00, 0x00, 0x00, 0x00,
0x00, 0x11, 0xE8, 0xFF, 0xBC, 0x00, 0x00, 0x00, 0x00, 0x00, 0x75, 0xFF, 0xFF, 0x79, 0x00, 0x00,
0x00, 0x00, 0x00, 0x9C, 0xFF, 0xF4, 0x21, 0x00, 0x00, 0x00, 0x00, 0x00, 0x04, 0xD1, 0xFF, 0xF5,
0x1D, 0x00, 0x00, 0x00, 0x3E, 0xFE, 0xFF, 0x6E, 0x00, 0x00, 0x00, 0x00, 0x00, 0x00, 0x00, 0x39,
0xFE, 0xFF, 0xAC, 0x00, 0x00, 0x07, 0xD8, 0xFF, 0xC5, 0x02, 0x00, 0x00, 0x00, 0x00, 0x00, 0x00,
0x00, 0x00, 0x99, 0xFF, 0xFF, 0x46, 0x00, 0x82, 0xFF, 0xF8, 0x27, 0x00, 0x00, 0x00, 0x00, 0x00,
0x00, 0x00, 0x00, 0x00, 0x11, 0xE9, 0xFF, 0xCF, 0x15, 0xF8, 0xFF, 0x78, 0x00, 0x00, 0x00, 0x00,
0x00, 0x00, 0x00, 0x00, 0x00, 0x00, 0x00, 0x5C, 0xFF, 0xFF, 0xB7, 0xFF, 0xCD, 0x04, 0x00, 0x00,
0x00, 0x00, 0x00, 0x00, 0x00, 0x00, 0x00, 0x00, 0x00, 0x00, 0xBC, 0xFF, 0xFF, 0xFA, 0x2F, 0x00,
0x00, 0x00, 0x00, 0x00, 0x00, 0x00, 0x00, 0x00, 0x00, 0x00, 0x00, 0x00, 0x6B, 0xFF, 0xFF, 0xEF,
0x15, 0x00, 0x00, 0x00, 0x00, 0x00, 0x00, 0x00, 0x00, 0x00, 0x00, 0x00, 0x00, 0x16, 0xEC, 0xFF,
0xF4, 0xFF, 0xA5, 0x00, 0x00, 0x00, 0x00, 0x00, 0x00, 0x00, 0x00, 0x00, 0x00, 0x00, 0x00, 0xAA,
0xFF, 0xD8, 0x6E, 0xFF, 0xFF, 0x48, 0x00, 0x00, 0x00, 0x00, 0x00, 0x00, 0x00, 0x00, 0x00, 0x00,
0x51, 0xFF, 0xFF, 0x64, 0x0B, 0xE7, 0xFF, 0xDF, 0x0A, 0x00, 0x00, 0x00, 0x00, 0x00, 0x00, 0x00,
0x00, 0x11, 0xE7, 0xFF, 0xC3, 0x01, 0x00, 0x56, 0xFF, 0xFF, 0x8C, 0x00, 0x00, 0x00, 0x00, 0x00,
0x00, 0x00, 0x00, 0xA0, 0xFF, 0xF7, 0x27, 0x00, 0x00, 0x00, 0xB4, 0xFF, 0xFC, 0x32, 0x00, 0x00,
0x00, 0x00, 0x00, 0x00, 0x47, 0xFF, 0xFF, 0x79, 0x00, 0x00, 0x00, 0x00, 0x1E, 0xF4, 0xFF, 0xCD,
0x03, 0x00, 0x00, 0x00, 0x00, 0x0D, 0xE1, 0xFF, 0xCF, 0x04, 0x00, 0x00, 0x00, 0x00, 0x00, 0x71,
0xFF, 0xFF, 0x73, 0x00, 0x00, 0x00, 0x00, 0x96, 0xFF, 0xFB, 0x32, 0x00, 0x00, 0x00, 0x00, 0x00,
0x00, 0x03, 0xCC, 0xFF, 0xF4, 0x20, 0x00, 0x00, 0x3E, 0xFE, 0xFF, 0x88, 0x00, 0x00, 0x00, 0x00,
0x00, 0x00, 0x00, 0x00, 0x32, 0xFC, 0xFF, 0xB7, 0x00, 0x09, 0xDA, 0xFF, 0xDA, 0x08, 0x00, 0x00,
0x00, 0x00, 0x00, 0x00, 0x00, 0x00, 0x00, 0x8D, 0xFF, 0xFF, 0x5A, 0x74, 0xFF, 0xFF, 0x0C, 0x00,
0x00, 0x00, 0x00, 0x00, 0x00, 0x00, 0x00, 0x84, 0xFF, 0xFC, 0x00, 0x00, 0x00, 0x74, 0xFF, 0xFF,
0x0C, 0x00, 0x00, 0x00, 0x00, 0x00, 0x00, 0x00, 0x00, 0x84, 0xFF, 0xFC, 0x00, 0x00, 0x00, 0x74,
0xFF, 0xFF, 0x0C, 0x00, 0x00, 0x00, 0x00, 0x00, 0x00, 0x00, 0x00, 0x84, 0xFF, 0xFC, 0x00, 0x00,
0x00, 0x74, 0xFF, 0xFF, 0x0C, 0x00, 0x00, 0x00, 0x00, 0x00, 0x00, 0x00, 0x00, 0x84, 0xFF, 0xFC,
0x00, 0x00, 0x00, 0x74, 0xFF, 0xFF, 0x0C, 0x00, 0x00, 0x00, 0x00, 0x00, 0x00, 0x00, 0x00, 0x84,
0xFF, 0xFC, 0x00, 0x00, 0x00, 0x74, 0xFF, 0xFF, 0x0C, 0x00, 0x00, 0x00, 0x00, 0x00, 0x00, 0x00,
0x00, 0x84, 0xFF, 0xFC, 0x00, 0x00, 0x00, 0x74, 0xFF, 0xFF, 0x0C, 0x00, 0x00, 0x00, 0x00, 0x00,
0x00, 0x00, 0x00, 0x84, 0xFF, 0xFC, 0x00, 0x00, 0x00, 0x74, 0xFF, 0xFF, 0x0C, 0x00, 0x00, 0x00,
0x00, 0x00, 0x00, 0x00, 0x00, 0x84, 0xFF, 0xFC, 0x00, 0x00, 0x00, 0x74, 0xFF, 0xFF, 0x0C, 0x00,
0x00, 0x00, 0x00, 0x00, 0x00, 0x00, 0x00, 0x84, 0xFF, 0xFC, 0x00, 0x00, 0x00, 0x74, 0xFF, 0xFF,
0x0C, 0x00, 0x00, 0x00, 0x00, 0x00, 0x00, 0x00, 0x00, 0x84, 0xFF, 0xFC, 0x00, 0x00, 0x00, 0x74,
0xFF, 0xFF, 0x0C, 0x00, 0x00, 0x00, 0x00, 0x00, 0x00, 0x00, 0x00, 0x84, 0xFF, 0xFC, 0x00, 0x00,
0x00, 0x74, 0xFF, 0xFF, 0x0C, 0x00, 0x00, 0x00, 0x00, 0x00, 0x00, 0x00, 0x00, 0x84, 0xFF, 0xFC,
0x00, 0x00, 0x00, 0x74, 0xFF, 0xFF, 0x0C, 0x00, 0x00, 0x00, 0x00, 0x00, 0x00, 0x00, 0x00, 0x84,
0xFF, 0xFC, 0x00, 0x00, 0x00, 0x74, 0xFF, 0xFF, 0x0C, 0x00, 0x00, 0x00, 0x00, 0x00, 0x00, 0x00,
0x00, 0x84, 0xFF, 0xFC, 0x00, 0x00, 0x00, 0x74, 0xFF, 0xFF, 0x0C, 0x00, 0x00, 0x00, 0x00, 0x00,
0x00, 0x00, 0x00, 0x84, 0xFF, 0xFC, 0x00, 0x00, 0x00, 0x74, 0xFF, 0xFF, 0x0C, 0x00, 0x00, 0x00,
0x00, 0x00, 0x00, 0x00, 0x00, 0x84, 0xFF, 0xFC, 0x00, 0x00, 0x00, 0x74, 0xFF, 0xFF, 0x0C, 0x00,
0x00, 0x00, 0x00, 0x00, 0x00, 0x00, 0x00, 0x84, 0xFF, 0xFC, 0x00, 0x00, 0x00, 0x74, 0xFF, 0xFF,
0x0C, 0x00, 0x00, 0x00, 0x00, 0x00, 0x00, 0x00, 0x00, 0x84, 0xFF, 0xFC, 0x00, 0x00, 0x00, 0x74,
0xFF, 0xFF, 0x0C, 0x00, 0x00, 0x00, 0x00, 0x00, 0x00, 0x00, 0x00, 0x84, 0xFF, 0xFC, 0x00, 0x00,
0x00, 0x74, 0xFF, 0xFF, 0xFF, 0xFF, 0xFF, 0xFF, 0xFF, 0xFF, 0xFF, 0xFF, 0xFF, 0xFF, 0xFF, 0xFF,
0xFF, 0xFF, 0xC4, 0x74, 0xFF, 0xFF, 0xFF, 0xFF, 0xFF, 0xFF, 0xFF, 0xFF, 0xFF, 0xFF, 0xFF, 0xFF,
0xFF, 0xFF, 0xFF, 0xFF, 0xC4, 0x00, 0x00, 0x00, 0x00, 0x00, 0x00, 0x00, 0x00, 0x00, 0x00, 0x00,
0x00, 0x00, 0x00, 0x00, 0x56, 0xFF, 0xC4, 0x00, 0x00, 0x00, 0x00, 0x00, 0x00, 0x00, 0x00, 0x00,
0x00, 0x00, 0x00, 0x00, 0x00, 0x00, 0x39, 0xFF, 0xC4, 0x00, 0x00, 0x00, 0x00, 0x00, 0x00, 0x00,
0x00, 0x00, 0x00, 0x00, 0x00, 0x00, 0x00, 0x00, 0x1C, 0xFF, 0xC4, 0x00, 0x00, 0x00, 0x00, 0x00,
0x00, 0x00, 0x00, 0x00, 0x00, 0x00, 0x00, 0x00, 0x00, 0x00, 0x03, 0xFB, 0xC4, 0xC0, 0xFF, 0xBC,
0x00, 0x00, 0x00, 0x00, 0x00, 0x00, 0x00, 0x00, 0xE4, 0xFF, 0x98, 0xC0, 0xFF, 0xBC, 0x00, 0x00,
0x00, 0x00, 0x00, 0x00, 0x00, 0x00, 0xE4, 0xFF, 0x98, 0xC0, 0xFF, 0xBC, 0x00, 0x00, 0x00, 0x00,
0x00, 0x00, 0x00, 0x00, 0xE4, 0xFF, 0x98, 0xC0, 0xFF, 0xBC, 0x00, 0x00, 0x00, 0x00, 0x00, 0x00,
0x00, 0x00, 0xE4, 0xFF, 0x98, 0xC0, 0xFF, 0xBC, 0x00, 0x00, 0x00, 0x00, 0x00, 0x00, 0x00, 0x00,
0xE4, 0xFF, 0x98, 0xC0, 0xFF, 0xBC, 0x00, 0x00, 0x00, 0x00, 0x00, 0x00, 0x00, 0x00, 0xE4, 0xFF,
0x98, 0xC0, 0xFF, 0xBC, 0x00, 0x00, 0x00, 0x00, 0x00, 0x00, 0x00, 0x00, 0xE4, 0xFF, 0x98, 0xBB,
0xFF, 0xC4, 0x00, 0x00, 0x00, 0x00, 0x00, 0x00, 0x00, 0x00, 0xE4, 0xFF, 0x98, 0xA8, 0xFF, 0xEB,
0x02, 0x00, 0x00, 0x00, 0x00, 0x00, 0x00, 0x00, 0xE4, 0xFF, 0x98, 0x76, 0xFF, 0xFF, 0x58, 0x00,
0x00, 0x00, 0x00, 0x00, 0x00, 0x13, 0xED, 0xFF, 0x98, 0x1C, 0xF8, 0xFF, 0xF4, 0x6C, 0x19, 0x04,
0x12, 0x3D, 0x88, 0xEC, 0xFF, 0xFF, 0x98, 0x00, 0x65, 0xFD, 0xFF, 0xFF, 0xFF, 0xFF, 0xFF, 0xFF,
0xFF, 0xEB, 0xF7, 0xFF, 0x98, 0x00, 0x00, 0x38, 0xA7, 0xE1, 0xF9, 0xF7, 0xE1, 0xAC, 0x5E, 0x09,
0xE4, 0xFF, 0x98, 0x00, 0x00, 0x00, 0x00, 0x00, 0x00, 0x00, 0x00, 0x00, 0x00, 0x00, 0xE4, 0xFF,
0x98, 0x00, 0x00, 0x00, 0x00, 0x00, 0x00, 0x00, 0x00, 0x00, 0x00, 0x00, 0xE4, 0xFF, 0x98, 0x00,
0x00, 0x00, 0x00, 0x00, 0x00, 0x00, 0x00, 0x00, 0x00, 0x00, 0xE4, 0xFF, 0x98, 0x00, 0x00, 0x00,
0x00, 0x00, 0x00, 0x00, 0x00, 0x00, 0x00, 0x00, 0xE4, 0xFF, 0x98, 0x00, 0x00, 0x00, 0x00, 0x00,
0x00, 0x00, 0x00, 0x00, 0x00, 0x00, 0xE4, 0xFF, 0x98, 0x00, 0x00, 0x00, 0x00, 0x00, 0x00, 0x00,
0x00, 0x00, 0x00, 0x00, 0xE4, 0xFF, 0x98, 0x00, 0x00, 0x00, 0x00, 0x00, 0x00, 0x00, 0x00, 0x00,
0x00, 0x00, 0xE4, 0xFF, 0x98, 0x00, 0x00, 0x00, 0x00, 0x00, 0x00, 0x00, 0x00, 0x00, 0x00, 0x00,
0xE4, 0xFF, 0x98, 0x74, 0xFF, 0xFF, 0x0C, 0x00, 0x00, 0x00, 0x00, 0x00, 0x18, 0xFF, 0xFF, 0x68,
0x00, 0x00, 0x00, 0x00, 0x00, 0x00, 0xBC, 0xFF, 0xC4, 0x74, 0xFF, 0xFF, 0x0C, 0x00, 0x00, 0x00,
0x00, 0x00, 0x18, 0xFF, 0xFF, 0x68, 0x00, 0x00, 0x00, 0x00, 0x00, 0x00, 0xBC, 0xFF, 0xC4, 0x74,
0xFF, 0xFF, 0x0C, 0x00, 0x00, 0x00, 0x00, 0x00, 0x18, 0xFF, 0xFF, 0x68, 0x00, 0x00, 0x00, 0x00,
0x00, 0x00, 0xBC, 0xFF, 0xC4, 0x74, 0xFF, 0xFF, 0x0C, 0x00, 0x00, 0x00, 0x00, 0x00, 0x18, 0xFF,
0xFF, 0x68, 0x00, 0x00, 0x00, 0x00, 0x00, 0x00, 0xBC, 0xFF, 0xC4, 0x74, 0xFF, 0xFF, 0x0C, 0x00,
0x00, 0x00, 0x00, 0x00, 0x18, 0xFF, 0xFF, 0x68, 0x00, 0x00, 0x00, 0x00, 0x00, 0x00, 0xBC, 0xFF,
0xC4, 0x74, 0xFF, 0xFF, 0x0C, 0x00, 0x00, 0x00, 0x00, 0x00, 0x18, 0xFF, 0xFF, 0x68, 0x00, 0x00,
0x00, 0x00, 0x00, 0x00, 0xBC, 0xFF, 0xC4, 0x74, 0xFF, 0xFF, 0x0C, 0x00, 0x00, 0x00, 0x00, 0x00,
0x18, 0xFF, 0xFF, 0x68, 0x00, 0x00, 0x00, 0x00, 0x00, 0x00, 0xBC, 0xFF, 0xC4, 0x74, 0xFF, 0xFF,
0x0C, 0x00, 0x00, 0x00, 0x00, 0x00, 0x18, 0xFF, 0xFF, 0x68, 0x00, 0x00, 0x00, 0x00, 0x00, 0x00,
0xBC, 0xFF, 0xC4, 0x74, 0xFF, 0xFF, 0x0C, 0x00, 0x00, 0x00, 0x00, 0x00, 0x18, 0xFF, 0xFF, 0x68,
0x00, 0x00, 0x00, 0x00, 0x00, 0x00, 0xBC, 0xFF, 0xC4, 0x74, 0xFF, 0xFF, 0x0C, 0x00, 0x00, 0x00,
0x00, 0x00, 0x18, 0xFF, 0xFF, 0x68, 0x00, 0x00, 0x00, 0x00, 0x00, 0x00, 0xBC, 0xFF, 0xC4, 0x74,
0xFF, 0xFF, 0x0C, 0x00, 0x00, 0x00, 0x00, 0x00, 0x18, 0xFF, 0xFF, 0x68, 0x00, 0x00, 0x00, 0x00,
0x00, 0x00, 0xBC, 0xFF, 0xC4, 0x74, 0xFF, 0xFF, 0x0C, 0x00, 0x00, 0x00, 0x00, 0x00, 0x18, 0xFF,
0xFF, 0x68, 0x00, 0x00, 0x00, 0x00, 0x00, 0x00, 0xBC, 0xFF, 0xC4, 0x74, 0xFF, 0xFF, 0x0C, 0x00,
0x00, 0x00, 0x00, 0x00, 0x18, 0xFF, 0xFF, 0x68, 0x00, 0x00, 0x00, 0x00, 0x00, 0x00, 0xBC, 0xFF,
0xC4, 0x74, 0xFF, 0xFF, 0x0C, 0x00, 0x00, 0x00, 0x00, 0x00, 0x18, 0xFF, 0xFF, 0x68, 0x00, 0x00,
0x00, 0x00, 0x00, 0x00, 0xBC, 0xFF, 0xC4, 0x74, 0xFF, 0xFF, 0x0C, 0x00, 0x00, 0x00, 0x00, 0x00,
0x18, 0xFF, 0xFF, 0x68, 0x00, 0x00, 0x00, 0x00, 0x00, 0x00, 0xBC, 0xFF, 0xC4, 0x74, 0xFF, 0xFF,
0x0C, 0x00, 0x00, 0x00, 0x00, 0x00, 0x18, 0xFF, 0xFF, 0x68, 0x00, 0x00, 0x00, 0x00, 0x00, 0x00,
0xBC, 0xFF, 0xC4, 0x74, 0xFF, 0xFF, 0x0C, 0x00, 0x00, 0x00, 0x00, 0x00, 0x18, 0xFF, 0xFF, 0x68,
0x00, 0x00, 0x00, 0x00, 0x00, 0x00, 0xBC, 0xFF, 0xC4, 0x74, 0xFF, 0xFF, 0x0C, 0x00, 0x00, 0x00,
0x00, 0x00, 0x18, 0xFF, 0xFF, 0x68, 0x00, 0x00, 0x00, 0x00, 0x00, 0x00, 0xBC, 0xFF, 0xC4, 0x74,
0xFF, 0xFF, 0x0C, 0x00, 0x00, 0x00, 0x00, 0x00, 0x18, 0xFF, 0xFF, 0x68, 0x00, 0x00, 0x00, 0x00,
0x00, 0x00, 0xBC, 0xFF, 0xC4, 0x74, 0xFF, 0xFF, 0xFF, 0xFF, 0xFF, 0xFF, 0xFF, 0xFF, 0xFF, 0xFF,
0xFF, 0xFF, 0xFF, 0xFF, 0xFF, 0xFF, 0xFF, 0xFF, 0xFF, 0xFF, 0xC4, 0x74, 0xFF, 0xFF, 0xFF, 0xFF,
0xFF, 0xFF, 0xFF, 0xFF, 0xFF, 0xFF, 0xFF, 0xFF, 0xFF, 0xFF, 0xFF, 0xFF, 0xFF, 0xFF, 0xFF, 0xFF,
0xC4, 0x74, 0xFF, 0xFF, 0x0C, 0x00, 0x00, 0x00, 0x00, 0x00, 0x18, 0xFF, 0xFF, 0x68, 0x00, 0x00,
0x00, 0x00, 0x00, 0x00, 0xBC, 0xFF, 0xC4, 0x00, 0x00, 0x00, 0x74, 0xFF, 0xFF, 0x0C, 0x00, 0x00,
0x00, 0x00, 0x00, 0x18, 0xFF, 0xFF, 0x68, 0x00, 0x00, 0x00, 0x00, 0x00, 0x00, 0xBC, 0xFF, 0xC4,
0x00, 0x00, 0x00, 0x74, 0xFF, 0xFF, 0x0C, 0x00, 0x00, 0x00, 0x00, 0x00, 0x18, 0xFF, 0xFF, 0x68,
0x00, 0x00, 0x00, 0x00, 0x00, 0x00, 0xBC, 0xFF, 0xC4, 0x00, 0x00, 0x00, 0x74, 0xFF, 0xFF, 0x0C,
0x00, 0x00, 0x00, 0x00, 0x00, 0x18, 0xFF, 0xFF, 0x68, 0x00, 0x00, 0x00, 0x00, 0x00, 0x00, 0xBC,
0xFF, 0xC4, 0x00, 0x00, 0x00, 0x74, 0xFF, 0xFF, 0x0C, 0x00, 0x00, 0x00, 0x00, 0x00, 0x18, 0xFF,
0xFF, 0x68, 0x00, 0x00, 0x00, 0x00, 0x00, 0x00, 0xBC, 0xFF, 0xC4, 0x00, 0x00, 0x00, 0x74, 0xFF,
0xFF, 0x0C, 0x00, 0x00, 0x00, 0x00, 0x00, 0x18, 0xFF, 0xFF, 0x68, 0x00, 0x00, 0x00, 0x00, 0x00,
0x00, 0xBC, 0xFF, 0xC4, 0x00, 0x00, 0x00, 0x74, 0xFF, 0xFF, 0x0C, 0x00, 0x00, 0x00, 0x00, 0x00,
0x18, 0xFF, 0xFF, 0x68, 0x00, 0x00, 0x00, 0x00, 0x00, 0x00, 0xBC, 0xFF, 0xC4, 0x00, 0x00, 0x00,
0x74, 0xFF, 0xFF, 0x0C, 0x00, 0x00, 0x00, 0x00, 0x00, 0x18, 0xFF, 0xFF, 0x68, 0x00, 0x00, 0x00,
0x00, 0x00, 0x00, 0xBC, 0xFF, 0xC4, 0x00, 0x00, 0x00, 0x74, 0xFF, 0xFF, 0x0C, 0x00, 0x00, 0x00,
0x00, 0x00, 0x18, 0xFF, 0xFF, 0x68, 0x00, 0x00, 0x00, 0x00, 0x00, 0x00, 0xBC, 0xFF, 0xC4, 0x00,
0x00, 0x00, 0x74, 0xFF, 0xFF, 0x0C, 0x00, 0x00, 0x00, 0x00, 0x00, 0x18, 0xFF, 0xFF, 0x68, 0x00,
0x00, 0x00, 0x00, 0x00, 0x00, 0xBC, 0xFF, 0xC4, 0x00, 0x00, 0x00, 0x74, 0xFF, 0xFF, 0x0C, 0x00,
0x00, 0x00, 0x00, 0x00, 0x18, 0xFF, 0xFF, 0x68, 0x00, 0x00, 0x00, 0x00, 0x00, 0x00, 0xBC, 0xFF,
0xC4, 0x00, 0x00, 0x00, 0x74, 0xFF, 0xFF, 0x0C, 0x00, 0x00, 0x00, 0x00, 0x00, 0x18, 0xFF, 0xFF,
0x68, 0x00, 0x00, 0x00, 0x00, 0x00, 0x00, 0xBC, 0xFF, 0xC4, 0x00, 0x00, 0x00, 0x74, 0xFF, 0xFF,
0x0C, 0x00, 0x00, 0x00, 0x00, 0x00, 0x18, 0xFF, 0xFF, 0x68, 0x00, 0x00, 0x00, 0x00, 0x00, 0x00,
0xBC, 0xFF, 0xC4, 0x00, 0x00, 0x00, 0x74, 0xFF, 0xFF, 0x0C, 0x00, 0x00, 0x00, 0x00, 0x00, 0x18,
0xFF, 0xFF, 0x68, 0x00, 0x00, 0x00, 0x00, 0x00, 0x00, 0xBC, 0xFF, 0xC4, 0x00, 0x00, 0x00, 0x74,
0xFF, 0xFF, 0x0C, 0x00, 0x00, 0x00, 0x00, 0x00, 0x18, 0xFF, 0xFF, 0x68, 0x00, 0x00, 0x00, 0x00,
0x00, 0x00, 0xBC, 0xFF, 0xC4, 0x00, 0x00, 0x00, 0x74, 0xFF, 0xFF, 0x0C, 0x00, 0x00, 0x00, 0x00,
0x00, 0x18, 0xFF, 0xFF, 0x68, 0x00, 0x00, 0x00, 0x00, 0x00, 0x00, 0xBC, 0xFF, 0xC4, 0x00, 0x00,
0x00, 0x74, 0xFF, 0xFF, 0x0C, 0x00, 0x00, 0x00, 0x00, 0x00, 0x18, 0xFF, 0xFF, 0x68, 0x00, 0x00,
0x00, 0x00, 0x00, 0x00, 0xBC, 0xFF, 0xC4, 0x00, 0x00, 0x00, 0x74, 0xFF, 0xFF, 0x0C, 0x00, 0x00,
0x00, 0x00, 0x00, 0x18, 0xFF, 0xFF, 0x68, 0x00, 0x00, 0x00, 0x00, 0x00, 0x00, 0xBC, 0xFF, 0xC4,
0x00, 0x00, 0x00, 0x74, 0xFF, 0xFF, 0x0C, 0x00, 0x00, 0x00, 0x00, 0x00, 0x18, 0xFF, 0xFF, 0x68,
0x00, 0x00, 0x00, 0x00, 0x00, 0x00, 0xBC, 0xFF, 0xC4, 0x00, 0x00, 0x00, 0x74, 0xFF, 0xFF, 0xFF,
0xFF, 0xFF, 0xFF, 0xFF, 0xFF, 0xFF, 0xFF, 0xFF, 0xFF, 0xFF, 0xFF, 0xFF, 0xFF, 0xFF, 0xFF, 0xFF,
0xFF, 0xFF, 0xFF, 0xFF, 0x8C, 0x74, 0xFF, 0xFF, 0xFF, 0xFF, 0xFF, 0xFF, 0xFF, 0xFF, 0xFF, 0xFF,
0xFF, 0xFF, 0xFF, 0xFF, 0xFF, 0xFF, 0xFF, 0xFF, 0xFF, 0xFF, 0xFF, 0xFF, 0xFF, 0x8C, 0x00, 0x00,
0x00, 0x00, 0x00, 0x00, 0x00, 0x00, 0x00, 0x00, 0x00, 0x00, 0x00, 0x00, 0x00, 0x00, 0x00, 0x00,
0x00, 0x00, 0x00, 0x00, 0x96, 0xFF, 0x8C, 0x00, 0x00, 0x00, 0x00, 0x00, 0x00, 0x00, 0x00, 0x00,
0x00, 0x00, 0x00, 0x00, 0x00, 0x00, 0x00, 0x00, 0x00, 0x00, 0x00, 0x00, 0x00, 0x79, 0xFF, 0x8C,
0x00, 0x00, 0x00, 0x00, 0x00, 0x00, 0x00, 0x00, 0x00, 0x00, 0x00, 0x00, 0x00, 0x00, 0x00, 0x00,
0x00, 0x00, 0x00, 0x00, 0x00, 0x00, 0x5C, 0xFF, 0x8C, 0x00, 0x00, 0x00, 0x00, 0x00, 0x00, 0x00,
0x00, 0x00, 0x00, 0x00, 0x00, 0x00, 0x00, 0x00, 0x00, 0x00, 0x00, 0x00, 0x00, 0x00, 0x00, 0x3F,
0xFF, 0x8C, 0x08, 0xFF, 0xFF, 0xFF, 0xFF, 0xFF, 0xFF, 0xFF, 0x44, 0x00, 0x00, 0x00, 0x00, 0x00,
0x00, 0x00, 0x00, 0x00, 0x00, 0x08, 0xFF, 0xFF, 0xFF, 0xFF, 0xFF, 0xFF, 0xFF, 0x44, 0x00, 0x00,
0x00, 0x00, 0x00, 0x00, 0x00, 0x00, 0x00, 0x00, 0x00, 0x00, 0x00, 0x00, 0x00, 0x3C, 0xFF, 0xFF,
0x44, 0x00, 0x00, 0x00, 0x00, 0x00, 0x00, 0x00, 0x00, 0x00, 0x00, 0x00, 0x00, 0x00, 0x00, 0x00,
0x3C, 0xFF, 0xFF, 0x44, 0x00, 0x00, 0x00, 0x00, 0x00, 0x00, 0x00, 0x00, 0x00, 0x00, 0x00, 0x00,
0x00, 0x00, 0x00, 0x3C, 0xFF, 0xFF, 0x44, 0x00, 0x00, 0x00, 0x00, 0x00, 0x00, 0x00, 0x00, 0x00,
0x00, 0x00, 0x00, 0x00, 0x00, 0x00, 0x3C, 0xFF, 0xFF, 0x44, 0x00, 0x00, 0x00, 0x00, 0x00, 0x00,
0x00, 0x00, 0x00, 0x00, 0x00, 0x00, 0x00, 0x00, 0x00, 0x3C, 0xFF, 0xFF, 0x44, 0x00, 0x00, 0x00,
0x00, 0x00, 0x00, 0x00, 0x00, 0x00, 0x00, 0x00, 0x00, 0x00, 0x00, 0x00, 0x3C, 0xFF, 0xFF, 0x44,
0x00, 0x00, 0x00, 0x00, 0x00, 0x00, 0x00, 0x00, 0x00, 0x00, 0x00, 0x00, 0x00, 0x00, 0x00, 0x3C,
0xFF, 0xFF, 0xDC, 0xE5, 0xF7, 0xFB, 0xEE, 0xCC, 0x94, 0x3B, 0x00, 0x00, 0x00, 0x00, 0x00, 0x00,
0x00, 0x00, 0x3C, 0xFF, 0xFF, 0xFF, 0xFF, 0xFF, 0xFF, 0xFF, 0xFF, 0xFF, 0xFF, 0xAE, 0x0D, 0x00,
0x00, 0x00, 0x00, 0x00, 0x00, 0x3C, 0xFF, 0xFF, 0x6A, 0x18, 0x05, 0x10, 0x2A, 0x64, 0xD6, 0xFF,
0xFF, 0xBD, 0x02, 0x00, 0x00, 0x00, 0x00, 0x00, 0x3C, 0xFF, 0xFF, 0x44, 0x00, 0x00, 0x00, 0x00,
0x00, 0x08, 0xBB, 0xFF, 0xFF, 0x57, 0x00, 0x00, 0x00, 0x00, 0x00, 0x3C, 0xFF, 0xFF, 0x44, 0x00,
0x00, 0x00, 0x00, 0x00, 0x00, 0x21, 0xFE, 0xFF, 0xAD, 0x00, 0x00, 0x00, 0x00, 0x00, 0x3C, 0xFF,
0xFF, 0x44, 0x00, 0x00, 0x00, 0x00, 0x00, 0x00, 0x00, 0xD9, 0xFF, 0xCF, 0x00, 0x00, 0x00, 0x00,
0x00, 0x3C, 0xFF, 0xFF, 0x44, 0x00, 0x00, 0x00, 0x00, 0x00, 0x00, 0x00, 0xCB, 0xFF, 0xD6, 0x00,
0x00, 0x00, 0x00, 0x00, 0x3C, 0xFF, 0xFF, 0x44, 0x00, 0x00, 0x00, 0x00, 0x00, 0x00, 0x01, 0xE9,
0xFF, 0xBD, 0x00, 0x00, 0x00, 0x00, 0x00, 0x3C, 0xFF, 0xFF, 0x44, 0x00, 0x00, 0x00, 0x00, 0x00,
0x00, 0x47, 0xFF, 0xFF, 0x7B, 0x00, 0x00, 0x00, 0x00, 0x00, 0x3C, 0xFF, 0xFF, 0x44, 0x00, 0x00,
0x00, 0x00, 0x00, 0x1C, 0xDE, 0xFF, 0xF2, 0x1B, 0x00, 0x00, 0x00, 0x00, 0x00, 0x3C, 0xFF, 0xFF,
0x5C, 0x0C, 0x03, 0x07, 0x2A, 0x78, 0xED, 0xFF, 0xFD, 0x5C, 0x00, 0x00, 0x00, 0x00, 0x00, 0x00,
0x3C, 0xFF, 0xFF, 0xFF, 0xFF, 0xFF, 0xFF, 0xFF, 0xFF, 0xFF, 0xE7, 0x51, 0x00, 0x00, 0x00, 0x00,
0x00, 0x00, 0x00, 0x22, 0xB1, 0xD7, 0xEC, 0xF9, 0xFE, 0xF4, 0xDD, 0xAD, 0x61, 0x0C, 0x00, 0x00,
0x00, 0x74, 0xFF, 0xFF, 0x0C, 0x00, 0x00, 0x00, 0x00, 0x00, 0x00, 0x00, 0x00, 0x00, 0x00, 0x00,
0x00, 0xF8, 0xFF, 0x84, 0x74, 0xFF, 0xFF, 0x0C, 0x00, 0x00, 0x00, 0x00, 0x00, 0x00, 0x00, 0x00,
0x00, 0x00, 0x00, 0x00, 0xF8, 0xFF, 0x84, 0x74, 0xFF, 0xFF, 0x0C, 0x00, 0x00, 0x00, 0x00, 0x00,
0x00, 0x00, 0x00, 0x00, 0x00, 0x00, 0x00, 0xF8, 0xFF, 0x84, 0x74, 0xFF, 0xFF, 0x0C, 0x00, 0x00,
0x00, 0x00, 0x00, 0x00, 0x00, 0x00, 0x00, 0x00, 0x00, 0x00, 0xF8, 0xFF, 0x84, 0x74, 0xFF, 0xFF,
0x0C, 0x00, 0x00, 0x00, 0x00, 0x00, 0x00, 0x00, 0x00, 0x00, 0x00, 0x00, 0x00, 0xF8, 0xFF, 0x84,
0x74, 0xFF, 0xFF, 0x0C, 0x00, 0x00, 0x00, 0x00, 0x00, 0x00, 0x00, 0x00, 0x00, 0x00, 0x00, 0x00,
0xF8, 0xFF, 0x84, 0x74, 0xFF, 0xFF, 0x0C, 0x00, 0x00, 0x00, 0x00, 0x00, 0x00, 0x00, 0x00, 0x00,
0x00, 0x00, 0x00, 0xF8, 0xFF, 0x84, 0x74, 0xFF, 0xFF, 0x0C, 0x00, 0x00, 0x00, 0x00, 0x00, 0x00,
0x00, 0x00, 0x00, 0x00, 0x00, 0x00, 0xF8, 0xFF, 0x84, 0x74, 0xFF, 0xFF, 0xD6, 0xEF, 0xFC, 0xF4,
0xDA, 0xAA, 0x59, 0x03, 0x00, 0x00, 0x00, 0x00, 0x00, 0xF8, 0xFF, 0x84, 0x74, 0xFF, 0xFF, 0xFF,
0xFF, 0xFF, 0xFF, 0xFF, 0xFF, 0xFF, 0xD3, 0x20, 0x00, 0x00, 0x00, 0x00, 0xF8, 0xFF, 0x84, 0x74,
0xFF, 0xFF, 0x37, 0x0E, 0x08, 0x22, 0x4F, 0xBD, 0xFF, 0xFF, 0xDC, 0x0A, 0x00, 0x00, 0x00, 0xF8,
0xFF, 0x84, 0x74, 0xFF, 0xFF, 0x0C, 0x00, 0x00, 0x00, 0x00, 0x01, 0x9B, 0xFF, 0xFF, 0x75, 0x00,
0x00, 0x00, 0xF8, 0xFF, 0x84, 0x74, 0xFF, 0xFF, 0x0C, 0x00, 0x00, 0x00, 0x00, 0x00, 0x0C, 0xF5,
0xFF, 0xC7, 0x00, 0x00, 0x00, 0xF8, 0xFF, 0x84, 0x74, 0xFF, 0xFF, 0x0C, 0x00, 0x00, 0x00, 0x00,
0x00, 0x00, 0xC0, 0xFF, 0xE8, 0x00, 0x00, 0x00, 0xF8, 0xFF, 0x84, 0x74, 0xFF, 0xFF, 0x0C, 0x00,
0x00, 0x00, 0x00, 0x00, 0x00, 0xB2, 0xFF, 0xEF, 0x00, 0x00, 0x00, 0xF8, 0xFF, 0x84, 0x74, 0xFF,
0xFF, 0x0C, 0x00, 0x00, 0x00, 0x00, 0x00, 0x00, 0xCD, 0xFF, 0xD8, 0x00, 0x00, 0x00, 0xF8, 0xFF,
0x84, 0x74, 0xFF, 0xFF, 0x0C, 0x00, 0x00, 0x00, 0x00, 0x00, 0x20, 0xFD, 0xFF, 0x9C, 0x00, 0x00,
0x00, 0xF8, 0xFF, 0x84, 0x74, 0xFF, 0xFF, 0x0C, 0x00, 0x00, 0x00, 0x00, 0x09, 0xBF, 0xFF, 0xFF,
0x39, 0x00, 0x00, 0x00, 0xF8, 0xFF, 0x84, 0x74, 0xFF, 0xFF, 0x28, 0x07, 0x04, 0x1C, 0x60, 0xD9,
0xFF, 0xFF, 0x95, 0x00, 0x00, 0x00, 0x00, 0xF8, 0xFF, 0x84, 0x74, 0xFF, 0xFF, 0xFF, 0xFF, 0xFF,
0xFF, 0xFF, 0xFF, 0xFC, 0x8A, 0x02, 0x00, 0x00, 0x00, 0x00, 0xF8, 0xFF, 0x84, 0x46, 0xBF, 0xDF,
0xF3, 0xFD, 0xFA, 0xEA, 0xC2, 0x83, 0x24, 0x00, 0x00, 0x00, 0x00, 0x00, 0x00, 0xF8, 0xFF, 0x84,
0x74, 0xFF, 0xFF, 0x0C, 0x00, 0x00, 0x00, 0x00, 0x00, 0x00, 0x00, 0x00, 0x00, 0x00, 0x74, 0xFF,
0xFF, 0x0C, 0x00, 0x00, 0x00, 0x00, 0x00, 0x00, 0x00, 0x00, 0x00, 0x00, 0x74, 0xFF, 0xFF, 0x0C,
0x00, 0x00, 0x00, 0x00, 0x00, 0x00, 0x00, 0x00, 0x00, 0x00, 0x74, 0xFF, 0xFF, 0x0C, 0x00, 0x00,
0x00, 0x00, 0x00, 0x00, 0x00, 0x00, 0x00, 0x00, 0x74, 0xFF, 0xFF, 0x0C, 0x00, 0x00, 0x00, 0x00,
0x00, 0x00, 0x00, 0x00, 0x00, 0x00, 0x74, 0xFF, 0xFF, 0x0C, 0x00, 0x00, 0x00, 0x00, 0x00, 0x00,
0x00, 0x00, 0x00, 0x00, 0x74, 0xFF, 0xFF, 0x0C, 0x00, 0x00, 0x00, 0x00, 0x00, 0x00, 0x00, 0x00,
0x00, 0x00, 0x74, 0xFF, 0xFF, 0x0C, 0x00, 0x00, 0x00, 0x00, 0x00, 0x00, 0x00, 0x00, 0x00, 0x00,
0x74, 0xFF, 0xFF, 0xD4, 0xEA, 0xFA, 0xF9, 0xE8, 0xC3, 0x83, 0x24, 0x00, 0x00, 0x00, 0x74, 0xFF,
0xFF, 0xFF, 0xFF, 0xFF, 0xFF, 0xFF, 0xFF, 0xFF, 0xFB, 0x82, 0x01, 0x00, 0x74, 0xFF, 0xFF, 0x3A,
0x13, 0x04, 0x16, 0x32, 0x79, 0xEB, 0xFF, 0xFF, 0x7F, 0x00, 0x74, 0xFF, 0xFF, 0x0C, 0x00, 0x00,
0x00, 0x00, 0x00, 0x1D, 0xE4, 0xFF, 0xFC, 0x1A, 0x74, 0xFF, 0xFF, 0x0C, 0x00, 0x00, 0x00, 0x00,
0x00, 0x00, 0x60, 0xFF, 0xFF, 0x6D, 0x74, 0xFF, 0xFF, 0x0C, 0x00, 0x00, 0x00, 0x00, 0x00, 0x00,
0x19, 0xFF, 0xFF, 0x8F, 0x74, 0xFF, 0xFF, 0x0C, 0x00, 0x00, 0x00, 0x00, 0x00, 0x00, 0x0B, 0xFF,
0xFF, 0x96, 0x74, 0xFF, 0xFF, 0x0C, 0x00, 0x00, 0x00, 0x00, 0x00, 0x00, 0x2A, 0xFF, 0xFF, 0x7D,
0x74, 0xFF, 0xFF, 0x0C, 0x00, 0x00, 0x00, 0x00, 0x00, 0x00, 0x83, 0xFF, 0xFF, 0x3B, 0x74, 0xFF,
0xFF, 0x0C, 0x00, 0x00, 0x00, 0x00, 0x00, 0x3F, 0xF6, 0xFF, 0xCC, 0x01, 0x74, 0xFF, 0xFF, 0x28,
0x09, 0x02, 0x0D, 0x39, 0x94, 0xFB, 0xFF, 0xED, 0x2C, 0x00, 0x74, 0xFF, 0xFF, 0xFF, 0xFF, 0xFF,
0xFF, 0xFF, 0xFF, 0xFF, 0xCC, 0x2C, 0x00, 0x00, 0x46, 0xBD, 0xDD, 0xF0, 0xFB, 0xFD, 0xF0, 0xD2,
0x9E, 0x49, 0x02, 0x00, 0x00, 0x00, 0x15, 0x6E, 0xAF, 0xD9, 0xF3, 0xFC, 0xED, 0xD2, 0x96, 0x40,
0x00, 0x00, 0x00, 0x00, 0x00, 0x7E, 0xFF, 0xFF, 0xFF, 0xFF, 0xFF, 0xFF, 0xFF, 0xFF, 0xFF, 0xC1,
0x1C, 0x00, 0x00, 0x00, 0x27, 0xBF, 0x5D, 0x25, 0x0A, 0x05, 0x1A, 0x51, 0xB5, 0xFF, 0xFF, 0xE7,
0x24, 0x00, 0x00, 0x00, 0x00, 0x00, 0x00, 0x00, 0x00, 0x00, 0x00, 0x00, 0x58, 0xFA, 0xFF, 0xCE,
0x07, 0x00, 0x00, 0x00, 0x00, 0x00, 0x00, 0x00, 0x00, 0x00, 0x00, 0x00, 0x68, 0xFF, 0xFF, 0x66,
0x00, 0x00, 0x00, 0x00, 0x00, 0x00, 0x00, 0x00, 0x00, 0x00, 0x00, 0x01, 0xCE, 0xFF, 0xD7, 0x00,
0x00, 0x00, 0x00, 0x00, 0x00, 0x00, 0x00, 0x00, 0x00, 0x00, 0x00, 0x67, 0xFF, 0xFF, 0x20, 0x00,
0x00, 0x00, 0x00, 0x00, 0x00, 0x00, 0x00, 0x00, 0x00, 0x00, 0x1B, 0xFF, 0xFF, 0x5C, 0x00, 0x00,
0x00, 0x00, 0x00, 0x00, 0x00, 0x00, 0x00, 0x00, 0x00, 0x00, 0xF0, 0xFF, 0x7D, 0x00, 0x00, 0x00,
0x80, 0xFF, 0xFF, 0xFF, 0xFF, 0xFF, 0xFF, 0xFF, 0xFF, 0xFF, 0xFF, 0x8E, 0x00, 0x00, 0x00, 0x80,
0xFF, 0xFF, 0xFF, 0xFF, 0xFF, 0xFF, 0xFF, 0xFF, 0xFF, 0xFF, 0x9B, 0x00, 0x00, 0x00, 0x00, 0x00,
0x00, 0x00, 0x00, 0x00, 0x00, 0x00, 0x00, 0xE5, 0xFF, 0x8C, 0x00, 0x00, 0x00, 0x00, 0x00, 0x00,
0x00, 0x00, 0x00, 0x00, 0x00, 0x06, 0xFD, 0xFF, 0x79, 0x00, 0x00, 0x00, 0x00, 0x00, 0x00, 0x00,
0x00, 0x00, 0x00, 0x00, 0x39, 0xFF, 0xFF, 0x54, 0x00, 0x00, 0x00, 0x00, 0x00, 0x00, 0x00, 0x00,
0x00, 0x00, 0x00, 0x89, 0xFF, 0xFD, 0x13, 0x00, 0x00, 0x00, 0x00, 0x00, 0x00, 0x00, 0x00, 0x00,
0x00, 0x10, 0xEE, 0xFF, 0xC0, 0x00, 0x00, 0x00, 0x00, 0x00, 0x00, 0x00, 0x00, 0x00, 0x00, 0x00,
0xA0, 0xFF, 0xFF, 0x42, 0x00, 0x00, 0x00, 0x00, 0x00, 0x00, 0x00, 0x00, 0x00, 0x03, 0x8C, 0xFF,
0xFF, 0xA4, 0x00, 0x00, 0x27, 0xC0, 0x5E, 0x24, 0x08, 0x07, 0x24, 0x64, 0xD1, 0xFF, 0xFF, 0xC0,
0x08, 0x00, 0x00, 0x7D, 0xFF, 0xFF, 0xFF, 0xFF, 0xFF, 0xFF, 0xFF, 0xFF, 0xF7, 0x88, 0x04, 0x00,
0x00, 0x00, 0x18, 0x79, 0xBE, 0xE8, 0xFA, 0xF6, 0xE2, 0xB5, 0x75, 0x16, 0x00, 0x00, 0x00, 0x00,
0x00, 0x74, 0xFF, 0xFF, 0x0C, 0x00, 0x00, 0x00, 0x00, 0x00, 0x00, 0x02, 0x59, 0xAA, 0xDF, 0xF5,
0xF3, 0xDB, 0xA5, 0x4C, 0x00, 0x00, 0x00, 0x00, 0x00, 0x74, 0xFF, 0xFF, 0x0C, 0x00, 0x00, 0x00,
0x00, 0x00, 0x24, 0xD2, 0xFF, 0xFF, 0xFF, 0xFF, 0xFF, 0xFF, 0xFF, 0xFF, 0xBC, 0x1A, 0x00, 0x00,
0x00, 0x74, 0xFF, 0xFF, 0x0C, 0x00, 0x00, 0x00, 0x00, 0x1F, 0xEA, 0xFF, 0xFD, 0x94, 0x34, 0x0C,
0x10, 0x3D, 0xB1, 0xFF, 0xFF, 0xD3, 0x10, 0x00, 0x00, 0x74, 0xFF, 0xFF, 0x0C, 0x00, 0x00, 0x00,
0x00, 0xC0, 0xFF, 0xFC, 0x4E, 0x00, 0x00, 0x00, 0x00, 0x00, 0x00, 0x87, 0xFF, 0xFF, 0x95, 0x00,
0x00, 0x74, 0xFF, 0xFF, 0x0C, 0x00, 0x00, 0x00, 0x40, 0xFF, 0xFF, 0x8F, 0x00, 0x00, 0x00, 0x00,
0x00, 0x00, 0x00, 0x02, 0xC7, 0xFF, 0xFB, 0x1B, 0x00, 0x74, 0xFF, 0xFF, 0x0C, 0x00, 0x00, 0x00,
0xA1, 0xFF, 0xFE, 0x1B, 0x00, 0x00, 0x00, 0x00, 0x00, 0x00, 0x00, 0x00, 0x4E, 0xFF, 0xFF, 0x6D,
0x00, 0x74, 0xFF, 0xFF, 0x0C, 0x00, 0x00, 0x00, 0xE3, 0xFF, 0xCC, 0x00, 0x00, 0x00, 0x00, 0x00,
0x00, 0x00, 0x00, 0x00, 0x06, 0xF6, 0xFF, 0xB3, 0x00, 0x74, 0xFF, 0xFF, 0x0C, 0x00, 0x00, 0x11,
0xFF, 0xFF, 0x9B, 0x00, 0x00, 0x00, 0x00, 0x00, 0x00, 0x00, 0x00, 0x00, 0x00, 0xC5, 0xFF, 0xDF,
0x00, 0x74, 0xFF, 0xFF, 0x0C, 0x00, 0x00, 0x2E, 0xFF, 0xFF, 0x78, 0x00, 0x00, 0x00, 0x00, 0x00,
0x00, 0x00, 0x00, 0x00, 0x00, 0xA4, 0xFF, 0xFE, 0x02, 0x74, 0xFF, 0xFF, 0xFF, 0xFF, 0xFF, 0xFF,
0xFF, 0xFF, 0x6A, 0x00, 0x00, 0x00, 0x00, 0x00, 0x00, 0x00, 0x00, 0x00, 0x00, 0x93, 0xFF, 0xFF,
0x0E, 0x74, 0xFF, 0xFF, 0xFF, 0xFF, 0xFF, 0xFF, 0xFF, 0xFF, 0x62, 0x00, 0x00, 0x00, 0x00, 0x00,
0x00, 0x00, 0x00, 0x00, 0x00, 0x8B, 0xFF, 0xFF, 0x18, 0x74, 0xFF, 0xFF, 0x0C, 0x00, 0x00, 0x39,
0xFF, 0xFF, 0x6B, 0x00, 0x00, 0x00, 0x00, 0x00, 0x00, 0x00, 0x00, 0x00, 0x00, 0x93, 0xFF, 0xFF,
0x0E, 0x74, 0xFF, 0xFF, 0x0C, 0x00, 0x00, 0x23, 0xFF, 0xFF, 0x7E, 0x00, 0x00, 0x00, 0x00, 0x00,
0x00, 0x00, 0x00, 0x00, 0x00, 0xA0, 0xFF, 0xFE, 0x01, 0x74, 0xFF, 0xFF, 0x0C, 0x00, 0x00, 0x07,
0xFA, 0xFF, 0xA3, 0x00, 0x00, 0x00, 0x00, 0x00, 0x00, 0x00, 0x00, 0x00, 0x00, 0xC1, 0xFF, 0xDF,
0x00, 0x74, 0xFF, 0xFF, 0x0C, 0x00, 0x00, 0x00, 0xCD, 0xFF, 0xDF, 0x00, 0x00, 0x00, 0x00, 0x00,
0x00, 0x00, 0x00, 0x00, 0x02, 0xED, 0xFF, 0xB1, 0x00, 0x74, 0xFF, 0xFF, 0x0C, 0x00, 0x00, 0x00,
0x88, 0xFF, 0xFF, 0x32, 0x00, 0x00, 0x00, 0x00, 0x00, 0x00, 0x00, 0x00, 0x3A, 0xFF, 0xFF, 0x6C,
0x00, 0x74, 0xFF, 0xFF, 0x0C, 0x00, 0x00, 0x00, 0x29, 0xFF, 0xFF, 0xAF, 0x00, 0x00, 0x00, 0x00,
0x00, 0x00, 0x00, 0x00, 0xAB, 0xFF, 0xFB, 0x17, 0x00, 0x74, 0xFF, 0xFF, 0x0C, 0x00, 0x00, 0x00,
0x00, 0xA2, 0xFF, 0xFF, 0x73, 0x00, 0x00, 0x00, 0x00, 0x00, 0x00, 0x5F, 0xFF, 0xFF, 0x8F, 0x00,
0x00, 0x74, 0xFF, 0xFF, 0x0C, 0x00, 0x00, 0x00, 0x00, 0x14, 0xD9, 0xFF, 0xFF, 0xA6, 0x39, 0x0E,
0x0C, 0x36, 0x9B, 0xFE, 0xFF, 0xD3, 0x0E, 0x00, 0x00, 0x74, 0xFF, 0xFF, 0x0C, 0x00, 0x00, 0x00,
0x00, 0x00, 0x1B, 0xC2, 0xFF, 0xFF, 0xFF, 0xFF, 0xFF, 0xFF, 0xFF, 0xFF, 0xC1, 0x17, 0x00, 0x00,
0x00, 0x74, 0xFF, 0xFF, 0x0C, 0x00, 0x00, 0x00, 0x00, 0x00, 0x00, 0x01, 0x51, 0xA7, 0xDD, 0xF5,
0xF5, 0xDE, 0xA7, 0x51, 0x00, 0x00, 0x00, 0x00, 0x00, 0x00, 0x00, 0x00, 0x00, 0x00, 0x22, 0x7D,
0xBE, 0xE6, 0xF7, 0xFA, 0xEF, 0xDD, 0xB7, 0x4F, 0x00, 0x00, 0x00, 0x00, 0x81, 0xFA, 0xFF, 0xFF,
0xFF, 0xFF, 0xFF, 0xFF, 0xFF, 0xFF, 0x84, 0x00, 0x00, 0x00, 0x83, 0xFF, 0xFF, 0xDF, 0x65, 0x28,
0x0C, 0x03, 0x1A, 0xF9, 0xFF, 0x84, 0x00, 0x00, 0x23, 0xFB, 0xFF, 0xD6, 0x12, 0x00, 0x00, 0x00,
0x00, 0x00, 0xF8, 0xFF, 0x84, 0x00, 0x00, 0x78, 0xFF, 0xFF, 0x4A, 0x00, 0x00, 0x00, 0x00, 0x00,
0x00, 0xF8, 0xFF, 0x84, 0x00, 0x00, 0xA2, 0xFF, 0xFD, 0x05, 0x00, 0x00, 0x00, 0x00, 0x00, 0x00,
0xF8, 0xFF, 0x84, 0x00, 0x00, 0xB3, 0xFF, 0xF1, 0x00, 0x00, 0x00, 0x00, 0x00, 0x00, 0x00, 0xF8,
0xFF, 0x84, 0x00, 0x00, 0xA4, 0xFF, 0xFE, 0x0A, 0x00, 0x00, 0x00, 0x00, 0x00, 0x00, 0xF8, 0xFF,
0x84, 0x00, 0x00, 0x71, 0xFF, 0xFF, 0x5B, 0x00, 0x00, 0x00, 0x00, 0x00, 0x00, 0xF8, 0xFF, 0x84,
0x00, 0x00, 0x18, 0xF7, 0xFF, 0xE4, 0x1E, 0x00, 0x00, 0x00, 0x00, 0x00, 0xF8, 0xFF, 0x84, 0x00,
0x00, 0x00, 0x6D, 0xFF, 0xFF, 0xEC, 0x74, 0x2F, 0x0F, 0x00, 0x00, 0xF8, 0xFF, 0x84, 0x00, 0x00,
0x00, 0x00, 0x6E, 0xF8, 0xFF, 0xFF, 0xFF, 0xFF, 0xFF, 0xFF, 0xFF, 0xFF, 0x84, 0x00, 0x00, 0x00,
0x00, 0x00, 0x16, 0x71, 0xF4, 0xFF, 0xE3, 0xB0, 0x7C, 0xFB, 0xFF, 0x84, 0x00, 0x00, 0x00, 0x00,
0x00, 0x1F, 0xBC, 0xFF, 0x9B, 0x00, 0x00, 0x00, 0xF8, 0xFF, 0x84, 0x00, 0x00, 0x00, 0x00, 0x0B,
0xDD, 0xFF, 0xE5, 0x0F, 0x00, 0x00, 0x00, 0xF8, 0xFF, 0x84, 0x00, 0x00, 0x00, 0x00, 0x93, 0xFF,
0xFF, 0x4E, 0x00, 0x00, 0x00, 0x00, 0xF8, 0xFF, 0x84, 0x00, 0x00, 0x00, 0x3E, 0xFE, 0xFF, 0xA6,
0x00, 0x00, 0x00, 0x00, 0x00, 0xF8, 0xFF, 0x84, 0x00, 0x00, 0x0A, 0xDB, 0xFF, 0xEB, 0x14, 0x00,
0x00, 0x00, 0x00, 0x00, 0xF8, 0xFF, 0x84, 0x00, 0x00, 0x90, 0xFF, 0xFF, 0x58, 0x00, 0x00, 0x00,
0x00, 0x00, 0x00, 0xF8, 0xFF, 0x84, 0x00, 0x3B, 0xFD, 0xFF, 0xB2, 0x00, 0x00, 0x00, 0x00, 0x00,
0x00, 0x00, 0xF8, 0xFF, 0x84, 0x09, 0xDA, 0xFF, 0xF0, 0x1A, 0x00, 0x00, 0x00, 0x00, 0x00, 0x00,
0x00, 0xF8, 0xFF, 0x84, 0x00, 0x28, 0x7B, 0xB2, 0xCF, 0xE3, 0xF7, 0xF3, 0xD3, 0x7E, 0x0B, 0x00,
0x00, 0xC1, 0xFF, 0xFF, 0xFF, 0xFF, 0xFF, 0xFF, 0xFF, 0xFF, 0xC5, 0x03, 0x00, 0x5E, 0xB7, 0x67,
0x30, 0x0E, 0x04, 0x1E, 0x8D, 0xFF, 0xFF, 0x57, 0x00, 0x00, 0x00, 0x00, 0x00, 0x00, 0x00, 0x00,
0x01, 0xDE, 0xFF, 0x8B, 0x00, 0x00, 0x00, 0x00, 0x00, 0x00, 0x00, 0x00, 0x00, 0xB8, 0xFF, 0xA3,
0x00, 0x00, 0x00, 0x00, 0x00, 0x00, 0x00, 0x00, 0x00, 0xBD, 0xFF, 0xA0, 0x00, 0x00, 0x21, 0x80,
0xBD, 0xE0, 0xF5, 0xFE, 0xFC, 0xFC, 0xFF, 0x99, 0x00, 0x72, 0xFB, 0xFF, 0xFF, 0xFF, 0xFF, 0xFF,
0xFF, 0xFF, 0xFF, 0x92, 0x49, 0xFF, 0xFF, 0xDB, 0x6C, 0x2B, 0x10, 0x02, 0x06, 0xC7, 0xFF, 0x8C,
0xAC, 0xFF, 0xE9, 0x11, 0x00, 0x00, 0x00, 0x00, 0x00, 0xC4, 0xFF, 0x86, 0xCC, 0xFF, 0xB2, 0x00,
0x00, 0x00, 0x00, 0x00, 0x00, 0xCF, 0xFF, 0x7F, 0xBD, 0xFF, 0xDF, 0x05, 0x00, 0x00, 0x00, 0x00,
0x5A, 0xFF, 0xFF, 0x7F, 0x6B, 0xFF, 0xFF, 0xAC, 0x25, 0x0A, 0x2D, 0x8F, 0xFC, 0xE6, 0xFF, 0x89,
0x02, 0xBF, 0xFF, 0xFF, 0xFF, 0xFF, 0xFF, 0xFF, 0xA1, 0x49, 0xFF, 0x9F, 0x00, 0x05, 0x78, 0xDC,
0xF9, 0xE7, 0xBA, 0x53, 0x00, 0x0A, 0xF8, 0xCF, 0x00, 0x00, 0x00, 0x00, 0x00, 0x00, 0x00, 0x00,
0x04, 0x1D, 0x43, 0x8A, 0x58, 0x00, 0x00, 0x00, 0x00, 0x00, 0x2B, 0x84, 0xB9, 0xDD, 0xFC, 0xFF,
0xFF, 0xFF, 0x85, 0x00, 0x00, 0x00, 0x05, 0x97, 0xFE, 0xFF, 0xFF, 0xFF, 0xFA, 0xE6, 0xC4, 0x88,
0x1B, 0x00, 0x00, 0x00, 0xA0, 0xFF, 0xF2, 0x83, 0x3B, 0x14, 0x00, 0x00, 0x00, 0x00, 0x00, 0x00,
0x00, 0x3C, 0xFF, 0xF1, 0x2A, 0x00, 0x00, 0x00, 0x00, 0x00, 0x00, 0x00, 0x00, 0x00, 0x00, 0xA6,
0xFF, 0x76, 0x00, 0x00, 0x00, 0x00, 0x00, 0x00, 0x00, 0x00, 0x00, 0x00, 0x02, 0xF0, 0xFF, 0x18,
0x00, 0x00, 0x00, 0x00, 0x00, 0x00, 0x00, 0x00, 0x00, 0x00, 0x27, 0xFF, 0xDC, 0x00, 0x2F, 0x9F,
0xDF, 0xF7, 0xF1, 0xCA, 0x71, 0x06, 0x00, 0x00, 0x4F, 0xFF, 0xB7, 0x5E, 0xF9, 0xFF, 0xFF, 0xFF,
0xFF, 0xFF, 0xFF, 0xC5, 0x0D, 0x00, 0x68, 0xFF, 0xD8, 0xFB, 0xD9, 0x55, 0x14, 0x05, 0x2A, 0xAB,
0xFF, 0xFF, 0x99, 0x00, 0x7A, 0xFF, 0xFF, 0xE4, 0x13, 0x00, 0x00, 0x00, 0x00, 0x02, 0xBF, 0xFF,
0xFA, 0x15, 0x81, 0xFF, 0xFF, 0x6B, 0x00, 0x00, 0x00, 0x00, 0x00, 0x00, 0x47, 0xFF, 0xFF, 0x58,
0x86, 0xFF, 0xFF, 0x22, 0x00, 0x00, 0x00, 0x00, 0x00, 0x00, 0x0D, 0xFF, 0xFF, 0x83, 0x7E, 0xFF,
0xFD, 0x01, 0x00, 0x00, 0x00, 0x00, 0x00, 0x00, 0x00, 0xF2, 0xFF, 0x94, 0x71, 0xFF, 0xFA, 0x00,
0x00, 0x00, 0x00, 0x00, 0x00, 0x00, 0x00, 0xE4, 0xFF, 0x93, 0x54, 0xFF, 0xFF, 0x14, 0x00, 0x00,
0x00, 0x00, 0x00, 0x00, 0x00, 0xF3, 0xFF, 0x84, 0x2A, 0xFF, 0xFF, 0x39, 0x00, 0x00, 0x00, 0x00,
0x00, 0x00, 0x1A, 0xFF, 0xFF, 0x5D, 0x01, 0xE5, 0xFF, 0x98, 0x00, 0x00, 0x00, 0x00, 0x00, 0x00,
0x64, 0xFF, 0xFF, 0x23, 0x00, 0x8C, 0xFF, 0xF4, 0x24, 0x00, 0x00, 0x00, 0x00, 0x0D, 0xDB, 0xFF,
0xC2, 0x00, 0x00, 0x14, 0xED, 0xFF, 0xE4, 0x54, 0x0F, 0x0A, 0x41, 0xCB, 0xFF, 0xFB, 0x34, 0x00,
0x00, 0x00, 0x38, 0xED, 0xFF, 0xFF, 0xFF, 0xFF, 0xFF, 0xFF, 0xF8, 0x55, 0x00, 0x00, 0x00, 0x00,
0x00, 0x15, 0x88, 0xD4, 0xF3, 0xF6, 0xDA, 0x94, 0x21, 0x00, 0x00, 0x00, 0x8A, 0xD7, 0xE7, 0xF5,
0xFC, 0xFD, 0xF3, 0xD7, 0x9F, 0x33, 0x00, 0x00, 0xB0, 0xFF, 0xFF, 0xFF, 0xFF, 0xFF, 0xFF, 0xFF,
0xFF, 0xFB, 0x4C, 0x00, 0xB0, 0xFF, 0xB9, 0x0B, 0x02, 0x02, 0x12, 0x50, 0xEF, 0xFF, 0xCA, 0x00,
0xB0, 0xFF, 0xB4, 0x00, 0x00, 0x00, 0x00, 0x00, 0x8D, 0xFF, 0xE6, 0x00, 0xB0, 0xFF, 0xB4, 0x00,
0x00, 0x00, 0x00, 0x00, 0xA7, 0xFF, 0xB7, 0x00, 0xB0, 0xFF, 0xB4, 0x00, 0x00, 0x02, 0x24, 0x97,
0xFF, 0xF5, 0x35, 0x00, 0xB0, 0xFF, 0xFF, 0xFF, 0xFF, 0xFF, 0xFF, 0xFF, 0xC0, 0x2F, 0x00, 0x00,
0xB0, 0xFF, 0xFF, 0xFF, 0xFF, 0xFF, 0xFF, 0xFF, 0xFD, 0xBF, 0x2F, 0x00, 0xB0, 0xFF, 0xB4, 0x00,
0x00, 0x02, 0x14, 0x4D, 0xDB, 0xFF, 0xEA, 0x0C, 0xB0, 0xFF, 0xB4, 0x00, 0x00, 0x00, 0x00, 0x00,
0x2B, 0xFF, 0xFF, 0x5A, 0xB0, 0xFF, 0xB4, 0x00, 0x00, 0x00, 0x00, 0x00, 0x00, 0xF5, 0xFF, 0x78,
0xB0, 0xFF, 0xB4, 0x00, 0x00, 0x00, 0x00, 0x00, 0x2A, 0xFF, 0xFF, 0x63, 0xB0, 0xFF, 0xBC, 0x0E,
0x03, 0x03, 0x17, 0x52, 0xDC, 0xFF, 0xF7, 0x1A, 0xB0, 0xFF, 0xFF, 0xFF, 0xFF, 0xFF, 0xFF, 0xFF,
0xFF, 0xF9, 0x5A, 0x00, 0x8B, 0xDD, 0xEF, 0xF7, 0xFD, 0xF9, 0xE8, 0xC3, 0x84, 0x20, 0x00, 0x00,
0xB0, 0xFF, 0xFF, 0xFF, 0xFF, 0xFF, 0xFF, 0xFF, 0xFF, 0x10, 0xB0, 0xFF, 0xFF, 0xFF, 0xFF, 0xFF,
0xFF, 0xFF, 0xFF, 0x10, 0xB0, 0xFF, 0xB4, 0x00, 0x00, 0x00, 0x00, 0x00, 0x00, 0x00, 0xB0, 0xFF,
0xB4, 0x00, 0x00, 0x00, 0x00, 0x00, 0x00, 0x00, 0xB0, 0xFF, 0xB4, 0x00, 0x00, 0x00, 0x00, 0x00,
0x00, 0x00, 0xB0, 0xFF, 0xB4, 0x00, 0x00, 0x00, 0x00, 0x00, 0x00, 0x00, 0xB0, 0xFF, 0xB4, 0x00,
0x00, 0x00, 0x00, 0x00, 0x00, 0x00, 0xB0, 0xFF, 0xB4, 0x00, 0x00, 0x00, 0x00, 0x00, 0x00, 0x00,
0xB0, 0xFF, 0xB4, 0x00, 0x00, 0x00, 0x00, 0x00, 0x00, 0x00, 0xB0, 0xFF, 0xB4, 0x00, 0x00, 0x00,
0x00, 0x00, 0x00, 0x00, 0xB0, 0xFF, 0xB4, 0x00, 0x00, 0x00, 0x00, 0x00, 0x00, 0x00, 0xB0, 0xFF,
0xB4, 0x00, 0x00, 0x00, 0x00, 0x00, 0x00, 0x00, 0xB0, 0xFF, 0xB4, 0x00, 0x00, 0x00, 0x00, 0x00,
0x00, 0x00, 0xB0, 0xFF, 0xB4, 0x00, 0x00, 0x00, 0x00, 0x00, 0x00, 0x00, 0xB0, 0xFF, 0xB4, 0x00,
0x00, 0x00, 0x00, 0x00, 0x00, 0x00, 0x00, 0x00, 0x00, 0x00, 0xB5, 0xFF, 0xFF, 0xFF, 0xFF, 0xFF,
0xFF, 0xFF, 0xFF, 0x60, 0x00, 0x00, 0x00, 0x00, 0x00, 0x00, 0xBE, 0xFF, 0xFF, 0xFF, 0xFF, 0xFF,
0xFF, 0xFF, 0xFF, 0x60, 0x00, 0x00, 0x00, 0x00, 0x00, 0x00, 0xC7, 0xFF, 0x71, 0x00, 0x00, 0x00,
0x04, 0xFF, 0xFF, 0x60, 0x00, 0x00, 0x00, 0x00, 0x00, 0x00, 0xD9, 0xFF, 0x5D, 0x00, 0x00, 0x00,
0x04, 0xFF, 0xFF, 0x60, 0x00, 0x00, 0x00, 0x00, 0x00, 0x00, 0xF0, 0xFF, 0x49, 0x00, 0x00, 0x00,
0x04, 0xFF, 0xFF, 0x60, 0x00, 0x00, 0x00, 0x00, 0x00, 0x09, 0xFF, 0xFF, 0x2B, 0x00, 0x00, 0x00,
0x04, 0xFF, 0xFF, 0x60, 0x00, 0x00, 0x00, 0x00, 0x00, 0x2C, 0xFF, 0xFF, 0x0A, 0x00, 0x00, 0x00,
0x04, 0xFF, 0xFF, 0x60, 0x00, 0x00, 0x00, 0x00, 0x00, 0x52, 0xFF, 0xE6, 0x00, 0x00, 0x00, 0x00,
0x04, 0xFF, 0xFF, 0x60, 0x00, 0x00, 0x00, 0x00, 0x00, 0x82, 0xFF, 0xB5, 0x00, 0x00, 0x00, 0x00,
0x04, 0xFF, 0xFF, 0x60, 0x00, 0x00, 0x00, 0x00, 0x00, 0xB9, 0xFF, 0x7B, 0x00, 0x00, 0x00, 0x00,
0x04, 0xFF, 0xFF, 0x60, 0x00, 0x00, 0x00, 0x00, 0x08, 0xF6, 0xFF, 0x40, 0x00, 0x00, 0x00, 0x00,
0x04, 0xFF, 0xFF, 0x60, 0x00, 0x00, 0x00, 0x00, 0x56, 0xFF, 0xEC, 0x04, 0x00, 0x00, 0x00, 0x00,
0x04, 0xFF, 0xFF, 0x60, 0x00, 0x00, 0x00, 0x01, 0xCA, 0xFF, 0x89, 0x00, 0x00, 0x00, 0x00, 0x00,
0x04, 0xFF, 0xFF, 0x60, 0x00, 0x00, 0xD8, 0xFF, 0xFF, 0xFF, 0xFF, 0xFF, 0xFF, 0xFF, 0xFF, 0xFF,
0xFF, 0xFF, 0xFF, 0xFF, 0xFF, 0x90, 0xD8, 0xFF, 0xFF, 0xFF, 0xFF, 0xFF, 0xFF, 0xFF, 0xFF, 0xFF,
0xFF, 0xFF, 0xFF, 0xFF, 0xFF, 0x90, 0xD8, 0xFF, 0x28, 0x00, 0x00, 0x00, 0x00, 0x00, 0x00, 0x00,
0x00, 0x00, 0x00, 0x72, 0xFF, 0x90, 0xD8, 0xFF, 0x0C, 0x00, 0x00, 0x00, 0x00, 0x00, 0x00, 0x00,
0x00, 0x00, 0x00, 0x55, 0xFF, 0x90, 0xD8, 0xEE, 0x00, 0x00, 0x00, 0x00, 0x00, 0x00, 0x00, 0x00,
0x00, 0x00, 0x00, 0x38, 0xFF, 0x90, 0xD8, 0xD2, 0x00, 0x00, 0x00, 0x00, 0x00, 0x00, 0x00, 0x00,
0x00, 0x00, 0x00, 0x1B, 0xFF, 0x90, 0x00, 0x00, 0x00, 0x23, 0x93, 0xD7, 0xF3, 0xF3, 0xD8, 0xA6,
0x35, 0x00, 0x00, 0x00, 0x00, 0x5E, 0xFA, 0xFF, 0xFF, 0xFF, 0xFF, 0xFF, 0xFF, 0xFD, 0x5D, 0x00,
0x00, 0x3E, 0xFD, 0xFF, 0xC7, 0x47, 0x16, 0x11, 0x47, 0xD5, 0xFF, 0xF4, 0x19, 0x00, 0xCA, 0xFF,
0xC5, 0x04, 0x00, 0x00, 0x00, 0x00, 0x17, 0xF6, 0xFF, 0x71, 0x25, 0xFF, 0xFF, 0x4C, 0x00, 0x00,
0x00, 0x00, 0x00, 0x00, 0xB5, 0xFF, 0xA8, 0x5D, 0xFF, 0xFF, 0x10, 0x00, 0x00, 0x00, 0x00, 0x00,
0x00, 0x97, 0xFF, 0xBC, 0x79, 0xFF, 0xFF, 0xFF, 0xFF, 0xFF, 0xFF, 0xFF, 0xFF, 0xFF, 0xFF, 0xFF,
0xB6, 0x84, 0xFF, 0xFF, 0xFF, 0xFF, 0xFF, 0xFF, 0xFF, 0xFF, 0xFF, 0xFF, 0xFF, 0xA2, 0x79, 0xFF,
0xFA, 0x00, 0x00, 0x00, 0x00, 0x00, 0x00, 0x00, 0x00, 0x00, 0x00, 0x5C, 0xFF, 0xFF, 0x17, 0x00,
0x00, 0x00, 0x00, 0x00, 0x00, 0x00, 0x00, 0x00, 0x25, 0xFF, 0xFF, 0x60, 0x00, 0x00, 0x00, 0x00,
0x00, 0x00, 0x00, 0x00, 0x00, 0x00, 0xC9, 0xFF, 0xE0, 0x14, 0x00, 0x00, 0x00, 0x00, 0x00, 0x28,
0x81, 0x00, 0x00, 0x3D, 0xFE, 0xFF, 0xDF, 0x60, 0x1D, 0x05, 0x1B, 0x74, 0xF2, 0xF5, 0x13, 0x00,
0x00, 0x5F, 0xF9, 0xFF, 0xFF, 0xFF, 0xFF, 0xFF, 0xFF, 0xFF, 0x9C, 0x07, 0x00, 0x00, 0x00, 0x24,
0x93, 0xD7, 0xF4, 0xF6, 0xDB, 0x9B, 0x35, 0x00, 0x00, 0x4F, 0xFF, 0xFE, 0x41, 0x00, 0x00, 0x00,
0x00, 0x64, 0xFF, 0xF4, 0x00, 0x00, 0x00, 0x00, 0x07, 0xCF, 0xFF, 0xAC, 0x00, 0x00, 0xA6, 0xFF,
0xE1, 0x0F, 0x00, 0x00, 0x00, 0x64, 0xFF, 0xF4, 0x00, 0x00, 0x00, 0x00, 0x95, 0xFF, 0xDF, 0x10,
0x00, 0x00, 0x13, 0xE9, 0xFF, 0xA1, 0x00, 0x00, 0x00, 0x64, 0xFF, 0xF4, 0x00, 0x00, 0x00, 0x53,
0xFF, 0xFA, 0x36, 0x00, 0x00, 0x00, 0x00, 0x54, 0xFF, 0xFF, 0x52, 0x00, 0x00, 0x64, 0xFF, 0xF4,
0x00, 0x00, 0x20, 0xEF, 0xFF, 0x73, 0x00, 0x00, 0x00, 0x00, 0x00, 0x00, 0xAA, 0xFF, 0xEB, 0x17,
0x00, 0x64, 0xFF, 0xF4, 0x00, 0x05, 0xC9, 0xFF, 0xB4, 0x01, 0x00, 0x00, 0x00, 0x00, 0x00, 0x00,
0x15, 0xEA, 0xFF, 0xB2, 0x00, 0x64, 0xFF, 0xF4, 0x25, 0x9D, 0xFF, 0xD0, 0x13, 0x00, 0x00, 0x00,
0x00, 0x00, 0x00, 0x00, 0x00, 0x22, 0xC8, 0xFF, 0xFF, 0xFF, 0xFF, 0xFF, 0xFF, 0xFF, 0xF7, 0x27,
0x00, 0x00, 0x00, 0x00, 0x00, 0x00, 0x00, 0x00, 0x00, 0x0A, 0xB3, 0xFF, 0xFF, 0xFF, 0xFF, 0xFF,
0xFF, 0xFF, 0xFF, 0xE8, 0x2F, 0x00, 0x00, 0x00, 0x00, 0x00, 0x00, 0x00, 0x00, 0x9D, 0xFF, 0xF9,
0x5B, 0x72, 0xFF, 0xF4, 0x00, 0x30, 0xFB, 0xFF, 0xD0, 0x03, 0x00, 0x00, 0x00, 0x00, 0x00, 0x00,
0x48, 0xFF, 0xFF, 0x7A, 0x00, 0x64, 0xFF, 0xF4, 0x00, 0x00, 0x8A, 0xFF, 0xFF, 0x6E, 0x00, 0x00,
0x00, 0x00, 0x00, 0x0F, 0xE3, 0xFF, 0xCB, 0x04, 0x00, 0x64, 0xFF, 0xF4, 0x00, 0x00, 0x0A, 0xDF,
0xFF, 0xF1, 0x18, 0x00, 0x00, 0x00, 0x00, 0xA0, 0xFF, 0xF8, 0x2B, 0x00, 0x00, 0x64, 0xFF, 0xF4,
0x00, 0x00, 0x00, 0x48, 0xFF, 0xFF, 0xA4, 0x00, 0x00, 0x00, 0x4B, 0xFF, 0xFF, 0x78, 0x00, 0x00,
0x00, 0x64, 0xFF, 0xF4, 0x00, 0x00, 0x00, 0x00, 0xA7, 0xFF, 0xFF, 0x40, 0x00, 0x10, 0xE5, 0xFF,
0xC9, 0x03, 0x00, 0x00, 0x00, 0x64, 0xFF, 0xF4, 0x00, 0x00, 0x00, 0x00, 0x17, 0xEE, 0xFF, 0xD5,
0x05, 0xA2, 0xFF, 0xF8, 0x29, 0x00, 0x00, 0x00, 0x00, 0x64, 0xFF, 0xF4, 0x00, 0x00, 0x00, 0x00,
0x00, 0x65, 0xFF, 0xFF, 0x76, 0x1E, 0x74, 0xB6, 0xE3, 0xF6, 0xFB, 0xEA, 0xBC, 0x5F, 0x01, 0x00,
0xA1, 0xFF, 0xFF, 0xFF, 0xFF, 0xFF, 0xFF, 0xFF, 0xFF, 0x91, 0x00, 0x47, 0xB6, 0x55, 0x18, 0x05,
0x12, 0x48, 0xD7, 0xFF, 0xFC, 0x11, 0x00, 0x00, 0x00, 0x00, 0x00, 0x00, 0x00, 0x4C, 0xFF, 0xFF,
0x25, 0x00, 0x00, 0x00, 0x00, 0x00, 0x00, 0x00, 0x65, 0xFF, 0xE7, 0x04, 0x00, 0x00, 0x00, 0x00,
0x00, 0x18, 0x71, 0xF8, 0xFB, 0x50, 0x00, 0x00, 0x00, 0x40, 0xFF, 0xFF, 0xFF, 0xFF, 0xE3, 0x3D,
0x00, 0x00, 0x00, 0x00, 0x40, 0xFF, 0xFF, 0xFF, 0xFF, 0xFF, 0xF5, 0x7C, 0x00, 0x00, 0x00, 0x00,
0x00, 0x01, 0x0F, 0x3C, 0xB9, 0xFF, 0xFF, 0x4A, 0x00, 0x00, 0x00, 0x00, 0x00, 0x00, 0x00, 0x06,
0xDD, 0xFF, 0xA3, 0x00, 0x00, 0x00, 0x00, 0x00, 0x00, 0x00, 0x00, 0xB2, 0xFF, 0xBC, 0x00, 0x00,
0x00, 0x00, 0x00, 0x00, 0x00, 0x0C, 0xE6, 0xFF, 0x9E, 0x56, 0xA3, 0x46, 0x21, 0x07, 0x16, 0x47,
0xC5, 0xFF, 0xFE, 0x3A, 0xB0, 0xFF, 0xFF, 0xFF, 0xFF, 0xFF, 0xFF, 0xFF, 0xF9, 0x69, 0x00, 0x25,
0x8A, 0xD2, 0xF3, 0xFC, 0xF1, 0xCE, 0x8C, 0x24, 0x00, 0x00, 0xB0, 0xFF, 0xB4, 0x00, 0x00, 0x00,
0x00, 0x00, 0x00, 0x01, 0xB6, 0xFF, 0x10, 0xB0, 0xFF, 0xB4, 0x00, 0x00, 0x00, 0x00, 0x00, 0x00,
0x76, 0xFF, 0xFF, 0x10, 0xB0, 0xFF, 0xB4, 0x00, 0x00, 0x00, 0x00, 0x00, 0x39, 0xFB, 0xFF, 0xFF,
0x10, 0xB0, 0xFF, 0xB4, 0x00, 0x00, 0x00, 0x00, 0x11, 0xE1, 0xFF, 0xFF, 0xFF, 0x10, 0xB0, 0xFF,
0xB4, 0x00, 0x00, 0x00, 0x00, 0xB1, 0xFF, 0xC5, 0xFF, 0xFF, 0x10, 0xB0, 0xFF, 0xB4, 0x00, 0x00,
0x00, 0x71, 0xFF, 0xD8, 0x54, 0xFF, 0xFF, 0x10, 0xB0, 0xFF, 0xB4, 0x00, 0x00, 0x35, 0xFA, 0xFA,
0x37, 0x53, 0xFF, 0xFF, 0x10, 0xB0, 0xFF, 0xB4, 0x00, 0x0F, 0xDE, 0xFF, 0x6E, 0x00, 0x54, 0xFF,
0xFF, 0x10, 0xB0, 0xFF, 0xB4, 0x00, 0xAC, 0xFF, 0xAA, 0x00, 0x00, 0x54, 0xFF, 0xFF, 0x10, 0xB0,
0xFF, 0xAF, 0x5E, 0xFF, 0xD9, 0x0D, 0x00, 0x00, 0x54, 0xFF, 0xFF, 0x10, 0xB0, 0xFF, 0xBA, 0xEB,
0xF5, 0x2C, 0x00, 0x00, 0x00, 0x54, 0xFF, 0xFF, 0x10, 0xB0, 0xFF, 0xFF, 0xFF, 0x5E, 0x00, 0x00,
0x00, 0x00, 0x54, 0xFF, 0xFF, 0x10, 0xB0, 0xFF, 0xFF, 0x9A, 0x00, 0x00, 0x00, 0x00, 0x00, 0x54,
0xFF, 0xFF, 0x10, 0xB0, 0xFF, 0xCE, 0x08, 0x00, 0x00, 0x00, 0x00, 0x00, 0x54, 0xFF, 0xFF, 0x10,
0xB0, 0xEF, 0x22, 0x00, 0x00, 0x00, 0x00, 0x00, 0x00, 0x54, 0xFF, 0xFF, 0x10, 0x00, 0x0E, 0x8C,
0xD9, 0x16, 0x00, 0x00, 0x00, 0x05, 0xD2, 0xA1, 0x04, 0x00, 0x00, 0x06, 0xEA, 0xFF, 0xC3, 0x31,
0x07, 0x29, 0xB0, 0xFF, 0xCD, 0x00, 0x00, 0x00, 0x00, 0x4A, 0xF8, 0xFF, 0xFF, 0xFF, 0xFF, 0xFF,
0xF4, 0x39, 0x00, 0x00, 0x00, 0x00, 0x00, 0x30, 0xA1, 0xE0, 0xF8, 0xDE, 0x9C, 0x23, 0x00, 0x00,
0x00, 0x00, 0x00, 0x00, 0x00, 0x00, 0x00, 0x00, 0x00, 0x00, 0x00, 0x00, 0x00, 0x00, 0x00, 0x00,
0x00, 0x00, 0x00, 0x00, 0x00, 0x00, 0x00, 0x00, 0x00, 0x00, 0x00, 0xB0, 0xFF, 0xB4, 0x00, 0x00,
0x00, 0x00, 0x00, 0x00, 0x01, 0xB6, 0xFF, 0x10, 0xB0, 0xFF, 0xB4, 0x00, 0x00, 0x00, 0x00, 0x00,
0x00, 0x76, 0xFF, 0xFF, 0x10, 0xB0, 0xFF, 0xB4, 0x00, 0x00, 0x00, 0x00, 0x00, 0x39, 0xFB, 0xFF,
0xFF, 0x10, 0xB0, 0xFF, 0xB4, 0x00, 0x00, 0x00, 0x00, 0x11, 0xE1, 0xFF, 0xFF, 0xFF, 0x10, 0xB0,
0xFF, 0xB4, 0x00, 0x00, 0x00, 0x00, 0xB1, 0xFF, 0xC5, 0xFF, 0xFF, 0x10, 0xB0, 0xFF, 0xB4, 0x00,
0x00, 0x00, 0x71, 0xFF, 0xD8, 0x54, 0xFF, 0xFF, 0x10, 0xB0, 0xFF, 0xB4, 0x00, 0x00, 0x35, 0xFA,
0xFA, 0x37, 0x53, 0xFF, 0xFF, 0x10, 0xB0, 0xFF, 0xB4, 0x00, 0x0F, 0xDE, 0xFF, 0x6E, 0x00, 0x54,
0xFF, 0xFF, 0x10, 0xB0, 0xFF, 0xB4, 0x00, 0xAC, 0xFF, 0xAA, 0x00, 0x00, 0x54, 0xFF, 0xFF, 0x10,
0xB0, 0xFF, 0xAF, 0x5E, 0xFF, 0xD9, 0x0D, 0x00, 0x00, 0x54, 0xFF, 0xFF, 0x10, 0xB0, 0xFF, 0xBA,
0xEB, 0xF5, 0x2C, 0x00, 0x00, 0x00, 0x54, 0xFF, 0xFF, 0x10, 0xB0, 0xFF, 0xFF, 0xFF, 0x5E, 0x00,
0x00, 0x00, 0x00, 0x54, 0xFF, 0xFF, 0x10, 0xB0, 0xFF, 0xFF, 0x9A, 0x00, 0x00, 0x00, 0x00, 0x00,
0x54, 0xFF, 0xFF, 0x10, 0xB0, 0xFF, 0xCE, 0x08, 0x00, 0x00, 0x00, 0x00, 0x00, 0x54, 0xFF, 0xFF,
0x10, 0xB0, 0xEF, 0x22, 0x00, 0x00, 0x00, 0x00, 0x00, 0x00, 0x54, 0xFF, 0xFF, 0x10, 0xB0, 0xFF,
0xB4, 0x00, 0x00, 0x00, 0x00, 0x00, 0x92, 0xFF, 0xED, 0x1C, 0xB0, 0xFF, 0xB4, 0x00, 0x00, 0x00,
0x00, 0x4D, 0xFF, 0xFF, 0x4D, 0x00, 0xB0, 0xFF, 0xB4, 0x00, 0x00, 0x00, 0x1B, 0xEC, 0xFF, 0x90,
0x00, 0x00, 0xB0, 0xFF, 0xB4, 0x00, 0x00, 0x02, 0xC0, 0xFF, 0xCC, 0x06, 0x00, 0x00, 0xB0, 0xFF,
0xB4, 0x00, 0x00, 0x7E, 0xFF, 0xF2, 0x24, 0x00, 0x00, 0x00, 0xB0, 0xFF, 0xB4, 0x00, 0x3C, 0xFC,
0xFF, 0x5A, 0x00, 0x00, 0x00, 0x00, 0xB0, 0xFF, 0xB7, 0x44, 0xE2, 0xFF, 0x7F, 0x00, 0x00, 0x00,
0x00, 0x00, 0xB0, 0xFF, 0xFF, 0xFF, 0xFF, 0xCF, 0x0F, 0x00, 0x00, 0x00, 0x00, 0x00, 0xB0, 0xFF,
0xFF, 0xFF, 0xFF, 0xFF, 0xDE, 0x22, 0x00, 0x00, 0x00, 0x00, 0xB0, 0xFF, 0xB4, 0x00, 0x7E, 0xFF,
0xFF, 0xCE, 0x08, 0x00, 0x00, 0x00, 0xB0, 0xFF, 0xB4, 0x00, 0x00, 0xA7, 0xFF, 0xFF, 0x9B, 0x00,
0x00, 0x00, 0xB0, 0xFF, 0xB4, 0x00, 0x00, 0x08, 0xCA, 0xFF, 0xFF, 0x5F, 0x00, 0x00, 0xB0, 0xFF,
0xB4, 0x00, 0x00, 0x00, 0x19, 0xE4, 0xFF, 0xF6, 0x2E, 0x00, 0xB0, 0xFF, 0xB4, 0x00, 0x00, 0x00,
0x00, 0x32, 0xF5, 0xFF, 0xDA, 0x0E, 0xB0, 0xFF, 0xB4, 0x00, 0x00, 0x00, 0x00, 0x00, 0x54, 0xFE,
0xFF, 0xAC, 0x00, 0x00, 0x00, 0x00, 0x2C, 0xFF, 0xFF, 0xFF, 0xFF, 0xFF, 0xFF, 0xFF, 0xFF, 0xC8,
0x00, 0x00, 0x00, 0x00, 0x33, 0xFF, 0xFF, 0xFF, 0xFF, 0xFF, 0xFF, 0xFF, 0xFF, 0xC8, 0x00, 0x00,
0x00, 0x00, 0x3D, 0xFF, 0xFD, 0x01, 0x00, 0x00, 0x00, 0xA0, 0xFF, 0xC8, 0x00, 0x00, 0x00, 0x00,
0x48, 0xFF, 0xED, 0x00, 0x00, 0x00, 0x00, 0xA0, 0xFF, 0xC8, 0x00, 0x00, 0x00, 0x00, 0x58, 0xFF,
0xDB, 0x00, 0x00, 0x00, 0x00, 0xA0, 0xFF, 0xC8, 0x00, 0x00, 0x00, 0x00, 0x69, 0xFF, 0xC5, 0x00,
0x00, 0x00, 0x00, 0xA0, 0xFF, 0xC8, 0x00, 0x00, 0x00, 0x00, 0x7E, 0xFF, 0xAD, 0x00, 0x00, 0x00,
0x00, 0xA0, 0xFF, 0xC8, 0x00, 0x00, 0x00, 0x00, 0x98, 0xFF, 0x94, 0x00, 0x00, 0x00, 0x00, 0xA0,
0xFF, 0xC8, 0x00, 0x00, 0x00, 0x00, 0xB8, 0xFF, 0x6C, 0x00, 0x00, 0x00, 0x00, 0xA0, 0xFF, 0xC8,
0x00, 0x00, 0x00, 0x00, 0xE0, 0xFF, 0x40, 0x00, 0x00, 0x00, 0x00, 0xA0, 0xFF, 0xC8, 0x00, 0x00,
0x00, 0x17, 0xFF, 0xFD, 0x11, 0x00, 0x00, 0x00, 0x00, 0xA0, 0xFF, 0xC8, 0x00, 0x00, 0x00, 0x68,
0xFF, 0xC9, 0x00, 0x00, 0x00, 0x00, 0x00, 0xA0, 0xFF, 0xC8, 0x00, 0x0B, 0x29, 0xE4, 0xFF, 0x6B,
0x00, 0x00, 0x00, 0x00, 0x00, 0xA0, 0xFF, 0xC8, 0x00, 0xEA, 0xFF, 0xFF, 0xDC, 0x08, 0x00, 0x00,
0x00, 0x00, 0x00, 0xA0, 0xFF, 0xC8, 0x10, 0xE8, 0xFA, 0xC5, 0x26, 0x00, 0x00, 0x00, 0x00, 0x00,
0x00, 0xA0, 0xFF, 0xC8, 0xB0, 0xFF, 0xEC, 0x15, 0x00, 0x00, 0x00, 0x00, 0x00, 0x00, 0x00, 0x00,
0xAB, 0xFF, 0xFF, 0x0C, 0xB0, 0xFF, 0xFF, 0xA8, 0x00, 0x00, 0x00, 0x00, 0x00, 0x00, 0x00, 0x48,
0xFF, 0xFF, 0xFF, 0x0C, 0xB0, 0xFF, 0xFF, 0xFF, 0x4D, 0x00, 0x00, 0x00, 0x00, 0x00, 0x08, 0xDC,
0xFF, 0xFF, 0xFF, 0x0C, 0xB0, 0xFF, 0xCE, 0xFF, 0xE4, 0x0E, 0x00, 0x00, 0x00, 0x00, 0x83, 0xFF,
0xC3, 0xFF, 0xFF, 0x0C, 0xB0, 0xFF, 0x77, 0xF3, 0xFF, 0x99, 0x00, 0x00, 0x00, 0x27, 0xF9, 0xFB,
0x55, 0xFF, 0xFF, 0x0C, 0xB0, 0xFF, 0x7B, 0x85, 0xFF, 0xFE, 0x40, 0x00, 0x00, 0xBC, 0xFF, 0x97,
0x43, 0xFF, 0xFF, 0x0C, 0xB0, 0xFF, 0x87, 0x07, 0xD5, 0xFF, 0xDA, 0x05, 0x56, 0xFF, 0xE4, 0x0F,
0x4B, 0xFF, 0xFF, 0x0C, 0xB0, 0xFF, 0x88, 0x00, 0x34, 0xFB, 0xFF, 0x6D, 0xD8, 0xFF, 0x4C, 0x00,
0x4C, 0xFF, 0xFF, 0x0C, 0xB0, 0xFF, 0x88, 0x00, 0x00, 0x82, 0xFF, 0xFB, 0xFF, 0xA5, 0x00, 0x00,
0x4C, 0xFF, 0xFF, 0x0C, 0xB0, 0xFF, 0x88, 0x00, 0x00, 0x05, 0xCF, 0xFF, 0xEA, 0x14, 0x00, 0x00,
0x4C, 0xFF, 0xFF, 0x0C, 0xB0, 0xFF, 0x88, 0x00, 0x00, 0x00, 0x2D, 0xF9, 0x57, 0x00, 0x00, 0x00,
0x4C, 0xFF, 0xFF, 0x0C, 0xB0, 0xFF, 0x88, 0x00, 0x00, 0x00, 0x00, 0x00, 0x00, 0x00, 0x00, 0x00,
0x4C, 0xFF, 0xFF, 0x0C, 0xB0, 0xFF, 0x88, 0x00, 0x00, 0x00, 0x00, 0x00, 0x00, 0x00, 0x00, 0x00,
0x4C, 0xFF, 0xFF, 0x0C, 0xB0, 0xFF, 0x88, 0x00, 0x00, 0x00, 0x00, 0x00, 0x00, 0x00, 0x00, 0x00,
0x4C, 0xFF, 0xFF, 0x0C, 0xB0, 0xFF, 0x88, 0x00, 0x00, 0x00, 0x00, 0x00, 0x00, 0x00, 0x00, 0x00,
0x4C, 0xFF, 0xFF, 0x0C, 0xB0, 0xFF, 0xB4, 0x00, 0x00, 0x00, 0x00, 0x00, 0x00, 0x84, 0xFF, 0xE4,
0xB0, 0xFF, 0xB4, 0x00, 0x00, 0x00, 0x00, 0x00, 0x00, 0x84, 0xFF, 0xE4, 0xB0, 0xFF, 0xB4, 0x00,
0x00, 0x00, 0x00, 0x00, 0x00, 0x84, 0xFF, 0xE4, 0xB0, 0xFF, 0xB4, 0x00, 0x00, 0x00, 0x00, 0x00,
0x00, 0x84, 0xFF, 0xE4, 0xB0, 0xFF, 0xB4, 0x00, 0x00, 0x00, 0x00, 0x00, 0x00, 0x84, 0xFF, 0xE4,
0xB0, 0xFF, 0xB4, 0x00, 0x00, 0x00, 0x00, 0x00, 0x00, 0x84, 0xFF, 0xE4, 0xB0, 0xFF, 0xFF, 0xFF,
0xFF, 0xFF, 0xFF, 0xFF, 0xFF, 0xFF, 0xFF, 0xE4, 0xB0, 0xFF, 0xFF, 0xFF, 0xFF, 0xFF, 0xFF, 0xFF,
0xFF, 0xFF, 0xFF, 0xE4, 0xB0, 0xFF, 0xB4, 0x00, 0x00, 0x00, 0x00, 0x00, 0x00, 0x84, 0xFF, 0xE4,
0xB0, 0xFF, 0xB4, 0x00, 0x00, 0x00, 0x00, 0x00, 0x00, 0x84, 0xFF, 0xE4, 0xB0, 0xFF, 0xB4, 0x00,
0x00, 0x00, 0x00, 0x00, 0x00, 0x84, 0xFF, 0xE4, 0xB0, 0xFF, 0xB4, 0x00, 0x00, 0x00, 0x00, 0x00,
0x00, 0x84, 0xFF, 0xE4, 0xB0, 0xFF, 0xB4, 0x00, 0x00, 0x00, 0x00, 0x00, 0x00, 0x84, 0xFF, 0xE4,
0xB0, 0xFF, 0xB4, 0x00, 0x00, 0x00, 0x00, 0x00, 0x00, 0x84, 0xFF, 0xE4, 0xB0, 0xFF, 0xB4, 0x00,
0x00, 0x00, 0x00, 0x00, 0x00, 0x84, 0xFF, 0xE4, 0x00, 0x00, 0x00, 0x24, 0x95, 0xD8, 0xF4, 0xF5,
0xDC, 0x9A, 0x2C, 0x00, 0x00, 0x00, 0x00, 0x00, 0x5F, 0xFA, 0xFF, 0xFF, 0xFF, 0xFF, 0xFF, 0xFF,
0xFC, 0x70, 0x00, 0x00, 0x00, 0x3D, 0xFD, 0xFF, 0xCD, 0x44, 0x0C, 0x0D, 0x49, 0xD6, 0xFF, 0xFF,
0x4F, 0x00, 0x00, 0xC9, 0xFF, 0xDD, 0x0D, 0x00, 0x00, 0x00, 0x00, 0x12, 0xE0, 0xFF, 0xDB, 0x01,
0x25, 0xFF, 0xFF, 0x67, 0x00, 0x00, 0x00, 0x00, 0x00, 0x00, 0x66, 0xFF, 0xFF, 0x37, 0x5C, 0xFF,
0xFF, 0x22, 0x00, 0x00, 0x00, 0x00, 0x00, 0x00, 0x1C, 0xFF, 0xFF, 0x6E, 0x79, 0xFF, 0xFE, 0x02,
0x00, 0x00, 0x00, 0x00, 0x00, 0x00, 0x02, 0xFA, 0xFF, 0x8C, 0x84, 0xFF, 0xF8, 0x00, 0x00, 0x00,
0x00, 0x00, 0x00, 0x00, 0x00, 0xE5, 0xFF, 0x97, 0x79, 0xFF, 0xFF, 0x0E, 0x00, 0x00, 0x00, 0x00,
0x00, 0x00, 0x00, 0xED, 0xFF, 0x8B, 0x5B, 0xFF, 0xFF, 0x2F, 0x00, 0x00, 0x00, 0x00, 0x00, 0x00,
0x10, 0xFF, 0xFF, 0x6F, 0x24, 0xFF, 0xFF, 0x8A, 0x00, 0x00, 0x00, 0x00, 0x00, 0x00, 0x54, 0xFF,
0xFF, 0x38, 0x00, 0xC8, 0xFF, 0xEE, 0x1D, 0x00, 0x00, 0x00, 0x00, 0x07, 0xCF, 0xFF, 0xDA, 0x01,
0x00, 0x3D, 0xFE, 0xFF, 0xE0, 0x52, 0x0F, 0x09, 0x3C, 0xC1, 0xFF, 0xFF, 0x4E, 0x00, 0x00, 0x00,
0x60, 0xFA, 0xFF, 0xFF, 0xFF, 0xFF, 0xFF, 0xFF, 0xFD, 0x71, 0x00, 0x00, 0x00, 0x00, 0x00, 0x25,
0x95, 0xD8, 0xF4, 0xF6, 0xDD, 0x9D, 0x2E, 0x00, 0x00, 0x00, 0xB0, 0xFF, 0xFF, 0xFF, 0xFF, 0xFF,
0xFF, 0xFF, 0xFF, 0xFF, 0xFF, 0xBC, 0xB0, 0xFF, 0xFF, 0xFF, 0xFF, 0xFF, 0xFF, 0xFF, 0xFF, 0xFF,
0xFF, 0xBC, 0xB0, 0xFF, 0xB4, 0x00, 0x00, 0x00, 0x00, 0x00, 0x00, 0xA8, 0xFF, 0xBC, 0xB0, 0xFF,
0xB4, 0x00, 0x00, 0x00, 0x00, 0x00, 0x00, 0xA8, 0xFF, 0xBC, 0xB0, 0xFF, 0xB4, 0x00, 0x00, 0x00,
0x00, 0x00, 0x00, 0xA8, 0xFF, 0xBC, 0xB0, 0xFF, 0xB4, 0x00, 0x00, 0x00, 0x00, 0x00, 0x00, 0xA8,
0xFF, 0xBC, 0xB0, 0xFF, 0xB4, 0x00, 0x00, 0x00, 0x00, 0x00, 0x00, 0xA8, 0xFF, 0xBC, 0xB0, 0xFF,
0xB4, 0x00, 0x00, 0x00, 0x00, 0x00, 0x00, 0xA8, 0xFF, 0xBC, 0xB0, 0xFF, 0xB4, 0x00, 0x00, 0x00,
0x00, 0x00, 0x00, 0xA8, 0xFF, 0xBC, 0xB0, 0xFF, 0xB4, 0x00, 0x00, 0x00, 0x00, 0x00, 0x00, 0xA8,
0xFF, 0xBC, 0xB0, 0xFF, 0xB4, 0x00, 0x00, 0x00, 0x00, 0x00, 0x00, 0xA8, 0xFF, 0xBC, 0xB0, 0xFF,
0xB4, 0x00, 0x00, 0x00, 0x00, 0x00, 0x00, 0xA8, 0xFF, 0xBC, 0xB0, 0xFF, 0xB4, 0x00, 0x00, 0x00,
0x00, 0x00, 0x00, 0xA8, 0xFF, 0xBC, 0xB0, 0xFF, 0xB4, 0x00, 0x00, 0x00, 0x00, 0x00, 0x00, 0xA8,
0xFF, 0xBC, 0xB0, 0xFF, 0xB4, 0x00, 0x00, 0x00, 0x00, 0x00, 0x00, 0xA8, 0xFF, 0xBC, 0x81, 0xBA,
0x09, 0x0D, 0x84, 0xD6, 0xF7, 0xF2, 0xD0, 0x84, 0x13, 0x00, 0x00, 0xB0, 0xFF, 0x5B, 0xDC, 0xFF,
0xFF, 0xFF, 0xFF, 0xFF, 0xFF, 0xE3, 0x27, 0x00, 0xB0, 0xFF, 0xFD, 0xF7, 0x78, 0x1F, 0x07, 0x28,
0x99, 0xFF, 0xFF, 0xCC, 0x00, 0xB0, 0xFF, 0xFF, 0x62, 0x00, 0x00, 0x00, 0x00, 0x00, 0x9D, 0xFF,
0xFF, 0x3C, 0xB0, 0xFF, 0xE5, 0x02, 0x00, 0x00, 0x00, 0x00, 0x00, 0x20, 0xFF, 0xFF, 0x80, 0xB0,
0xFF, 0xB4, 0x00, 0x00, 0x00, 0x00, 0x00, 0x00, 0x00, 0xE8, 0xFF, 0xA9, 0xB0, 0xFF, 0xB4, 0x00,
0x00, 0x00, 0x00, 0x00, 0x00, 0x00, 0xCE, 0xFF, 0xBA, 0xB0, 0xFF, 0xB4, 0x00, 0x00, 0x00, 0x00,
0x00, 0x00, 0x00, 0xC1, 0xFF, 0xBD, 0xB0, 0xFF, 0xB4, 0x00, 0x00, 0x00, 0x00, 0x00, 0x00, 0x00,
0xD3, 0xFF, 0xAB, 0xB0, 0xFF, 0xB4, 0x00, 0x00, 0x00, 0x00, 0x00, 0x00, 0x08, 0xF9, 0xFF, 0x80,
0xB0, 0xFF, 0xB4, 0x00, 0x00, 0x00, 0x00, 0x00, 0x00, 0x5B, 0xFF, 0xFF, 0x3A, 0xB0, 0xFF, 0xB4,
0x00, 0x00, 0x00, 0x00, 0x00, 0x17, 0xE2, 0xFF, 0xCA, 0x00, 0xB0, 0xFF, 0xED, 0x6C, 0x19, 0x04,
0x12, 0x58, 0xDE, 0xFF, 0xF7, 0x2F, 0x00, 0xB0, 0xFF, 0xFF, 0xFF, 0xFF, 0xFF, 0xFF, 0xFF, 0xFF,
0xED, 0x41, 0x00, 0x00, 0xB0, 0xFF, 0xD7, 0xAF, 0xEC, 0xFD, 0xF1, 0xCD, 0x7F, 0x11, 0x00, 0x00,
0x00, 0xB0, 0xFF, 0xB4, 0x00, 0x00, 0x00, 0x00, 0x00, 0x00, 0x00, 0x00, 0x00, 0x00, 0xB0, 0xFF,
0xB4, 0x00, 0x00, 0x00, 0x00, 0x00, 0x00, 0x00, 0x00, 0x00, 0x00, 0xB0, 0xFF, 0xB4, 0x00, 0x00,
0x00, 0x00, 0x00, 0x00, 0x00, 0x00, 0x00, 0x00, 0xB0, 0xFF, 0xB4, 0x00, 0x00, 0x00, 0x00, 0x00,
0x00, 0x00, 0x00, 0x00, 0x00, 0xB0, 0xFF, 0xB4, 0x00, 0x00, 0x00, 0x00, 0x00, 0x00, 0x00, 0x00,
0x00, 0x00, 0xB0, 0xFF, 0xB4, 0x00, 0x00, 0x00, 0x00, 0x00, 0x00, 0x00, 0x00, 0x00, 0x00, 0x00,
0x00, 0x00, 0x27, 0x98, 0xDA, 0xF5, 0xF8, 0xE4, 0xAE, 0x4C, 0x02, 0x00, 0x00, 0x63, 0xFB, 0xFF,
0xFF, 0xFF, 0xFF, 0xFF, 0xFF, 0xFB, 0x14, 0x00, 0x40, 0xFE, 0xFF, 0xD8, 0x51, 0x11, 0x06, 0x26,
0x7F, 0xA5, 0x00, 0x00, 0xCB, 0xFF, 0xE4, 0x13, 0x00, 0x00, 0x00, 0x00, 0x00, 0x00, 0x00, 0x26,
0xFF, 0xFF, 0x6D, 0x00, 0x00, 0x00, 0x00, 0x00, 0x00, 0x00, 0x00, 0x5D, 0xFF, 0xFF, 0x25, 0x00,
0x00, 0x00, 0x00, 0x00, 0x00, 0x00, 0x00, 0x79, 0xFF, 0xFE, 0x02, 0x00, 0x00, 0x00, 0x00, 0x00,
0x00, 0x00, 0x00, 0x84, 0xFF, 0xF8, 0x00, 0x00, 0x00, 0x00, 0x00, 0x00, 0x00, 0x00, 0x00, 0x7B,
0xFF, 0xFF, 0x0E, 0x00, 0x00, 0x00, 0x00, 0x00, 0x00, 0x00, 0x00, 0x60, 0xFF, 0xFF, 0x2E, 0x00,
0x00, 0x00, 0x00, 0x00, 0x00, 0x00, 0x00, 0x30, 0xFF, 0xFF, 0x7F, 0x00, 0x00, 0x00, 0x00, 0x00,
0x00, 0x00, 0x00, 0x00, 0xDC, 0xFF, 0xF0, 0x27, 0x00, 0x00, 0x00, 0x00, 0x00, 0x00, 0x00, 0x00,
0x5A, 0xFF, 0xFF, 0xEB, 0x66, 0x19, 0x05, 0x1A, 0x5D, 0xC1, 0x07, 0x00, 0x00, 0x85, 0xFF, 0xFF,
0xFF, 0xFF, 0xFF, 0xFF, 0xFF, 0xFF, 0x59, 0x00, 0x00, 0x00, 0x3D, 0xA7, 0xE2, 0xF8, 0xEF, 0xD7,
0xB5, 0x6E, 0x10, 0xF0, 0xFF, 0xFF, 0xFF, 0xFF, 0xFF, 0xFF, 0xFF, 0xFF, 0xFF, 0xFF, 0xE0, 0xF0,
0xFF, 0xFF, 0xFF, 0xFF, 0xFF, 0xFF, 0xFF, 0xFF, 0xFF, 0xFF, 0xE0, 0x00, 0x00, 0x00, 0x00, 0x3C,
0xFF, 0xFF, 0x2C, 0x00, 0x00, 0x00, 0x00, 0x00, 0x00, 0x00, 0x00, 0x3C, 0xFF, 0xFF, 0x2C, 0x00,
0x00, 0x00, 0x00, 0x00, 0x00, 0x00, 0x00, 0x3C, 0xFF, 0xFF, 0x2C, 0x00, 0x00, 0x00, 0x00, 0x00,
0x00, 0x00, 0x00, 0x3C, 0xFF, 0xFF, 0x2C, 0x00, 0x00, 0x00, 0x00, 0x00, 0x00, 0x00, 0x00, 0x3C,
0xFF, 0xFF, 0x2C, 0x00, 0x00, 0x00, 0x00, 0x00, 0x00, 0x00, 0x00, 0x3C, 0xFF, 0xFF, 0x2C, 0x00,
0x00, 0x00, 0x00, 0x00, 0x00, 0x00, 0x00, 0x3C, 0xFF, 0xFF, 0x2C, 0x00, 0x00, 0x00, 0x00, 0x00,
0x00, 0x00, 0x00, 0x3C, 0xFF, 0xFF, 0x2C, 0x00, 0x00, 0x00, 0x00, 0x00, 0x00, 0x00, 0x00, 0x3C,
0xFF, 0xFF, 0x2C, 0x00, 0x00, 0x00, 0x00, 0x00, 0x00, 0x00, 0x00, 0x3C, 0xFF, 0xFF, 0x2C, 0x00,
0x00, 0x00, 0x00, 0x00, 0x00, 0x00, 0x00, 0x3C, 0xFF, 0xFF, 0x2C, 0x00, 0x00, 0x00, 0x00, 0x00,
0x00, 0x00, 0x00, 0x3C, 0xFF, 0xFF, 0x2C, 0x00, 0x00, 0x00, 0x00, 0x00, 0x00, 0x00, 0x00, 0x3C,
0xFF, 0xFF, 0x2C, 0x00, 0x00, 0x00, 0x00, 0x71, 0xFF, 0xFF, 0x4F, 0x00, 0x00, 0x00, 0x00, 0x00,
0x00, 0x00, 0xDE, 0xFF, 0x89, 0x11, 0xF7, 0xFF, 0xAE, 0x00, 0x00, 0x00, 0x00, 0x00, 0x00, 0x2C,
0xFF, 0xFF, 0x34, 0x00, 0xA1, 0xFF, 0xFA, 0x13, 0x00, 0x00, 0x00, 0x00, 0x00, 0x79, 0xFF, 0xDF,
0x00, 0x00, 0x39, 0xFF, 0xFF, 0x6D, 0x00, 0x00, 0x00, 0x00, 0x00, 0xC7, 0xFF, 0x8A, 0x00, 0x00,
0x00, 0xD1, 0xFF, 0xCC, 0x00, 0x00, 0x00, 0x00, 0x16, 0xFD, 0xFF, 0x35, 0x00, 0x00, 0x00, 0x6A,
0xFF, 0xFF, 0x2B, 0x00, 0x00, 0x00, 0x61, 0xFF, 0xE0, 0x00, 0x00, 0x00, 0x00, 0x0E, 0xF4, 0xFF,
0x8A, 0x00, 0x00, 0x00, 0xAF, 0xFF, 0x8B, 0x00, 0x00, 0x00, 0x00, 0x00, 0x9B, 0xFF, 0xE6, 0x03,
0x00, 0x07, 0xF4, 0xFF, 0x36, 0x00, 0x00, 0x00, 0x00, 0x00, 0x33, 0xFF, 0xFF, 0x49, 0x00, 0x49,
0xFF, 0xE0, 0x00, 0x00, 0x00, 0x00, 0x00, 0x00, 0x00, 0xCB, 0xFF, 0xA7, 0x00, 0x95, 0xFF, 0x8C,
0x00, 0x00, 0x00, 0x00, 0x00, 0x00, 0x00, 0x64, 0xFF, 0xF1, 0x05, 0xD4, 0xFF, 0x37, 0x00, 0x00,
0x00, 0x00, 0x00, 0x00, 0x00, 0x0B, 0xF0, 0xFF, 0x54, 0xFE, 0xE1, 0x01, 0x00, 0x00, 0x00, 0x00,
0x00, 0x00, 0x00, 0x00, 0x94, 0xFF, 0xDB, 0xFF, 0x8D, 0x00, 0x00, 0x00, 0x00, 0x00, 0x00, 0x00,
0x00, 0x00, 0x2D, 0xFF, 0xFF, 0xFF, 0x38, 0x00, 0x00, 0x00, 0x00, 0x00, 0x00, 0x00, 0x00, 0x00,
0x00, 0xC5, 0xFF, 0xDD, 0x00, 0x00, 0x00, 0x00, 0x00, 0x00, 0x00, 0x00, 0x00, 0x00, 0x00, 0xC5,
0xFF, 0x83, 0x00, 0x00, 0x00, 0x00, 0x00, 0x00, 0x00, 0x00, 0x00, 0x00, 0x18, 0xFC, 0xFE, 0x25,
0x00, 0x00, 0x00, 0x00, 0x00, 0x00, 0x00, 0x00, 0x00, 0x00, 0x8A, 0xFF, 0xB9, 0x00, 0x00, 0x00,
0x00, 0x00, 0x00, 0x00, 0x00, 0x09, 0x0F, 0x6E, 0xFC, 0xFE, 0x3A, 0x00, 0x00, 0x00, 0x00, 0x00,
0x00, 0x00, 0x00, 0x6A, 0xFF, 0xFF, 0xFF, 0x93, 0x00, 0x00, 0x00, 0x00, 0x00, 0x00, 0x00, 0x00,
0x00, 0x81, 0xF5, 0xED, 0x89, 0x03, 0x00, 0x00, 0x00, 0x00, 0x00, 0x00, 0x00, 0x00, 0x00, 0x00,
0x00, 0x00, 0x00, 0x00, 0x00, 0xF0, 0xFF, 0x58, 0x00, 0x00, 0x00, 0x00, 0x00, 0x00, 0x00, 0x00,
0x00, 0x00, 0x00, 0x00, 0x00, 0x00, 0x00, 0x00, 0xF0, 0xFF, 0x58, 0x00, 0x00, 0x00, 0x00, 0x00,
0x00, 0x00, 0x00, 0x00, 0x00, 0x00, 0x00, 0x00, 0x00, 0x00, 0x00, 0xF0, 0xFF, 0x58, 0x00, 0x00,
0x00, 0x00, 0x00, 0x00, 0x00, 0x00, 0x00, 0x00, 0x00, 0x00, 0x00, 0x00, 0x00, 0x00, 0xF0, 0xFF,
0x58, 0x00, 0x00, 0x00, 0x00, 0x00, 0x00, 0x00, 0x00, 0x00, 0x00, 0x00, 0x00, 0x00, 0x00, 0x00,
0x00, 0xF0, 0xFF, 0x58, 0x00, 0x00, 0x00, 0x00, 0x00, 0x00, 0x00, 0x00, 0x00, 0x00, 0x00, 0x00,
0x00, 0x00, 0x00, 0x00, 0xF0, 0xFF, 0x58, 0x00, 0x00, 0x00, 0x00, 0x00, 0x00, 0x00, 0x00, 0x00,
0x00, 0x00, 0x4D, 0xB0, 0xE7, 0xFA, 0xEE, 0xFE, 0xFF, 0xEE, 0xF8, 0xF7, 0xDF, 0xA0, 0x2F, 0x00,
0x00, 0x00, 0x00, 0x03, 0xA1, 0xFF, 0xFF, 0xFF, 0xFF, 0xFF, 0xFF, 0xFF, 0xFF, 0xFF, 0xFF, 0xFF,
0xFF, 0xFB, 0x61, 0x00, 0x00, 0x00, 0x7C, 0xFF, 0xFF, 0xA8, 0x2D, 0x06, 0x0C, 0xEA, 0xFF, 0x5E,
0x02, 0x14, 0x5B, 0xE5, 0xFF, 0xF9, 0x27, 0x00, 0x0D, 0xF3, 0xFF, 0xAA, 0x00, 0x00, 0x00, 0x00,
0xE8, 0xFF, 0x50, 0x00, 0x00, 0x00, 0x2D, 0xFC, 0xFF, 0x90, 0x00, 0x56, 0xFF, 0xFF, 0x27, 0x00,
0x00, 0x00, 0x00, 0xE8, 0xFF, 0x50, 0x00, 0x00, 0x00, 0x00, 0xB3, 0xFF, 0xD2, 0x00, 0x8A, 0xFF,
0xE3, 0x00, 0x00, 0x00, 0x00, 0x00, 0xE8, 0xFF, 0x50, 0x00, 0x00, 0x00, 0x00, 0x74, 0xFF, 0xFA,
0x00, 0xA2, 0xFF, 0xC3, 0x00, 0x00, 0x00, 0x00, 0x00, 0xE8, 0xFF, 0x50, 0x00, 0x00, 0x00, 0x00,
0x59, 0xFF, 0xFF, 0x0A, 0xAC, 0xFF, 0xBD, 0x00, 0x00, 0x00, 0x00, 0x00, 0xE8, 0xFF, 0x50, 0x00,
0x00, 0x00, 0x00, 0x54, 0xFF, 0xFF, 0x0E, 0xA3, 0xFF, 0xD2, 0x00, 0x00, 0x00, 0x00, 0x00, 0xE8,
0xFF, 0x50, 0x00, 0x00, 0x00, 0x00, 0x64, 0xFF, 0xFD, 0x01, 0x8C, 0xFF, 0xEE, 0x00, 0x00, 0x00,
0x00, 0x00, 0xE8, 0xFF, 0x50, 0x00, 0x00, 0x00, 0x00, 0x8A, 0xFF, 0xDA, 0x00, 0x5F, 0xFF, 0xFF,
0x36, 0x00, 0x00, 0x00, 0x00, 0xE8, 0xFF, 0x50, 0x00, 0x00, 0x00, 0x00, 0xD3, 0xFF, 0xA1, 0x00,
0x17, 0xFC, 0xFF, 0xB9, 0x01, 0x00, 0x00, 0x00, 0xE8, 0xFF, 0x50, 0x00, 0x00, 0x00, 0x56, 0xFF,
0xFF, 0x45, 0x00, 0x00, 0x9F, 0xFF, 0xFF, 0xAD, 0x2D, 0x05, 0x0F, 0xEB, 0xFF, 0x58, 0x01, 0x15,
0x6B, 0xF4, 0xFF, 0xBB, 0x00, 0x00, 0x00, 0x10, 0xCD, 0xFF, 0xFF, 0xFF, 0xFF, 0xFF, 0xFF, 0xFF,
0xFF, 0xFF, 0xFF, 0xFF, 0xFF, 0xCF, 0x14, 0x00, 0x00, 0x00, 0x00, 0x08, 0x78, 0xD0, 0xF5, 0xFB,
0xE0, 0xFC, 0xFF, 0xE8, 0xF9, 0xF3, 0xCD, 0x74, 0x06, 0x00, 0x00, 0x00, 0x00, 0x00, 0x00, 0x00,
0x00, 0x00, 0x00, 0x00, 0xF0, 0xFF, 0x58, 0x00, 0x00, 0x00, 0x00, 0x00, 0x00, 0x00, 0x00, 0x00,
0x00, 0x00, 0x00, 0x00, 0x00, 0x00, 0x00, 0xF0, 0xFF, 0x58, 0x00, 0x00, 0x00, 0x00, 0x00, 0x00,
0x00, 0x00, 0x00, 0x00, 0x00, 0x00, 0x00, 0x00, 0x00, 0x00, 0xF0, 0xFF, 0x58, 0x00, 0x00, 0x00,
0x00, 0x00, 0x00, 0x00, 0x00, 0x00, 0x00, 0x00, 0x00, 0x00, 0x00, 0x00, 0x00, 0xF0, 0xFF, 0x58,
0x00, 0x00, 0x00, 0x00, 0x00, 0x00, 0x00, 0x00, 0x00, 0x00, 0x00, 0x00, 0x00, 0x00, 0x00, 0x00,
0xF0, 0xFF, 0x58, 0x00, 0x00, 0x00, 0x00, 0x00, 0x00, 0x00, 0x00, 0x00, 0x00, 0x00, 0x00, 0x00,
0x00, 0x00, 0x00, 0xF0, 0xFF, 0x58, 0x00, 0x00, 0x00, 0x00, 0x00, 0x00, 0x00, 0x00, 0x00, 0x74,
0xFF, 0xFF, 0x7B, 0x00, 0x00, 0x00, 0x00, 0x00, 0x01, 0xBC, 0xFF, 0xE3, 0x11, 0x00, 0x02, 0xC1,
0xFF, 0xFA, 0x30, 0x00, 0x00, 0x00, 0x00, 0x72, 0xFF, 0xFE, 0x42, 0x00, 0x00, 0x00, 0x21, 0xF2,
0xFF, 0xD3, 0x07, 0x00, 0x00, 0x2D, 0xF8, 0xFF, 0x8C, 0x00, 0x00, 0x00, 0x00, 0x00, 0x64, 0xFF,
0xFF, 0x8B, 0x00, 0x07, 0xD2, 0xFF, 0xD1, 0x07, 0x00, 0x00, 0x00, 0x00, 0x00, 0x00, 0xB3, 0xFF,
0xFD, 0x2A, 0x7B, 0xFF, 0xF7, 0x2C, 0x00, 0x00, 0x00, 0x00, 0x00, 0x00, 0x00, 0x17, 0xEB, 0xFF,
0xB4, 0xEF, 0xFF, 0x6F, 0x00, 0x00, 0x00, 0x00, 0x00, 0x00, 0x00, 0x00, 0x00, 0x53, 0xFF, 0xFF,
0xFF, 0xB9, 0x01, 0x00, 0x00, 0x00, 0x00, 0x00, 0x00, 0x00, 0x00, 0x00, 0x0B, 0xEB, 0xFF, 0xFF,
0x77, 0x00, 0x00, 0x00, 0x00, 0x00, 0x00, 0x00, 0x00, 0x00, 0x00, 0x99, 0xFF, 0xEF, 0xFF, 0xF7,
0x29, 0x00, 0x00, 0x00, 0x00, 0x00, 0x00, 0x00, 0x00, 0x4D, 0xFF, 0xFF, 0x41, 0xDE, 0xFF, 0xCC,
0x04, 0x00, 0x00, 0x00, 0x00, 0x00, 0x00, 0x16, 0xE9, 0xFF, 0xAF, 0x00, 0x5C, 0xFF, 0xFF, 0x81,
0x00, 0x00, 0x00, 0x00, 0x00, 0x00, 0xB3, 0xFF, 0xE8, 0x16, 0x00, 0x00, 0xAE, 0xFF, 0xFB, 0x35,
0x00, 0x00, 0x00, 0x00, 0x67, 0xFF, 0xFF, 0x4A, 0x00, 0x00, 0x00, 0x14, 0xE7, 0xFF, 0xD8, 0x09,
0x00, 0x00, 0x25, 0xF4, 0xFF, 0x93, 0x00, 0x00, 0x00, 0x00, 0x00, 0x49, 0xFF, 0xFF, 0x93, 0x00,
0x04, 0xC9, 0xFF, 0xD5, 0x09, 0x00, 0x00, 0x00, 0x00, 0x00, 0x00, 0x95, 0xFF, 0xFE, 0x44, 0xB0,
0xFF, 0xB4, 0x00, 0x00, 0x00, 0x00, 0x00, 0x00, 0xC8, 0xFF, 0xA0, 0x00, 0x00, 0xB0, 0xFF, 0xB4,
0x00, 0x00, 0x00, 0x00, 0x00, 0x00, 0xC8, 0xFF, 0xA0, 0x00, 0x00, 0xB0, 0xFF, 0xB4, 0x00, 0x00,
0x00, 0x00, 0x00, 0x00, 0xC8, 0xFF, 0xA0, 0x00, 0x00, 0xB0, 0xFF, 0xB4, 0x00, 0x00, 0x00, 0x00,
0x00, 0x00, 0xC8, 0xFF, 0xA0, 0x00, 0x00, 0xB0, 0xFF, 0xB4, 0x00, 0x00, 0x00, 0x00, 0x00, 0x00,
0xC8, 0xFF, 0xA0, 0x00, 0x00, 0xB0, 0xFF, 0xB4, 0x00, 0x00, 0x00, 0x00, 0x00, 0x00, 0xC8, 0xFF,
0xA0, 0x00, 0x00, 0xB0, 0xFF, 0xB4, 0x00, 0x00, 0x00, 0x00, 0x00, 0x00, 0xC8, 0xFF, 0xA0, 0x00,
0x00, 0xB0, 0xFF, 0xB4, 0x00, 0x00, 0x00, 0x00, 0x00, 0x00, 0xC8, 0xFF, 0xA0, 0x00, 0x00, 0xB0,
0xFF, 0xB4, 0x00, 0x00, 0x00, 0x00, 0x00, 0x00, 0xC8, 0xFF, 0xA0, 0x00, 0x00, 0xB0, 0xFF, 0xB4,
0x00, 0x00, 0x00, 0x00, 0x00, 0x00, 0xC8, 0xFF, 0xA0, 0x00, 0x00, 0xB0, 0xFF, 0xB4, 0x00, 0x00,
0x00, 0x00, 0x00, 0x00, 0xC8, 0xFF, 0xA0, 0x00, 0x00, 0xB0, 0xFF, 0xB4, 0x00, 0x00, 0x00, 0x00,
0x00, 0x00, 0xC8, 0xFF, 0xA0, 0x00, 0x00, 0xB0, 0xFF, 0xB4, 0x00, 0x00, 0x00, 0x00, 0x00, 0x00,
0xC8, 0xFF, 0xA0, 0x00, 0x00, 0xB0, 0xFF, 0xFF, 0xFF, 0xFF, 0xFF, 0xFF, 0xFF, 0xFF, 0xFF, 0xFF,
0xFF, 0xFF, 0xC8, 0xB0, 0xFF, 0xFF, 0xFF, 0xFF, 0xFF, 0xFF, 0xFF, 0xFF, 0xFF, 0xFF, 0xFF, 0xFF,
0xC8, 0x00, 0x00, 0x00, 0x00, 0x00, 0x00, 0x00, 0x00, 0x00, 0x00, 0x00, 0x3E, 0xFF, 0xC8, 0x00,
0x00, 0x00, 0x00, 0x00, 0x00, 0x00, 0x00, 0x00, 0x00, 0x00, 0x21, 0xFF, 0xC8, 0x00, 0x00, 0x00,
0x00, 0x00, 0x00, 0x00, 0x00, 0x00, 0x00, 0x00, 0x05, 0xFE, 0xC8, 0x00, 0x00, 0x00, 0x00, 0x00,
0x00, 0x00, 0x00, 0x00, 0x00, 0x00, 0x00, 0xE7, 0xC8, 0x88, 0xFF, 0xE0, 0x00, 0x00, 0x00, 0x00,
0x00, 0x04, 0xFF, 0xFF, 0x64, 0x88, 0xFF, 0xE0, 0x00, 0x00, 0x00, 0x00, 0x00, 0x04, 0xFF, 0xFF,
0x64, 0x88, 0xFF, 0xE0, 0x00, 0x00, 0x00, 0x00, 0x00, 0x04, 0xFF, 0xFF, 0x64, 0x88, 0xFF, 0xE0,
0x00, 0x00, 0x00, 0x00, 0x00, 0x04, 0xFF, 0xFF, 0x64, 0x87, 0xFF, 0xE3, 0x00, 0x00, 0x00, 0x00,
0x00, 0x04, 0xFF, 0xFF, 0x64, 0x7E, 0xFF, 0xF0, 0x00, 0x00, 0x00, 0x00, 0x00, 0x04, 0xFF, 0xFF,
0x64, 0x63, 0xFF, 0xFF, 0x29, 0x00, 0x00, 0x00, 0x00, 0x04, 0xFF, 0xFF, 0x64, 0x25, 0xFF, 0xFF,
0xC8, 0x25, 0x04, 0x12, 0x48, 0xB7, 0xFF, 0xFF, 0x64, 0x00, 0xA6, 0xFF, 0xFF, 0xFF, 0xFF, 0xFF,
0xFF, 0xFF, 0xFF, 0xFF, 0x64, 0x00, 0x06, 0x82, 0xD9, 0xF9, 0xF8, 0xE1, 0xA3, 0x3B, 0xFF, 0xFF,
0x64, 0x00, 0x00, 0x00, 0x00, 0x00, 0x00, 0x00, 0x00, 0x04, 0xFF, 0xFF, 0x64, 0x00, 0x00, 0x00,
0x00, 0x00, 0x00, 0x00, 0x00, 0x04, 0xFF, 0xFF, 0x64, 0x00, 0x00, 0x00, 0x00, 0x00, 0x00, 0x00,
0x00, 0x04, 0xFF, 0xFF, 0x64, 0x00, 0x00, 0x00, 0x00, 0x00, 0x00, 0x00, 0x00, 0x04, 0xFF, 0xFF,
0x64, 0x00, 0x00, 0x00, 0x00, 0x00, 0x00, 0x00, 0x00, 0x04, 0xFF, 0xFF, 0x64, 0xB0, 0xFF, 0xB4,
0x00, 0x00, 0x00, 0x00, 0x28, 0xFF, 0xFF, 0x3C, 0x00, 0x00, 0x00, 0x00, 0xA0, 0xFF, 0xC4, 0xB0,
0xFF, 0xB4, 0x00, 0x00, 0x00, 0x00, 0x28, 0xFF, 0xFF, 0x3C, 0x00, 0x00, 0x00, 0x00, 0xA0, 0xFF,
0xC4, 0xB0, 0xFF, 0xB4, 0x00, 0x00, 0x00, 0x00, 0x28, 0xFF, 0xFF, 0x3C, 0x00, 0x00, 0x00, 0x00,
0xA0, 0xFF, 0xC4, 0xB0, 0xFF, 0xB4, 0x00, 0x00, 0x00, 0x00, 0x28, 0xFF, 0xFF, 0x3C, 0x00, 0x00,
0x00, 0x00, 0xA0, 0xFF, 0xC4, 0xB0, 0xFF, 0xB4, 0x00, 0x00, 0x00, 0x00, 0x28, 0xFF, 0xFF, 0x3C,
0x00, 0x00, 0x00, 0x00, 0xA0, 0xFF, 0xC4, 0xB0, 0xFF, 0xB4, 0x00, 0x00, 0x00, 0x00, 0x28, 0xFF,
0xFF, 0x3C, 0x00, 0x00, 0x00, 0x00, 0xA0, 0xFF, 0xC4, 0xB0, 0xFF, 0xB4, 0x00, 0x00, 0x00, 0x00,
0x28, 0xFF, 0xFF, 0x3C, 0x00, 0x00, 0x00, 0x00, 0xA0, 0xFF, 0xC4, 0xB0, 0xFF, 0xB4, 0x00, 0x00,
0x00, 0x00, 0x28, 0xFF, 0xFF, 0x3C, 0x00, 0x00, 0x00, 0x00, 0xA0, 0xFF, 0xC4, 0xB0, 0xFF, 0xB4,
0x00, 0x00, 0x00, 0x00, 0x28, 0xFF, 0xFF, 0x3C, 0x00, 0x00, 0x00, 0x00, 0xA0, 0xFF, 0xC4, 0xB0,
0xFF, 0xB4, 0x00, 0x00, 0x00, 0x00, 0x28, 0xFF, 0xFF, 0x3C, 0x00, 0x00, 0x00, 0x00, 0xA0, 0xFF,
0xC4, 0xB0, 0xFF, 0xB4, 0x00, 0x00, 0x00, 0x00, 0x28, 0xFF, 0xFF, 0x3C, 0x00, 0x00, 0x00, 0x00,
0xA0, 0xFF, 0xC4, 0xB0, 0xFF, 0xB4, 0x00, 0x00, 0x00, 0x00, 0x28, 0xFF, 0xFF, 0x3C, 0x00, 0x00,
0x00, 0x00, 0xA0, 0xFF, 0xC4, 0xB0, 0xFF, 0xB4, 0x00, 0x00, 0x00, 0x00, 0x28, 0xFF, 0xFF, 0x3C,
0x00, 0x00, 0x00, 0x00, 0xA0, 0xFF, 0xC4, 0xB0, 0xFF, 0xFF, 0xFF, 0xFF, 0xFF, 0xFF, 0xFF, 0xFF,
0xFF, 0xFF, 0xFF, 0xFF, 0xFF, 0xFF, 0xFF, 0xFF, 0xC4, 0xB0, 0xFF, 0xFF, 0xFF, 0xFF, 0xFF, 0xFF,
0xFF, 0xFF, 0xFF, 0xFF, 0xFF, 0xFF, 0xFF, 0xFF, 0xFF, 0xFF, 0xC4, 0xB0, 0xFF, 0xB4, 0x00, 0x00,
0x00, 0x00, 0x28, 0xFF, 0xFF, 0x3C, 0x00, 0x00, 0x00, 0x00, 0xA0, 0xFF, 0xC4, 0x00, 0x00, 0xB0,
0xFF, 0xB4, 0x00, 0x00, 0x00, 0x00, 0x28, 0xFF, 0xFF, 0x3C, 0x00, 0x00, 0x00, 0x00, 0xA0, 0xFF,
0xC4, 0x00, 0x00, 0xB0, 0xFF, 0xB4, 0x00, 0x00, 0x00, 0x00, 0x28, 0xFF, 0xFF, 0x3C, 0x00, 0x00,
0x00, 0x00, 0xA0, 0xFF, 0xC4, 0x00, 0x00, 0xB0, 0xFF, 0xB4, 0x00, 0x00, 0x00, 0x00, 0x28, 0xFF,
0xFF, 0x3C, 0x00, 0x00, 0x00, 0x00, 0xA0, 0xFF, 0xC4, 0x00, 0x00, 0xB0, 0xFF, 0xB4, 0x00, 0x00,
0x00, 0x00, 0x28, 0xFF, 0xFF, 0x3C, 0x00, 0x00, 0x00, 0x00, 0xA0, 0xFF, 0xC4, 0x00, 0x00, 0xB0,
0xFF, 0xB4, 0x00, 0x00, 0x00, 0x00, 0x28, 0xFF, 0xFF, 0x3C, 0x00, 0x00, 0x00, 0x00, 0xA0, 0xFF,
0xC4, 0x00, 0x00, 0xB0, 0xFF, 0xB4, 0x00, 0x00, 0x00, 0x00, 0x28, 0xFF, 0xFF, 0x3C, 0x00, 0x00,
0x00, 0x00, 0xA0, 0xFF, 0xC4, 0x00, 0x00, 0xB0, 0xFF, 0xB4, 0x00, 0x00, 0x00, 0x00, 0x28, 0xFF,
0xFF, 0x3C, 0x00, 0x00, 0x00, 0x00, 0xA0, 0xFF, 0xC4, 0x00, 0x00, 0xB0, 0xFF, 0xB4, 0x00, 0x00,
0x00, 0x00, 0x28, 0xFF, 0xFF, 0x3C, 0x00, 0x00, 0x00, 0x00, 0xA0, 0xFF, 0xC4, 0x00, 0x00, 0xB0,
0xFF, 0xB4, 0x00, 0x00, 0x00, 0x00, 0x28, 0xFF, 0xFF, 0x3C, 0x00, 0x00, 0x00, 0x00, 0xA0, 0xFF,
0xC4, 0x00, 0x00, 0xB0, 0xFF, 0xB4, 0x00, 0x00, 0x00, 0x00, 0x28, 0xFF, 0xFF, 0x3C, 0x00, 0x00,
0x00, 0x00, 0xA0, 0xFF, 0xC4, 0x00, 0x00, 0xB0, 0xFF, 0xB4, 0x00, 0x00, 0x00, 0x00, 0x28, 0xFF,
0xFF, 0x3C, 0x00, 0x00, 0x00, 0x00, 0xA0, 0xFF, 0xC4, 0x00, 0x00, 0xB0, 0xFF, 0xB4, 0x00, 0x00,
0x00, 0x00, 0x28, 0xFF, 0xFF, 0x3C, 0x00, 0x00, 0x00, 0x00, 0xA0, 0xFF, 0xC4, 0x00, 0x00, 0xB0,
0xFF, 0xFF, 0xFF, 0xFF, 0xFF, 0xFF, 0xFF, 0xFF, 0xFF, 0xFF, 0xFF, 0xFF, 0xFF, 0xFF, 0xFF, 0xFF,
0xFF, 0xFF, 0xF0, 0xB0, 0xFF, 0xFF, 0xFF, 0xFF, 0xFF, 0xFF, 0xFF, 0xFF, 0xFF, 0xFF, 0xFF, 0xFF,
0xFF, 0xFF, 0xFF, 0xFF, 0xFF, 0xFF, 0xF0, 0x00, 0x00, 0x00, 0x00, 0x00, 0x00, 0x00, 0x00, 0x00,
0x00, 0x00, 0x00, 0x00, 0x00, 0x00, 0x00, 0x00, 0x16, 0xFF, 0xF0, 0x00, 0x00, 0x00, 0x00, 0x00,
0x00, 0x00, 0x00, 0x00, 0x00, 0x00, 0x00, 0x00, 0x00, 0x00, 0x00, 0x00, 0x00, 0xF8, 0xF0, 0x00,
0x00, 0x00, 0x00, 0x00, 0x00, 0x00, 0x00, 0x00, 0x00, 0x00, 0x00, 0x00, 0x00, 0x00, 0x00, 0x00,
0x00, 0xDC, 0xF0, 0x00, 0x00, 0x00, 0x00, 0x00, 0x00, 0x00, 0x00, 0x00, 0x00, 0x00, 0x00, 0x00,
0x00, 0x00, 0x00, 0x00, 0x00, 0xBF, 0xF0, 0xF8, 0xFF, 0xFF, 0xFF, 0xFF, 0xBC, 0x00, 0x00, 0x00,
0x00, 0x00, 0x00, 0x00, 0x00, 0xF8, 0xFF, 0xFF, 0xFF, 0xFF, 0xBC, 0x00, 0x00, 0x00, 0x00, 0x00,
0x00, 0x00, 0x00, 0x00, 0x00, 0x00, 0xAC, 0xFF, 0xBC, 0x00, 0x00, 0x00, 0x00, 0x00, 0x00, 0x00,
0x00, 0x00, 0x00, 0x00, 0xAC, 0xFF, 0xBC, 0x00, 0x00, 0x00, 0x00, 0x00, 0x00, 0x00, 0x00, 0x00,
0x00, 0x00, 0xAC, 0xFF, 0xBC, 0x00, 0x00, 0x00, 0x00, 0x00, 0x00, 0x00, 0x00, 0x00, 0x00, 0x00,
0xAC, 0xFF, 0xF2, 0xE0, 0xF7, 0xFB, 0xEC, 0xBF, 0x6A, 0x06, 0x00, 0x00, 0x00, 0x00, 0xAC, 0xFF,
0xFF, 0xFF, 0xFF, 0xFF, 0xFF, 0xFF, 0xFF, 0xC9, 0x0D, 0x00, 0x00, 0x00, 0xAC, 0xFF, 0xC9, 0x17,
0x03, 0x14, 0x41, 0xC6, 0xFF, 0xFF, 0x8B, 0x00, 0x00, 0x00, 0xAC, 0xFF, 0xBC, 0x00, 0x00, 0x00,
0x00, 0x0B, 0xDE, 0xFF, 0xE0, 0x00, 0x00, 0x00, 0xAC, 0xFF, 0xBC, 0x00, 0x00, 0x00, 0x00, 0x00,
0x92, 0xFF, 0xFD, 0x00, 0x00, 0x00, 0xAC, 0xFF, 0xBC, 0x00, 0x00, 0x00, 0x00, 0x00, 0x94, 0xFF,
0xF1, 0x00, 0x00, 0x00, 0xAC, 0xFF, 0xBC, 0x00, 0x00, 0x00, 0x00, 0x0A, 0xDC, 0xFF, 0xC2, 0x00,
0x00, 0x00, 0xAC, 0xFF, 0xC7, 0x1D, 0x07, 0x14, 0x40, 0xC0, 0xFF, 0xFF, 0x5D, 0x00, 0x00, 0x00,
0xAC, 0xFF, 0xFF, 0xFF, 0xFF, 0xFF, 0xFF, 0xFF, 0xFF, 0x93, 0x01, 0x00, 0x00, 0x00, 0x92, 0xE7,
0xF4, 0xFC, 0xFD, 0xF1, 0xD2, 0x9A, 0x3B, 0x00, 0x00, 0xB0, 0xFF, 0xB4, 0x00, 0x00, 0x00, 0x00,
0x00, 0x00, 0x00, 0x00, 0x00, 0x00, 0xE8, 0xFF, 0x7C, 0xB0, 0xFF, 0xB4, 0x00, 0x00, 0x00, 0x00,
0x00, 0x00, 0x00, 0x00, 0x00, 0x00, 0xE8, 0xFF, 0x7C, 0xB0, 0xFF, 0xB4, 0x00, 0x00, 0x00, 0x00,
0x00, 0x00, 0x00, 0x00, 0x00, 0x00, 0xE8, 0xFF, 0x7C, 0xB0, 0xFF, 0xB4, 0x00, 0x00, 0x00, 0x00,
0x00, 0x00, 0x00, 0x00, 0x00, 0x00, 0xE8, 0xFF, 0x7C, 0xB0, 0xFF, 0xB4, 0x00, 0x00, 0x00, 0x00,
0x00, 0x00, 0x00, 0x00, 0x00, 0x00, 0xE8, 0xFF, 0x7C, 0xB0, 0xFF, 0xF0, 0xE1, 0xF7, 0xFB, 0xEB,
0xBB, 0x5E, 0x01, 0x00, 0x00, 0x00, 0xE8, 0xFF, 0x7C, 0xB0, 0xFF, 0xFF, 0xFF, 0xFF, 0xFF, 0xFF,
0xFF, 0xFF, 0xAA, 0x01, 0x00, 0x00, 0xE8, 0xFF, 0x7C, 0xB0, 0xFF, 0xC2, 0x16, 0x03, 0x0A, 0x3E,
0xCF, 0xFF, 0xFF, 0x50, 0x00, 0x00, 0xE8, 0xFF, 0x7C, 0xB0, 0xFF, 0xB4, 0x00, 0x00, 0x00, 0x00,
0x24, 0xFB, 0xFF, 0x99, 0x00, 0x00, 0xE8, 0xFF, 0x7C, 0xB0, 0xFF, 0xB4, 0x00, 0x00, 0x00, 0x00,
0x00, 0xD6, 0xFF, 0xB2, 0x00, 0x00, 0xE8, 0xFF, 0x7C, 0xB0, 0xFF, 0xB4, 0x00, 0x00, 0x00, 0x00,
0x00, 0xD8, 0xFF, 0xA6, 0x00, 0x00, 0xE8, 0xFF, 0x7C, 0xB0, 0xFF, 0xB4, 0x00, 0x00, 0x00, 0x00,
0x21, 0xFB, 0xFF, 0x7B, 0x00, 0x00, 0xE8, 0xFF, 0x7C, 0xB0, 0xFF, 0xC1, 0x1D, 0x07, 0x0A, 0x3C,
0xCA, 0xFF, 0xFB, 0x22, 0x00, 0x00, 0xE8, 0xFF, 0x7C, 0xB0, 0xFF, 0xFF, 0xFF, 0xFF, 0xFF, 0xFF,
0xFF, 0xFC, 0x67, 0x00, 0x00, 0x00, 0xE8, 0xFF, 0x7C, 0x94, 0xE1, 0xEC, 0xF7, 0xFC, 0xF0, 0xD0,
0x94, 0x2D, 0x00, 0x00, 0x00, 0x00, 0xE8, 0xFF, 0x7C, 0xB0, 0xFF, 0xB4, 0x00, 0x00, 0x00, 0x00,
0x00, 0x00, 0x00, 0x00, 0xB0, 0xFF, 0xB4, 0x00, 0x00, 0x00, 0x00, 0x00, 0x00, 0x00, 0x00, 0xB0,
0xFF, 0xB4, 0x00, 0x00, 0x00, 0x00, 0x00, 0x00, 0x00, 0x00, 0xB0, 0xFF, 0xB4, 0x00, 0x00, 0x00,
0x00, 0x00, 0x00, 0x00, 0x00, 0xB0, 0xFF, 0xB4, 0x00, 0x00, 0x00, 0x00, 0x00, 0x00, 0x00, 0x00,
0xB0, 0xFF, 0xF0, 0xE1, 0xF7, 0xFB, 0xEC, 0xBF, 0x6A, 0x06, 0x00, 0xB0, 0xFF, 0xFF, 0xFF, 0xFF,
0xFF, 0xFF, 0xFF, 0xFF, 0xC9, 0x0D, 0xB0, 0xFF, 0xC2, 0x16, 0x03, 0x13, 0x40, 0xC4, 0xFF, 0xFF,
0x8F, 0xB0, 0xFF, 0xB4, 0x00, 0x00, 0x00, 0x00, 0x0A, 0xDC, 0xFF, 0xE2, 0xB0, 0xFF, 0xB4, 0x00,
0x00, 0x00, 0x00, 0x00, 0x8E, 0xFF, 0xFD, 0xB0, 0xFF, 0xB4, 0x00, 0x00, 0x00, 0x00, 0x00, 0x90,
0xFF, 0xF1, 0xB0, 0xFF, 0xB4, 0x00, 0x00, 0x00, 0x00, 0x08, 0xD9, 0xFF, 0xC2, 0xB0, 0xFF, 0xC1,
0x1D, 0x07, 0x13, 0x3F, 0xBE, 0xFF, 0xFF, 0x5D, 0xB0, 0xFF, 0xFF, 0xFF, 0xFF, 0xFF, 0xFF, 0xFF,
0xFF, 0x93, 0x01, 0x94, 0xE1, 0xEC, 0xF7, 0xFC, 0xF1, 0xD2, 0x9B, 0x3B, 0x00, 0x00, 0x25, 0x83,
0xC2, 0xE8, 0xF8, 0xF7, 0xDF, 0xA2, 0x35, 0x00, 0x00, 0x00, 0x9F, 0xFF, 0xFF, 0xFF, 0xFF, 0xFF,
0xFF, 0xFF, 0xFE, 0x76, 0x00, 0x00, 0x32, 0xBD, 0x54, 0x19, 0x05, 0x14, 0x54, 0xD8, 0xFF, 0xFF,
0x44, 0x00, 0x00, 0x00, 0x00, 0x00, 0x00, 0x00, 0x00, 0x13, 0xE7, 0xFF, 0xC7, 0x00, 0x00, 0x00,
0x00, 0x00, 0x00, 0x00, 0x00, 0x00, 0x65, 0xFF, 0xFF, 0x1E, 0x00, 0x00, 0x00, 0x00, 0x00, 0x00,
0x00, 0x00, 0x22, 0xFF, 0xFF, 0x52, 0x00, 0x00, 0x60, 0xFF, 0xFF, 0xFF, 0xFF, 0xFF, 0xFF, 0xFF,
0xFF, 0x6C, 0x00, 0x00, 0x60, 0xFF, 0xFF, 0xFF, 0xFF, 0xFF, 0xFF, 0xFF, 0xFF, 0x77, 0x00, 0x00,
0x00, 0x00, 0x00, 0x00, 0x00, 0x00, 0x0A, 0xFF, 0xFF, 0x6A, 0x00, 0x00, 0x00, 0x00, 0x00, 0x00,
0x00, 0x00, 0x31, 0xFF, 0xFF, 0x4E, 0x00, 0x00, 0x00, 0x00, 0x00, 0x00, 0x00, 0x00, 0x7F, 0xFF,
0xFE, 0x16, 0x00, 0x00, 0x00, 0x00, 0x00, 0x00, 0x00, 0x20, 0xEF, 0xFF, 0xB4, 0x00, 0x48, 0xAD,
0x4D, 0x17, 0x04, 0x16, 0x5E, 0xE4, 0xFF, 0xF6, 0x2B, 0x00, 0xA0, 0xFF, 0xFF, 0xFF, 0xFF, 0xFF,
0xFF, 0xFF, 0xF2, 0x48, 0x00, 0x00, 0x27, 0x8D, 0xC6, 0xE0, 0xF8, 0xF2, 0xD0, 0x87, 0x17, 0x00,
0x00, 0x00, 0xB0, 0xFF, 0xB4, 0x00, 0x00, 0x00, 0x00, 0x00, 0x31, 0x9F, 0xDC, 0xF6, 0xF4, 0xD8,
0x8F, 0x19, 0x00, 0x00, 0x00, 0xB0, 0xFF, 0xB4, 0x00, 0x00, 0x00, 0x00, 0x68, 0xFC, 0xFF, 0xFF,
0xFF, 0xFF, 0xFF, 0xFF, 0xF0, 0x39, 0x00, 0x00, 0xB0, 0xFF, 0xB4, 0x00, 0x00, 0x00, 0x37, 0xFC,
0xFF, 0xC8, 0x40, 0x0A, 0x0F, 0x58, 0xEC, 0xFF, 0xE8, 0x0E, 0x00, 0xB0, 0xFF, 0xB4, 0x00, 0x00,
0x00, 0xB3, 0xFF, 0xE0, 0x0C, 0x00, 0x00, 0x00, 0x00, 0x40, 0xFF, 0xFF, 0x74, 0x00, 0xB0, 0xFF,
0xB4, 0x00, 0x00, 0x0A, 0xF8, 0xFF, 0x77, 0x00, 0x00, 0x00, 0x00, 0x00, 0x00, 0xCA, 0xFF, 0xC3,
0x00, 0xB0, 0xFF, 0xB4, 0x00, 0x00, 0x31, 0xFF, 0xFF, 0x3B, 0x00, 0x00, 0x00, 0x00, 0x00, 0x00,
0x91, 0xFF, 0xF1, 0x00, 0xB0, 0xFF, 0xFF, 0xFF, 0xFF, 0xFF, 0xFF, 0xFF, 0x1E, 0x00, 0x00, 0x00,
0x00, 0x00, 0x00, 0x79, 0xFF, 0xFF, 0x0A, 0xB0, 0xFF, 0xFF, 0xFF, 0xFF, 0xFF, 0xFF, 0xFF, 0x17,
0x00, 0x00, 0x00, 0x00, 0x00, 0x00, 0x68, 0xFF, 0xFF, 0x14, 0xB0, 0xFF, 0xB4, 0x00, 0x00, 0x3F,
0xFF, 0xFF, 0x28, 0x00, 0x00, 0x00, 0x00, 0x00, 0x00, 0x6F, 0xFF, 0xFF, 0x09, 0xB0, 0xFF, 0xB4,
0x00, 0x00, 0x1E, 0xFF, 0xFF, 0x40, 0x00, 0x00, 0x00, 0x00, 0x00, 0x00, 0x8A, 0xFF, 0xF0, 0x00,
0xB0, 0xFF, 0xB4, 0x00, 0x00, 0x00, 0xE8, 0xFF, 0x80, 0x00, 0x00, 0x00, 0x00, 0x00, 0x00, 0xC0,
0xFF, 0xBF, 0x00, 0xB0, 0xFF, 0xB4, 0x00, 0x00, 0x00, 0x96, 0xFF, 0xE9, 0x16, 0x00, 0x00, 0x00,
0x00, 0x2D, 0xFD, 0xFF, 0x6C, 0x00, 0xB0, 0xFF, 0xB4, 0x00, 0x00, 0x00, 0x22, 0xF6, 0xFF, 0xD5,
0x47, 0x0D, 0x0B, 0x4B, 0xDF, 0xFF, 0xE2, 0x0C, 0x00, 0xB0, 0xFF, 0xB4, 0x00, 0x00, 0x00, 0x00,
0x52, 0xF9, 0xFF, 0xFF, 0xFF, 0xFF, 0xFF, 0xFF, 0xEF, 0x36, 0x00, 0x00, 0xB0, 0xFF, 0xB4, 0x00,
0x00, 0x00, 0x00, 0x00, 0x26, 0x9B, 0xDD, 0xF6, 0xF5, 0xD7, 0x8D, 0x18, 0x00, 0x00, 0x00, 0x00,
0x00, 0x00, 0x01, 0x57, 0xAD, 0xDE, 0xF6, 0xF9, 0xE6, 0xCD, 0xA4, 0x1A, 0x00, 0x00, 0x10, 0xC2,
0xFF, 0xFF, 0xFF, 0xFF, 0xFF, 0xFF, 0xFF, 0xFF, 0x30, 0x00, 0x00, 0xA9, 0xFF, 0xFF, 0x95, 0x32,
0x10, 0x0A, 0x61, 0xFF, 0xFF, 0x30, 0x00, 0x19, 0xFE, 0xFF, 0x90, 0x00, 0x00, 0x00, 0x00, 0x38,
0xFF, 0xFF, 0x30, 0x00, 0x48, 0xFF, 0xFF, 0x3D, 0x00, 0x00, 0x00, 0x00, 0x38, 0xFF, 0xFF, 0x30,
0x00, 0x51, 0xFF, 0xFF, 0x31, 0x00, 0x00, 0x00, 0x00, 0x38, 0xFF, 0xFF, 0x30, 0x00, 0x28, 0xFF,
0xFF, 0x88, 0x00, 0x00, 0x00, 0x00, 0x38, 0xFF, 0xFF, 0x30, 0x00, 0x00, 0xAF, 0xFF, 0xFE, 0x96,
0x28, 0x04, 0x00, 0x38, 0xFF, 0xFF, 0x30, 0x00, 0x00, 0x0A, 0x94, 0xFC, 0xFF, 0xFF, 0xFC, 0xF1,
0xFB, 0xFF, 0xFF, 0x30, 0x00, 0x00, 0x00, 0x00, 0x23, 0xE7, 0xFF, 0xB6, 0x59, 0x4D, 0xFF, 0xFF,
0x30, 0x00, 0x00, 0x00, 0x0F, 0xD5, 0xFF, 0xCC, 0x06, 0x00, 0x38, 0xFF, 0xFF, 0x30, 0x00, 0x00,
0x01, 0xB0, 0xFF, 0xF2, 0x24, 0x00, 0x00, 0x38, 0xFF, 0xFF, 0x30, 0x00, 0x00, 0x78, 0xFF, 0xFF,
0x5A, 0x00, 0x00, 0x00, 0x38, 0xFF, 0xFF, 0x30, 0x00, 0x41, 0xFC, 0xFF, 0x9E, 0x00, 0x00, 0x00,
0x00, 0x38, 0xFF, 0xFF, 0x30, 0x1B, 0xE9, 0xFF, 0xD7, 0x0B, 0x00, 0x00, 0x00, 0x00, 0x38, 0xFF,
0xFF, 0x30, 0x00, 0x00, 0x04, 0xBB, 0xF0, 0x54, 0x00, 0x00, 0x1E, 0xDB, 0xE3, 0x2D, 0x00, 0x00,
0x00, 0x29, 0xFF, 0xFF, 0xB0, 0x00, 0x00, 0x65, 0xFF, 0xFF, 0x7C, 0x00, 0x00, 0x00, 0x05, 0xBB,
0xF1, 0x54, 0x00, 0x00, 0x1F, 0xDB, 0xE3, 0x2E, 0x00, 0x00, 0x00, 0x00, 0x00, 0x00, 0x00, 0x00,
0x00, 0x00, 0x00, 0x00, 0x00, 0x00, 0x00, 0x00, 0x00, 0x00, 0x00, 0x00, 0x00, 0x00, 0x00, 0x00,
0x00, 0x00, 0x00, 0x00, 0x00, 0x00, 0x23, 0x93, 0xD7, 0xF3, 0xF3, 0xD8, 0xA6, 0x35, 0x00, 0x00,
0x00, 0x00, 0x5E, 0xFA, 0xFF, 0xFF, 0xFF, 0xFF, 0xFF, 0xFF, 0xFD, 0x5D, 0x00, 0x00, 0x3E, 0xFD,
0xFF, 0xC7, 0x47, 0x16, 0x11, 0x47, 0xD5, 0xFF, 0xF4, 0x19, 0x00, 0xCA, 0xFF, 0xC5, 0x04, 0x00,
0x00, 0x00, 0x00, 0x17, 0xF6, 0xFF, 0x71, 0x25, 0xFF, 0xFF, 0x4C, 0x00, 0x00, 0x00, 0x00, 0x00,
0x00, 0xB5, 0xFF, 0xA8, 0x5D, 0xFF, 0xFF, 0x10, 0x00, 0x00, 0x00, 0x00, 0x00, 0x00, 0x97, 0xFF,
0xBC, 0x79, 0xFF, 0xFF, 0xFF, 0xFF, 0xFF, 0xFF, 0xFF, 0xFF, 0xFF, 0xFF, 0xFF, 0xB6, 0x84, 0xFF,
0xFF, 0xFF, 0xFF, 0xFF, 0xFF, 0xFF, 0xFF, 0xFF, 0xFF, 0xFF, 0xA2, 0x79, 0xFF, 0xFA, 0x00, 0x00,
0x00, 0x00, 0x00, 0x00, 0x00, 0x00, 0x00, 0x00, 0x5C, 0xFF, 0xFF, 0x17, 0x00, 0x00, 0x00, 0x00,
0x00, 0x00, 0x00, 0x00, 0x00, 0x25, 0xFF, 0xFF, 0x60, 0x00, 0x00, 0x00, 0x00, 0x00, 0x00, 0x00,
0x00, 0x00, 0x00, 0xC9, 0xFF, 0xE0, 0x14, 0x00, 0x00, 0x00, 0x00, 0x00, 0x28, 0x81, 0x00, 0x00,
0x3D, 0xFE, 0xFF, 0xDF, 0x60, 0x1D, 0x05, 0x1B, 0x74, 0xF2, 0xF5, 0x13, 0x00, 0x00, 0x5F, 0xF9,
0xFF, 0xFF, 0xFF, 0xFF, 0xFF, 0xFF, 0xFF, 0x9C, 0x07, 0x00, 0x00, 0x00, 0x24, 0x93, 0xD7, 0xF4,
0xF6, 0xDB, 0x9B, 0x35, 0x00, 0x00, 0x00, 0x00, 0x00, 0xA8, 0xFF, 0xBC, 0x00, 0x00, 0x00, 0x00,
0x00, 0x00, 0x00, 0x00, 0x00, 0x00, 0x00, 0x00, 0x00, 0xA8, 0xFF, 0xBC, 0x00, 0x00, 0x00, 0x00,
0x00, 0x00, 0x00, 0x00, 0x00, 0x00, 0x00, 0x00, 0x00, 0xA8, 0xFF, 0xBC, 0x00, 0x00, 0x00, 0x00,
0x00, 0x00, 0x00, 0x00, 0x00, 0x00, 0x10, 0xFF, 0xFF, 0xFF, 0xFF, 0xFF, 0xFF, 0xFF, 0xFF, 0xFF,
0x8C, 0x00, 0x00, 0x00, 0x00, 0x00, 0x10, 0xFF, 0xFF, 0xFF, 0xFF, 0xFF, 0xFF, 0xFF, 0xFF, 0xFF,
0x8C, 0x00, 0x00, 0x00, 0x00, 0x00, 0x00, 0x00, 0x00, 0xA8, 0xFF, 0xBC, 0x00, 0x00, 0x00, 0x00,
0x00, 0x00, 0x00, 0x00, 0x00, 0x00, 0x00, 0x00, 0x00, 0xA8, 0xFF, 0xBC, 0x00, 0x00, 0x00, 0x00,
0x00, 0x00, 0x00, 0x00, 0x00, 0x00, 0x00, 0x00, 0x00, 0xA8, 0xFF, 0xBC, 0x00, 0x46, 0xB3, 0xE8,
0xFB, 0xEC, 0xBA, 0x45, 0x00, 0x00, 0x00, 0x00, 0x00, 0xA8, 0xFF, 0xBC, 0x8D, 0xFF, 0xFF, 0xFF,
0xFF, 0xFF, 0xFF, 0xFD, 0x4D, 0x00, 0x00, 0x00, 0x00, 0xA8, 0xFF, 0xFD, 0xFF, 0xC3, 0x41, 0x0D,
0x13, 0x6A, 0xFA, 0xFF, 0xD6, 0x00, 0x00, 0x00, 0x00, 0xA8, 0xFF, 0xFF, 0xB2, 0x03, 0x00, 0x00,
0x00, 0x00, 0x86, 0xFF, 0xFF, 0x1F, 0x00, 0x00, 0x00, 0xA8, 0xFF, 0xFB, 0x17, 0x00, 0x00, 0x00,
0x00, 0x00, 0x38, 0xFF, 0xFF, 0x47, 0x00, 0x00, 0x00, 0xA8, 0xFF, 0xC2, 0x00, 0x00, 0x00, 0x00,
0x00, 0x00, 0x16, 0xFF, 0xFF, 0x57, 0x00, 0x00, 0x00, 0xA8, 0xFF, 0xBC, 0x00, 0x00, 0x00, 0x00,
0x00, 0x00, 0x0A, 0xFF, 0xFF, 0x5F, 0x00, 0x00, 0x00, 0xA8, 0xFF, 0xBC, 0x00, 0x00, 0x00, 0x00,
0x00, 0x00, 0x08, 0xFF, 0xFF, 0x60, 0x00, 0x00, 0x00, 0xA8, 0xFF, 0xBC, 0x00, 0x00, 0x00, 0x00,
0x00, 0x00, 0x08, 0xFF, 0xFF, 0x60, 0x00, 0x00, 0x00, 0xA8, 0xFF, 0xBC, 0x00, 0x00, 0x00, 0x00,
0x00, 0x00, 0x08, 0xFF, 0xFF, 0x60, 0x00, 0x00, 0x00, 0xA8, 0xFF, 0xBC, 0x00, 0x00, 0x00, 0x00,
0x00, 0x00, 0x08, 0xFF, 0xFF, 0x60, 0x00, 0x00, 0x00, 0xA8, 0xFF, 0xBC, 0x00, 0x00, 0x00, 0x00,
0x00, 0x00, 0x08, 0xFF, 0xFF, 0x60, 0x00, 0x00, 0x00, 0xA8, 0xFF, 0xBC, 0x00, 0x00, 0x00, 0x00,
0x00, 0x00, 0x08, 0xFF, 0xFF, 0x60, 0x00, 0x00, 0x00, 0xA8, 0xFF, 0xBC, 0x00, 0x00, 0x00, 0x00,
0x00, 0x00, 0x08, 0xFF, 0xFF, 0x60, 0x00, 0x00, 0x00, 0x00, 0x00, 0x00, 0x00, 0x00, 0x00, 0x00,
0x00, 0x00, 0x0C, 0xFF, 0xFF, 0x5E, 0x00, 0x00, 0x00, 0x00, 0x00, 0x00, 0x00, 0x00, 0x00, 0x00,
0x00, 0x00, 0x1C, 0xFF, 0xFF, 0x52, 0x00, 0x00, 0x00, 0x00, 0x00, 0x00, 0x00, 0x00, 0x00, 0x00,
0x00, 0x00, 0x4B, 0xFF, 0xFF, 0x32, 0x00, 0x00, 0x00, 0x00, 0x00, 0x00, 0x00, 0x00, 0x00, 0x00,
0x03, 0x2D, 0xDD, 0xFF, 0xED, 0x04, 0x00, 0x00, 0x00, 0x00, 0x00, 0x00, 0x00, 0x00, 0x00, 0x00,
0x8C, 0xFF, 0xFF, 0xFF, 0x75, 0x00, 0x00, 0x00, 0x00, 0x00, 0x00, 0x00, 0x00, 0x00, 0x00, 0x00,
0x87, 0xFA, 0xDA, 0x72, 0x00, 0x00, 0x00, 0x00, 0x00, 0x00, 0x00, 0xA9, 0xFF, 0xFC, 0x29, 0x00,
0x00, 0x00, 0x00, 0x00, 0x1D, 0xFB, 0xFF, 0x68, 0x00, 0x00, 0x00, 0x00, 0x00, 0x00, 0x8B, 0xFF,
0x86, 0x00, 0x00, 0x00, 0x00, 0x00, 0x00, 0x0B, 0xEF, 0xA3, 0x01, 0x00, 0x00, 0x00, 0x00, 0x00,
0x00, 0x00, 0x00, 0x00, 0x00, 0x00, 0x00, 0x00, 0x00, 0x00, 0x00, 0x00, 0x00, 0x00, 0x00, 0x00,
0x00, 0x00, 0xB0, 0xFF, 0xFF, 0xFF, 0xFF, 0xFF, 0xFF, 0xFF, 0xFF, 0x10, 0xB0, 0xFF, 0xFF, 0xFF,
0xFF, 0xFF, 0xFF, 0xFF, 0xFF, 0x10, 0xB0, 0xFF, 0xB4, 0x00, 0x00, 0x00, 0x00, 0x00, 0x00, 0x00,
0xB0, 0xFF, 0xB4, 0x00, 0x00, 0x00, 0x00, 0x00, 0x00, 0x00, 0xB0, 0xFF, 0xB4, 0x00, 0x00, 0x00,
0x00, 0x00, 0x00, 0x00, 0xB0, 0xFF, 0xB4, 0x00, 0x00, 0x00, 0x00, 0x00, 0x00, 0x00, 0xB0, 0xFF,
0xB4, 0x00, 0x00, 0x00, 0x00, 0x00, 0x00, 0x00, 0xB0, 0xFF, 0xB4, 0x00, 0x00, 0x00, 0x00, 0x00,
0x00, 0x00, 0xB0, 0xFF, 0xB4, 0x00, 0x00, 0x00, 0x00, 0x00, 0x00, 0x00, 0xB0, 0xFF, 0xB4, 0x00,
0x00, 0x00, 0x00, 0x00, 0x00, 0x00, 0xB0, 0xFF, 0xB4, 0x00, 0x00, 0x00, 0x00, 0x00, 0x00, 0x00,
0xB0, 0xFF, 0xB4, 0x00, 0x00, 0x00, 0x00, 0x00, 0x00, 0x00, 0xB0, 0xFF, 0xB4, 0x00, 0x00, 0x00,
0x00, 0x00, 0x00, 0x00, 0xB0, 0xFF, 0xB4, 0x00, 0x00, 0x00, 0x00, 0x00, 0x00, 0x00, 0xB0, 0xFF,
0xB4, 0x00, 0x00, 0x00, 0x00, 0x00, 0x00, 0x00, 0x00, 0x00, 0x00, 0x09, 0x6C, 0xBE, 0xEB, 0xFB,
0xF2, 0xD0, 0x93, 0x2F, 0x00, 0x00, 0x00, 0x2E, 0xDF, 0xFF, 0xFF, 0xFF, 0xFF, 0xFF, 0xFF, 0xFF,
0xB3, 0x00, 0x00, 0x1C, 0xEB, 0xFF, 0xDC, 0x5D, 0x1A, 0x04, 0x11, 0x46, 0xB1, 0x59, 0x00, 0x00,
0xA7, 0xFF, 0xE3, 0x15, 0x00, 0x00, 0x00, 0x00, 0x00, 0x00, 0x00, 0x00, 0x15, 0xFC, 0xFF, 0x55,
0x00, 0x00, 0x00, 0x00, 0x00, 0x00, 0x00, 0x00, 0x00, 0x53, 0xFF, 0xFB, 0x0F, 0x00, 0x00, 0x00,
0x00, 0x00, 0x00, 0x00, 0x00, 0x00, 0x75, 0xFF, 0xFF, 0xFF, 0xFF, 0xFF, 0xFF, 0xFF, 0xFF, 0xFC,
0x00, 0x00, 0x00, 0x83, 0xFF, 0xFF, 0xFF, 0xFF, 0xFF, 0xFF, 0xFF, 0xFF, 0xFC, 0x00, 0x00, 0x00,
0x77, 0xFF, 0xF1, 0x00, 0x00, 0x00, 0x00, 0x00, 0x00, 0x00, 0x00, 0x00, 0x00, 0x57, 0xFF, 0xFF,
0x2A, 0x00, 0x00, 0x00, 0x00, 0x00, 0x00, 0x00, 0x00, 0x00, 0x1D, 0xFE, 0xFF, 0xA0, 0x00, 0x00,
0x00, 0x00, 0x00, 0x00, 0x00, 0x00, 0x00, 0x00, 0xBA, 0xFF, 0xFE, 0x48, 0x00, 0x00, 0x00, 0x00,
0x00, 0x00, 0x00, 0x00, 0x00, 0x2D, 0xF9, 0xFF, 0xF9, 0x89, 0x2D, 0x08, 0x0A, 0x34, 0x8C, 0x83,
0x00, 0x00, 0x00, 0x48, 0xF2, 0xFF, 0xFF, 0xFF, 0xFF, 0xFF, 0xFF, 0xFF, 0xEB, 0x06, 0x00, 0x00,
0x00, 0x16, 0x85, 0xCE, 0xEF, 0xF9, 0xE3, 0xCA, 0x9A, 0x46, 0x01, 0x00, 0x01, 0x55, 0xBF, 0xE5,
0xFB, 0xF0, 0xCD, 0x8E, 0x31, 0x00, 0x00, 0x95, 0xFF, 0xFF, 0xFF, 0xFF, 0xFF, 0xFF, 0xFF, 0xCE,
0x00, 0x1B, 0xFE, 0xFF, 0xAD, 0x25, 0x06, 0x12, 0x45, 0x9A, 0x7B, 0x00, 0x47, 0xFF, 0xFF, 0x26,
0x00, 0x00, 0x00, 0x00, 0x00, 0x00, 0x00, 0x3F, 0xFF, 0xFF, 0x3D, 0x00, 0x00, 0x00, 0x00, 0x00,
0x00, 0x00, 0x0B, 0xEC, 0xFF, 0xEA, 0x6B, 0x08, 0x00, 0x00, 0x00, 0x00, 0x00, 0x00, 0x34, 0xE9,
0xFF, 0xFF, 0xEF, 0x98, 0x27, 0x00, 0x00, 0x00, 0x00, 0x00, 0x17, 0x84, 0xEA, 0xFF, 0xFF, 0xFD,
0x9E, 0x09, 0x00, 0x00, 0x00, 0x00, 0x00, 0x05, 0x4F, 0xBE, 0xFF, 0xFF, 0xA5, 0x00, 0x00, 0x00,
0x00, 0x00, 0x00, 0x00, 0x00, 0x8E, 0xFF, 0xFF, 0x21, 0x00, 0x00, 0x00, 0x00, 0x00, 0x00, 0x00,
0x25, 0xFF, 0xFF, 0x47, 0x00, 0x00, 0x00, 0x00, 0x00, 0x00, 0x00, 0x43, 0xFF, 0xFF, 0x38, 0x4A,
0xBA, 0x60, 0x24, 0x07, 0x0E, 0x47, 0xDB, 0xFF, 0xE7, 0x05, 0xA6, 0xFF, 0xFF, 0xFF, 0xFF, 0xFF,
0xFF, 0xFF, 0xF7, 0x49, 0x00, 0x25, 0x80, 0xC1, 0xE9, 0xF9, 0xF9, 0xDE, 0x9B, 0x27, 0x00, 0x00,
0x3F, 0xE6, 0xE0, 0x3A, 0xA3, 0xFF, 0xFF, 0xA5, 0x47, 0xE9, 0xE4, 0x42, 0x00, 0x00, 0x00, 0x00,
0x00, 0x00, 0x00, 0x00, 0x00, 0x00, 0x00, 0x00, 0x30, 0xFF, 0xFF, 0x38, 0x30, 0xFF, 0xFF, 0x38,
0x30, 0xFF, 0xFF, 0x38, 0x30, 0xFF, 0xFF, 0x38, 0x30, 0xFF, 0xFF, 0x38, 0x30, 0xFF, 0xFF, 0x38,
0x30, 0xFF, 0xFF, 0x38, 0x30, 0xFF, 0xFF, 0x38, 0x30, 0xFF, 0xFF, 0x38, 0x30, 0xFF, 0xFF, 0x38,
0x30, 0xFF, 0xFF, 0x38, 0x30, 0xFF, 0xFF, 0x38, 0x30, 0xFF, 0xFF, 0x38, 0x30, 0xFF, 0xFF, 0x38,
0x30, 0xFF, 0xFF, 0x38, 0x01, 0xB4, 0xF2, 0x5C, 0x19, 0xDB, 0xE4, 0x2C, 0x16, 0xFF, 0xFF, 0xB5,
0x56, 0xFF, 0xFF, 0x75, 0x01, 0xB2, 0xF2, 0x5A, 0x18, 0xDA, 0xE3, 0x2A, 0x00, 0x00, 0x00, 0x00,
0x00, 0x00, 0x00, 0x00, 0x00, 0x00, 0x00, 0x00, 0x00, 0x00, 0x00, 0x00, 0x00, 0x00, 0x00, 0x00,
0x00, 0x00, 0x00, 0x00, 0x00, 0x00, 0x10, 0xFF, 0xFF, 0x58, 0x00, 0x00, 0x00, 0x00, 0x10, 0xFF,
0xFF, 0x58, 0x00, 0x00, 0x00, 0x00, 0x10, 0xFF, 0xFF, 0x58, 0x00, 0x00, 0x00, 0x00, 0x10, 0xFF,
0xFF, 0x58, 0x00, 0x00, 0x00, 0x00, 0x10, 0xFF, 0xFF, 0x58, 0x00, 0x00, 0x00, 0x00, 0x10, 0xFF,
0xFF, 0x58, 0x00, 0x00, 0x00, 0x00, 0x10, 0xFF, 0xFF, 0x58, 0x00, 0x00, 0x00, 0x00, 0x10, 0xFF,
0xFF, 0x58, 0x00, 0x00, 0x00, 0x00, 0x10, 0xFF, 0xFF, 0x58, 0x00, 0x00, 0x00, 0x00, 0x10, 0xFF,
0xFF, 0x58, 0x00, 0x00, 0x00, 0x00, 0x10, 0xFF, 0xFF, 0x58, 0x00, 0x00, 0x00, 0x00, 0x10, 0xFF,
0xFF, 0x58, 0x00, 0x00, 0x00, 0x00, 0x10, 0xFF, 0xFF, 0x58, 0x00, 0x00, 0x00, 0x00, 0x10, 0xFF,
0xFF, 0x58, 0x00, 0x00, 0x00, 0x00, 0x10, 0xFF, 0xFF, 0x58, 0x00, 0x00, 0x00, 0x00, 0x44, 0xE8,
0xDE, 0x35, 0x00, 0x00, 0xAB, 0xFF, 0xFF, 0x9D, 0x00, 0x00, 0x4D, 0xEA, 0xE2, 0x3D, 0x00, 0x00,
0x00, 0x00, 0x00, 0x00, 0x00, 0x00, 0x00, 0x00, 0x00, 0x00, 0x00, 0x00, 0x00, 0x00, 0x00, 0x00,
0x00, 0x00, 0x34, 0xFF, 0xFF, 0x30, 0x00, 0x00, 0x34, 0xFF, 0xFF, 0x30, 0x00, 0x00, 0x34, 0xFF,
0xFF, 0x30, 0x00, 0x00, 0x34, 0xFF, 0xFF, 0x30, 0x00, 0x00, 0x34, 0xFF, 0xFF, 0x30, 0x00, 0x00,
0x34, 0xFF, 0xFF, 0x30, 0x00, 0x00, 0x34, 0xFF, 0xFF, 0x30, 0x00, 0x00, 0x34, 0xFF, 0xFF, 0x30,
0x00, 0x00, 0x34, 0xFF, 0xFF, 0x30, 0x00, 0x00, 0x34, 0xFF, 0xFF, 0x30, 0x00, 0x00, 0x34, 0xFF,
0xFF, 0x30, 0x00, 0x00, 0x34, 0xFF, 0xFF, 0x30, 0x00, 0x00, 0x34, 0xFF, 0xFF, 0x30, 0x00, 0x00,
0x34, 0xFF, 0xFF, 0x30, 0x00, 0x00, 0x34, 0xFF, 0xFF, 0x30, 0x00, 0x00, 0x38, 0xFF, 0xFF, 0x2E,
0x00, 0x00, 0x48, 0xFF, 0xFF, 0x23, 0x00, 0x00, 0x79, 0xFF, 0xFC, 0x07, 0x05, 0x40, 0xEB, 0xFF,
0xC2, 0x00, 0xBC, 0xFF, 0xFF, 0xFE, 0x47, 0x00, 0xB6, 0xF8, 0xCE, 0x52, 0x00, 0x00, 0x00, 0x00,
0x00, 0x00, 0x2C, 0xFF, 0xFF, 0xFF, 0xFF, 0xFF, 0xFF, 0xFF, 0xFF, 0xC8, 0x00, 0x00, 0x00, 0x00,
0x00, 0x00, 0x00, 0x00, 0x00, 0x00, 0x00, 0x00, 0x00, 0x33, 0xFF, 0xFF, 0xFF, 0xFF, 0xFF, 0xFF,
0xFF, 0xFF, 0xC8, 0x00, 0x00, 0x00, 0x00, 0x00, 0x00, 0x00, 0x00, 0x00, 0x00, 0x00, 0x00, 0x00,
0x3D, 0xFF, 0xFD, 0x01, 0x00, 0x00, 0x00, 0xA0, 0xFF, 0xC8, 0x00, 0x00, 0x00, 0x00, 0x00, 0x00,
0x00, 0x00, 0x00, 0x00, 0x00, 0x00, 0x00, 0x48, 0xFF, 0xED, 0x00, 0x00, 0x00, 0x00, 0xA0, 0xFF,
0xC8, 0x00, 0x00, 0x00, 0x00, 0x00, 0x00, 0x00, 0x00, 0x00, 0x00, 0x00, 0x00, 0x00, 0x58, 0xFF,
0xDB, 0x00, 0x00, 0x00, 0x00, 0xA0, 0xFF, 0xC8, 0x00, 0x00, 0x00, 0x00, 0x00, 0x00, 0x00, 0x00,
0x00, 0x00, 0x00, 0x00, 0x00, 0x69, 0xFF, 0xC5, 0x00, 0x00, 0x00, 0x00, 0xA0, 0xFF, 0xF4, 0xDE,
0xF6, 0xFC, 0xEE, 0xC4, 0x72, 0x0A, 0x00, 0x00, 0x00, 0x00, 0x00, 0x00, 0x7E, 0xFF, 0xAD, 0x00,
0x00, 0x00, 0x00, 0xA0, 0xFF, 0xFF, 0xFF, 0xFF, 0xFF, 0xFF, 0xFF, 0xFF, 0xD5, 0x15, 0x00, 0x00,
0x00, 0x00, 0x00, 0x98, 0xFF, 0x94, 0x00, 0x00, 0x00, 0x00, 0xA0, 0xFF, 0xD3, 0x19, 0x03, 0x11,
0x3B, 0xBB, 0xFF, 0xFF, 0x9F, 0x00, 0x00, 0x00, 0x00, 0x00, 0xB8, 0xFF, 0x6C, 0x00, 0x00, 0x00,
0x00, 0xA0, 0xFF, 0xC8, 0x00, 0x00, 0x00, 0x00, 0x05, 0xD0, 0xFF, 0xF1, 0x02, 0x00, 0x00, 0x00,
0x00, 0xE0, 0xFF, 0x40, 0x00, 0x00, 0x00, 0x00, 0xA0, 0xFF, 0xC8, 0x00, 0x00, 0x00, 0x00, 0x00,
0x7D, 0xFF, 0xFF, 0x12, 0x00, 0x00, 0x00, 0x17, 0xFF, 0xFD, 0x11, 0x00, 0x00, 0x00, 0x00, 0xA0,
0xFF, 0xC8, 0x00, 0x00, 0x00, 0x00, 0x00, 0x81, 0xFF, 0xFF, 0x06, 0x00, 0x00, 0x00, 0x68, 0xFF,
0xC9, 0x00, 0x00, 0x00, 0x00, 0x00, 0xA0, 0xFF, 0xC8, 0x00, 0x00, 0x00, 0x00, 0x05, 0xD0, 0xFF,
0xD6, 0x00, 0x00, 0x0B, 0x29, 0xE4, 0xFF, 0x6B, 0x00, 0x00, 0x00, 0x00, 0x00, 0xA0, 0xFF, 0xD1,
0x1F, 0x09, 0x11, 0x3B, 0xB8, 0xFF, 0xFF, 0x71, 0x00, 0x00, 0xEA, 0xFF, 0xFF, 0xDC, 0x08, 0x00,
0x00, 0x00, 0x00, 0x00, 0xA0, 0xFF, 0xFF, 0xFF, 0xFF, 0xFF, 0xFF, 0xFF, 0xFF, 0xA4, 0x03, 0x00,
0x10, 0xE8, 0xFA, 0xC5, 0x26, 0x00, 0x00, 0x00, 0x00, 0x00, 0x00, 0x86, 0xE0, 0xEB, 0xF6, 0xFD,
0xF2, 0xD6, 0xA0, 0x44, 0x00, 0x00, 0x00, 0xB0, 0xFF, 0xB4, 0x00, 0x00, 0x00, 0x00, 0x00, 0x00,
0x84, 0xFF, 0xE4, 0x00, 0x00, 0x00, 0x00, 0x00, 0x00, 0x00, 0x00, 0x00, 0xB0, 0xFF, 0xB4, 0x00,
0x00, 0x00, 0x00, 0x00, 0x00, 0x84, 0xFF, 0xE4, 0x00, 0x00, 0x00, 0x00, 0x00, 0x00, 0x00, 0x00,
0x00, 0xB0, 0xFF, 0xB4, 0x00, 0x00, 0x00, 0x00, 0x00, 0x00, 0x84, 0xFF, 0xE4, 0x00, 0x00, 0x00,
0x00, 0x00, 0x00, 0x00, 0x00, 0x00, 0xB0, 0xFF, 0xB4, 0x00, 0x00, 0x00, 0x00, 0x00, 0x00, 0x84,
0xFF, 0xE4, 0x00, 0x00, 0x00, 0x00, 0x00, 0x00, 0x00, 0x00, 0x00, 0xB0, 0xFF, 0xB4, 0x00, 0x00,
0x00, 0x00, 0x00, 0x00, 0x84, 0xFF, 0xE4, 0x00, 0x00, 0x00, 0x00, 0x00, 0x00, 0x00, 0x00, 0x00,
0xB0, 0xFF, 0xB4, 0x00, 0x00, 0x00, 0x00, 0x00, 0x00, 0x84, 0xFF, 0xFA, 0xDB, 0xF5, 0xFC, 0xF0,
0xCA, 0x7E, 0x11, 0x00, 0x00, 0xB0, 0xFF, 0xFF, 0xFF, 0xFF, 0xFF, 0xFF, 0xFF, 0xFF, 0xFF, 0xFF,
0xFF, 0xFF, 0xFF, 0xFF, 0xFF, 0xFF, 0xFF, 0xE3, 0x22, 0x00, 0xB0, 0xFF, 0xFF, 0xFF, 0xFF, 0xFF,
0xFF, 0xFF, 0xFF, 0xFF, 0xFF, 0xE9, 0x20, 0x07, 0x0D, 0x33, 0xAB, 0xFF, 0xFF, 0xBB, 0x00, 0xB0,
0xFF, 0xB4, 0x00, 0x00, 0x00, 0x00, 0x00, 0x00, 0x84, 0xFF, 0xE4, 0x00, 0x00, 0x00, 0x00, 0x00,
0xB9, 0xFF, 0xFE, 0x12, 0xB0, 0xFF, 0xB4, 0x00, 0x00, 0x00, 0x00, 0x00, 0x00, 0x84, 0xFF, 0xE4,
0x00, 0x00, 0x00, 0x00, 0x00, 0x62, 0xFF, 0xFF, 0x2E, 0xB0, 0xFF, 0xB4, 0x00, 0x00, 0x00, 0x00,
0x00, 0x00, 0x84, 0xFF, 0xE4, 0x00, 0x00, 0x00, 0x00, 0x00, 0x64, 0xFF, 0xFF, 0x21, 0xB0, 0xFF,
0xB4, 0x00, 0x00, 0x00, 0x00, 0x00, 0x00, 0x84, 0xFF, 0xE4, 0x00, 0x00, 0x00, 0x00, 0x00, 0xB5,
0xFF, 0xEE, 0x03, 0xB0, 0xFF, 0xB4, 0x00, 0x00, 0x00, 0x00, 0x00, 0x00, 0x84, 0xFF, 0xE9, 0x21,
0x0B, 0x0E, 0x32, 0xA5, 0xFF, 0xFF, 0x8D, 0x00, 0xB0, 0xFF, 0xB4, 0x00, 0x00, 0x00, 0x00, 0x00,
0x00, 0x84, 0xFF, 0xFF, 0xFF, 0xFF, 0xFF, 0xFF, 0xFF, 0xFF, 0xB9, 0x09, 0x00, 0xB0, 0xFF, 0xB4,
0x00, 0x00, 0x00, 0x00, 0x00, 0x00, 0x6D, 0xDD, 0xE9, 0xF5, 0xFD, 0xF4, 0xDA, 0xA8, 0x51, 0x01,
0x00, 0x00, 0x00, 0x00, 0x00, 0xA8, 0xFF, 0xBC, 0x00, 0x00, 0x00, 0x00, 0x00, 0x00, 0x00, 0x00,
0x00, 0x00, 0x00, 0x00, 0x00, 0xA8, 0xFF, 0xBC, 0x00, 0x00, 0x00, 0x00, 0x00, 0x00, 0x00, 0x00,
0x00, 0x00, 0x00, 0x00, 0x00, 0xA8, 0xFF, 0xBC, 0x00, 0x00, 0x00, 0x00, 0x00, 0x00, 0x00, 0x00,
0x00, 0x00, 0x10, 0xFF, 0xFF, 0xFF, 0xFF, 0xFF, 0xFF, 0xFF, 0xFF, 0xFF, 0x8C, 0x00, 0x00, 0x00,
0x00, 0x00, 0x10, 0xFF, 0xFF, 0xFF, 0xFF, 0xFF, 0xFF, 0xFF, 0xFF, 0xFF, 0x8C, 0x00, 0x00, 0x00,
0x00, 0x00, 0x00, 0x00, 0x00, 0xA8, 0xFF, 0xBC, 0x00, 0x00, 0x00, 0x00, 0x00, 0x00, 0x00, 0x00,
0x00, 0x00, 0x00, 0x00, 0x00, 0xA8, 0xFF, 0xBC, 0x00, 0x00, 0x00, 0x00, 0x00, 0x00, 0x00, 0x00,
0x00, 0x00, 0x00, 0x00, 0x00, 0xA8, 0xFF, 0xBC, 0x00, 0x46, 0xB3, 0xE8, 0xFB, 0xEB, 0xB6, 0x40,
0x00, 0x00, 0x00, 0x00, 0x00, 0xA8, 0xFF, 0xBC, 0x8D, 0xFF, 0xFF, 0xFF, 0xFF, 0xFF, 0xFF, 0xFC,
0x47, 0x00, 0x00, 0x00, 0x00, 0xA8, 0xFF, 0xFD, 0xFF, 0xC3, 0x41, 0x0D, 0x14, 0x6E, 0xFB, 0xFF,
0xD0, 0x00, 0x00, 0x00, 0x00, 0xA8, 0xFF, 0xFF, 0xB2, 0x03, 0x00, 0x00, 0x00, 0x00, 0x8A, 0xFF,
0xFF, 0x1B, 0x00, 0x00, 0x00, 0xA8, 0xFF, 0xFB, 0x17, 0x00, 0x00, 0x00, 0x00, 0x00, 0x3A, 0xFF,
0xFF, 0x44, 0x00, 0x00, 0x00, 0xA8, 0xFF, 0xC2, 0x00, 0x00, 0x00, 0x00, 0x00, 0x00, 0x17, 0xFF,
0xFF, 0x55, 0x00, 0x00, 0x00, 0xA8, 0xFF, 0xBC, 0x00, 0x00, 0x00, 0x00, 0x00, 0x00, 0x0B, 0xFF,
0xFF, 0x5F, 0x00, 0x00, 0x00, 0xA8, 0xFF, 0xBC, 0x00, 0x00, 0x00, 0x00, 0x00, 0x00, 0x08, 0xFF,
0xFF, 0x60, 0x00, 0x00, 0x00, 0xA8, 0xFF, 0xBC, 0x00, 0x00, 0x00, 0x00, 0x00, 0x00, 0x08, 0xFF,
0xFF, 0x60, 0x00, 0x00, 0x00, 0xA8, 0xFF, 0xBC, 0x00, 0x00, 0x00, 0x00, 0x00, 0x00, 0x08, 0xFF,
0xFF, 0x60, 0x00, 0x00, 0x00, 0xA8, 0xFF, 0xBC, 0x00, 0x00, 0x00, 0x00, 0x00, 0x00, 0x08, 0xFF,
0xFF, 0x60, 0x00, 0x00, 0x00, 0xA8, 0xFF, 0xBC, 0x00, 0x00, 0x00, 0x00, 0x00, 0x00, 0x08, 0xFF,
0xFF, 0x60, 0x00, 0x00, 0x00, 0xA8, 0xFF, 0xBC, 0x00, 0x00, 0x00, 0x00, 0x00, 0x00, 0x08, 0xFF,
0xFF, 0x60, 0x00, 0x00, 0x00, 0xA8, 0xFF, 0xBC, 0x00, 0x00, 0x00, 0x00, 0x00, 0x00, 0x08, 0xFF,
0xFF, 0x60, 0x00, 0x00, 0x00, 0x00, 0x00, 0xA9, 0xFF, 0xFC, 0x29, 0x00, 0x00, 0x00, 0x00, 0x00,
0x00, 0x00, 0x1D, 0xFB, 0xFF, 0x68, 0x00, 0x00, 0x00, 0x00, 0x00, 0x00, 0x00, 0x00, 0x8B, 0xFF,
0x86, 0x00, 0x00, 0x00, 0x00, 0x00, 0x00, 0x00, 0x00, 0x0B, 0xEF, 0xA3, 0x01, 0x00, 0x00, 0x00,
0x00, 0x00, 0x00, 0x00, 0x00, 0x00, 0x00, 0x00, 0x00, 0x00, 0x00, 0x00, 0x00, 0x00, 0x00, 0x00,
0x00, 0x00, 0x00, 0x00, 0x00, 0x00, 0x00, 0x00, 0x00, 0x00, 0xB0, 0xFF, 0xB4, 0x00, 0x00, 0x00,
0x00, 0x00, 0x92, 0xFF, 0xED, 0x1C, 0xB0, 0xFF, 0xB4, 0x00, 0x00, 0x00, 0x00, 0x4D, 0xFF, 0xFF,
0x4D, 0x00, 0xB0, 0xFF, 0xB4, 0x00, 0x00, 0x00, 0x1B, 0xEC, 0xFF, 0x90, 0x00, 0x00, 0xB0, 0xFF,
0xB4, 0x00, 0x00, 0x02, 0xC0, 0xFF, 0xCC, 0x06, 0x00, 0x00, 0xB0, 0xFF, 0xB4, 0x00, 0x00, 0x7E,
0xFF, 0xF2, 0x24, 0x00, 0x00, 0x00, 0xB0, 0xFF, 0xB4, 0x00, 0x3C, 0xFC, 0xFF, 0x5A, 0x00, 0x00,
0x00, 0x00, 0xB0, 0xFF, 0xB7, 0x44, 0xE2, 0xFF, 0x7F, 0x00, 0x00, 0x00, 0x00, 0x00, 0xB0, 0xFF,
0xFF, 0xFF, 0xFF, 0xCF, 0x0F, 0x00, 0x00, 0x00, 0x00, 0x00, 0xB0, 0xFF, 0xFF, 0xFF, 0xFF, 0xFF,
0xDE, 0x22, 0x00, 0x00, 0x00, 0x00, 0xB0, 0xFF, 0xB4, 0x00, 0x7E, 0xFF, 0xFF, 0xCE, 0x08, 0x00,
0x00, 0x00, 0xB0, 0xFF, 0xB4, 0x00, 0x00, 0xA7, 0xFF, 0xFF, 0x9B, 0x00, 0x00, 0x00, 0xB0, 0xFF,
0xB4, 0x00, 0x00, 0x08, 0xCA, 0xFF, 0xFF, 0x5F, 0x00, 0x00, 0xB0, 0xFF, 0xB4, 0x00, 0x00, 0x00,
0x19, 0xE4, 0xFF, 0xF6, 0x2E, 0x00, 0xB0, 0xFF, 0xB4, 0x00, 0x00, 0x00, 0x00, 0x32, 0xF5, 0xFF,
0xDA, 0x0E, 0xB0, 0xFF, 0xB4, 0x00, 0x00, 0x00, 0x00, 0x00, 0x54, 0xFE, 0xFF, 0xAC, 0x00, 0x00,
0x0E, 0x8C, 0xD9, 0x16, 0x00, 0x00, 0x00, 0x05, 0xD2, 0xA1, 0x04, 0x00, 0x00, 0x00, 0x06, 0xEA,
0xFF, 0xC3, 0x31, 0x07, 0x29, 0xB0, 0xFF, 0xCD, 0x00, 0x00, 0x00, 0x00, 0x00, 0x4A, 0xF8, 0xFF,
0xFF, 0xFF, 0xFF, 0xFF, 0xF4, 0x39, 0x00, 0x00, 0x00, 0x00, 0x00, 0x00, 0x30, 0xA1, 0xE0, 0xF8,
0xDE, 0x9C, 0x23, 0x00, 0x00, 0x00, 0x00, 0x00, 0x00, 0x00, 0x00, 0x00, 0x00, 0x00, 0x00, 0x00,
0x00, 0x00, 0x00, 0x00, 0x00, 0x00, 0x00, 0x00, 0x00, 0x00, 0x00, 0x00, 0x00, 0x00, 0x00, 0x00,
0x00, 0x00, 0x71, 0xFF, 0xFF, 0x4F, 0x00, 0x00, 0x00, 0x00, 0x00, 0x00, 0x00, 0xDE, 0xFF, 0x89,
0x11, 0xF7, 0xFF, 0xAE, 0x00, 0x00, 0x00, 0x00, 0x00, 0x00, 0x2C, 0xFF, 0xFF, 0x34, 0x00, 0xA1,
0xFF, 0xFA, 0x13, 0x00, 0x00, 0x00, 0x00, 0x00, 0x79, 0xFF, 0xDF, 0x00, 0x00, 0x39, 0xFF, 0xFF,
0x6D, 0x00, 0x00, 0x00, 0x00, 0x00, 0xC7, 0xFF, 0x8A, 0x00, 0x00, 0x00, 0xD1, 0xFF, 0xCC, 0x00,
0x00, 0x00, 0x00, 0x16, 0xFD, 0xFF, 0x35, 0x00, 0x00, 0x00, 0x6A, 0xFF, 0xFF, 0x2B, 0x00, 0x00,
0x00, 0x61, 0xFF, 0xE0, 0x00, 0x00, 0x00, 0x00, 0x0E, 0xF4, 0xFF, 0x8A, 0x00, 0x00, 0x00, 0xAF,
0xFF, 0x8B, 0x00, 0x00, 0x00, 0x00, 0x00, 0x9B, 0xFF, 0xE6, 0x03, 0x00, 0x07, 0xF4, 0xFF, 0x36,
0x00, 0x00, 0x00, 0x00, 0x00, 0x33, 0xFF, 0xFF, 0x49, 0x00, 0x49, 0xFF, 0xE0, 0x00, 0x00, 0x00,
0x00, 0x00, 0x00, 0x00, 0xCB, 0xFF, 0xA7, 0x00, 0x95, 0xFF, 0x8C, 0x00, 0x00, 0x00, 0x00, 0x00,
0x00, 0x00, 0x64, 0xFF, 0xF1, 0x05, 0xD4, 0xFF, 0x37, 0x00, 0x00, 0x00, 0x00, 0x00, 0x00, 0x00,
0x0B, 0xF0, 0xFF, 0x54, 0xFE, 0xE1, 0x01, 0x00, 0x00, 0x00, 0x00, 0x00, 0x00, 0x00, 0x00, 0x94,
0xFF, 0xDB, 0xFF, 0x8D, 0x00, 0x00, 0x00, 0x00, 0x00, 0x00, 0x00, 0x00, 0x00, 0x2D, 0xFF, 0xFF,
0xFF, 0x38, 0x00, 0x00, 0x00, 0x00, 0x00, 0x00, 0x00, 0x00, 0x00, 0x00, 0xC5, 0xFF, 0xDD, 0x00,
0x00, 0x00, 0x00, 0x00, 0x00, 0x00, 0x00, 0x00, 0x00, 0x00, 0xC5, 0xFF, 0x83, 0x00, 0x00, 0x00,
0x00, 0x00, 0x00, 0x00, 0x00, 0x00, 0x00, 0x18, 0xFC, 0xFE, 0x25, 0x00, 0x00, 0x00, 0x00, 0x00,
0x00, 0x00, 0x00, 0x00, 0x00, 0x8A, 0xFF, 0xB9, 0x00, 0x00, 0x00, 0x00, 0x00, 0x00, 0x00, 0x00,
0x09, 0x0F, 0x6E, 0xFC, 0xFE, 0x3A, 0x00, 0x00, 0x00, 0x00, 0x00, 0x00, 0x00, 0x00, 0x6A, 0xFF,
0xFF, 0xFF, 0x93, 0x00, 0x00, 0x00, 0x00, 0x00, 0x00, 0x00, 0x00, 0x00, 0x81, 0xF5, 0xED, 0x89,
0x03, 0x00, 0x00, 0x00, 0x00, 0x00, 0x00, 0x00, 0xB0, 0xFF, 0xB4, 0x00, 0x00, 0x00, 0x00, 0x00,
0x00, 0xA8, 0xFF, 0xBC, 0xB0, 0xFF, 0xB4, 0x00, 0x00, 0x00, 0x00, 0x00, 0x00, 0xA8, 0xFF, 0xBC,
0xB0, 0xFF, 0xB4, 0x00, 0x00, 0x00, 0x00, 0x00, 0x00, 0xA8, 0xFF, 0xBC, 0xB0, 0xFF, 0xB4, 0x00,
0x00, 0x00, 0x00, 0x00, 0x00, 0xA8, 0xFF, 0xBC, 0xB0, 0xFF, 0xB4, 0x00, 0x00, 0x00, 0x00, 0x00,
0x00, 0xA8, 0xFF, 0xBC, 0xB0, 0xFF, 0xB4, 0x00, 0x00, 0x00, 0x00, 0x00, 0x00, 0xA8, 0xFF, 0xBC,
0xB0, 0xFF, 0xB4, 0x00, 0x00, 0x00, 0x00, 0x00, 0x00, 0xA8, 0xFF, 0xBC, 0xB0, 0xFF, 0xB4, 0x00,
0x00, 0x00, 0x00, 0x00, 0x00, 0xA8, 0xFF, 0xBC, 0xB0, 0xFF, 0xB4, 0x00, 0x00, 0x00, 0x00, 0x00,
0x00, 0xA8, 0xFF, 0xBC, 0xB0, 0xFF, 0xB4, 0x00, 0x00, 0x00, 0x00, 0x00, 0x00, 0xA8, 0xFF, 0xBC,
0xB0, 0xFF, 0xB4, 0x00, 0x00, 0x00, 0x00, 0x00, 0x00, 0xA8, 0xFF, 0xBC, 0xB0, 0xFF, 0xB4, 0x00,
0x00, 0x00, 0x00, 0x00, 0x00, 0xA8, 0xFF, 0xBC, 0xB0, 0xFF, 0xB4, 0x00, 0x00, 0x00, 0x00, 0x00,
0x00, 0xA8, 0xFF, 0xBC, 0xB0, 0xFF, 0xFF, 0xFF, 0xFF, 0xFF, 0xFF, 0xFF, 0xFF, 0xFF, 0xFF, 0xBC,
0xB0, 0xFF, 0xFF, 0xFF, 0xFF, 0xFF, 0xFF, 0xFF, 0xFF, 0xFF, 0xFF, 0xBC, 0x00, 0x00, 0x00, 0x00,
0x31, 0xFF, 0xFF, 0x4F, 0x00, 0x00, 0x00, 0x00, 0x00, 0x00, 0x00, 0x00, 0x13, 0xFF, 0xFF, 0x38,
0x00, 0x00, 0x00, 0x00, 0x00, 0x00, 0x00, 0x00, 0x00, 0xF3, 0xFF, 0x21, 0x00, 0x00, 0x00, 0x00,
0x00, 0x00, 0x00, 0x00, 0x00, 0xD6, 0xFF, 0x0A, 0x00, 0x00, 0x00, 0x00, 0x00, 0x00, 0x00, 0x00,
0x00, 0xB7, 0xF3, 0x00, 0x00, 0x00, 0x00, 0x00, 0x00, 0x00, 0x00, 0x00, 0x88, 0xFF, 0xF4, 0x00,
0x00, 0x00, 0x00, 0x00, 0x00, 0x00, 0x00, 0x00, 0x00, 0x00, 0x00, 0x00, 0x00, 0x00, 0x88, 0xFF,
0xF4, 0x00, 0x00, 0x00, 0x00, 0x00, 0x00, 0x00, 0x00, 0x00, 0x00, 0x00, 0x00, 0x00, 0x00, 0x00,
0x88, 0xFF, 0xF4, 0x00, 0x00, 0x00, 0x00, 0x00, 0x00, 0x00, 0x00, 0x00, 0x00, 0x00, 0xFF, 0xFF,
0xFF, 0xFF, 0xFF, 0xFF, 0xFF, 0xFF, 0xFF, 0xFF, 0xFF, 0xFF, 0xFF, 0x2C, 0x00, 0x00, 0x00, 0x00,
0xFF, 0xFF, 0xFF, 0xFF, 0xFF, 0xFF, 0xFF, 0xFF, 0xFF, 0xFF, 0xFF, 0xFF, 0xFF, 0x2C, 0x00, 0x00,
0x00, 0x00, 0x00, 0x00, 0x00, 0x00, 0x88, 0xFF, 0xF4, 0x00, 0x00, 0x00, 0x00, 0x00, 0x00, 0x00,
0x00, 0x00, 0x00, 0x00, 0x00, 0x00, 0x00, 0x00, 0x88, 0xFF, 0xF4, 0x00, 0x00, 0x00, 0x00, 0x00,
0x00, 0x00, 0x00, 0x00, 0x00, 0x00, 0x00, 0x00, 0x00, 0x00, 0x88, 0xFF, 0xF4, 0x00, 0x00, 0x00,
0x00, 0x00, 0x00, 0x00, 0x00, 0x00, 0x00, 0x00, 0x00, 0x00, 0x00, 0x00, 0x88, 0xFF, 0xFD, 0xD6,
0xEC, 0xFB, 0xF8, 0xE6, 0xBF, 0x7D, 0x1D, 0x00, 0x00, 0x00, 0x00, 0x00, 0x00, 0x00, 0x88, 0xFF,
0xFF, 0xFF, 0xFF, 0xFF, 0xFF, 0xFF, 0xFF, 0xFF, 0xF8, 0x75, 0x00, 0x00, 0x00, 0x00, 0x00, 0x00,
0x88, 0xFF, 0xF7, 0x2F, 0x11, 0x04, 0x18, 0x36, 0x7F, 0xEF, 0xFF, 0xFF, 0x71, 0x00, 0x00, 0x00,
0x00, 0x00, 0x88, 0xFF, 0xF4, 0x00, 0x00, 0x00, 0x00, 0x00, 0x00, 0x25, 0xED, 0xFF, 0xF6, 0x0F,
0x00, 0x00, 0x00, 0x00, 0x88, 0xFF, 0xF4, 0x00, 0x00, 0x00, 0x00, 0x00, 0x00, 0x00, 0x72, 0xFF,
0xFF, 0x5A, 0x00, 0x00, 0x00, 0x00, 0x88, 0xFF, 0xF4, 0x00, 0x00, 0x00, 0x00, 0x00, 0x00, 0x00,
0x2D, 0xFF, 0xFF, 0x7B, 0x00, 0x00, 0x00, 0x00, 0x88, 0xFF, 0xF4, 0x00, 0x00, 0x00, 0x00, 0x00,
0x00, 0x00, 0x1F, 0xFF, 0xFF, 0x82, 0x00, 0x00, 0x00, 0x00, 0x88, 0xFF, 0xF4, 0x00, 0x00, 0x00,
0x00, 0x00, 0x00, 0x00, 0x3E, 0xFF, 0xFF, 0x68, 0x00, 0x00, 0x00, 0x00, 0x88, 0xFF, 0xF4, 0x00,
0x00, 0x00, 0x00, 0x00, 0x00, 0x00, 0x98, 0xFF, 0xFF, 0x26, 0x00, 0x00, 0x00, 0x00, 0x88, 0xFF,
0xF4, 0x00, 0x00, 0x00, 0x00, 0x00, 0x00, 0x51, 0xFC, 0xFF, 0xB7, 0x00, 0x00, 0x00, 0x00, 0x00,
0x88, 0xFF, 0xF6, 0x1C, 0x09, 0x02, 0x0F, 0x3E, 0xA0, 0xFE, 0xFF, 0xE2, 0x1E, 0x00, 0x00, 0x00,
0x00, 0x00, 0x88, 0xFF, 0xFF, 0xFF, 0xFF, 0xFF, 0xFF, 0xFF, 0xFF, 0xFF, 0xBD, 0x1F, 0x00, 0x00,
0x00, 0x00, 0x00, 0x00, 0x53, 0xC4, 0xE3, 0xF4, 0xFC, 0xFC, 0xEF, 0xCE, 0x98, 0x3E, 0x00, 0x00,
0x00, 0x00, 0x00, 0x00, 0x00, 0xB4, 0xFF, 0xB4, 0x00, 0x00, 0x00, 0x00, 0x00, 0x00, 0x00, 0x00,
0x00, 0x00, 0x00, 0xB4, 0xFF, 0xB4, 0x00, 0x00, 0x00, 0x00, 0x00, 0x00, 0x00, 0x00, 0x00, 0x00,
0x00, 0xB4, 0xFF, 0xB4, 0x00, 0x00, 0x00, 0x00, 0x00, 0x00, 0x00, 0x00, 0x00, 0x00, 0x00, 0xB4,
0xFF, 0xB4, 0x00, 0x00, 0x00, 0x00, 0x00, 0x00, 0x00, 0x00, 0x00, 0x00, 0x00, 0xB4, 0xFF, 0xB4,
0x00, 0x00, 0x00, 0x00, 0x00, 0x00, 0x00, 0x00, 0x00, 0x00, 0x00, 0xB4, 0xFF, 0xB4, 0x00, 0x00,
0x00, 0x00, 0x00, 0x00, 0x00, 0x00, 0xF8, 0xFF, 0xFF, 0xFF, 0xFF, 0xFF, 0xFF, 0xFF, 0xFF, 0xFF,
0x80, 0x00, 0x00, 0x00, 0xF8, 0xFF, 0xFF, 0xFF, 0xFF, 0xFF, 0xFF, 0xFF, 0xFF, 0xFF, 0x80, 0x00,
0x00, 0x00, 0x00, 0x00, 0x00, 0xB4, 0xFF, 0xB4, 0x00, 0x00, 0x00, 0x00, 0x00, 0x00, 0x00, 0x00,
0x00, 0x00, 0x00, 0xB4, 0xFF, 0xB4, 0x00, 0x00, 0x00, 0x00, 0x00, 0x00, 0x00, 0x00, 0x00, 0x00,
0x00, 0xB4, 0xFF, 0xB4, 0x00, 0x00, 0x00, 0x00, 0x00, 0x00, 0x00, 0x00, 0x00, 0x00, 0x00, 0xB4,
0xFF, 0xF0, 0xE1, 0xF7, 0xFB, 0xEC, 0xBF, 0x6A, 0x06, 0x00, 0x00, 0x00, 0x00, 0xB4, 0xFF, 0xFF,
0xFF, 0xFF, 0xFF, 0xFF, 0xFF, 0xFF, 0xC9, 0x0D, 0x00, 0x00, 0x00, 0xB4, 0xFF, 0xC2, 0x16, 0x03,
0x14, 0x41, 0xC6, 0xFF, 0xFF, 0x8B, 0x00, 0x00, 0x00, 0xB4, 0xFF, 0xB4, 0x00, 0x00, 0x00, 0x00,
0x0B, 0xDE, 0xFF, 0xE0, 0x00, 0x00, 0x00, 0xB4, 0xFF, 0xB4, 0x00, 0x00, 0x00, 0x00, 0x00, 0x92,
0xFF, 0xFD, 0x00, 0x00, 0x00, 0xB4, 0xFF, 0xB4, 0x00, 0x00, 0x00, 0x00, 0x00, 0x94, 0xFF, 0xF1,
0x00, 0x00, 0x00, 0xB4, 0xFF, 0xB4, 0x00, 0x00, 0x00, 0x00, 0x0A, 0xDC, 0xFF, 0xC2, 0x00, 0x00,
0x00, 0xB4, 0xFF, 0xC1, 0x1D, 0x07, 0x14, 0x40, 0xC0, 0xFF, 0xFF, 0x5D, 0x00, 0x00, 0x00, 0xB4,
0xFF, 0xFF, 0xFF, 0xFF, 0xFF, 0xFF, 0xFF, 0xFF, 0x93, 0x01, 0x00, 0x00, 0x00, 0x97, 0xE1, 0xEC,
0xF7, 0xFC, 0xF1, 0xD2, 0x9A, 0x3B, 0x00, 0x00, 0x00, 0x00, 0x00, 0x00, 0x00, 0x3D, 0x96, 0xD5,
0xEE, 0xF7, 0xE1, 0xBB, 0x6A, 0x0F, 0x00, 0x00, 0x00, 0x00, 0x00, 0x00, 0x00, 0x0F, 0xAD, 0xFF,
0xFF, 0xFF, 0xFF, 0xFF, 0xFF, 0xFF, 0xFF, 0xE7, 0x52, 0x00, 0x00, 0x00, 0x00, 0x00, 0x0E, 0xCB,
0xFF, 0xFF, 0xAC, 0x44, 0x10, 0x08, 0x29, 0x7F, 0xF3, 0xFF, 0xFD, 0x5E, 0x00, 0x00, 0x00, 0x00,
0x9A, 0xFF, 0xFF, 0x66, 0x00, 0x00, 0x00, 0x00, 0x00, 0x00, 0x26, 0xE2, 0xFF, 0xF8, 0x26, 0x00,
0x00, 0x2C, 0xFE, 0xFF, 0x95, 0x00, 0x00, 0x00, 0x00, 0x00, 0x00, 0x00, 0x00, 0x35, 0xFB, 0xFF,
0xB0, 0x00, 0x00, 0x8F, 0xFF, 0xF8, 0x17, 0x00, 0x00, 0x00, 0x00, 0x00, 0x00, 0x00, 0x00, 0x00,
0xA2, 0xFF, 0xFB, 0x16, 0x00, 0xDB, 0xFF, 0xBA, 0x00, 0x00, 0x00, 0x00, 0x00, 0x00, 0x00, 0x00,
0x00, 0x00, 0x42, 0xFF, 0xFF, 0x61, 0x0F, 0xFE, 0xFF, 0x7F, 0x00, 0x00, 0x00, 0x00, 0x00, 0x00,
0x00, 0x00, 0x00, 0x00, 0x07, 0xFB, 0xFF, 0x92, 0x32, 0xFF, 0xFF, 0x5F, 0x00, 0x00, 0x00, 0x00,
0x00, 0x00, 0x00, 0x00, 0x00, 0x00, 0x00, 0xDD, 0xFF, 0xB9, 0x42, 0xFF, 0xFF, 0xFF, 0xFF, 0xFF,
0xFF, 0xFF, 0xFF, 0xFF, 0xFF, 0xFF, 0xFF, 0xFF, 0xFF, 0xFF, 0xFF, 0xC9, 0x4C, 0xFF, 0xFF, 0xFF,
0xFF, 0xFF, 0xFF, 0xFF, 0xFF, 0xFF, 0xFF, 0xFF, 0xFF, 0xFF, 0xFF, 0xFF, 0xFF, 0xD4, 0x42, 0xFF,
0xFF, 0x5D, 0x00, 0x00, 0x00, 0x00, 0x00, 0x00, 0x00, 0x00, 0x00, 0x00, 0x00, 0xD9, 0xFF, 0xC8,
0x33, 0xFF, 0xFF, 0x7A, 0x00, 0x00, 0x00, 0x00, 0x00, 0x00, 0x00, 0x00, 0x00, 0x00, 0x00, 0xF1,
0xFF, 0xB9, 0x0F, 0xFF, 0xFF, 0xAA, 0x00, 0x00, 0x00, 0x00, 0x00, 0x00, 0x00, 0x00, 0x00, 0x00,
0x17, 0xFF, 0xFF, 0x94, 0x00, 0xDE, 0xFF, 0xE8, 0x03, 0x00, 0x00, 0x00, 0x00, 0x00, 0x00, 0x00,
0x00, 0x00, 0x55, 0xFF, 0xFF, 0x61, 0x00, 0x90, 0xFF, 0xFF, 0x4D, 0x00, 0x00, 0x00, 0x00, 0x00,
0x00, 0x00, 0x00, 0x00, 0xB1, 0xFF, 0xFC, 0x19, 0x00, 0x2E, 0xFE, 0xFF, 0xD3, 0x06, 0x00, 0x00,
0x00, 0x00, 0x00, 0x00, 0x00, 0x33, 0xFD, 0xFF, 0xB1, 0x00, 0x00, 0x00, 0x9C, 0xFF, 0xFF, 0xA7,
0x04, 0x00, 0x00, 0x00, 0x00, 0x00, 0x1C, 0xDA, 0xFF, 0xF8, 0x28, 0x00, 0x00, 0x00, 0x0E, 0xCB,
0xFF, 0xFF, 0xCF, 0x53, 0x13, 0x06, 0x25, 0x73, 0xE9, 0xFF, 0xFE, 0x63, 0x00, 0x00, 0x00, 0x00,
0x00, 0x11, 0xAB, 0xFF, 0xFF, 0xFF, 0xFF, 0xFF, 0xFF, 0xFF, 0xFF, 0xEA, 0x56, 0x00, 0x00, 0x00,
0x00, 0x00, 0x00, 0x00, 0x00, 0x3E, 0x98, 0xD6, 0xEF, 0xF9, 0xE5, 0xBC, 0x71, 0x0F, 0x00, 0x00,
0x00, 0x00, 0x00, 0x00, 0x00, 0x24, 0x95, 0xD8, 0xF4, 0xF5, 0xDC, 0x9A, 0x2C, 0x00, 0x00, 0x00,
0x00, 0x00, 0x5F, 0xFA, 0xFF, 0xFF, 0xFF, 0xFF, 0xFF, 0xFF, 0xFC, 0x70, 0x00, 0x00, 0x00, 0x3D,
0xFD, 0xFF, 0xBA, 0x3F, 0x13, 0x12, 0x42, 0xC4, 0xFF, 0xFF, 0x4F, 0x00, 0x00, 0xC9, 0xFF, 0xBF,
0x03, 0x00, 0x00, 0x00, 0x00, 0x03, 0xBC, 0xFF, 0xDB, 0x01, 0x25, 0xFF, 0xFF, 0x3F, 0x00, 0x00,
0x00, 0x00, 0x00, 0x00, 0x3A, 0xFF, 0xFF, 0x37, 0x5C, 0xFF, 0xFD, 0x06, 0x00, 0x00, 0x00, 0x00,
0x00, 0x00, 0x02, 0xF4, 0xFF, 0x6E, 0x79, 0xFF, 0xFF, 0xFF, 0xFF, 0xFF, 0xFF, 0xFF, 0xFF, 0xFF,
0xFF, 0xFF, 0xFF, 0x8C, 0x84, 0xFF, 0xFF, 0xFF, 0xFF, 0xFF, 0xFF, 0xFF, 0xFF, 0xFF, 0xFF, 0xFF,
0xFF, 0x97, 0x79, 0xFF, 0xFD, 0x05, 0x00, 0x00, 0x00, 0x00, 0x00, 0x00, 0x00, 0xF0, 0xFF, 0x8B,
0x5B, 0xFF, 0xFF, 0x2E, 0x00, 0x00, 0x00, 0x00, 0x00, 0x00, 0x17, 0xFF, 0xFF, 0x6F, 0x24, 0xFF,
0xFF, 0x82, 0x00, 0x00, 0x00, 0x00, 0x00, 0x00, 0x63, 0xFF, 0xFF, 0x38, 0x00, 0xC8, 0xFF, 0xF2,
0x25, 0x00, 0x00, 0x00, 0x00, 0x0F, 0xDE, 0xFF, 0xDA, 0x01, 0x00, 0x3D, 0xFE, 0xFF, 0xE7, 0x5B,
0x0F, 0x13, 0x4A, 0xD1, 0xFF, 0xFF, 0x4E, 0x00, 0x00, 0x00, 0x60, 0xFA, 0xFF, 0xFF, 0xFF, 0xFF,
0xFF, 0xFF, 0xFD, 0x71, 0x00, 0x00, 0x00, 0x00, 0x00, 0x25, 0x95, 0xD8, 0xF4, 0xF6, 0xDD, 0x9D,
0x2E, 0x00, 0x00, 0x00, 0x01, 0xDD, 0xFF, 0xD3, 0x00, 0x00, 0x00, 0x00, 0x00, 0x00, 0x00, 0x00,
0x00, 0x00, 0x00, 0x55, 0xD2, 0xF4, 0xF6, 0xBD, 0x2A, 0x00, 0x7D, 0xFF, 0xFF, 0x34, 0x00, 0x00,
0x00, 0x00, 0x00, 0x00, 0x00, 0x00, 0x00, 0x49, 0xFD, 0xFF, 0xFF, 0xFF, 0xFF, 0x85, 0x00, 0x1D,
0xFD, 0xFF, 0x94, 0x00, 0x00, 0x00, 0x00, 0x00, 0x00, 0x00, 0x00, 0x06, 0xDE, 0xFF, 0xC0, 0x1C,
0x21, 0x9B, 0x29, 0x00, 0x00, 0xB8, 0xFF, 0xED, 0x06, 0x00, 0x00, 0x00, 0x00, 0x00, 0x00, 0x00,
0x5D, 0xFF, 0xF8, 0x1B, 0x00, 0x00, 0x00, 0x00, 0x00, 0x00, 0x55, 0xFF, 0xFF, 0x54, 0x00, 0x00,
0x00, 0x00, 0x00, 0x00, 0x00, 0xBE, 0xFF, 0xA4, 0x00, 0x00, 0x00, 0x00, 0x00, 0x00, 0x00, 0x06,
0xEC, 0xFF, 0xB4, 0x00, 0x00, 0x00, 0x00, 0x00, 0x00, 0x17, 0xFD, 0xFF, 0x49, 0x00, 0x00, 0x00,
0x00, 0x00, 0x00, 0x00, 0x00, 0x90, 0xFF, 0xFC, 0x18, 0x00, 0x00, 0x00, 0x00, 0x00, 0x65, 0xFF,
0xEE, 0x05, 0x00, 0x00, 0x00, 0x00, 0x00, 0x00, 0x00, 0x00, 0x2D, 0xFF, 0xFF, 0x74, 0x00, 0x00,
0x00, 0x00, 0x00, 0xB4, 0xFF, 0x9E, 0x00, 0x00, 0x00, 0x00, 0x00, 0x00, 0x00, 0x00, 0x00, 0x00,
0xCB, 0xFF, 0xD4, 0x00, 0x00, 0x00, 0x00, 0x0B, 0xF7, 0xFF, 0x49, 0x00, 0x00, 0x00, 0x00, 0x00,
0x00, 0x00, 0x00, 0x00, 0x00, 0x69, 0xFF, 0xFF, 0x34, 0x00, 0x00, 0x00, 0x52, 0xFF, 0xEE, 0x05,
0x00, 0x00, 0x00, 0x00, 0x00, 0x00, 0x00, 0x00, 0x00, 0x00, 0x0F, 0xF6, 0xFF, 0x95, 0x00, 0x00,
0x00, 0xA0, 0xFF, 0x9E, 0x00, 0x00, 0x00, 0x00, 0x00, 0x00, 0x00, 0x00, 0x00, 0x00, 0x00, 0x00,
0xA4, 0xFF, 0xED, 0x07, 0x00, 0x03, 0xEB, 0xFF, 0x49, 0x00, 0x00, 0x00, 0x00, 0x00, 0x00, 0x00,
0x00, 0x00, 0x00, 0x00, 0x00, 0x41, 0xFF, 0xFF, 0x55, 0x00, 0x3D, 0xFF, 0xEE, 0x05, 0x00, 0x00,
0x00, 0x00, 0x00, 0x00, 0x00, 0x00, 0x00, 0x00, 0x00, 0x00, 0x01, 0xDD, 0xFF, 0xB5, 0x00, 0x8C,
0xFF, 0x9E, 0x00, 0x00, 0x00, 0x00, 0x00, 0x00, 0x00, 0x00, 0x00, 0x00, 0x00, 0x00, 0x00, 0x00,
0x7C, 0xFF, 0xFC, 0x0D, 0xCD, 0xFF, 0x49, 0x00, 0x00, 0x00, 0x00, 0x00, 0x00, 0x00, 0x00, 0x00,
0x00, 0x00, 0x00, 0x00, 0x00, 0x1C, 0xFD, 0xFF, 0x46, 0xF3, 0xEF, 0x05, 0x00, 0x00, 0x00, 0x00,
0x00, 0x00, 0x00, 0x00, 0x00, 0x00, 0x00, 0x00, 0x00, 0x00, 0x00, 0xB7, 0xFF, 0x9B, 0xFF, 0x9F,
0x00, 0x00, 0x00, 0x00, 0x00, 0x00, 0x00, 0x00, 0x00, 0x00, 0x00, 0x00, 0x00, 0x00, 0x00, 0x00,
0x55, 0xFF, 0xF3, 0xFF, 0x49, 0x00, 0x00, 0x00, 0x00, 0x00, 0x00, 0x00, 0x00, 0x00, 0x00, 0x00,
0x00, 0x00, 0x00, 0x00, 0x00, 0x06, 0xEB, 0xFF, 0xEF, 0x05, 0x00, 0x00, 0x00, 0x00, 0x00, 0x00,
0x00, 0x00, 0x00, 0x00, 0x00, 0x00, 0x00, 0x00, 0x00, 0x00, 0x00, 0x90, 0xFF, 0x9F, 0x00, 0x00,
0x00, 0x00, 0x00, 0x00, 0x00, 0x00, 0x00, 0x00, 0x00, 0x00, 0x00, 0x00, 0x00, 0x00, 0x00, 0x00,
0x2D, 0xFF, 0x4A, 0x00, 0x00, 0x00, 0x00, 0x00, 0x00, 0x00, 0x00, 0x00, 0x00, 0x7D, 0xFF, 0xFF,
0x44, 0x00, 0x00, 0x00, 0x00, 0x00, 0x00, 0x00, 0x04, 0x88, 0xE9, 0xF9, 0xB9, 0x15, 0xF8, 0xFF,
0xAF, 0x00, 0x00, 0x00, 0x00, 0x00, 0x00, 0x00, 0x92, 0xFF, 0xFF, 0xFF, 0xAE, 0x00, 0x9E, 0xFF,
0xFC, 0x1D, 0x00, 0x00, 0x00, 0x00, 0x00, 0x2C, 0xFE, 0xFF, 0x83, 0x0C, 0x19, 0x00, 0x2F, 0xFF,
0xFF, 0x84, 0x00, 0x00, 0x00, 0x00, 0x00, 0x9F, 0xFF, 0xC4, 0x00, 0x00, 0x00, 0x00, 0x00, 0xC0,
0xFF, 0xE8, 0x06, 0x00, 0x00, 0x00, 0x11, 0xF7, 0xFF, 0x49, 0x00, 0x00, 0x00, 0x00, 0x00, 0x51,
0xFF, 0xFF, 0x59, 0x00, 0x00, 0x00, 0x72, 0xFF, 0xDA, 0x01, 0x00, 0x00, 0x00, 0x00, 0x00, 0x02,
0xDE, 0xFF, 0xC3, 0x00, 0x00, 0x00, 0xD8, 0xFF, 0x6F, 0x00, 0x00, 0x00, 0x00, 0x00, 0x00, 0x00,
0x72, 0xFF, 0xFF, 0x2E, 0x00, 0x42, 0xFF, 0xF3, 0x0F, 0x00, 0x00, 0x00, 0x00, 0x00, 0x00, 0x00,
0x0F, 0xF3, 0xFF, 0x96, 0x00, 0xA8, 0xFF, 0x95, 0x00, 0x00, 0x00, 0x00, 0x00, 0x00, 0x00, 0x00,
0x00, 0x94, 0xFF, 0xE8, 0x05, 0xF0, 0xFF, 0x29, 0x00, 0x00, 0x00, 0x00, 0x00, 0x00, 0x00, 0x00,
0x00, 0x26, 0xFE, 0xFF, 0x6F, 0xFF, 0xBC, 0x00, 0x00, 0x00, 0x00, 0x00, 0x00, 0x00, 0x00, 0x00,
0x00, 0x00, 0xB5, 0xFF, 0xEE, 0xFF, 0x4F, 0x00, 0x00, 0x00, 0x00, 0x00, 0x00, 0x00, 0x00, 0x00,
0x00, 0x00, 0x46, 0xFF, 0xFF, 0xE0, 0x03, 0x00, 0x00, 0x00, 0x00, 0x00, 0x00, 0x00, 0x00, 0x00,
0x00, 0x00, 0x00, 0xD6, 0xFF, 0x76, 0x00, 0x00, 0x00, 0x00, 0x00, 0x00, 0x00, 0x00, 0x00, 0x00,
0x00, 0x00, 0x00, 0x68, 0xF7, 0x13, 0x00, 0x00, 0x00, 0x00, 0x00, 0x00, 0x00, 0x00, 0x00, 0x00,
0x51, 0xB3, 0xC8, 0x00, 0x00, 0x00, 0x00, 0x09, 0xDD, 0xB1, 0x21, 0x00, 0x00, 0x00, 0x00, 0x00,
0x00, 0x00, 0x00, 0x71, 0xFF, 0xFF, 0x9A, 0x21, 0x07, 0x2A, 0xB3, 0xFF, 0xED, 0x06, 0x00, 0x00,
0x00, 0x00, 0x00, 0x00, 0x00, 0x00, 0x0B, 0xCF, 0xFF, 0xFF, 0xFF, 0xFF, 0xFF, 0xFF, 0xFD, 0x50,
0x00, 0x00, 0x00, 0x00, 0x00, 0x00, 0x00, 0x00, 0x00, 0x00, 0x0A, 0x6C, 0xC5, 0xE8, 0xFB, 0xEB,
0xB4, 0x41, 0x00, 0x00, 0x00, 0x00, 0x00, 0x00, 0x00, 0x00, 0x00, 0x00, 0x00, 0x00, 0x00, 0x00,
0x00, 0x00, 0x00, 0x00, 0x00, 0x00, 0x00, 0x00, 0x00, 0x00, 0x00, 0x00, 0x74, 0xFF, 0xFF, 0x0C,
0x00, 0x00, 0x00, 0x00, 0x00, 0x00, 0x00, 0x00, 0x00, 0x10, 0xE2, 0xE0, 0x00, 0x00, 0x00, 0x74,
0xFF, 0xFF, 0x0C, 0x00, 0x00, 0x00, 0x00, 0x00, 0x00, 0x00, 0x00, 0x00, 0xA8, 0xFF, 0xE0, 0x00,
0x00, 0x00, 0x74, 0xFF, 0xFF, 0x0C, 0x00, 0x00, 0x00, 0x00, 0x00, 0x00, 0x00, 0x00, 0x5E, 0xFF,
0xFF, 0xE0, 0x00, 0x00, 0x00, 0x74, 0xFF, 0xFF, 0x0C, 0x00, 0x00, 0x00, 0x00, 0x00, 0x00, 0x00,
0x21, 0xF1, 0xFF, 0xFF, 0xE0, 0x00, 0x00, 0x00, 0x74, 0xFF, 0xFF, 0x0C, 0x00, 0x00, 0x00, 0x00,
0x00, 0x00, 0x03, 0xC4, 0xFF, 0xD7, 0xFF, 0xE0, 0x00, 0x00, 0x00, 0x74, 0xFF, 0xFF, 0x0C, 0x00,
0x00, 0x00, 0x00, 0x00, 0x00, 0x7E, 0xFF, 0xD8, 0x88, 0xFF, 0xE0, 0x00, 0x00, 0x00, 0x74, 0xFF,
0xFF, 0x0C, 0x00, 0x00, 0x00, 0x00, 0x00, 0x37, 0xFB, 0xFF, 0x55, 0x96, 0xFF, 0xE0, 0x00, 0x00,
0x00, 0x74, 0xFF, 0xFF, 0x0C, 0x00, 0x00, 0x00, 0x00, 0x0C, 0xDB, 0xFF, 0xAE, 0x00, 0x9C, 0xFF,
0xE0, 0x00, 0x00, 0x00, 0x74, 0xFF, 0xFF, 0x0C, 0x00, 0x00, 0x00, 0x00, 0x9E, 0xFF, 0xE5, 0x13,
0x00, 0x9C, 0xFF, 0xE0, 0x00, 0x00, 0x00, 0x74, 0xFF, 0xFF, 0x0C, 0x00, 0x00, 0x00, 0x53, 0xFF,
0xFE, 0x42, 0x00, 0x00, 0x9C, 0xFF, 0xE0, 0x00, 0x00, 0x00, 0x74, 0xFF, 0xFF, 0x0C, 0x00, 0x00,
0x1B, 0xED, 0xFF, 0x89, 0x00, 0x00, 0x00, 0x9C, 0xFF, 0xE0, 0x00, 0x00, 0x00, 0x74, 0xFF, 0xFF,
0x0C, 0x00, 0x01, 0xBC, 0xFF, 0xCC, 0x05, 0x00, 0x00, 0x00, 0x9C, 0xFF, 0xE0, 0x00, 0x00, 0x00,
0x74, 0xFF, 0xFF, 0x0C, 0x00, 0x73, 0xFF, 0xF4, 0x26, 0x00, 0x00, 0x00, 0x00, 0x9C, 0xFF, 0xE0,
0x00, 0x00, 0x00, 0x74, 0xFF, 0xFF, 0x0C, 0x2F, 0xF9, 0xFF, 0x63, 0x00, 0x00, 0x00, 0x00, 0x00,
0x9C, 0xFF, 0xE0, 0x00, 0x00, 0x00, 0x74, 0xFF, 0xFF, 0x0A, 0xD1, 0xFF, 0xAB, 0x00, 0x00, 0x00,
0x00, 0x00, 0x00, 0x9C, 0xFF, 0xE0, 0x00, 0x00, 0x00, 0x74, 0xFF, 0xF1, 0x5F, 0xFF, 0xE2, 0x11,
0x00, 0x00, 0x00, 0x00, 0x00, 0x00, 0x9C, 0xFF, 0xE0, 0x00, 0x00, 0x00, 0x74, 0xFF, 0xE5, 0xE0,
0xFD, 0x3F, 0x00, 0x00, 0x00, 0x00, 0x00, 0x00, 0x00, 0x9C, 0xFF, 0xE0, 0x00, 0x00, 0x00, 0x74,
0xFF, 0xFF, 0xFF, 0x85, 0x00, 0x00, 0x00, 0x00, 0x00, 0x00, 0x00, 0x00, 0x9C, 0xFF, 0xE0, 0x00,
0x00, 0x00, 0x74, 0xFF, 0xFF, 0xC9, 0x04, 0x00, 0x00, 0x00, 0x00, 0x00, 0x00, 0x00, 0x00, 0x9C,
0xFF, 0xE0, 0x00, 0x00, 0x00, 0x74, 0xFF, 0xF3, 0x23, 0x00, 0x00, 0x00, 0x00, 0x00, 0x00, 0x00,
0x00, 0x00, 0x9C, 0xFF, 0xFF, 0xFF, 0xFF, 0xF8, 0x74, 0xFF, 0x5F, 0x00, 0x00, 0x00, 0x00, 0x00,
0x00, 0x00, 0x00, 0x00, 0x00, 0x9C, 0xFF, 0xFF, 0xFF, 0xFF, 0x90, 0x00, 0x00, 0x00, 0x00, 0x00,
0x00, 0x00, 0x00, 0x00, 0x00, 0x00, 0x00, 0x00, 0x00, 0x00, 0x2B, 0xFF, 0xF5, 0x18, 0x00, 0x00,
0x00, 0x00, 0x00, 0x00, 0x00, 0x00, 0x00, 0x00, 0x00, 0x00, 0x00, 0x00, 0x00, 0x82, 0xFF, 0x8A,
0x00, 0x00, 0x00, 0x00, 0x00, 0x00, 0x00, 0x00, 0x00, 0x00, 0x00, 0x00, 0x00, 0x00, 0x00, 0x00,
0xD7, 0xF3, 0x14, 0x00, 0x00, 0x00, 0x00, 0x00, 0x00, 0x00, 0x00, 0x00, 0x00, 0x00, 0x00, 0x00,
0x00, 0x00, 0x2D, 0xFF, 0x85, 0x00, 0x00, 0x00, 0x16, 0x93, 0xD6, 0x0B, 0x00, 0x00, 0x00, 0x0D,
0xD9, 0x96, 0x00, 0x00, 0x00, 0x00, 0x00, 0x00, 0x10, 0xF4, 0xFF, 0xB6, 0x2B, 0x07, 0x2F, 0xBD,
0xFF, 0xB9, 0x00, 0x00, 0x00, 0x00, 0x00, 0x00, 0x00, 0x5A, 0xFC, 0xFF, 0xFF, 0xFF, 0xFF, 0xFF,
0xEE, 0x2C, 0x00, 0x00, 0x00, 0x00, 0x00, 0x00, 0x00, 0x00, 0x39, 0xA8, 0xE2, 0xF7, 0xDB, 0x93,
0x1C, 0x00, 0x00, 0x00, 0x00, 0x00, 0x00, 0x00, 0x00, 0x00, 0x00, 0x00, 0x00, 0x00, 0x00, 0x00,
0x00, 0x00, 0x00, 0x00, 0x00, 0x00, 0x00, 0x00, 0x00, 0x00, 0x00, 0x00, 0x00, 0x00, 0x00, 0x00,
0x00, 0x00, 0x00, 0x00, 0x00, 0x00, 0x00, 0xB0, 0xFF, 0xB4, 0x00, 0x00, 0x00, 0x00, 0x00, 0x00,
0x01, 0xB6, 0xFF, 0x10, 0x00, 0x00, 0x00, 0xB0, 0xFF, 0xB4, 0x00, 0x00, 0x00, 0x00, 0x00, 0x00,
0x76, 0xFF, 0xFF, 0x10, 0x00, 0x00, 0x00, 0xB0, 0xFF, 0xB4, 0x00, 0x00, 0x00, 0x00, 0x00, 0x39,
0xFB, 0xFF, 0xFF, 0x10, 0x00, 0x00, 0x00, 0xB0, 0xFF, 0xB4, 0x00, 0x00, 0x00, 0x00, 0x11, 0xE1,
0xFF, 0xFF, 0xFF, 0x10, 0x00, 0x00, 0x00, 0xB0, 0xFF, 0xB4, 0x00, 0x00, 0x00, 0x00, 0xB1, 0xFF,
0xC5, 0xFF, 0xFF, 0x10, 0x00, 0x00, 0x00, 0xB0, 0xFF, 0xB4, 0x00, 0x00, 0x00, 0x71, 0xFF, 0xD8,
0x54, 0xFF, 0xFF, 0x10, 0x00, 0x00, 0x00, 0xB0, 0xFF, 0xB4, 0x00, 0x00, 0x35, 0xFA, 0xFA, 0x37,
0x53, 0xFF, 0xFF, 0x10, 0x00, 0x00, 0x00, 0xB0, 0xFF, 0xB4, 0x00, 0x0F, 0xDE, 0xFF, 0x6E, 0x00,
0x54, 0xFF, 0xFF, 0x10, 0x00, 0x00, 0x00, 0xB0, 0xFF, 0xB4, 0x00, 0xAC, 0xFF, 0xAA, 0x00, 0x00,
0x54, 0xFF, 0xFF, 0x10, 0x00, 0x00, 0x00, 0xB0, 0xFF, 0xAF, 0x5E, 0xFF, 0xD9, 0x0D, 0x00, 0x00,
0x54, 0xFF, 0xFF, 0x10, 0x00, 0x00, 0x00, 0xB0, 0xFF, 0xBA, 0xEB, 0xF5, 0x2C, 0x00, 0x00, 0x00,
0x54, 0xFF, 0xFF, 0x10, 0x00, 0x00, 0x00, 0xB0, 0xFF, 0xFF, 0xFF, 0x5E, 0x00, 0x00, 0x00, 0x00,
0x54, 0xFF, 0xFF, 0x10, 0x00, 0x00, 0x00, 0xB0, 0xFF, 0xFF, 0x9A, 0x00, 0x00, 0x00, 0x00, 0x00,
0x54, 0xFF, 0xFF, 0x10, 0x00, 0x00, 0x00, 0xB0, 0xFF, 0xCE, 0x08, 0x00, 0x00, 0x00, 0x00, 0x00,
0x54, 0xFF, 0xFF, 0xFF, 0xFF, 0xFD, 0x0B, 0xB0, 0xEF, 0x22, 0x00, 0x00, 0x00, 0x00, 0x00, 0x00,
0x54, 0xFF, 0xFF, 0xFF, 0xFF, 0xA3, 0x00, 0x00, 0x00, 0x00, 0x00, 0x00, 0x00, 0x00, 0x00, 0x00,
0x00, 0x00, 0x1C, 0xFE, 0xFC, 0x25, 0x00, 0x00, 0x00, 0x00, 0x00, 0x00, 0x00, 0x00, 0x00, 0x00,
0x00, 0x00, 0x72, 0xFF, 0x9E, 0x00, 0x00, 0x00, 0x00, 0x00, 0x00, 0x00, 0x00, 0x00, 0x00, 0x00,
0x00, 0x00, 0xC8, 0xFA, 0x21, 0x00, 0x00, 0x00, 0x00, 0x00, 0x00, 0x00, 0x00, 0x00, 0x00, 0x00,
0x00, 0x1E, 0xFE, 0x99, 0x00, 0x00, 0x00, 0x00, 0x00, 0x00, 0x00, 0x88, 0xFF, 0xF4, 0x00, 0x00,
0x00, 0x00, 0x00, 0x00, 0x00, 0x00, 0x00, 0x00, 0x00, 0x00, 0x00, 0x00, 0x00, 0x88, 0xFF, 0xF4,
0x00, 0x00, 0x00, 0x00, 0x00, 0x00, 0x00, 0x00, 0x00, 0x00, 0x00, 0x00, 0x00, 0x00, 0x00, 0x88,
0xFF, 0xF4, 0x00, 0x00, 0x00, 0x00, 0x00, 0x00, 0x00, 0x00, 0x00, 0x00, 0x00, 0xFF, 0xFF, 0xFF,
0xFF, 0xFF, 0xFF, 0xFF, 0xFF, 0xFF, 0xFF, 0xFF, 0xFF, 0xFF, 0x2C, 0x00, 0x00, 0x00, 0x00, 0xFF,
0xFF, 0xFF, 0xFF, 0xFF, 0xFF, 0xFF, 0xFF, 0xFF, 0xFF, 0xFF, 0xFF, 0xFF, 0x2C, 0x00, 0x00, 0x00,
0x00, 0x00, 0x00, 0x00, 0x00, 0x88, 0xFF, 0xF4, 0x00, 0x00, 0x00, 0x00, 0x00, 0x00, 0x00, 0x00,
0x00, 0x00, 0x00, 0x00, 0x00, 0x00, 0x00, 0x88, 0xFF, 0xF4, 0x00, 0x00, 0x00, 0x00, 0x00, 0x00,
0x00, 0x00, 0x00, 0x00, 0x00, 0x00, 0x00, 0x00, 0x00, 0x88, 0xFF, 0xF4, 0x00, 0x00, 0x00, 0x00,
0x00, 0x00, 0x00, 0x00, 0x00, 0x00, 0x00, 0x00, 0x00, 0x00, 0x00, 0x88, 0xFF, 0xFD, 0xD6, 0xEC,
0xFB, 0xF8, 0xE6, 0xBF, 0x7D, 0x1D, 0x00, 0x00, 0x00, 0x00, 0x00, 0x00, 0x00, 0x88, 0xFF, 0xFF,
0xFF, 0xFF, 0xFF, 0xFF, 0xFF, 0xFF, 0xFF, 0xF8, 0x75, 0x00, 0x00, 0x00, 0x00, 0x00, 0x00, 0x88,
0xFF, 0xF7, 0x2F, 0x11, 0x04, 0x18, 0x36, 0x7F, 0xEF, 0xFF, 0xFF, 0x71, 0x00, 0x00, 0x00, 0x00,
0x00, 0x88, 0xFF, 0xF4, 0x00, 0x00, 0x00, 0x00, 0x00, 0x00, 0x25, 0xED, 0xFF, 0xF6, 0x0F, 0x00,
0x00, 0x00, 0x00, 0x88, 0xFF, 0xF4, 0x00, 0x00, 0x00, 0x00, 0x00, 0x00, 0x00, 0x72, 0xFF, 0xFF,
0x5A, 0x00, 0x00, 0x00, 0x00, 0x88, 0xFF, 0xF4, 0x00, 0x00, 0x00, 0x00, 0x00, 0x00, 0x00, 0x2D,
0xFF, 0xFF, 0x7B, 0x00, 0x00, 0x00, 0x00, 0x88, 0xFF, 0xF4, 0x00, 0x00, 0x00, 0x00, 0x00, 0x00,
0x00, 0x1F, 0xFF, 0xFF, 0x82, 0x00, 0x00, 0x00, 0x00, 0x88, 0xFF, 0xF4, 0x00, 0x00, 0x00, 0x00,
0x00, 0x00, 0x00, 0x3E, 0xFF, 0xFF, 0x68, 0x00, 0x00, 0x00, 0x00, 0x88, 0xFF, 0xF4, 0x00, 0x00,
0x00, 0x00, 0x00, 0x00, 0x00, 0x98, 0xFF, 0xFF, 0x26, 0x00, 0x00, 0x00, 0x00, 0x88, 0xFF, 0xF4,
0x00, 0x00, 0x00, 0x00, 0x00, 0x00, 0x51, 0xFC, 0xFF, 0xB7, 0x00, 0x00, 0x00, 0x00, 0x00, 0x88,
0xFF, 0xF6, 0x1C, 0x09, 0x02, 0x0F, 0x3E, 0xA0, 0xFE, 0xFF, 0xE2, 0x1E, 0x00, 0x00, 0x00, 0x00,
0x00, 0x88, 0xFF, 0xFF, 0xFF, 0xFF, 0xFF, 0xFF, 0xFF, 0xFF, 0xFF, 0xBD, 0x1F, 0x00, 0x00, 0x00,
0x00, 0x00, 0x00, 0x53, 0xC4, 0xE3, 0xF4, 0xFC, 0xFC, 0xEF, 0xCE, 0x98, 0x3E, 0x00, 0x00, 0x00,
0x00, 0x00, 0x00, 0x00, 0xB4, 0xFF, 0xB4, 0x00, 0x00, 0x00, 0x00, 0x00, 0x00, 0x00, 0x00, 0x00,
0x00, 0x00, 0xB4, 0xFF, 0xB4, 0x00, 0x00, 0x00, 0x00, 0x00, 0x00, 0x00, 0x00, 0x00, 0x00, 0x00,
0xB4, 0xFF, 0xB4, 0x00, 0x00, 0x00, 0x00, 0x00, 0x00, 0x00, 0x00, 0x00, 0x00, 0x00, 0xB4, 0xFF,
0xB4, 0x00, 0x00, 0x00, 0x00, 0x00, 0x00, 0x00, 0x00, 0x00, 0x00, 0x00, 0xB4, 0xFF, 0xB4, 0x00,
0x00, 0x00, 0x00, 0x00, 0x00, 0x00, 0x00, 0x00, 0x00, 0x00, 0xB4, 0xFF, 0xB4, 0x00, 0x00, 0x00,
0x00, 0x00, 0x00, 0x00, 0x00, 0xF8, 0xFF, 0xFF, 0xFF, 0xFF, 0xFF, 0xFF, 0xFF, 0xFF, 0xFF, 0x80,
0x00, 0x00, 0x00, 0xF8, 0xFF, 0xFF, 0xFF, 0xFF, 0xFF, 0xFF, 0xFF, 0xFF, 0xFF, 0x80, 0x00, 0x00,
0x00, 0x00, 0x00, 0x00, 0xB4, 0xFF, 0xB4, 0x00, 0x00, 0x00, 0x00, 0x00, 0x00, 0x00, 0x00, 0x00,
0x00, 0x00, 0xB4, 0xFF, 0xB4, 0x00, 0x00, 0x00, 0x00, 0x00, 0x00, 0x00, 0x00, 0x00, 0x00, 0x00,
0xB4, 0xFF, 0xB4, 0x00, 0x00, 0x00, 0x00, 0x00, 0x00, 0x00, 0x00, 0x00, 0x00, 0x00, 0xB4, 0xFF,
0xF0, 0xE1, 0xF7, 0xFB, 0xEC, 0xBF, 0x6A, 0x06, 0x00, 0x00, 0x00, 0x00, 0xB4, 0xFF, 0xFF, 0xFF,
0xFF, 0xFF, 0xFF, 0xFF, 0xFF, 0xC9, 0x0D, 0x00, 0x00, 0x00, 0xB4, 0xFF, 0xC2, 0x16, 0x03, 0x14,
0x41, 0xC6, 0xFF, 0xFF, 0x8B, 0x00, 0x00, 0x00, 0xB4, 0xFF, 0xB4, 0x00, 0x00, 0x00, 0x00, 0x0B,
0xDE, 0xFF, 0xE0, 0x00, 0x00, 0x00, 0xB4, 0xFF, 0xB4, 0x00, 0x00, 0x00, 0x00, 0x00, 0x92, 0xFF,
0xFD, 0x00, 0x00, 0x00, 0xB4, 0xFF, 0xB4, 0x00, 0x00, 0x00, 0x00, 0x00, 0x94, 0xFF, 0xF1, 0x00,
0x00, 0x00, 0xB4, 0xFF, 0xB4, 0x00, 0x00, 0x00, 0x00, 0x0A, 0xDC, 0xFF, 0xC2, 0x00, 0x00, 0x00,
0xB4, 0xFF, 0xC1, 0x1D, 0x07, 0x14, 0x40, 0xC0, 0xFF, 0xFF, 0x5D, 0x00, 0x00, 0x00, 0xB4, 0xFF,
0xFF, 0xFF, 0xFF, 0xFF, 0xFF, 0xFF, 0xFF, 0x93, 0x01, 0x00, 0x00, 0x00, 0x97, 0xE1, 0xEC, 0xF7,
0xFC, 0xF1, 0xD2, 0x9A, 0x3B, 0x00, 0x00, 0x44, 0xB2, 0xD5, 0xEC, 0xF5, 0xFD, 0xF5, 0xDD, 0xB3,
0x6E, 0x11, 0x00, 0x00, 0x00, 0x74, 0xFF, 0xFF, 0xFF, 0xFF, 0xFF, 0xFF, 0xFF, 0xFF, 0xFF, 0xF2,
0x64, 0x00, 0x00, 0x74, 0xFF, 0xFF, 0x24, 0x06, 0x02, 0x18, 0x39, 0x85, 0xF1, 0xFF, 0xFF, 0x6C,
0x00, 0x74, 0xFF, 0xFF, 0x0C, 0x00, 0x00, 0x00, 0x00, 0x00, 0x23, 0xE6, 0xFF, 0xF9, 0x16, 0x74,
0xFF, 0xFF, 0x0C, 0x00, 0x00, 0x00, 0x00, 0x00, 0x00, 0x5C, 0xFF, 0xFF, 0x6D, 0x74, 0xFF, 0xFF,
0x0C, 0x00, 0x00, 0x00, 0x00, 0x00, 0x00, 0x12, 0xFF, 0xFF, 0x93, 0x74, 0xFF, 0xFF, 0x0C, 0x00,
0x00, 0x00, 0x00, 0x00, 0x00, 0x04, 0xFF, 0xFF, 0x9E, 0x74, 0xFF, 0xFF, 0x0C, 0x00, 0x2D, 0xC3,
0x1B, 0x00, 0x00, 0x1F, 0xFF, 0xFF, 0x81, 0x74, 0xFF, 0xFF, 0x0C, 0x00, 0x2C, 0xF9, 0xB1, 0x00,
0x00, 0x73, 0xFF, 0xFF, 0x4A, 0x74, 0xFF, 0xFF, 0x0C, 0x00, 0x00, 0x80, 0xFF, 0x56, 0x32, 0xF2,
0xFF, 0xD8, 0x01, 0x74, 0xFF, 0xFF, 0x1A, 0x02, 0x01, 0x15, 0xE4, 0xEE, 0xF7, 0xFF, 0xF1, 0x2E,
0x00, 0x74, 0xFF, 0xFF, 0xFF, 0xFF, 0xFF, 0xFF, 0xFF, 0xFF, 0xFF, 0xCF, 0x2E, 0x00, 0x00, 0x74,
0xFF, 0xFF, 0xEE, 0xFC, 0xFE, 0xF1, 0xD4, 0xBE, 0xFF, 0x9D, 0x00, 0x00, 0x00, 0x74, 0xFF, 0xFF,
0x0C, 0x00, 0x00, 0x00, 0x00, 0x02, 0xC2, 0xFF, 0x4C, 0x00, 0x00, 0x74, 0xFF, 0xFF, 0x0C, 0x00,
0x00, 0x00, 0x00, 0x00, 0x22, 0xF3, 0xE7, 0x13, 0x00, 0x74, 0xFF, 0xFF, 0x0C, 0x00, 0x00, 0x00,
0x00, 0x00, 0x00, 0x67, 0x96, 0x08, 0x00, 0x74, 0xFF, 0xFF, 0x0C, 0x00, 0x00, 0x00, 0x00, 0x00,
0x00, 0x00, 0x00, 0x00, 0x00, 0x74, 0xFF, 0xFF, 0x0C, 0x00, 0x00, 0x00, 0x00, 0x00, 0x00, 0x00,
0x00, 0x00, 0x00, 0x74, 0xFF, 0xFF, 0x0C, 0x00, 0x00, 0x00, 0x00, 0x00, 0x00, 0x00, 0x00, 0x00,
0x00, 0x74, 0xFF, 0xFF, 0x0C, 0x00, 0x00, 0x00, 0x00, 0x00, 0x00, 0x00, 0x00, 0x00, 0x00, 0x74,
0xFF, 0xFF, 0x0C, 0x00, 0x00, 0x00, 0x00, 0x00, 0x00, 0x00, 0x00, 0x00, 0x00, 0xB0, 0xFE, 0x11,
0x0D, 0x84, 0xD6, 0xF7, 0xF2, 0xD0, 0x84, 0x13, 0x00, 0x00, 0xB0, 0xFF, 0x60, 0xDC, 0xFF, 0xFF,
0xFF, 0xFF, 0xFF, 0xFF, 0xE3, 0x27, 0x00, 0xB0, 0xFF, 0xFD, 0xF7, 0x78, 0x1F, 0x07, 0x26, 0x94,
0xFF, 0xFF, 0xCC, 0x00, 0xB0, 0xFF, 0xFF, 0x62, 0x00, 0x00, 0x00, 0x00, 0x00, 0x9A, 0xFF, 0xFF,
0x3D, 0xB0, 0xFF, 0xE5, 0x02, 0x00, 0x00, 0x00, 0x00, 0x00, 0x20, 0xFF, 0xFF, 0x80, 0xB0, 0xFF,
0xB4, 0x00, 0x00, 0x00, 0x00, 0x00, 0x00, 0x00, 0xE8, 0xFF, 0xA9, 0xB0, 0xFF, 0xB4, 0x00, 0x00,
0x00, 0x00, 0x00, 0x00, 0x00, 0xCE, 0xFF, 0xBA, 0xB0, 0xFF, 0xB4, 0x00, 0x00, 0x00, 0x00, 0x00,
0x00, 0x00, 0xC2, 0xFF, 0xBC, 0xB0, 0xFF, 0xB4, 0x00, 0x00, 0x00, 0x00, 0x00, 0x00, 0x00, 0xD4,
0xFF, 0xA8, 0xB0, 0xFF, 0xB4, 0x00, 0x00, 0x00, 0x00, 0x00, 0x00, 0x0B, 0xFB, 0xFF, 0x82, 0xB0,
0xFF, 0xB4, 0x00, 0x00, 0x0C, 0xAE, 0x5A, 0x00, 0x60, 0xFF, 0xFF, 0x3A, 0xB0, 0xFF, 0xB4, 0x00,
0x00, 0x04, 0xB5, 0xF9, 0x58, 0xE2, 0xFF, 0xCB, 0x01, 0xB0, 0xFF, 0xEA, 0x67, 0x17, 0x03, 0x18,
0xE4, 0xFF, 0xFF, 0xF6, 0x36, 0x00, 0xB0, 0xFF, 0xFF, 0xFF, 0xFF, 0xFF, 0xFF, 0xFF, 0xFF, 0xFF,
0x73, 0x00, 0x00, 0xB0, 0xFF, 0xD7, 0xAF, 0xEC, 0xFD, 0xF1, 0xCE, 0x8A, 0xEC, 0xF1, 0x3B, 0x00,
0xB0, 0xFF, 0xB4, 0x00, 0x00, 0x00, 0x00, 0x00, 0x00, 0x26, 0xCB, 0x4C, 0x00, 0xB0, 0xFF, 0xB4,
0x00, 0x00, 0x00, 0x00, 0x00, 0x00, 0x00, 0x00, 0x00, 0x00, 0xB0, 0xFF, 0xB4, 0x00, 0x00, 0x00,
0x00, 0x00, 0x00, 0x00, 0x00, 0x00, 0x00, 0xB0, 0xFF, 0xB4, 0x00, 0x00, 0x00, 0x00, 0x00, 0x00,
0x00, 0x00, 0x00, 0x00, 0xB0, 0xFF, 0xB4, 0x00, 0x00, 0x00, 0x00, 0x00, 0x00, 0x00, 0x00, 0x00,
0x00, 0xB0, 0xFF, 0xB4, 0x00, 0x00, 0x00, 0x00, 0x00, 0x00, 0x00, 0x00, 0x00, 0x00, 0x00, 0x00,
0x00, 0x00, 0x00, 0x00, 0x00, 0x00, 0x00, 0x00, 0xF0, 0xCC, 0x00, 0x00, 0x00, 0x00, 0x00, 0x00,
0x00, 0x00, 0x00, 0x0E, 0xFF, 0xCC, 0x00, 0x00, 0x00, 0x00, 0x00, 0x00, 0x00, 0x00, 0x00, 0x2E,
0xFF, 0xCC, 0x00, 0x00, 0x00, 0x00, 0x00, 0x00, 0x00, 0x00, 0x00, 0x4D, 0xFF, 0xCC, 0x74, 0xFF,
0xFF, 0xFF, 0xFF, 0xFF, 0xFF, 0xFF, 0xFF, 0xFF, 0xFF, 0xCC, 0x74, 0xFF, 0xFF, 0xFF, 0xFF, 0xFF,
0xFF, 0xFF, 0xFF, 0xFF, 0xFF, 0xCC, 0x74, 0xFF, 0xFF, 0x0C, 0x00, 0x00, 0x00, 0x00, 0x00, 0x00,
0x00, 0x00, 0x74, 0xFF, 0xFF, 0x0C, 0x00, 0x00, 0x00, 0x00, 0x00, 0x00, 0x00, 0x00, 0x74, 0xFF,
0xFF, 0x0C, 0x00, 0x00, 0x00, 0x00, 0x00, 0x00, 0x00, 0x00, 0x74, 0xFF, 0xFF, 0x0C, 0x00, 0x00,
0x00, 0x00, 0x00, 0x00, 0x00, 0x00, 0x74, 0xFF, 0xFF, 0x0C, 0x00, 0x00, 0x00, 0x00, 0x00, 0x00,
0x00, 0x00, 0x74, 0xFF, 0xFF, 0x0C, 0x00, 0x00, 0x00, 0x00, 0x00, 0x00, 0x00, 0x00, 0x74, 0xFF,
0xFF, 0x0C, 0x00, 0x00, 0x00, 0x00, 0x00, 0x00, 0x00, 0x00, 0x74, 0xFF, 0xFF, 0x0C, 0x00, 0x00,
0x00, 0x00, 0x00, 0x00, 0x00, 0x00, 0x74, 0xFF, 0xFF, 0x0C, 0x00, 0x00, 0x00, 0x00, 0x00, 0x00,
0x00, 0x00, 0x74, 0xFF, 0xFF, 0x0C, 0x00, 0x00, 0x00, 0x00, 0x00, 0x00, 0x00, 0x00, 0x74, 0xFF,
0xFF, 0x0C, 0x00, 0x00, 0x00, 0x00, 0x00, 0x00, 0x00, 0x00, 0x74, 0xFF, 0xFF, 0x0C, 0x00, 0x00,
0x00, 0x00, 0x00, 0x00, 0x00, 0x00, 0x74, 0xFF, 0xFF, 0x0C, 0x00, 0x00, 0x00, 0x00, 0x00, 0x00,
0x00, 0x00, 0x74, 0xFF, 0xFF, 0x0C, 0x00, 0x00, 0x00, 0x00, 0x00, 0x00, 0x00, 0x00, 0x74, 0xFF,
0xFF, 0x0C, 0x00, 0x00, 0x00, 0x00, 0x00, 0x00, 0x00, 0x00, 0x74, 0xFF, 0xFF, 0x0C, 0x00, 0x00,
0x00, 0x00, 0x00, 0x00, 0x00, 0x00, 0x74, 0xFF, 0xFF, 0x0C, 0x00, 0x00, 0x00, 0x00, 0x00, 0x00,
0x00, 0x00, 0x74, 0xFF, 0xFF, 0x0C, 0x00, 0x00, 0x00, 0x00, 0x00, 0x00, 0x00, 0x00, 0x74, 0xFF,
0xFF, 0x0C, 0x00, 0x00, 0x00, 0x00, 0x00, 0x00, 0x00, 0x00, 0x00, 0x00, 0x00, 0x00, 0x00, 0x00,
0x00, 0xAC, 0xFF, 0x10, 0x00, 0x00, 0x00, 0x00, 0x00, 0x00, 0x00, 0xCB, 0xFF, 0x10, 0x00, 0x00,
0x00, 0x00, 0x00, 0x00, 0x00, 0xEA, 0xFF, 0x10, 0x00, 0x00, 0x00, 0x00, 0x00, 0x00, 0x09, 0xFF,
0xFF, 0x10, 0xB0, 0xFF, 0xFF, 0xFF, 0xFF, 0xFF, 0xFF, 0xFF, 0xFF, 0x10, 0xB0, 0xFF, 0xFF, 0xFF,
0xFF, 0xFF, 0xFF, 0xFF, 0xFF, 0x10, 0xB0, 0xFF, 0xB4, 0x00, 0x00, 0x00, 0x00, 0x00, 0x00, 0x00,
0xB0, 0xFF, 0xB4, 0x00, 0x00, 0x00, 0x00, 0x00, 0x00, 0x00, 0xB0, 0xFF, 0xB4, 0x00, 0x00, 0x00,
0x00, 0x00, 0x00, 0x00, 0xB0, 0xFF, 0xB4, 0x00, 0x00, 0x00, 0x00, 0x00, 0x00, 0x00, 0xB0, 0xFF,
0xB4, 0x00, 0x00, 0x00, 0x00, 0x00, 0x00, 0x00, 0xB0, 0xFF, 0xB4, 0x00, 0x00, 0x00, 0x00, 0x00,
0x00, 0x00, 0xB0, 0xFF, 0xB4, 0x00, 0x00, 0x00, 0x00, 0x00, 0x00, 0x00, 0xB0, 0xFF, 0xB4, 0x00,
0x00, 0x00, 0x00, 0x00, 0x00, 0x00, 0xB0, 0xFF, 0xB4, 0x00, 0x00, 0x00, 0x00, 0x00, 0x00, 0x00,
0xB0, 0xFF, 0xB4, 0x00, 0x00, 0x00, 0x00, 0x00, 0x00, 0x00, 0xB0, 0xFF, 0xB4, 0x00, 0x00, 0x00,
0x00, 0x00, 0x00, 0x00, 0xB0, 0xFF, 0xB4, 0x00, 0x00, 0x00, 0x00, 0x00, 0x00, 0x00, 0xB0, 0xFF,
0xB4, 0x00, 0x00, 0x00, 0x00, 0x00, 0x00, 0x00, 0x00, 0x00, 0x00, 0xD0, 0xFF, 0xFF, 0xFF, 0xFF,
0xFF, 0xFF, 0xFF, 0xFF, 0xFF, 0xFF, 0x70, 0x00, 0x00, 0x00, 0xD0, 0xFF, 0xFF, 0xFF, 0xFF, 0xFF,
0xFF, 0xFF, 0xFF, 0xFF, 0xFF, 0x70, 0x00, 0x00, 0x00, 0xD0, 0xFF, 0xAC, 0x00, 0x00, 0x00, 0x00,
0x00, 0x00, 0x00, 0x00, 0x00, 0x00, 0x00, 0x00, 0xD0, 0xFF, 0xAC, 0x00, 0x00, 0x00, 0x00, 0x00,
0x00, 0x00, 0x00, 0x00, 0x00, 0x00, 0x00, 0xD0, 0xFF, 0xAC, 0x00, 0x00, 0x00, 0x00, 0x00, 0x00,
0x00, 0x00, 0x00, 0x00, 0x00, 0x00, 0xD0, 0xFF, 0xAC, 0x00, 0x00, 0x00, 0x00, 0x00, 0x00, 0x00,
0x00, 0x00, 0x00, 0x00, 0x00, 0xD0, 0xFF, 0xAC, 0x00, 0x00, 0x00, 0x00, 0x00, 0x00, 0x00, 0x00,
0x00, 0x00, 0x00, 0x00, 0xD0, 0xFF, 0xAC, 0x00, 0x00, 0x00, 0x00, 0x00, 0x00, 0x00, 0x00, 0x00,
0x00, 0x00, 0x00, 0xD0, 0xFF, 0xAC, 0x00, 0x00, 0x00, 0x00, 0x00, 0x00, 0x00, 0x00, 0x00, 0xB4,
0xFF, 0xFF, 0xFF, 0xFF, 0xFF, 0xFF, 0xFF, 0xFF, 0xFF, 0xFF, 0xFF, 0x20, 0x00, 0x00, 0xB4, 0xFF,
0xFF, 0xFF, 0xFF, 0xFF, 0xFF, 0xFF, 0xFF, 0xFF, 0xFF, 0xFF, 0x20, 0x00, 0x00, 0x00, 0x00, 0x00,
0xD0, 0xFF, 0xAC, 0x00, 0x00, 0x00, 0x00, 0x00, 0x00, 0x00, 0x00, 0x00, 0x00, 0x00, 0x00, 0xD0,
0xFF, 0xAC, 0x00, 0x00, 0x00, 0x00, 0x00, 0x00, 0x00, 0x00, 0x00, 0x00, 0x00, 0x00, 0xD0, 0xFF,
0xAC, 0x00, 0x00, 0x00, 0x00, 0x00, 0x00, 0x00, 0x00, 0x00, 0x00, 0x00, 0x00, 0xD0, 0xFF, 0xAC,
0x00, 0x00, 0x00, 0x00, 0x00, 0x00, 0x00, 0x00, 0x00, 0x00, 0x00, 0x00, 0xD0, 0xFF, 0xAC, 0x00,
0x00, 0x00, 0x00, 0x00, 0x00, 0x00, 0x00, 0x00, 0x00, 0x00, 0x00, 0xD0, 0xFF, 0xAC, 0x00, 0x00,
0x00, 0x00, 0x00, 0x00, 0x00, 0x00, 0x00, 0x00, 0x00, 0x00, 0xD0, 0xFF, 0xAC, 0x00, 0x00, 0x00,
0x00, 0x00, 0x00, 0x00, 0x00, 0x00, 0x00, 0x00, 0x00, 0xD0, 0xFF, 0xAC, 0x00, 0x00, 0x00, 0x00,
0x00, 0x00, 0x00, 0x00, 0x00, 0x00, 0x00, 0x00, 0xD0, 0xFF, 0xAC, 0x00, 0x00, 0x00, 0x00, 0x00,
0x00, 0x00, 0x00, 0x00, 0x00, 0x00, 0x00, 0xD0, 0xFF, 0xAC, 0x00, 0x00, 0x00, 0x00, 0x00, 0x00,
0x00, 0x00, 0x00, 0x00, 0x00, 0x4C, 0xFF, 0xFF, 0xFF, 0xFF, 0xFF, 0xFF, 0xFF, 0xFF, 0x74, 0x00,
0x00, 0x4C, 0xFF, 0xFF, 0xFF, 0xFF, 0xFF, 0xFF, 0xFF, 0xFF, 0x74, 0x00, 0x00, 0x4C, 0xFF, 0xFF,
0x18, 0x00, 0x00, 0x00, 0x00, 0x00, 0x00, 0x00, 0x00, 0x4C, 0xFF, 0xFF, 0x18, 0x00, 0x00, 0x00,
0x00, 0x00, 0x00, 0x00, 0x00, 0x4C, 0xFF, 0xFF, 0x18, 0x00, 0x00, 0x00, 0x00, 0x00, 0x00, 0x00,
0x00, 0x4C, 0xFF, 0xFF, 0x18, 0x00, 0x00, 0x00, 0x00, 0x00, 0x00, 0x00, 0x00, 0x4C, 0xFF, 0xFF,
0x18, 0x00, 0x00, 0x00, 0x00, 0x00, 0x00, 0xFF, 0xFF, 0xFF, 0xFF, 0xFF, 0xFF, 0xFF, 0xFF, 0xFF,
0xFF, 0x2C, 0x00, 0xFF, 0xFF, 0xFF, 0xFF, 0xFF, 0xFF, 0xFF, 0xFF, 0xFF, 0xFF, 0x2C, 0x00, 0x00,
0x00, 0x4C, 0xFF, 0xFF, 0x18, 0x00, 0x00, 0x00, 0x00, 0x00, 0x00, 0x00, 0x00, 0x4C, 0xFF, 0xFF,
0x18, 0x00, 0x00, 0x00, 0x00, 0x00, 0x00, 0x00, 0x00, 0x4C, 0xFF, 0xFF, 0x18, 0x00, 0x00, 0x00,
0x00, 0x00, 0x00, 0x00, 0x00, 0x4C, 0xFF, 0xFF, 0x18, 0x00, 0x00, 0x00, 0x00, 0x00, 0x00, 0x00,
0x00, 0x4C, 0xFF, 0xFF, 0x18, 0x00, 0x00, 0x00, 0x00, 0x00, 0x00, 0x00, 0x00, 0x4C, 0xFF, 0xFF,
0x18, 0x00, 0x00, 0x00, 0x00, 0x00, 0x00, 0x74, 0xFF, 0xFF, 0xFF, 0xFF, 0xFF, 0xFF, 0xFF, 0xFF,
0xFF, 0xFF, 0xCC, 0x00, 0x00, 0x74, 0xFF, 0xFF, 0xFF, 0xFF, 0xFF, 0xFF, 0xFF, 0xFF, 0xFF, 0xFF,
0xCC, 0x00, 0x00, 0x74, 0xFF, 0xFF, 0x0C, 0x00, 0x00, 0x00, 0x00, 0x00, 0x00, 0x00, 0x00, 0x00,
0x00, 0x74, 0xFF, 0xFF, 0x0C, 0x00, 0x00, 0x00, 0x00, 0x00, 0x00, 0x00, 0x00, 0x00, 0x00, 0x74,
0xFF, 0xFF, 0x0C, 0x00, 0x00, 0x00, 0x00, 0x00, 0x00, 0x00, 0x00, 0x00, 0x00, 0x74, 0xFF, 0xFF,
0x0C, 0x00, 0x00, 0x00, 0x00, 0x00, 0x00, 0x00, 0x00, 0x00, 0x00, 0x74, 0xFF, 0xFF, 0x0C, 0x00,
0x00, 0x00, 0x00, 0x00, 0x00, 0x00, 0x00, 0x00, 0x00, 0x74, 0xFF, 0xFF, 0x0C, 0x00, 0x00, 0x00,
0x00, 0x00, 0x00, 0x00, 0x00, 0x00, 0x00, 0x74, 0xFF, 0xFF, 0x0C, 0x00, 0x00, 0x00, 0x00, 0x00,
0x00, 0x00, 0x00, 0x00, 0x00, 0x74, 0xFF, 0xFF, 0x0C, 0x00, 0x00, 0x00, 0x00, 0x00, 0x00, 0x00,
0x00, 0x00, 0x00, 0x74, 0xFF, 0xFF, 0x90, 0xC2, 0xE8, 0xF9, 0xF9, 0xE1, 0xA7, 0x40, 0x00, 0x00,
0x00, 0x74, 0xFF, 0xFF, 0xFF, 0xFF, 0xFF, 0xFF, 0xFF, 0xFF, 0xFF, 0xFF, 0x8F, 0x00, 0x00, 0x74,
0xFF, 0xFF, 0x86, 0x3C, 0x13, 0x07, 0x27, 0x61, 0xE6, 0xFF, 0xFF, 0x6F, 0x00, 0x74, 0xFF, 0xFF,
0x0C, 0x00, 0x00, 0x00, 0x00, 0x00, 0x21, 0xF0, 0xFF, 0xED, 0x0A, 0x74, 0xFF, 0xFF, 0x0C, 0x00,
0x00, 0x00, 0x00, 0x00, 0x00, 0x82, 0xFF, 0xFF, 0x4A, 0x74, 0xFF, 0xFF, 0x0C, 0x00, 0x00, 0x00,
0x00, 0x00, 0x00, 0x35, 0xFF, 0xFF, 0x7F, 0x74, 0xFF, 0xFF, 0x0C, 0x00, 0x00, 0x00, 0x00, 0x00,
0x00, 0x13, 0xFF, 0xFF, 0x93, 0x74, 0xFF, 0xFF, 0x0C, 0x00, 0x00, 0x00, 0x00, 0x00, 0x00, 0x08,
0xFF, 0xFF, 0x99, 0x74, 0xFF, 0xFF, 0x0C, 0x00, 0x00, 0x00, 0x00, 0x00, 0x00, 0x14, 0xFF, 0xFF,
0x8A, 0x74, 0xFF, 0xFF, 0x0C, 0x00, 0x00, 0x00, 0x00, 0x00, 0x00, 0x39, 0xFF, 0xFF, 0x6A, 0x74,
0xFF, 0xFF, 0x0C, 0x00, 0x00, 0x00, 0x00, 0x00, 0x00, 0x83, 0xFF, 0xFF, 0x31, 0x00, 0x00, 0x00,
0x00, 0x00, 0x00, 0x00, 0x00, 0x00, 0x1D, 0xEF, 0xFF, 0xD2, 0x00, 0x00, 0x00, 0x00, 0x00, 0x08,
0x04, 0x00, 0x12, 0x58, 0xE0, 0xFF, 0xFD, 0x44, 0x00, 0x00, 0x00, 0x00, 0x00, 0x74, 0xFF, 0xFF,
0xFF, 0xFF, 0xFF, 0xF8, 0x5D, 0x00, 0x00, 0x00, 0x00, 0x00, 0x00, 0x6D, 0xFD, 0xFE, 0xF0, 0xCF,
0x8A, 0x1D, 0x00, 0x00, 0x00, 0xB0, 0xFF, 0xFF, 0xFF, 0xFF, 0xFF, 0xFF, 0xFF, 0xFF, 0x0C, 0x00,
0x00, 0x00, 0xB0, 0xFF, 0xFF, 0xFF, 0xFF, 0xFF, 0xFF, 0xFF, 0xFF, 0x0C, 0x00, 0x00, 0x00, 0xB0,
0xFF, 0xB4, 0x00, 0x00, 0x00, 0x00, 0x00, 0x00, 0x00, 0x00, 0x00, 0x00, 0xB0, 0xFF, 0xB4, 0x00,
0x00, 0x00, 0x00, 0x00, 0x00, 0x00, 0x00, 0x00, 0x00, 0xB0, 0xFF, 0xB4, 0x00, 0x00, 0x00, 0x00,
0x00, 0x00, 0x00, 0x00, 0x00, 0x00, 0xB0, 0xFF, 0xB4, 0x00, 0x00, 0x00, 0x00, 0x00, 0x00, 0x00,
0x00, 0x00, 0x00, 0xB0, 0xFF, 0xB4, 0x00, 0x00, 0x00, 0x00, 0x00, 0x00, 0x00, 0x00, 0x00, 0x00,
0xB0, 0xFF, 0xD5, 0xA4, 0xDB, 0xF5, 0xFB, 0xE9, 0xB3, 0x50, 0x00, 0x00, 0x00, 0xB0, 0xFF, 0xFF,
0xFF, 0xFF, 0xFF, 0xFF, 0xFF, 0xFF, 0xFF, 0x9E, 0x01, 0x00, 0xB0, 0xFF, 0xDF, 0x59, 0x29, 0x0A,
0x11, 0x53, 0xD8, 0xFF, 0xFF, 0x6C, 0x00, 0xB0, 0xFF, 0xB4, 0x00, 0x00, 0x00, 0x00, 0x00, 0x0F,
0xDB, 0xFF, 0xE5, 0x01, 0xB0, 0xFF, 0xB4, 0x00, 0x00, 0x00, 0x00, 0x00, 0x00, 0x61, 0xFF, 0xFF,
0x2E, 0xB0, 0xFF, 0xB4, 0x00, 0x00, 0x00, 0x00, 0x00, 0x00, 0x20, 0xFF, 0xFF, 0x53, 0xB0, 0xFF,
0xB4, 0x00, 0x00, 0x00, 0x00, 0x00, 0x00, 0x06, 0xFF, 0xFF, 0x63, 0xB0, 0xFF, 0xB4, 0x00, 0x00,
0x00, 0x00, 0x00, 0x00, 0x09, 0xFF, 0xFF, 0x5A, 0x00, 0x00, 0x00, 0x00, 0x00, 0x00, 0x00, 0x00,
0x00, 0x24, 0xFF, 0xFF, 0x45, 0x00, 0x00, 0x00, 0x00, 0x00, 0x00, 0x00, 0x00, 0x00, 0x64, 0xFF,
0xFF, 0x17, 0x00, 0x00, 0x00, 0x00, 0x00, 0x00, 0x00, 0x00, 0x0A, 0xD9, 0xFF, 0xC9, 0x00, 0x00,
0x00, 0x00, 0x04, 0x08, 0x00, 0x0B, 0x40, 0xC7, 0xFF, 0xFF, 0x4E, 0x00, 0x00, 0x00, 0x00, 0x34,
0xFF, 0xFF, 0xFF, 0xFF, 0xFF, 0xFF, 0x7E, 0x00, 0x00, 0x00, 0x00, 0x00, 0x30, 0xFA, 0xFF, 0xF6,
0xDC, 0xA0, 0x36, 0x00, 0x00, 0x00, 0x45, 0xFE, 0xFF, 0xA2, 0x00, 0x00, 0x00, 0x00, 0x00, 0x00,
0x44, 0xFF, 0xFF, 0x24, 0x00, 0x00, 0x00, 0x00, 0x00, 0x05, 0xCE, 0xFF, 0xE0, 0x0E, 0x00, 0x00,
0x95, 0xFF, 0xFF, 0x4F, 0x00, 0x00, 0x00, 0x00, 0x00, 0x44, 0xFF, 0xFF, 0x24, 0x00, 0x00, 0x00,
0x00, 0x00, 0x81, 0xFF, 0xFE, 0x40, 0x00, 0x00, 0x00, 0x0A, 0xDA, 0xFF, 0xE8, 0x14, 0x00, 0x00,
0x00, 0x00, 0x44, 0xFF, 0xFF, 0x24, 0x00, 0x00, 0x00, 0x00, 0x33, 0xFB, 0xFF, 0x8C, 0x00, 0x00,
0x00, 0x00, 0x00, 0x38, 0xFC, 0xFF, 0xA9, 0x00, 0x00, 0x00, 0x00, 0x44, 0xFF, 0xFF, 0x24, 0x00,
0x00, 0x00, 0x07, 0xD4, 0xFF, 0xD4, 0x07, 0x00, 0x00, 0x00, 0x00, 0x00, 0x00, 0x85, 0xFF, 0xFF,
0x57, 0x00, 0x00, 0x00, 0x44, 0xFF, 0xFF, 0x24, 0x00, 0x00, 0x00, 0x8A, 0xFF, 0xFA, 0x30, 0x00,
0x00, 0x00, 0x00, 0x00, 0x00, 0x00, 0x05, 0xCF, 0xFF, 0xEC, 0x17, 0x00, 0x00, 0x44, 0xFF, 0xFF,
0x24, 0x00, 0x00, 0x3A, 0xFD, 0xFF, 0x79, 0x00, 0x00, 0x00, 0x00, 0x00, 0x00, 0x00, 0x00, 0x00,
0x2D, 0xF8, 0xFF, 0xB1, 0x00, 0x00, 0x44, 0xFF, 0xFF, 0x24, 0x00, 0x0A, 0xDB, 0xFF, 0xC5, 0x03,
0x00, 0x00, 0x00, 0x00, 0x00, 0x00, 0x00, 0x00, 0x00, 0x00, 0x76, 0xFF, 0xFF, 0x5F, 0x00, 0x44,
0xFF, 0xFF, 0x24, 0x00, 0x94, 0xFF, 0xF4, 0x23, 0x00, 0x00, 0x00, 0x00, 0x00, 0x00, 0x00, 0x00,
0x00, 0x00, 0x00, 0x02, 0xC3, 0xFF, 0xF0, 0x1C, 0x44, 0xFF, 0xFF, 0x24, 0x43, 0xFE, 0xFF, 0x63,
0x00, 0x00, 0x00, 0x00, 0x00, 0x00, 0x00, 0x00, 0x00, 0x00, 0x00, 0x00, 0x00, 0x17, 0xBC, 0xFF,
0xFF, 0xFF, 0xFF, 0xFF, 0xCE, 0xFC, 0xFF, 0x60, 0x00, 0x00, 0x00, 0x00, 0x00, 0x00, 0x00, 0x00,
0x00, 0x00, 0x00, 0x00, 0x00, 0x00, 0x00, 0x6C, 0xFF, 0xFC, 0xD4, 0xFF, 0xFF, 0xFF, 0xFF, 0xFF,
0xD3, 0x1D, 0x00, 0x00, 0x00, 0x00, 0x00, 0x00, 0x00, 0x00, 0x00, 0x00, 0x00, 0x00, 0x00, 0x82,
0xFF, 0xFC, 0x38, 0x44, 0xFF, 0xFF, 0x24, 0x2D, 0xF9, 0xFF, 0xD1, 0x05, 0x00, 0x00, 0x00, 0x00,
0x00, 0x00, 0x00, 0x00, 0x00, 0x00, 0x00, 0x3A, 0xFD, 0xFF, 0x88, 0x00, 0x44, 0xFF, 0xFF, 0x24,
0x00, 0x7E, 0xFF, 0xFF, 0x7B, 0x00, 0x00, 0x00, 0x00, 0x00, 0x00, 0x00, 0x00, 0x00, 0x00, 0x0B,
0xDB, 0xFF, 0xD5, 0x07, 0x00, 0x44, 0xFF, 0xFF, 0x24, 0x00, 0x04, 0xCE, 0xFF, 0xF8, 0x28, 0x00,
0x00, 0x00, 0x00, 0x00, 0x00, 0x00, 0x00, 0x00, 0x96, 0xFF, 0xFC, 0x35, 0x00, 0x00, 0x44, 0xFF,
0xFF, 0x24, 0x00, 0x00, 0x2F, 0xFA, 0xFF, 0xC4, 0x01, 0x00, 0x00, 0x00, 0x00, 0x00, 0x00, 0x00,
0x46, 0xFF, 0xFF, 0x86, 0x00, 0x00, 0x00, 0x44, 0xFF, 0xFF, 0x24, 0x00, 0x00, 0x00, 0x80, 0xFF,
0xFF, 0x6C, 0x00, 0x00, 0x00, 0x00, 0x00, 0x00, 0x10, 0xE3, 0xFF, 0xD4, 0x06, 0x00, 0x00, 0x00,
0x44, 0xFF, 0xFF, 0x24, 0x00, 0x00, 0x00, 0x05, 0xD0, 0xFF, 0xF3, 0x1E, 0x00, 0x00, 0x00, 0x00,
0x00, 0xA3, 0xFF, 0xFB, 0x33, 0x00, 0x00, 0x00, 0x00, 0x44, 0xFF, 0xFF, 0x24, 0x00, 0x00, 0x00,
0x00, 0x30, 0xFA, 0xFF, 0xB6, 0x00, 0x00, 0x00, 0x00, 0x52, 0xFF, 0xFF, 0x84, 0x00, 0x00, 0x00,
0x00, 0x00, 0x44, 0xFF, 0xFF, 0x24, 0x00, 0x00, 0x00, 0x00, 0x00, 0x82, 0xFF, 0xFF, 0x5D, 0x00,
0x00, 0x16, 0xEA, 0xFF, 0xD2, 0x06, 0x00, 0x00, 0x00, 0x00, 0x00, 0x44, 0xFF, 0xFF, 0x24, 0x00,
0x00, 0x00, 0x00, 0x00, 0x05, 0xD1, 0xFF, 0xFF, 0xFF, 0x6C, 0xB0, 0xFF, 0xFB, 0x32, 0x00, 0x00,
0x00, 0x00, 0x00, 0x00, 0x44, 0xFF, 0xFF, 0x24, 0x00, 0x00, 0x00, 0x00, 0x00, 0x00, 0x32, 0xFB,
0xFF, 0xFF, 0x6C, 0x00, 0x00, 0x00, 0x00, 0x00, 0x00, 0x00, 0x00, 0x00, 0x00, 0x00, 0x00, 0x00,
0x00, 0x00, 0x00, 0x00, 0x00, 0x00, 0x00, 0x00, 0x00, 0xB6, 0xFF, 0x6C, 0x00, 0x00, 0x00, 0x00,
0x00, 0x00, 0x00, 0x00, 0x00, 0x00, 0x00, 0x00, 0x00, 0x00, 0x00, 0x00, 0x00, 0x00, 0x00, 0x00,
0x00, 0x00, 0x99, 0xFF, 0x6C, 0x00, 0x00, 0x00, 0x00, 0x00, 0x00, 0x00, 0x00, 0x00, 0x00, 0x00,
0x00, 0x00, 0x00, 0x00, 0x00, 0x00, 0x00, 0x00, 0x00, 0x00, 0x00, 0x7C, 0xFF, 0x6C, 0x00, 0x00,
0x00, 0x00, 0x00, 0x00, 0x00, 0x00, 0x00, 0x00, 0x00, 0x00, 0x00, 0x00, 0x00, 0x00, 0x00, 0x00,
0x00, 0x00, 0x00, 0x00, 0x5F, 0xFF, 0x6C, 0x4E, 0xFF, 0xFE, 0x41, 0x00, 0x00, 0x00, 0x00, 0x64,
0xFF, 0xF4, 0x00, 0x00, 0x00, 0x00, 0x05, 0xCD, 0xFF, 0xAF, 0x00, 0x00, 0x00, 0xA1, 0xFF, 0xE1,
0x0F, 0x00, 0x00, 0x00, 0x64, 0xFF, 0xF4, 0x00, 0x00, 0x00, 0x00, 0x87, 0xFF, 0xE5, 0x13, 0x00,
0x00, 0x00, 0x10, 0xE4, 0xFF, 0xA1, 0x00, 0x00, 0x00, 0x64, 0xFF, 0xF4, 0x00, 0x00, 0x00, 0x3E,
0xFD, 0xFE, 0x43, 0x00, 0x00, 0x00, 0x00, 0x00, 0x49, 0xFF, 0xFF, 0x52, 0x00, 0x00, 0x64, 0xFF,
0xF4, 0x00, 0x00, 0x0F, 0xE1, 0xFF, 0x8A, 0x00, 0x00, 0x00, 0x00, 0x00, 0x00, 0x00, 0x9C, 0xFF,
0xEB, 0x17, 0x00, 0x64, 0xFF, 0xF4, 0x00, 0x00, 0xA6, 0xFF, 0xCD, 0x06, 0x00, 0x00, 0x00, 0x00,
0x00, 0x00, 0x00, 0x0E, 0xDD, 0xFF, 0xB2, 0x00, 0x64, 0xFF, 0xF4, 0x00, 0x5E, 0xFF, 0xEE, 0x27,
0x00, 0x00, 0x00, 0x00, 0x00, 0x00, 0x00, 0x00, 0x00, 0x12, 0xAF, 0xFF, 0xFF, 0xFF, 0xFF, 0xFC,
0xDA, 0xFF, 0xF7, 0x28, 0x00, 0x00, 0x00, 0x00, 0x00, 0x00, 0x00, 0x00, 0x00, 0x00, 0x14, 0xCD,
0xFF, 0xFB, 0xE0, 0xFF, 0xFF, 0xFF, 0xFF, 0xFF, 0xC2, 0x12, 0x00, 0x00, 0x00, 0x00, 0x00, 0x00,
0x00, 0x00, 0x00, 0xAF, 0xFF, 0xE7, 0x17, 0x64, 0xFF, 0xF4, 0x00, 0x30, 0xFB, 0xFF, 0xAD, 0x00,
0x00, 0x00, 0x00, 0x00, 0x00, 0x00, 0x00, 0x59, 0xFF, 0xFF, 0x54, 0x00, 0x64, 0xFF, 0xF4, 0x00,
0x00, 0x8A, 0xFF, 0xFF, 0x47, 0x00, 0x00, 0x00, 0x00, 0x00, 0x00, 0x15, 0xEB, 0xFF, 0xAF, 0x00,
0x00, 0x64, 0xFF, 0xF4, 0x00, 0x00, 0x0A, 0xDF, 0xFF, 0xDA, 0x07, 0x00, 0x00, 0x00, 0x00, 0x00,
0xAA, 0xFF, 0xF0, 0x1A, 0x00, 0x00, 0x64, 0xFF, 0xF4, 0x00, 0x00, 0x00, 0x48, 0xFF, 0xFF, 0x7C,
0x00, 0x00, 0x00, 0x00, 0x52, 0xFF, 0xFF, 0x66, 0x00, 0x00, 0x00, 0x64, 0xFF, 0xF4, 0x00, 0x00,
0x00, 0x00, 0xA7, 0xFF, 0xF6, 0x20, 0x00, 0x00, 0x12, 0xE8, 0xFF, 0xC1, 0x01, 0x00, 0x00, 0x00,
0x64, 0xFF, 0xF4, 0x00, 0x00, 0x00, 0x00, 0x17, 0xEE, 0xFF, 0xFF, 0xFF, 0xA4, 0xA4, 0xFF, 0xF7,
0x26, 0x00, 0x00, 0x00, 0x00, 0x64, 0xFF, 0xF4, 0x00, 0x00, 0x00, 0x00, 0x00, 0x65, 0xFF, 0xFF,
0xFF, 0xA4, 0x00, 0x00, 0x00, 0x00, 0x00, 0x00, 0x00, 0x00, 0x00, 0x00, 0x00, 0x00, 0x00, 0x00,
0x00, 0x00, 0x00, 0x00, 0x62, 0xFF, 0xA4, 0x00, 0x00, 0x00, 0x00, 0x00, 0x00, 0x00, 0x00, 0x00,
0x00, 0x00, 0x00, 0x00, 0x00, 0x00, 0x00, 0x00, 0x00, 0x45, 0xFF, 0xA4, 0x00, 0x00, 0x00, 0x00,
0x00, 0x00, 0x00, 0x00, 0x00, 0x00, 0x00, 0x00, 0x00, 0x00, 0x00, 0x00, 0x00, 0x00, 0x28, 0xFF,
0xA4, 0x00, 0x00, 0x00, 0x00, 0x00, 0x00, 0x00, 0x00, 0x00, 0x00, 0x00, 0x00, 0x00, 0x00, 0x00,
0x00, 0x00, 0x00, 0x0B, 0xFF, 0xA4, 0x02, 0x43, 0x8A, 0xBD, 0xE3, 0xF4, 0xFA, 0xE3, 0xC7, 0x8D,
0x25, 0x00, 0x00, 0x00, 0x10, 0xFA, 0xFF, 0xFF, 0xFF, 0xFF, 0xFF, 0xFF, 0xFF, 0xFF, 0xFB, 0x6E,
0x00, 0x00, 0x00, 0xA4, 0x8C, 0x44, 0x19, 0x07, 0x0C, 0x2B, 0x83, 0xF3, 0xFF, 0xFE, 0x43, 0x00,
0x00, 0x00, 0x00, 0x00, 0x00, 0x00, 0x00, 0x00, 0x00, 0x40, 0xFF, 0xFF, 0xB2, 0x00, 0x00, 0x00,
0x00, 0x00, 0x00, 0x00, 0x00, 0x00, 0x00, 0x00, 0xD5, 0xFF, 0xDE, 0x00, 0x00, 0x00, 0x00, 0x00,
0x00, 0x00, 0x00, 0x00, 0x00, 0x00, 0xBF, 0xFF, 0xD3, 0x00, 0x00, 0x00, 0x00, 0x00, 0x00, 0x00,
0x00, 0x00, 0x00, 0x0A, 0xEC, 0xFF, 0x94, 0x00, 0x00, 0x00, 0x00, 0x00, 0x00, 0x00, 0x00, 0x00,
0x05, 0xA7, 0xFF, 0xEF, 0x19, 0x00, 0x00, 0x00, 0x00, 0x00, 0x02, 0x0E, 0x29, 0x6A, 0xD7, 0xFF,
0xE4, 0x2E, 0x00, 0x00, 0x00, 0x00, 0x00, 0xD4, 0xFF, 0xFF, 0xFF, 0xFF, 0xFE, 0x7F, 0x08, 0x00,
0x00, 0x00, 0x00, 0x00, 0x00, 0xD4, 0xFF, 0xFF, 0xFF, 0xFF, 0xFF, 0xFF, 0xD3, 0x47, 0x00, 0x00,
0x00, 0x00, 0x00, 0x00, 0x00, 0x06, 0x20, 0x4C, 0x98, 0xF7, 0xFF, 0xFE, 0x73, 0x00, 0x00, 0x00,
0x00, 0x00, 0x00, 0x00, 0x00, 0x00, 0x00, 0x20, 0xDF, 0xFF, 0xFB, 0x1F, 0x00, 0x00, 0x00, 0x00,
0x00, 0x00, 0x00, 0x00, 0x00, 0x00, 0x57, 0xFF, 0xFF, 0x6B, 0x00, 0x00, 0x00, 0x00, 0x00, 0x00,
0x00, 0x00, 0x00, 0x00, 0x21, 0xFF, 0xFF, 0x86, 0x00, 0x00, 0x00, 0x00, 0x00, 0x00, 0x00, 0x00,
0x00, 0x00, 0x2B, 0xFF, 0xFF, 0x75, 0x00, 0x00, 0x00, 0x00, 0x00, 0x00, 0x00, 0x00, 0x00, 0x00,
0x77, 0xFF, 0xFF, 0x40, 0x00, 0x00, 0x00, 0x00, 0x00, 0x00, 0x00, 0x00, 0x00, 0x34, 0xF3, 0xFF,
0xD4, 0x02, 0x35, 0xBE, 0x64, 0x2F, 0x0F, 0x04, 0x14, 0x3B, 0x9C, 0xF9, 0xFF, 0xF3, 0x34, 0x00,
0x87, 0xFF, 0xFF, 0xFF, 0xFF, 0xFF, 0xFF, 0xFF, 0xFF, 0xFF, 0xD9, 0x34, 0x00, 0x00, 0x17, 0x76,
0xC1, 0xEA, 0xFE, 0xFF, 0xFE, 0xE0, 0xAB, 0x57, 0x04, 0x00, 0x00, 0x00, 0x00, 0x00, 0x00, 0x00,
0xA2, 0xFF, 0xD0, 0x00, 0x00, 0x00, 0x00, 0x00, 0x00, 0x00, 0x00, 0x00, 0x00, 0x00, 0x85, 0xFF,
0xBA, 0x00, 0x00, 0x00, 0x00, 0x00, 0x00, 0x00, 0x00, 0x00, 0x00, 0x00, 0x68, 0xFF, 0xA5, 0x00,
0x00, 0x00, 0x00, 0x00, 0x00, 0x00, 0x00, 0x00, 0x00, 0x00, 0x4B, 0xFF, 0x8F, 0x00, 0x00, 0x00,
0x00, 0x00, 0x00, 0x00, 0x00, 0x00, 0x00, 0x00, 0x2E, 0xFF, 0x7A, 0x00, 0x00, 0x00, 0x00, 0x00,
0x00, 0x00, 0x1E, 0x74, 0xB6, 0xE3, 0xF6, 0xFB, 0xEA, 0xBC, 0x5F, 0x01, 0x00, 0xA1, 0xFF, 0xFF,
0xFF, 0xFF, 0xFF, 0xFF, 0xFF, 0xFF, 0x91, 0x00, 0x47, 0xB6, 0x55, 0x18, 0x05, 0x12, 0x48, 0xD7,
0xFF, 0xFC, 0x11, 0x00, 0x00, 0x00, 0x00, 0x00, 0x00, 0x00, 0x4C, 0xFF, 0xFF, 0x25, 0x00, 0x00,
0x00, 0x00, 0x00, 0x00, 0x00, 0x65, 0xFF, 0xE7, 0x04, 0x00, 0x00, 0x00, 0x00, 0x00, 0x18, 0x71,
0xF8, 0xFA, 0x4E, 0x00, 0x00, 0x00, 0x40, 0xFF, 0xFF, 0xFF, 0xFF, 0xE2, 0x39, 0x00, 0x00, 0x00,
0x00, 0x40, 0xFF, 0xFF, 0xFF, 0xFF, 0xFF, 0xF5, 0x7A, 0x00, 0x00, 0x00, 0x00, 0x00, 0x01, 0x0F,
0x3C, 0xB9, 0xFF, 0xFF, 0x49, 0x00, 0x00, 0x00, 0x00, 0x00, 0x00, 0x00, 0x06, 0xDD, 0xFF, 0xA2,
0x00, 0x00, 0x00, 0x00, 0x00, 0x00, 0x00, 0x00, 0xB2, 0xFF, 0xBC, 0x00, 0x00, 0x00, 0x00, 0x00,
0x00, 0x00, 0x0C, 0xE6, 0xFF, 0xA0, 0x56, 0xA3, 0x46, 0x21, 0x07, 0x16, 0x47, 0xC5, 0xFF, 0xFE,
0x3C, 0xB0, 0xFF, 0xFF, 0xFF, 0xFF, 0xFF, 0xFF, 0xFF, 0xFD, 0x71, 0x00, 0x29, 0x94, 0xDA, 0xF9,
0xFF, 0xFF, 0xDD, 0x98, 0x2F, 0x00, 0x00, 0x00, 0x00, 0x00, 0x42, 0xFF, 0xFF, 0x2F, 0x00, 0x00,
0x00, 0x00, 0x00, 0x00, 0x00, 0x25, 0xFF, 0xFF, 0x19, 0x00, 0x00, 0x00, 0x00, 0x00, 0x00, 0x00,
0x08, 0xFF, 0xFF, 0x05, 0x00, 0x00, 0x00, 0x00, 0x00, 0x00, 0x00, 0x00, 0xEB, 0xEF, 0x00, 0x00,
0x00, 0x00, 0x00, 0x00, 0x00, 0x00, 0x00, 0xCE, 0xDA, 0x00, 0x00, 0x00, 0x00, 0x00, 0x74, 0xFF,
0xFF, 0x0C, 0x00, 0x00, 0x00, 0x00, 0x00, 0x00, 0x0F, 0xDE, 0xFF, 0xDE, 0x10, 0x00, 0x00, 0x74,
0xFF, 0xFF, 0x0C, 0x00, 0x00, 0x00, 0x00, 0x00, 0x00, 0xAA, 0xFF, 0xF9, 0x34, 0x00, 0x00, 0x00,
0x74, 0xFF, 0xFF, 0x0C, 0x00, 0x00, 0x00, 0x00, 0x00, 0x67, 0xFF, 0xFF, 0x6C, 0x00, 0x00, 0x00,
0x00, 0x74, 0xFF, 0xFF, 0x0C, 0x00, 0x00, 0x00, 0x00, 0x2C, 0xF6, 0xFF, 0xAB, 0x00, 0x00, 0x00,
0x00, 0x00, 0x74, 0xFF, 0xFF, 0x0C, 0x00, 0x00, 0x00, 0x0A, 0xD5, 0xFF, 0xDC, 0x0E, 0x00, 0x00,
0x00, 0x00, 0x00, 0x74, 0xFF, 0xFF, 0x0C, 0x00, 0x00, 0x00, 0x9C, 0xFF, 0xF8, 0x31, 0x00, 0x00,
0x00, 0x00, 0x00, 0x00, 0x74, 0xFF, 0xFF, 0x0C, 0x00, 0x00, 0x58, 0xFF, 0xFF, 0x67, 0x00, 0x00,
0x00, 0x00, 0x00, 0x00, 0x00, 0x74, 0xFF, 0xFF, 0x0C, 0x00, 0x22, 0xF1, 0xFF, 0xA6, 0x00, 0x00,
0x00, 0x00, 0x00, 0x00, 0x00, 0x00, 0x74, 0xFF, 0xFF, 0x0C, 0x06, 0xCB, 0xFF, 0xD9, 0x0C, 0x00,
0x00, 0x00, 0x00, 0x00, 0x00, 0x00, 0x00, 0x74, 0xFF, 0xFF, 0x30, 0xA0, 0xFF, 0xDE, 0x28, 0x00,
0x00, 0x00, 0x00, 0x00, 0x00, 0x00, 0x00, 0x00, 0x74, 0xFF, 0xFF, 0xFF, 0xFF, 0xFF, 0x68, 0x00,
0x00, 0x00, 0x00, 0x00, 0x00, 0x00, 0x00, 0x00, 0x00, 0x74, 0xFF, 0xFF, 0xFF, 0xFF, 0xFF, 0xFF,
0x80, 0x00, 0x00, 0x00, 0x00, 0x00, 0x00, 0x00, 0x00, 0x00, 0x74, 0xFF, 0xFF, 0x0C, 0x2D, 0xF2,
0xFF, 0xFF, 0x5A, 0x00, 0x00, 0x00, 0x00, 0x00, 0x00, 0x00, 0x00, 0x74, 0xFF, 0xFF, 0x0C, 0x00,
0x49, 0xFC, 0xFF, 0xF6, 0x2F, 0x00, 0x00, 0x00, 0x00, 0x00, 0x00, 0x00, 0x74, 0xFF, 0xFF, 0x0C,
0x00, 0x00, 0x6D, 0xFF, 0xFF, 0xDE, 0x12, 0x00, 0x00, 0x00, 0x00, 0x00, 0x00, 0x74, 0xFF, 0xFF,
0x0C, 0x00, 0x00, 0x00, 0x93, 0xFF, 0xFF, 0xB9, 0x02, 0x00, 0x00, 0x00, 0x00, 0x00, 0x74, 0xFF,
0xFF, 0x0C, 0x00, 0x00, 0x00, 0x03, 0xB6, 0xFF, 0xFF, 0x87, 0x00, 0x00, 0x00, 0x00, 0x00, 0x74,
0xFF, 0xFF, 0x0C, 0x00, 0x00, 0x00, 0x00, 0x0E, 0xD3, 0xFF, 0xFF, 0x53, 0x00, 0x00, 0x00, 0x00,
0x74, 0xFF, 0xFF, 0x0C, 0x00, 0x00, 0x00, 0x00, 0x00, 0x1F, 0xE8, 0xFF, 0xF3, 0x2A, 0x00, 0x00,
0x00, 0x74, 0xFF, 0xFF, 0x0C, 0x00, 0x00, 0x00, 0x00, 0x00, 0x00, 0x37, 0xF7, 0xFF, 0xFF, 0xFF,
0xFF, 0x30, 0x74, 0xFF, 0xFF, 0x0C, 0x00, 0x00, 0x00, 0x00, 0x00, 0x00, 0x00, 0x56, 0xFE, 0xFF,
0xFF, 0xFF, 0x30, 0x00, 0x00, 0x00, 0x00, 0x00, 0x00, 0x00, 0x00, 0x00, 0x00, 0x00, 0x00, 0x00,
0x00, 0xF5, 0xFF, 0x30, 0x00, 0x00, 0x00, 0x00, 0x00, 0x00, 0x00, 0x00, 0x00, 0x00, 0x00, 0x00,
0x00, 0x00, 0xD9, 0xFF, 0x30, 0x00, 0x00, 0x00, 0x00, 0x00, 0x00, 0x00, 0x00, 0x00, 0x00, 0x00,
0x00, 0x00, 0x00, 0xBC, 0xFF, 0x30, 0x00, 0x00, 0x00, 0x00, 0x00, 0x00, 0x00, 0x00, 0x00, 0x00,
0x00, 0x00, 0x00, 0x00, 0x9F, 0xFF, 0x30, 0xB0, 0xFF, 0xB4, 0x00, 0x00, 0x00, 0x00, 0x00, 0x92,
0xFF, 0xED, 0x1C, 0x00, 0xB0, 0xFF, 0xB4, 0x00, 0x00, 0x00, 0x00, 0x4D, 0xFF, 0xFF, 0x4D, 0x00,
0x00, 0xB0, 0xFF, 0xB4, 0x00, 0x00, 0x00, 0x1B, 0xEC, 0xFF, 0x90, 0x00, 0x00, 0x00, 0xB0, 0xFF,
0xB4, 0x00, 0x00, 0x02, 0xC0, 0xFF, 0xCC, 0x06, 0x00, 0x00, 0x00, 0xB0, 0xFF, 0xB4, 0x00, 0x00,
0x7E, 0xFF, 0xF2, 0x24, 0x00, 0x00, 0x00, 0x00, 0xB0, 0xFF, 0xB4, 0x00, 0x3C, 0xFC, 0xFF, 0x5A,
0x00, 0x00, 0x00, 0x00, 0x00, 0xB0, 0xFF, 0xB7, 0x44, 0xE2, 0xFF, 0x7F, 0x00, 0x00, 0x00, 0x00,
0x00, 0x00, 0xB0, 0xFF, 0xFF, 0xFF, 0xFF, 0xCF, 0x0F, 0x00, 0x00, 0x00, 0x00, 0x00, 0x00, 0xB0,
0xFF, 0xFF, 0xFF, 0xFF, 0xFF, 0xDE, 0x22, 0x00, 0x00, 0x00, 0x00, 0x00, 0xB0, 0xFF, 0xB4, 0x00,
0x7E, 0xFF, 0xFF, 0xCE, 0x08, 0x00, 0x00, 0x00, 0x00, 0xB0, 0xFF, 0xB4, 0x00, 0x00, 0xA7, 0xFF,
0xFF, 0x9A, 0x00, 0x00, 0x00, 0x00, 0xB0, 0xFF, 0xB4, 0x00, 0x00, 0x08, 0xCA, 0xFF, 0xFF, 0x5E,
0x00, 0x00, 0x00, 0xB0, 0xFF, 0xB4, 0x00, 0x00, 0x00, 0x19, 0xE4, 0xFF, 0xF5, 0x2C, 0x00, 0x00,
0xB0, 0xFF, 0xB4, 0x00, 0x00, 0x00, 0x00, 0x32, 0xF5, 0xFF, 0xFF, 0xFF, 0xE0, 0xB0, 0xFF, 0xB4,
0x00, 0x00, 0x00, 0x00, 0x00, 0x54, 0xFE, 0xFF, 0xFF, 0xE0, 0x00, 0x00, 0x00, 0x00, 0x00, 0x00,
0x00, 0x00, 0x00, 0x00, 0x22, 0xFF, 0xE0, 0x00, 0x00, 0x00, 0x00, 0x00, 0x00, 0x00, 0x00, 0x00,
0x00, 0x06, 0xFE, 0xE0, 0x00, 0x00, 0x00, 0x00, 0x00, 0x00, 0x00, 0x00, 0x00, 0x00, 0x00, 0xE8,
0xE0, 0x00, 0x00, 0x00, 0x00, 0x00, 0x00, 0x00, 0x00, 0x00, 0x00, 0x00, 0xCB, 0xE0, 0x74, 0xFF,
0xFF, 0x0C, 0x00, 0x00, 0x00, 0x00, 0x00, 0x00, 0x00, 0x00, 0x00, 0x96, 0xFF, 0xFD, 0x3E, 0x00,
0x74, 0xFF, 0xFF, 0x0C, 0x00, 0x00, 0x00, 0x00, 0x00, 0x00, 0x00, 0x00, 0x42, 0xFE, 0xFF, 0x84,
0x00, 0x00, 0x74, 0xFF, 0xFF, 0x0C, 0x00, 0x00, 0x00, 0x00, 0x00, 0x00, 0x00, 0x0C, 0xE0, 0xFF,
0xC8, 0x04, 0x00, 0x00, 0x74, 0xFF, 0xFF, 0x0C, 0x00, 0x00, 0x00, 0x00, 0x00, 0x00, 0x00, 0x99,
0xFF, 0xF2, 0x23, 0x00, 0x00, 0x00, 0x74, 0xFF, 0xFF, 0x0C, 0x00, 0x00, 0x00, 0x00, 0x00, 0x00,
0x45, 0xFF, 0xFF, 0x5E, 0x00, 0x00, 0x00, 0x00, 0x74, 0xFF, 0xFF, 0x0C, 0x00, 0x00, 0x00, 0x00,
0x00, 0x0E, 0xE2, 0xFF, 0xA7, 0x00, 0x00, 0x00, 0x00, 0x00, 0x74, 0xFF, 0xFF, 0x0C, 0x58, 0xFF,
0xA4, 0x00, 0x00, 0x9C, 0xFF, 0xE0, 0x0F, 0x00, 0x00, 0x00, 0x00, 0x00, 0x74, 0xFF, 0xFF, 0x0C,
0x58, 0xFF, 0xA4, 0x00, 0x48, 0xFF, 0xFC, 0x3C, 0x00, 0x00, 0x00, 0x00, 0x00, 0x00, 0x74, 0xFF,
0xFF, 0x0C, 0x58, 0xFF, 0xA4, 0x0F, 0xE3, 0xFF, 0x81, 0x00, 0x00, 0x00, 0x00, 0x00, 0x00, 0x00,
0x74, 0xFF, 0xFF, 0x16, 0x6C, 0xFF, 0xC6, 0xB1, 0xFF, 0x88, 0x02, 0x00, 0x00, 0x00, 0x00, 0x00,
0x00, 0x00, 0x74, 0xFF, 0xFF, 0xFF, 0xFF, 0xFF, 0xFF, 0xFF, 0xFE, 0x7E, 0x01, 0x00, 0x00, 0x00,
0x00, 0x00, 0x00, 0x00, 0x74, 0xFF, 0xFF, 0xFF, 0xFF, 0xFF, 0xFF, 0xFF, 0xFF, 0xFF, 0x94, 0x00,
0x00, 0x00, 0x00, 0x00, 0x00, 0x00, 0x74, 0xFF, 0xFF, 0x0C, 0x58, 0xFF, 0xA4, 0x37, 0xF9, 0xFF,
0xFF, 0x52, 0x00, 0x00, 0x00, 0x00, 0x00, 0x00, 0x74, 0xFF, 0xFF, 0x0C, 0x58, 0xFF, 0xA4, 0x00,
0x6C, 0xFF, 0xFF, 0xEE, 0x1D, 0x00, 0x00, 0x00, 0x00, 0x00, 0x74, 0xFF, 0xFF, 0x0C, 0x58, 0xFF,
0xA4, 0x00, 0x00, 0xA5, 0xFF, 0xFF, 0xC2, 0x03, 0x00, 0x00, 0x00, 0x00, 0x74, 0xFF, 0xFF, 0x0C,
0x00, 0x00, 0x00, 0x00, 0x00, 0x0B, 0xD4, 0xFF, 0xFF, 0x80, 0x00, 0x00, 0x00, 0x00, 0x74, 0xFF,
0xFF, 0x0C, 0x00, 0x00, 0x00, 0x00, 0x00, 0x00, 0x27, 0xF2, 0xFF, 0xFC, 0x3D, 0x00, 0x00, 0x00,
0x74, 0xFF, 0xFF, 0x0C, 0x00, 0x00, 0x00, 0x00, 0x00, 0x00, 0x00, 0x55, 0xFF, 0xFF, 0xE2, 0x11,
0x00, 0x00, 0x74, 0xFF, 0xFF, 0x0C, 0x00, 0x00, 0x00, 0x00, 0x00, 0x00, 0x00, 0x00, 0x8F, 0xFF,
0xFF, 0xAD, 0x00, 0x00, 0x74, 0xFF, 0xFF, 0x0C, 0x00, 0x00, 0x00, 0x00, 0x00, 0x00, 0x00, 0x00,
0x04, 0xC4, 0xFF, 0xFF, 0x68, 0x00, 0x74, 0xFF, 0xFF, 0x0C, 0x00, 0x00, 0x00, 0x00, 0x00, 0x00,
0x00, 0x00, 0x00, 0x1A, 0xE8, 0xFF, 0xF6, 0x2C, 0xB0, 0xFF, 0xB4, 0x00, 0x00, 0x00, 0x00, 0x00,
0x00, 0x00, 0x8D, 0xFF, 0xE8, 0x0E, 0xB0, 0xFF, 0xB4, 0x00, 0x00, 0x00, 0x00, 0x00, 0x00, 0x2A,
0xFB, 0xFF, 0x5D, 0x00, 0xB0, 0xFF, 0xB4, 0x00, 0x00, 0x00, 0x00, 0x00, 0x00, 0xBE, 0xFF, 0xC2,
0x00, 0x00, 0xB0, 0xFF, 0xB4, 0x00, 0xD8, 0xFF, 0x0C, 0x00, 0x58, 0xFF, 0xFC, 0x2D, 0x00, 0x00,
0xB0, 0xFF, 0xB4, 0x00, 0xD8, 0xFF, 0x0C, 0x0C, 0xE4, 0xFF, 0x90, 0x00, 0x00, 0x00, 0xB0, 0xFF,
0xB4, 0x00, 0xD8, 0xFF, 0x0C, 0x8B, 0xFF, 0xE7, 0x0E, 0x00, 0x00, 0x00, 0xB0, 0xFF, 0xB5, 0x15,
0xDD, 0xFF, 0x71, 0xFA, 0xEF, 0x43, 0x00, 0x00, 0x00, 0x00, 0xB0, 0xFF, 0xFF, 0xFF, 0xFF, 0xFF,
0xFF, 0xFF, 0x8A, 0x00, 0x00, 0x00, 0x00, 0x00, 0xB0, 0xFF, 0xFF, 0xFF, 0xFF, 0xFF, 0xFF, 0xFF,
0xFF, 0xA8, 0x00, 0x00, 0x00, 0x00, 0xB0, 0xFF, 0xB4, 0x00, 0xD8, 0xFF, 0x0D, 0xBE, 0xFF, 0xFF,
0x60, 0x00, 0x00, 0x00, 0xB0, 0xFF, 0xB4, 0x00, 0xD8, 0xFF, 0x0C, 0x1E, 0xF0, 0xFF, 0xED, 0x16,
0x00, 0x00, 0xB0, 0xFF, 0xB4, 0x00, 0xD8, 0xFF, 0x0C, 0x00, 0x5F, 0xFF, 0xFF, 0xA6, 0x00, 0x00,
0xB0, 0xFF, 0xB4, 0x00, 0xD8, 0xFF, 0x0C, 0x00, 0x00, 0xAD, 0xFF, 0xFF, 0x49, 0x00, 0xB0, 0xFF,
0xB4, 0x00, 0x00, 0x00, 0x00, 0x00, 0x00, 0x14, 0xE8, 0xFF, 0xE0, 0x0B, 0xB0, 0xFF, 0xB4, 0x00,
0x00, 0x00, 0x00, 0x00, 0x00, 0x00, 0x4D, 0xFF, 0xFF, 0x8E, 0x00, 0x00, 0x00, 0x00, 0xD4, 0xFF,
0xA8, 0x00, 0x00, 0x00, 0x00, 0x00, 0x00, 0x00, 0x43, 0xFE, 0xFF, 0x90, 0x00, 0x00, 0x00, 0x00,
0x00, 0xD4, 0xFF, 0xA8, 0x00, 0x00, 0x00, 0x00, 0x00, 0x00, 0x11, 0xE3, 0xFF, 0xCB, 0x06, 0x00,
0xFF, 0xFF, 0xFF, 0xFF, 0xFF, 0xFF, 0xFF, 0xFF, 0xFF, 0xFF, 0x50, 0x00, 0x00, 0xA8, 0xFF, 0xF1,
0x22, 0x00, 0x00, 0xFF, 0xFF, 0xFF, 0xFF, 0xFF, 0xFF, 0xFF, 0xFF, 0xFF, 0xFF, 0x50, 0x00, 0x5B,
0xFF, 0xFF, 0x55, 0x00, 0x00, 0x00, 0x00, 0x00, 0x00, 0x00, 0xD4, 0xFF, 0xA8, 0x00, 0x00, 0x00,
0x00, 0x1E, 0xF0, 0xFF, 0x95, 0x00, 0x00, 0x00, 0x00, 0x00, 0x00, 0x00, 0x00, 0xD4, 0xFF, 0xA8,
0x00, 0x00, 0x00, 0x02, 0xC0, 0xFF, 0xCF, 0x07, 0x00, 0x00, 0x00, 0x00, 0x00, 0x00, 0x00, 0x00,
0xD4, 0xFF, 0xA8, 0x00, 0x00, 0x00, 0x75, 0xFF, 0xF2, 0x25, 0x00, 0x00, 0x00, 0x00, 0x00, 0x00,
0x00, 0x00, 0x00, 0xD4, 0xFF, 0xA8, 0x00, 0x00, 0x2E, 0xF9, 0xFF, 0x5A, 0x00, 0x00, 0x00, 0x00,
0x00, 0x00, 0x00, 0x00, 0x00, 0x00, 0xD4, 0xFF, 0xA8, 0x00, 0x07, 0xD3, 0xFF, 0x9B, 0x00, 0x00,
0x00, 0x00, 0x00, 0x00, 0x00, 0x00, 0x00, 0x00, 0x00, 0xD4, 0xFF, 0xA8, 0x06, 0x90, 0xFF, 0xB0,
0x09, 0x00, 0x00, 0x00, 0x00, 0x00, 0x00, 0x00, 0x00, 0x00, 0x00, 0x00, 0xD4, 0xFF, 0xFF, 0xFF,
0xFF, 0xEC, 0x23, 0x00, 0x00, 0x00, 0x00, 0x00, 0x00, 0x00, 0x00, 0x00, 0x00, 0x00, 0x00, 0xD4,
0xFF, 0xFF, 0xFF, 0xFF, 0xFF, 0xF0, 0x41, 0x00, 0x00, 0x00, 0x00, 0x00, 0x00, 0x00, 0x00, 0x00,
0x00, 0x00, 0xD4, 0xFF, 0xA8, 0x00, 0x75, 0xFF, 0xFF, 0xED, 0x22, 0x00, 0x00, 0x00, 0x00, 0x00,
0x00, 0x00, 0x00, 0x00, 0x00, 0xD4, 0xFF, 0xA8, 0x00, 0x00, 0x9D, 0xFF, 0xFF, 0xD1, 0x0B, 0x00,
0x00, 0x00, 0x00, 0x00, 0x00, 0x00, 0x00, 0x00, 0xD4, 0xFF, 0xA8, 0x00, 0x00, 0x05, 0xC0, 0xFF,
0xFF, 0xA9, 0x00, 0x00, 0x00, 0x00, 0x00, 0x00, 0x00, 0x00, 0x00, 0xD4, 0xFF, 0xA8, 0x00, 0x00,
0x00, 0x13, 0xDC, 0xFF, 0xFF, 0x77, 0x00, 0x00, 0x00, 0x00, 0x00, 0x00, 0x00, 0x00, 0xD4, 0xFF,
0xA8, 0x00, 0x00, 0x00, 0x00, 0x28, 0xEF, 0xFF, 0xFD, 0x47, 0x00, 0x00, 0x00, 0x00, 0x00, 0x00,
0x00, 0xD4, 0xFF, 0xA8, 0x00, 0x00, 0x00, 0x00, 0x00, 0x45, 0xFB, 0xFF, 0xEE, 0x23, 0x00, 0x00,
0x00, 0x00, 0x00, 0x00, 0xD4, 0xFF, 0xA8, 0x00, 0x00, 0x00, 0x00, 0x00, 0x00, 0x6A, 0xFF, 0xFF,
0xD3, 0x0B, 0x00, 0x00, 0x00, 0x00, 0x00, 0xD4, 0xFF, 0xA8, 0x00, 0x00, 0x00, 0x00, 0x00, 0x00,
0x00, 0x93, 0xFF, 0xFF, 0xAA, 0x00, 0x00, 0x00, 0x00, 0x00, 0xD4, 0xFF, 0xA8, 0x00, 0x00, 0x00,
0x00, 0x00, 0x00, 0x00, 0x03, 0xB8, 0xFF, 0xFF, 0x79, 0x00, 0x00, 0x00, 0xA0, 0xFF, 0xC4, 0x00,
0x00, 0x00, 0x00, 0x00, 0x00, 0x00, 0x00, 0x00, 0x00, 0x00, 0x00, 0x00, 0xA0, 0xFF, 0xC4, 0x00,
0x00, 0x00, 0x00, 0x00, 0x00, 0x00, 0x00, 0x00, 0x00, 0x00, 0x00, 0x00, 0xA0, 0xFF, 0xC4, 0x00,
0x00, 0x00, 0x00, 0x00, 0x00, 0x00, 0x00, 0x00, 0x00, 0x10, 0xFF, 0xFF, 0xFF, 0xFF, 0xFF, 0xFF,
0xFF, 0xFF, 0xFF, 0x8C, 0x00, 0x00, 0x00, 0x00, 0x00, 0x10, 0xFF, 0xFF, 0xFF, 0xFF, 0xFF, 0xFF,
0xFF, 0xFF, 0xFF, 0x8C, 0x00, 0x00, 0x00, 0x00, 0x00, 0x00, 0x00, 0x00, 0xA0, 0xFF, 0xC4, 0x00,
0x00, 0x00, 0x00, 0x00, 0x00, 0x00, 0x00, 0x00, 0x00, 0x00, 0x00, 0x00, 0xA0, 0xFF, 0xC4, 0x00,
0x00, 0x00, 0x00, 0x00, 0xB3, 0xFF, 0xF1, 0x21, 0x00, 0x00, 0x00, 0x00, 0xA0, 0xFF, 0xC4, 0x00,
0x00, 0x00, 0x00, 0x6A, 0xFF, 0xFF, 0x58, 0x00, 0x00, 0x00, 0x00, 0x00, 0xA0, 0xFF, 0xC4, 0x00,
0x00, 0x00, 0x2A, 0xF6, 0xFF, 0x9C, 0x00, 0x00, 0x00, 0x00, 0x00, 0x00, 0xA0, 0xFF, 0xC4, 0x00,
0x00, 0x07, 0xD0, 0xFF, 0xD7, 0x0A, 0x00, 0x00, 0x00, 0x00, 0x00, 0x00, 0xA0, 0xFF, 0xC4, 0x00,
0x00, 0x8F, 0xFF, 0xF8, 0x2F, 0x00, 0x00, 0x00, 0x00, 0x00, 0x00, 0x00, 0xA0, 0xFF, 0xC4, 0x00,
0x47, 0xFE, 0xFF, 0x6C, 0x00, 0x00, 0x00, 0x00, 0x00, 0x00, 0x00, 0x00, 0xA0, 0xFF, 0xC6, 0x49,
0xE7, 0xFF, 0x94, 0x00, 0x00, 0x00, 0x00, 0x00, 0x00, 0x00, 0x00, 0x00, 0xA0, 0xFF, 0xFF, 0xFF,
0xFF, 0xE2, 0x18, 0x00, 0x00, 0x00, 0x00, 0x00, 0x00, 0x00, 0x00, 0x00, 0xA0, 0xFF, 0xFF, 0xFF,
0xFF, 0xFF, 0xE6, 0x2C, 0x00, 0x00, 0x00, 0x00, 0x00, 0x00, 0x00, 0x00, 0xA0, 0xFF, 0xC4, 0x00,
0x6E, 0xFF, 0xFF, 0xD9, 0x0D, 0x00, 0x00, 0x00, 0x00, 0x00, 0x00, 0x00, 0xA0, 0xFF, 0xC4, 0x00,
0x00, 0x98, 0xFF, 0xFF, 0xAA, 0x00, 0x00, 0x00, 0x00, 0x00, 0x00, 0x00, 0xA0, 0xFF, 0xC4, 0x00,
0x00, 0x04, 0xBE, 0xFF, 0xFF, 0x70, 0x00, 0x00, 0x00, 0x00, 0x00, 0x00, 0xA0, 0xFF, 0xC4, 0x00,
0x00, 0x00, 0x12, 0xDB, 0xFF, 0xFA, 0x39, 0x00, 0x00, 0x00, 0x00, 0x00, 0xA0, 0xFF, 0xC4, 0x00,
0x00, 0x00, 0x00, 0x28, 0xF0, 0xFF, 0xE3, 0x15, 0x00, 0x00, 0x00, 0x00, 0xA0, 0xFF, 0xC4, 0x00,
0x00, 0x00, 0x00, 0x00, 0x47, 0xFC, 0xFF, 0xBA, 0x02, 0xFF, 0xFF, 0xFF, 0xFF, 0xFF, 0xFF, 0xFF,
0x50, 0x00, 0x00, 0x00, 0x00, 0x00, 0x00, 0x01, 0xB3, 0xFF, 0xF8, 0x37, 0x00, 0xFF, 0xFF, 0xFF,
0xFF, 0xFF, 0xFF, 0xFF, 0x50, 0x00, 0x00, 0x00, 0x00, 0x00, 0x00, 0x7D, 0xFF, 0xFF, 0x62, 0x00,
0x00, 0x00, 0x00, 0x00, 0x00, 0x2C, 0xFF, 0xFF, 0x50, 0x00, 0x00, 0x00, 0x00, 0x00, 0x47, 0xFD,
0xFF, 0x93, 0x00, 0x00, 0x00, 0x00, 0x00, 0x00, 0x00, 0x2C, 0xFF, 0xFF, 0x50, 0x00, 0x00, 0x00,
0x00, 0x20, 0xED, 0xFF, 0xC0, 0x04, 0x00, 0x00, 0x00, 0x00, 0x00, 0x00, 0x00, 0x2C, 0xFF, 0xFF,
0x50, 0x00, 0x00, 0x00, 0x08, 0xCD, 0xFF, 0xE1, 0x15, 0x00, 0x00, 0x00, 0x00, 0x00, 0x00, 0x00,
0x00, 0x2C, 0xFF, 0xFF, 0x50, 0x00, 0x00, 0x00, 0x9E, 0xFF, 0xF6, 0x31, 0x00, 0x00, 0x00, 0x00,
0x00, 0x00, 0x00, 0x00, 0x00, 0x2C, 0xFF, 0xFF, 0x50, 0x00, 0x00, 0x67, 0xFF, 0xFF, 0x59, 0x00,
0x00, 0x00, 0x00, 0x00, 0x00, 0x00, 0x00, 0x00, 0x00, 0x2C, 0xFF, 0xFF, 0x50, 0x00, 0x36, 0xF9,
0xFF, 0x8A, 0x00, 0x00, 0x00, 0x00, 0x00, 0x00, 0x00, 0x00, 0x00, 0x00, 0x00, 0x2C, 0xFF, 0xFF,
0x50, 0x15, 0xE2, 0xFF, 0xB4, 0x03, 0x00, 0x00, 0x00, 0x00, 0x00, 0x00, 0x00, 0x00, 0x00, 0x00,
0x00, 0x2C, 0xFF, 0xFF, 0xC6, 0xEE, 0xFF, 0xA9, 0x04, 0x00, 0x00, 0x00, 0x00, 0x00, 0x00, 0x00,
0x00, 0x00, 0x00, 0x00, 0x00, 0x2C, 0xFF, 0xFF, 0xFF, 0xFF, 0xFF, 0xF5, 0x56, 0x00, 0x00, 0x00,
0x00, 0x00, 0x00, 0x00, 0x00, 0x00, 0x00, 0x00, 0x00, 0x2C, 0xFF, 0xFF, 0x50, 0x0F, 0xDB, 0xFF,
0xFD, 0x43, 0x00, 0x00, 0x00, 0x00, 0x00, 0x00, 0x00, 0x00, 0x00, 0x00, 0x00, 0x2C, 0xFF, 0xFF,
0x50, 0x00, 0x2F, 0xF7, 0xFF, 0xEA, 0x1B, 0x00, 0x00, 0x00, 0x00, 0x00, 0x00, 0x00, 0x00, 0x00,
0x00, 0x2C, 0xFF, 0xFF, 0x50, 0x00, 0x00, 0x63, 0xFF, 0xFF, 0xC4, 0x04, 0x00, 0x00, 0x00, 0x00,
0x00, 0x00, 0x00, 0x00, 0x00, 0x2C, 0xFF, 0xFF, 0x50, 0x00, 0x00, 0x00, 0x9F, 0xFF, 0xFF, 0x8D,
0x00, 0x00, 0x00, 0x00, 0x00, 0x00, 0x00, 0x00, 0x00, 0x2C, 0xFF, 0xFF, 0x50, 0x00, 0x00, 0x00,
0x09, 0xD2, 0xFF, 0xFF, 0x51, 0x00, 0x00, 0x00, 0x00, 0x00, 0x00, 0x00, 0x00, 0x2C, 0xFF, 0xFF,
0x50, 0x00, 0x00, 0x00, 0x00, 0x26, 0xF2, 0xFF, 0xF0, 0x24, 0x00, 0x00, 0x00, 0x00, 0x00, 0x00,
0x00, 0x2C, 0xFF, 0xFF, 0x50, 0x00, 0x00, 0x00, 0x00, 0x00, 0x55, 0xFF, 0xFF, 0xD0, 0x08, 0x00,
0x00, 0x00, 0x00, 0x00, 0x00, 0x2C, 0xFF, 0xFF, 0x50, 0x00, 0x00, 0x00, 0x00, 0x00, 0x00, 0x91,
0xFF, 0xFF, 0x9D, 0x00, 0x00, 0x00, 0x00, 0x00, 0x00, 0x2C, 0xFF, 0xFF, 0x50, 0x00, 0x00, 0x00,
0x00, 0x00, 0x00, 0x05, 0xC7, 0xFF, 0xFF, 0x61, 0x00, 0x00, 0x00, 0x00, 0x00, 0x2C, 0xFF, 0xFF,
0x50, 0x00, 0x00, 0x00, 0x00, 0x00, 0x00, 0x00, 0x1D, 0xEC, 0xFF, 0xF6, 0x2F, 0xF8, 0xFF, 0xFF,
0xFF, 0xFF, 0xBC, 0x00, 0x00, 0x00, 0x00, 0x00, 0x8E, 0xFF, 0xED, 0x1C, 0x00, 0xF8, 0xFF, 0xFF,
0xFF, 0xFF, 0xBC, 0x00, 0x00, 0x00, 0x00, 0x4A, 0xFE, 0xFF, 0x50, 0x00, 0x00, 0x00, 0x00, 0x00,
0xAC, 0xFF, 0xBC, 0x00, 0x00, 0x00, 0x1A, 0xEB, 0xFF, 0x94, 0x00, 0x00, 0x00, 0x00, 0x00, 0x00,
0xAC, 0xFF, 0xBC, 0x00, 0x00, 0x02, 0xBF, 0xFF, 0xD1, 0x08, 0x00, 0x00, 0x00, 0x00, 0x00, 0x00,
0xAC, 0xFF, 0xBC, 0x00, 0x00, 0x7E, 0xFF, 0xF5, 0x29, 0x00, 0x00, 0x00, 0x00, 0x00, 0x00, 0x00,
0xAC, 0xFF, 0xBC, 0x00, 0x3D, 0xFC, 0xFF, 0x63, 0x00, 0x00, 0x00, 0x00, 0x00, 0x00, 0x00, 0x00,
0xAC, 0xFF, 0xBE, 0x41, 0xE2, 0xFF, 0x92, 0x00, 0x00, 0x00, 0x00, 0x00, 0x00, 0x00, 0x00, 0x00,
0xAC, 0xFF, 0xFF, 0xFF, 0xFF, 0xD0, 0x08, 0x00, 0x00, 0x00, 0x00, 0x00, 0x00, 0x00, 0x00, 0x00,
0xAC, 0xFF, 0xFF, 0xFF, 0xFF, 0xFF, 0xD2, 0x1C, 0x00, 0x00, 0x00, 0x00, 0x00, 0x00, 0x00, 0x00,
0xAC, 0xFF, 0xBC, 0x00, 0x7A, 0xFF, 0xFF, 0xC8, 0x06, 0x00, 0x00, 0x00, 0x00, 0x00, 0x00, 0x00,
0xAC, 0xFF, 0xBC, 0x00, 0x00, 0xA3, 0xFF, 0xFF, 0x96, 0x00, 0x00, 0x00, 0x00, 0x00, 0x00, 0x00,
0xAC, 0xFF, 0xBC, 0x00, 0x00, 0x07, 0xC6, 0xFF, 0xFF, 0x5D, 0x00, 0x00, 0x00, 0x00, 0x00, 0x00,
0xAC, 0xFF, 0xBC, 0x00, 0x00, 0x00, 0x16, 0xE1, 0xFF, 0xF6, 0x2E, 0x00, 0x00, 0x00, 0x00, 0x00,
0xAC, 0xFF, 0xBC, 0x00, 0x00, 0x00, 0x00, 0x2E, 0xF3, 0xFF, 0xDC, 0x10, 0x00, 0x00, 0x00, 0x00,
0xAC, 0xFF, 0xBC, 0x00, 0x00, 0x00, 0x00, 0x00, 0x4D, 0xFD, 0xFF, 0xB2, 0x01, 0x74, 0xFF, 0xFF,
0x0C, 0x00, 0x00, 0x00, 0x00, 0x00, 0x00, 0x00, 0x00, 0x00, 0xE0, 0xFF, 0x9C, 0x00, 0x00, 0x00,
0x74, 0xFF, 0xFF, 0x0C, 0x00, 0x00, 0x00, 0x00, 0x00, 0x00, 0x00, 0x00, 0x00, 0xE0, 0xFF, 0x9C,
0x00, 0x00, 0x00, 0x74, 0xFF, 0xFF, 0x0C, 0x00, 0x00, 0x00, 0x00, 0x00, 0x00, 0x00, 0x00, 0x00,
0xE0, 0xFF, 0x9C, 0x00, 0x00, 0x00, 0x74, 0xFF, 0xFF, 0x0C, 0x00, 0x00, 0x00, 0x00, 0x00, 0x00,
0x00, 0x00, 0x00, 0xE0, 0xFF, 0x9C, 0x00, 0x00, 0x00, 0x74, 0xFF, 0xFF, 0x0C, 0x00, 0x00, 0x00,
0x00, 0x00, 0x00, 0x00, 0x00, 0x00, 0xE0, 0xFF, 0x9C, 0x00, 0x00, 0x00, 0x74, 0xFF, 0xFF, 0x0C,
0x00, 0x00, 0x00, 0x00, 0x00, 0x00, 0x00, 0x00, 0x00, 0xE0, 0xFF, 0x9C, 0x00, 0x00, 0x00, 0x74,
0xFF, 0xFF, 0x0C, 0x00, 0x00, 0x00, 0x00, 0x00, 0x00, 0x00, 0x00, 0x00, 0xE0, 0xFF, 0x9C, 0x00,
0x00, 0x00, 0x74, 0xFF, 0xFF, 0x0C, 0x00, 0x00, 0x00, 0x00, 0x00, 0x00, 0x00, 0x00, 0x00, 0xE0,
0xFF, 0x9C, 0x00, 0x00, 0x00, 0x74, 0xFF, 0xFF, 0x0C, 0x00, 0x00, 0x00, 0x00, 0x00, 0x00, 0x00,
0x00, 0x00, 0xE0, 0xFF, 0x9C, 0x00, 0x00, 0x00, 0x74, 0xFF, 0xFF, 0xFF, 0xFF, 0xFF, 0xFF, 0xFF,
0xFF, 0xFF, 0xFF, 0xFF, 0xFF, 0xFF, 0xFF, 0x9C, 0x00, 0x00, 0x00, 0x74, 0xFF, 0xFF, 0xFF, 0xFF,
0xFF, 0xFF, 0xFF, 0xFF, 0xFF, 0xFF, 0xFF, 0xFF, 0xFF, 0xFF, 0x9C, 0x00, 0x00, 0x00, 0x74, 0xFF,
0xFF, 0x0C, 0x00, 0x00, 0x00, 0x00, 0x00, 0x00, 0x00, 0x00, 0x00, 0xE0, 0xFF, 0x9C, 0x00, 0x00,
0x00, 0x74, 0xFF, 0xFF, 0x0C, 0x00, 0x00, 0x00, 0x00, 0x00, 0x00, 0x00, 0x00, 0x00, 0xE0, 0xFF,
0x9C, 0x00, 0x00, 0x00, 0x74, 0xFF, 0xFF, 0x0C, 0x00, 0x00, 0x00, 0x00, 0x00, 0x00, 0x00, 0x00,
0x00, 0xE0, 0xFF, 0x9C, 0x00, 0x00, 0x00, 0x74, 0xFF, 0xFF, 0x0C, 0x00, 0x00, 0x00, 0x00, 0x00,
0x00, 0x00, 0x00, 0x00, 0xE0, 0xFF, 0x9C, 0x00, 0x00, 0x00, 0x74, 0xFF, 0xFF, 0x0C, 0x00, 0x00,
0x00, 0x00, 0x00, 0x00, 0x00, 0x00, 0x00, 0xE0, 0xFF, 0x9C, 0x00, 0x00, 0x00, 0x74, 0xFF, 0xFF,
0x0C, 0x00, 0x00, 0x00, 0x00, 0x00, 0x00, 0x00, 0x00, 0x00, 0xE0, 0xFF, 0x9C, 0x00, 0x00, 0x00,
0x74, 0xFF, 0xFF, 0x0C, 0x00, 0x00, 0x00, 0x00, 0x00, 0x00, 0x00, 0x00, 0x00, 0xE0, 0xFF, 0x9C,
0x00, 0x00, 0x00, 0x74, 0xFF, 0xFF, 0x0C, 0x00, 0x00, 0x00, 0x00, 0x00, 0x00, 0x00, 0x00, 0x00,
0xE0, 0xFF, 0x9C, 0x00, 0x00, 0x00, 0x74, 0xFF, 0xFF, 0x0C, 0x00, 0x00, 0x00, 0x00, 0x00, 0x00,
0x00, 0x00, 0x00, 0xE0, 0xFF, 0xFF, 0xFF, 0xFF, 0x60, 0x74, 0xFF, 0xFF, 0x0C, 0x00, 0x00, 0x00,
0x00, 0x00, 0x00, 0x00, 0x00, 0x00, 0xE0, 0xFF, 0xFF, 0xFF, 0xFF, 0x60, 0x00, 0x00, 0x00, 0x00,
0x00, 0x00, 0x00, 0x00, 0x00, 0x00, 0x00, 0x00, 0x00, 0x00, 0x00, 0x00, 0xC3, 0xFF, 0x60, 0x00,
0x00, 0x00, 0x00, 0x00, 0x00, 0x00, 0x00, 0x00, 0x00, 0x00, 0x00, 0x00, 0x00, 0x00, 0x00, 0xA7,
0xFF, 0x60, 0x00, 0x00, 0x00, 0x00, 0x00, 0x00, 0x00, 0x00, 0x00, 0x00, 0x00, 0x00, 0x00, 0x00,
0x00, 0x00, 0x8B, 0xFF, 0x60, 0x00, 0x00, 0x00, 0x00, 0x00, 0x00, 0x00, 0x00, 0x00, 0x00, 0x00,
0x00, 0x00, 0x00, 0x00, 0x00, 0x6E, 0xFF, 0x60, 0xB0, 0xFF, 0xB4, 0x00, 0x00, 0x00, 0x00, 0x00,
0x00, 0x84, 0xFF, 0xE4, 0x00, 0x00, 0x00, 0xB0, 0xFF, 0xB4, 0x00, 0x00, 0x00, 0x00, 0x00, 0x00,
0x84, 0xFF, 0xE4, 0x00, 0x00, 0x00, 0xB0, 0xFF, 0xB4, 0x00, 0x00, 0x00, 0x00, 0x00, 0x00, 0x84,
0xFF, 0xE4, 0x00, 0x00, 0x00, 0xB0, 0xFF, 0xB4, 0x00, 0x00, 0x00, 0x00, 0x00, 0x00, 0x84, 0xFF,
0xE4, 0x00, 0x00, 0x00, 0xB0, 0xFF, 0xB4, 0x00, 0x00, 0x00, 0x00, 0x00, 0x00, 0x84, 0xFF, 0xE4,
0x00, 0x00, 0x00, 0xB0, 0xFF, 0xB4, 0x00, 0x00, 0x00, 0x00, 0x00, 0x00, 0x84, 0xFF, 0xE4, 0x00,
0x00, 0x00, 0xB0, 0xFF, 0xFF, 0xFF, 0xFF, 0xFF, 0xFF, 0xFF, 0xFF, 0xFF, 0xFF, 0xE4, 0x00, 0x00,
0x00, 0xB0, 0xFF, 0xFF, 0xFF, 0xFF, 0xFF, 0xFF, 0xFF, 0xFF, 0xFF, 0xFF, 0xE4, 0x00, 0x00, 0x00,
0xB0, 0xFF, 0xB4, 0x00, 0x00, 0x00, 0x00, 0x00, 0x00, 0x84, 0xFF, 0xE4, 0x00, 0x00, 0x00, 0xB0,
0xFF, 0xB4, 0x00, 0x00, 0x00, 0x00, 0x00, 0x00, 0x84, 0xFF, 0xE4, 0x00, 0x00, 0x00, 0xB0, 0xFF,
0xB4, 0x00, 0x00, 0x00, 0x00, 0x00, 0x00, 0x84, 0xFF, 0xE4, 0x00, 0x00, 0x00, 0xB0, 0xFF, 0xB4,
0x00, 0x00, 0x00, 0x00, 0x00, 0x00, 0x84, 0xFF, 0xE4, 0x00, 0x00, 0x00, 0xB0, 0xFF, 0xB4, 0x00,
0x00, 0x00, 0x00, 0x00, 0x00, 0x84, 0xFF, 0xE4, 0x00, 0x00, 0x00, 0xB0, 0xFF, 0xB4, 0x00, 0x00,
0x00, 0x00, 0x00, 0x00, 0x84, 0xFF, 0xFF, 0xFF, 0xFF, 0x14, 0xB0, 0xFF, 0xB4, 0x00, 0x00, 0x00,
0x00, 0x00, 0x00, 0x84, 0xFF, 0xFF, 0xFF, 0xFF, 0x14, 0x00, 0x00, 0x00, 0x00, 0x00, 0x00, 0x00,
0x00, 0x00, 0x00, 0x00, 0x00, 0xEF, 0xFF, 0x14, 0x00, 0x00, 0x00, 0x00, 0x00, 0x00, 0x00, 0x00,
0x00, 0x00, 0x00, 0x00, 0xD3, 0xFF, 0x14, 0x00, 0x00, 0x00, 0x00, 0x00, 0x00, 0x00, 0x00, 0x00,
0x00, 0x00, 0x00, 0xB7, 0xFF, 0x14, 0x00, 0x00, 0x00, 0x00, 0x00, 0x00, 0x00, 0x00, 0x00, 0x00,
0x00, 0x00, 0x9A, 0xFF, 0x14, 0x74, 0xFF, 0xFF, 0x0C, 0x00, 0x00, 0x00, 0x00, 0x00, 0x00, 0x00,
0x00, 0x00, 0xE0, 0xFF, 0xFF, 0xFF, 0xFF, 0xFF, 0xFF, 0xFF, 0xFF, 0xFF, 0xFF, 0x60, 0x74, 0xFF,
0xFF, 0x0C, 0x00, 0x00, 0x00, 0x00, 0x00, 0x00, 0x00, 0x00, 0x00, 0xE0, 0xFF, 0xFF, 0xFF, 0xFF,
0xFF, 0xFF, 0xFF, 0xFF, 0xFF, 0xFF, 0x60, 0x74, 0xFF, 0xFF, 0x0C, 0x00, 0x00, 0x00, 0x00, 0x00,
0x00, 0x00, 0x00, 0x00, 0xE0, 0xFF, 0x9C, 0x00, 0x00, 0x00, 0x00, 0x00, 0x00, 0x00, 0x00, 0x00,
0x74, 0xFF, 0xFF, 0x0C, 0x00, 0x00, 0x00, 0x00, 0x00, 0x00, 0x00, 0x00, 0x00, 0xE0, 0xFF, 0x9C,
0x00, 0x00, 0x00, 0x00, 0x00, 0x00, 0x00, 0x00, 0x00, 0x74, 0xFF, 0xFF, 0x0C, 0x00, 0x00, 0x00,
0x00, 0x00, 0x00, 0x00, 0x00, 0x00, 0xE0, 0xFF, 0x9C, 0x00, 0x00, 0x00, 0x00, 0x00, 0x00, 0x00,
0x00, 0x00, 0x74, 0xFF, 0xFF, 0x0C, 0x00, 0x00, 0x00, 0x00, 0x00, 0x00, 0x00, 0x00, 0x00, 0xE0,
0xFF, 0x9C, 0x00, 0x00, 0x00, 0x00, 0x00, 0x00, 0x00, 0x00, 0x00, 0x74, 0xFF, 0xFF, 0x0C, 0x00,
0x00, 0x00, 0x00, 0x00, 0x00, 0x00, 0x00, 0x00, 0xE0, 0xFF, 0x9C, 0x00, 0x00, 0x00, 0x00, 0x00,
0x00, 0x00, 0x00, 0x00, 0x74, 0xFF, 0xFF, 0x0C, 0x00, 0x00, 0x00, 0x00, 0x00, 0x00, 0x00, 0x00,
0x00, 0xE0, 0xFF, 0x9C, 0x00, 0x00, 0x00, 0x00, 0x00, 0x00, 0x00, 0x00, 0x00, 0x74, 0xFF, 0xFF,
0x0C, 0x00, 0x00, 0x00, 0x00, 0x00, 0x00, 0x00, 0x00, 0x00, 0xE0, 0xFF, 0x9C, 0x00, 0x00, 0x00,
0x00, 0x00, 0x00, 0x00, 0x00, 0x00, 0x74, 0xFF, 0xFF, 0xFF, 0xFF, 0xFF, 0xFF, 0xFF, 0xFF, 0xFF,
0xFF, 0xFF, 0xFF, 0xFF, 0xFF, 0x9C, 0x00, 0x00, 0x00, 0x00, 0x00, 0x00, 0x00, 0x00, 0x00, 0x74,
0xFF, 0xFF, 0xFF, 0xFF, 0xFF, 0xFF, 0xFF, 0xFF, 0xFF, 0xFF, 0xFF, 0xFF, 0xFF, 0xFF, 0x9C, 0x00,
0x00, 0x00, 0x00, 0x00, 0x00, 0x00, 0x00, 0x00, 0x74, 0xFF, 0xFF, 0x0C, 0x00, 0x00, 0x00, 0x00,
0x00, 0x00, 0x00, 0x00, 0x00, 0xE0, 0xFF, 0x9C, 0x00, 0x00, 0x00, 0x00, 0x00, 0x00, 0x00, 0x00,
0x00, 0x74, 0xFF, 0xFF, 0x0C, 0x00, 0x00, 0x00, 0x00, 0x00, 0x00, 0x00, 0x00, 0x00, 0xE0, 0xFF,
0x9C, 0x00, 0x00, 0x00, 0x00, 0x00, 0x00, 0x00, 0x00, 0x00, 0x74, 0xFF, 0xFF, 0x0C, 0x00, 0x00,
0x00, 0x00, 0x00, 0x00, 0x00, 0x00, 0x00, 0xE0, 0xFF, 0x9C, 0x00, 0x00, 0x00, 0x00, 0x00, 0x00,
0x00, 0x00, 0x00, 0x74, 0xFF, 0xFF, 0x0C, 0x00, 0x00, 0x00, 0x00, 0x00, 0x00, 0x00, 0x00, 0x00,
0xE0, 0xFF, 0x9C, 0x00, 0x00, 0x00, 0x00, 0x00, 0x00, 0x00, 0x00, 0x00, 0x74, 0xFF, 0xFF, 0x0C,
0x00, 0x00, 0x00, 0x00, 0x00, 0x00, 0x00, 0x00, 0x00, 0xE0, 0xFF, 0x9C, 0x00, 0x00, 0x00, 0x00,
0x00, 0x00, 0x00, 0x00, 0x00, 0x74, 0xFF, 0xFF, 0x0C, 0x00, 0x00, 0x00, 0x00, 0x00, 0x00, 0x00,
0x00, 0x00, 0xE0, 0xFF, 0x9C, 0x00, 0x00, 0x00, 0x00, 0x00, 0x00, 0x00, 0x00, 0x00, 0x74, 0xFF,
0xFF, 0x0C, 0x00, 0x00, 0x00, 0x00, 0x00, 0x00, 0x00, 0x00, 0x00, 0xE0, 0xFF, 0x9C, 0x00, 0x00,
0x00, 0x00, 0x00, 0x00, 0x00, 0x00, 0x00, 0x74, 0xFF, 0xFF, 0x0C, 0x00, 0x00, 0x00, 0x00, 0x00,
0x00, 0x00, 0x00, 0x00, 0xE0, 0xFF, 0x9C, 0x00, 0x00, 0x00, 0x00, 0x00, 0x00, 0x00, 0x00, 0x00,
0x74, 0xFF, 0xFF, 0x0C, 0x00, 0x00, 0x00, 0x00, 0x00, 0x00, 0x00, 0x00, 0x00, 0xE0, 0xFF, 0x9C,
0x00, 0x00, 0x00, 0x00, 0x00, 0x00, 0x00, 0x00, 0x00, 0x74, 0xFF, 0xFF, 0x0C, 0x00, 0x00, 0x00,
0x00, 0x00, 0x00, 0x00, 0x00, 0x00, 0xE0, 0xFF, 0x9C, 0x00, 0x00, 0x00, 0x00, 0x00, 0x00, 0x00,
0x00, 0x00, 0xB0, 0xFF, 0xB4, 0x00, 0x00, 0x00, 0x00, 0x00, 0x00, 0x84, 0xFF, 0xFF, 0xFF, 0xFF,
0xFF, 0xFF, 0xFF, 0xFF, 0x40, 0xB0, 0xFF, 0xB4, 0x00, 0x00, 0x00, 0x00, 0x00, 0x00, 0x84, 0xFF,
0xFF, 0xFF, 0xFF, 0xFF, 0xFF, 0xFF, 0xFF, 0x40, 0xB0, 0xFF, 0xB4, 0x00, 0x00, 0x00, 0x00, 0x00,
0x00, 0x84, 0xFF, 0xE4, 0x00, 0x00, 0x00, 0x00, 0x00, 0x00, 0x00, 0xB0, 0xFF, 0xB4, 0x00, 0x00,
0x00, 0x00, 0x00, 0x00, 0x84, 0xFF, 0xE4, 0x00, 0x00, 0x00, 0x00, 0x00, 0x00, 0x00, 0xB0, 0xFF,
0xB4, 0x00, 0x00, 0x00, 0x00, 0x00, 0x00, 0x84, 0xFF, 0xE4, 0x00, 0x00, 0x00, 0x00, 0x00, 0x00,
0x00, 0xB0, 0xFF, 0xB4, 0x00, 0x00, 0x00, 0x00, 0x00, 0x00, 0x84, 0xFF, 0xE4, 0x00, 0x00, 0x00,
0x00, 0x00, 0x00, 0x00, 0xB0, 0xFF, 0xFF, 0xFF, 0xFF, 0xFF, 0xFF, 0xFF, 0xFF, 0xFF, 0xFF, 0xE4,
0x00, 0x00, 0x00, 0x00, 0x00, 0x00, 0x00, 0xB0, 0xFF, 0xFF, 0xFF, 0xFF, 0xFF, 0xFF, 0xFF, 0xFF,
0xFF, 0xFF, 0xE4, 0x00, 0x00, 0x00, 0x00, 0x00, 0x00, 0x00, 0xB0, 0xFF, 0xB4, 0x00, 0x00, 0x00,
0x00, 0x00, 0x00, 0x84, 0xFF, 0xE4, 0x00, 0x00, 0x00, 0x00, 0x00, 0x00, 0x00, 0xB0, 0xFF, 0xB4,
0x00, 0x00, 0x00, 0x00, 0x00, 0x00, 0x84, 0xFF, 0xE4, 0x00, 0x00, 0x00, 0x00, 0x00, 0x00, 0x00,
0xB0, 0xFF, 0xB4, 0x00, 0x00, 0x00, 0x00, 0x00, 0x00, 0x84, 0xFF, 0xE4, 0x00, 0x00, 0x00, 0x00,
0x00, 0x00, 0x00, 0xB0, 0xFF, 0xB4, 0x00, 0x00, 0x00, 0x00, 0x00, 0x00, 0x84, 0xFF, 0xE4, 0x00,
0x00, 0x00, 0x00, 0x00, 0x00, 0x00, 0xB0, 0xFF, 0xB4, 0x00, 0x00, 0x00, 0x00, 0x00, 0x00, 0x84,
0xFF, 0xE4, 0x00, 0x00, 0x00, 0x00, 0x00, 0x00, 0x00, 0xB0, 0xFF, 0xB4, 0x00, 0x00, 0x00, 0x00,
0x00, 0x00, 0x84, 0xFF, 0xE4, 0x00, 0x00, 0x00, 0x00, 0x00, 0x00, 0x00, 0xB0, 0xFF, 0xB4, 0x00,
0x00, 0x00, 0x00, 0x00, 0x00, 0x84, 0xFF, 0xE4, 0x00, 0x00, 0x00, 0x00, 0x00, 0x00, 0x00, 0x74,
0xFF, 0xFF, 0xFF, 0xFF, 0xFF, 0xFF, 0xFF, 0xFF, 0xFF, 0xFF, 0xFF, 0xFF, 0xFF, 0xFF, 0x38, 0x00,
0x00, 0x00, 0x00, 0x00, 0x00, 0x00, 0x00, 0x00, 0x00, 0x74, 0xFF, 0xFF, 0xFF, 0xFF, 0xFF, 0xFF,
0xFF, 0xFF, 0xFF, 0xFF, 0xFF, 0xFF, 0xFF, 0xFF, 0x38, 0x00, 0x00, 0x00, 0x00, 0x00, 0x00, 0x00,
0x00, 0x00, 0x00, 0x74, 0xFF, 0xFF, 0x0C, 0x00, 0x00, 0x00, 0x00, 0x00, 0x00, 0x00, 0x00, 0x44,
0xFF, 0xFF, 0x38, 0x00, 0x00, 0x00, 0x00, 0x00, 0x00, 0x00, 0x00, 0x00, 0x00, 0x74, 0xFF, 0xFF,
0x0C, 0x00, 0x00, 0x00, 0x00, 0x00, 0x00, 0x00, 0x00, 0x44, 0xFF, 0xFF, 0x38, 0x00, 0x00, 0x00,
0x00, 0x00, 0x00, 0x00, 0x00, 0x00, 0x00, 0x74, 0xFF, 0xFF, 0x0C, 0x00, 0x00, 0x00, 0x00, 0x00,
0x00, 0x00, 0x00, 0x44, 0xFF, 0xFF, 0x38, 0x00, 0x00, 0x00, 0x00, 0x00, 0x00, 0x00, 0x00, 0x00,
0x00, 0x74, 0xFF, 0xFF, 0x0C, 0x00, 0x00, 0x00, 0x00, 0x00, 0x00, 0x00, 0x00, 0x44, 0xFF, 0xFF,
0x38, 0x00, 0x00, 0x00, 0x00, 0x00, 0x00, 0x00, 0x00, 0x00, 0x00, 0x74, 0xFF, 0xFF, 0x0C, 0x00,
0x00, 0x00, 0x00, 0x00, 0x00, 0x00, 0x00, 0x44, 0xFF, 0xFF, 0x38, 0x00, 0x00, 0x00, 0x00, 0x00,
0x00, 0x00, 0x00, 0x00, 0x00, 0x74, 0xFF, 0xFF, 0x0C, 0x00, 0x00, 0x00, 0x00, 0x00, 0x00, 0x00,
0x00, 0x44, 0xFF, 0xFF, 0x38, 0x00, 0x00, 0x00, 0x00, 0x00, 0x00, 0x00, 0x00, 0x00, 0x00, 0x74,
0xFF, 0xFF, 0x0C, 0x00, 0x00, 0x00, 0x00, 0x00, 0x00, 0x00, 0x00, 0x44, 0xFF, 0xFF, 0x38, 0x00,
0x00, 0x00, 0x00, 0x00, 0x00, 0x00, 0x00, 0x00, 0x00, 0x74, 0xFF, 0xFF, 0x0C, 0x00, 0x00, 0x00,
0x00, 0x00, 0x00, 0x00, 0x00, 0x44, 0xFF, 0xFF, 0x38, 0x00, 0x00, 0x00, 0x00, 0x00, 0x00, 0x00,
0x00, 0x00, 0x00, 0x74, 0xFF, 0xFF, 0x0C, 0x00, 0x00, 0x00, 0x00, 0x00, 0x00, 0x00, 0x00, 0x44,
0xFF, 0xFF, 0xA1, 0xBA, 0xE3, 0xF7, 0xFB, 0xE8, 0xB6, 0x5B, 0x02, 0x00, 0x00, 0x74, 0xFF, 0xFF,
0x0C, 0x00, 0x00, 0x00, 0x00, 0x00, 0x00, 0x00, 0x00, 0x44, 0xFF, 0xFF, 0xFF, 0xFF, 0xFF, 0xFF,
0xFF, 0xFF, 0xFF, 0xFF, 0xBC, 0x0B, 0x00, 0x74, 0xFF, 0xFF, 0x0C, 0x00, 0x00, 0x00, 0x00, 0x00,
0x00, 0x00, 0x00, 0x44, 0xFF, 0xFF, 0xA1, 0x49, 0x19, 0x06, 0x20, 0x50, 0xCE, 0xFF, 0xFF, 0xA7,
0x00, 0x74, 0xFF, 0xFF, 0x0C, 0x00, 0x00, 0x00, 0x00, 0x00, 0x00, 0x00, 0x00, 0x44, 0xFF, 0xFF,
0x38, 0x00, 0x00, 0x00, 0x00, 0x00, 0x0A, 0xD1, 0xFF, 0xFF, 0x30, 0x74, 0xFF, 0xFF, 0x0C, 0x00,
0x00, 0x00, 0x00, 0x00, 0x00, 0x00, 0x00, 0x44, 0xFF, 0xFF, 0x38, 0x00, 0x00, 0x00, 0x00, 0x00,
0x00, 0x4A, 0xFF, 0xFF, 0x82, 0x74, 0xFF, 0xFF, 0x0C, 0x00, 0x00, 0x00, 0x00, 0x00, 0x00, 0x00,
0x00, 0x44, 0xFF, 0xFF, 0x38, 0x00, 0x00, 0x00, 0x00, 0x00, 0x00, 0x06, 0xF7, 0xFF, 0xB7, 0x74,
0xFF, 0xFF, 0x0C, 0x00, 0x00, 0x00, 0x00, 0x00, 0x00, 0x00, 0x00, 0x44, 0xFF, 0xFF, 0x38, 0x00,
0x00, 0x00, 0x00, 0x00, 0x00, 0x00, 0xDB, 0xFF, 0xCB, 0x74, 0xFF, 0xFF, 0x0C, 0x00, 0x00, 0x00,
0x00, 0x00, 0x00, 0x00, 0x00, 0x44, 0xFF, 0xFF, 0x38, 0x00, 0x00, 0x00, 0x00, 0x00, 0x00, 0x00,
0xD0, 0xFF, 0xD1, 0x74, 0xFF, 0xFF, 0x0C, 0x00, 0x00, 0x00, 0x00, 0x00, 0x00, 0x00, 0x00, 0x44,
0xFF, 0xFF, 0x38, 0x00, 0x00, 0x00, 0x00, 0x00, 0x00, 0x00, 0xDC, 0xFF, 0xC2, 0x74, 0xFF, 0xFF,
0x0C, 0x00, 0x00, 0x00, 0x00, 0x00, 0x00, 0x00, 0x00, 0x44, 0xFF, 0xFF, 0x38, 0x00, 0x00, 0x00,
0x00, 0x00, 0x00, 0x07, 0xFB, 0xFF, 0xA1, 0x74, 0xFF, 0xFF, 0x0C, 0x00, 0x00, 0x00, 0x00, 0x00,
0x00, 0x00, 0x00, 0x44, 0xFF, 0xFF, 0x38, 0x00, 0x00, 0x00, 0x00, 0x00, 0x00, 0x4E, 0xFF, 0xFF,
0x68, 0x00, 0x00, 0x00, 0x00, 0x00, 0x00, 0x00, 0x00, 0x00, 0x00, 0x00, 0x00, 0x00, 0x00, 0x00,
0x00, 0x00, 0x00, 0x00, 0x00, 0x00, 0x0A, 0xD0, 0xFF, 0xF6, 0x12, 0x00, 0x00, 0x00, 0x00, 0x00,
0x00, 0x00, 0x00, 0x00, 0x00, 0x00, 0x00, 0x00, 0x00, 0x00, 0x00, 0x05, 0x07, 0x00, 0x0D, 0x46,
0xCB, 0xFF, 0xFF, 0x76, 0x00, 0x00, 0x00, 0x00, 0x00, 0x00, 0x00, 0x00, 0x00, 0x00, 0x00, 0x00,
0x00, 0x00, 0x00, 0x00, 0x00, 0x48, 0xFF, 0xFF, 0xFF, 0xFF, 0xFF, 0xFF, 0x88, 0x01, 0x00, 0x00,
0x00, 0x00, 0x00, 0x00, 0x00, 0x00, 0x00, 0x00, 0x00, 0x00, 0x00, 0x00, 0x00, 0x00, 0x00, 0x43,
0xFB, 0xFF, 0xF3, 0xD8, 0x99, 0x30, 0x00, 0x00, 0x00, 0xB0, 0xFF, 0xFF, 0xFF, 0xFF, 0xFF, 0xFF,
0xFF, 0xFF, 0xFF, 0xFF, 0xBC, 0x00, 0x00, 0x00, 0x00, 0x00, 0x00, 0x00, 0x00, 0x00, 0x00, 0xB0,
0xFF, 0xFF, 0xFF, 0xFF, 0xFF, 0xFF, 0xFF, 0xFF, 0xFF, 0xFF, 0xBC, 0x00, 0x00, 0x00, 0x00, 0x00,
0x00, 0x00, 0x00, 0x00, 0x00, 0xB0, 0xFF, 0xB4, 0x00, 0x00, 0x00, 0x00, 0x00, 0x00, 0xA8, 0xFF,
0xBC, 0x00, 0x00, 0x00, 0x00, 0x00, 0x00, 0x00, 0x00, 0x00, 0x00, 0xB0, 0xFF, 0xB4, 0x00, 0x00,
0x00, 0x00, 0x00, 0x00, 0xA8, 0xFF, 0xBC, 0x00, 0x00, 0x00, 0x00, 0x00, 0x00, 0x00, 0x00, 0x00,
0x00, 0xB0, 0xFF, 0xB4, 0x00, 0x00, 0x00, 0x00, 0x00, 0x00, 0xA8, 0xFF, 0xBC, 0x00, 0x00, 0x00,
0x00, 0x00, 0x00, 0x00, 0x00, 0x00, 0x00, 0xB0, 0xFF, 0xB4, 0x00, 0x00, 0x00, 0x00, 0x00, 0x00,
0xA8, 0xFF, 0xBC, 0x00, 0x00, 0x00, 0x00, 0x00, 0x00, 0x00, 0x00, 0x00, 0x00, 0xB0, 0xFF, 0xB4,
0x00, 0x00, 0x00, 0x00, 0x00, 0x00, 0xA8, 0xFF, 0xBC, 0x00, 0x00, 0x00, 0x00, 0x00, 0x00, 0x00,
0x00, 0x00, 0x00, 0xB0, 0xFF, 0xB4, 0x00, 0x00, 0x00, 0x00, 0x00, 0x00, 0xA8, 0xFF, 0xDA, 0xA4,
0xD9, 0xF5, 0xFB, 0xE9, 0xB2, 0x4E, 0x00, 0x00, 0x00, 0xB0, 0xFF, 0xB4, 0x00, 0x00, 0x00, 0x00,
0x00, 0x00, 0xA8, 0xFF, 0xFF, 0xFF, 0xFF, 0xFF, 0xFF, 0xFF, 0xFF, 0xFF, 0x9B, 0x00, 0x00, 0xB0,
0xFF, 0xB4, 0x00, 0x00, 0x00, 0x00, 0x00, 0x00, 0xA8, 0xFF, 0xE3, 0x5B, 0x2A, 0x0B, 0x10, 0x50,
0xD6, 0xFF, 0xFF, 0x6A, 0x00, 0xB0, 0xFF, 0xB4, 0x00, 0x00, 0x00, 0x00, 0x00, 0x00, 0xA8, 0xFF,
0xBC, 0x00, 0x00, 0x00, 0x00, 0x00, 0x0E, 0xDA, 0xFF, 0xE5, 0x01, 0xB0, 0xFF, 0xB4, 0x00, 0x00,
0x00, 0x00, 0x00, 0x00, 0xA8, 0xFF, 0xBC, 0x00, 0x00, 0x00, 0x00, 0x00, 0x00, 0x60, 0xFF, 0xFF,
0x2E, 0xB0, 0xFF, 0xB4, 0x00, 0x00, 0x00, 0x00, 0x00, 0x00, 0xA8, 0xFF, 0xBC, 0x00, 0x00, 0x00,
0x00, 0x00, 0x00, 0x1F, 0xFF, 0xFF, 0x53, 0xB0, 0xFF, 0xB4, 0x00, 0x00, 0x00, 0x00, 0x00, 0x00,
0xA8, 0xFF, 0xBC, 0x00, 0x00, 0x00, 0x00, 0x00, 0x00, 0x06, 0xFF, 0xFF, 0x63, 0xB0, 0xFF, 0xB4,
0x00, 0x00, 0x00, 0x00, 0x00, 0x00, 0xA8, 0xFF, 0xBC, 0x00, 0x00, 0x00, 0x00, 0x00, 0x00, 0x09,
0xFF, 0xFF, 0x5B, 0x00, 0x00, 0x00, 0x00, 0x00, 0x00, 0x00, 0x00, 0x00, 0x00, 0x00, 0x00, 0x00,
0x00, 0x00, 0x00, 0x00, 0x00, 0x24, 0xFF, 0xFF, 0x46, 0x00, 0x00, 0x00, 0x00, 0x00, 0x00, 0x00,
0x00, 0x00, 0x00, 0x00, 0x00, 0x00, 0x00, 0x00, 0x00, 0x00, 0x00, 0x63, 0xFF, 0xFF, 0x18, 0x00,
0x00, 0x00, 0x00, 0x00, 0x00, 0x00, 0x00, 0x00, 0x00, 0x00, 0x00, 0x00, 0x00, 0x00, 0x00, 0x00,
0x09, 0xD7, 0xFF, 0xCB, 0x00, 0x00, 0x00, 0x00, 0x00, 0x00, 0x00, 0x00, 0x00, 0x00, 0x00, 0x00,
0x00, 0x04, 0x08, 0x00, 0x0A, 0x3D, 0xC3, 0xFF, 0xFF, 0x51, 0x00, 0x00, 0x00, 0x00, 0x00, 0x00,
0x00, 0x00, 0x00, 0x00, 0x00, 0x00, 0x00, 0x30, 0xFF, 0xFF, 0xFF, 0xFF, 0xFF, 0xFF, 0x83, 0x00,
0x00, 0x00, 0x00, 0x00, 0x00, 0x00, 0x00, 0x00, 0x00, 0x00, 0x00, 0x00, 0x00, 0x2C, 0xFA, 0xFF,
0xF6, 0xDE, 0xA2, 0x39, 0x00, 0x00, 0x00, 0x00, 0x00, 0x00, 0x00, 0x00, 0x21, 0x7D, 0xC6, 0xE6,
0x93, 0x00, 0x00, 0x00, 0x00, 0x00, 0x00, 0x00, 0x00, 0x00, 0x00, 0x00, 0x00, 0x00, 0x00, 0x00,
0x03, 0x87, 0xF9, 0xFF, 0xFF, 0xFF, 0x98, 0x00, 0x3B, 0xA5, 0xE4, 0xF9, 0xE9, 0xBC, 0x65, 0x03,
0x00, 0x00, 0x00, 0x00, 0x00, 0x03, 0xAC, 0xFF, 0xFF, 0xD4, 0x5F, 0x1C, 0x05, 0x8C, 0xFE, 0xFF,
0xFF, 0xFF, 0xFF, 0xFF, 0xFF, 0xCA, 0x12, 0x00, 0x00, 0x00, 0x00, 0x79, 0xFF, 0xFF, 0xA1, 0x04,
0x00, 0x00, 0x80, 0xFF, 0xFF, 0xBF, 0x38, 0x08, 0x20, 0x8E, 0xFF, 0xFF, 0xC0, 0x01, 0x00, 0x00,
0x18, 0xF9, 0xFF, 0xC8, 0x02, 0x00, 0x00, 0x29, 0xFA, 0xFF, 0xC0, 0x05, 0x00, 0x00, 0x00, 0x00,
0x87, 0xFF, 0xFF, 0x57, 0x00, 0x00, 0x7E, 0xFF, 0xFF, 0x3A, 0x00, 0x00, 0x00, 0x99, 0xFF, 0xFE,
0x2B, 0x00, 0x00, 0x00, 0x00, 0x00, 0x0D, 0xF2, 0xFF, 0xBC, 0x00, 0x00, 0xCF, 0xFF, 0xD8, 0x00,
0x00, 0x00, 0x02, 0xF0, 0xFF, 0xC5, 0x00, 0x00, 0x00, 0x00, 0x00, 0x00, 0x00, 0xB1, 0xFF, 0xF7,
0x04, 0x0A, 0xFC, 0xFF, 0x9A, 0x00, 0x00, 0x00, 0x2C, 0xFF, 0xFF, 0x81, 0x00, 0x00, 0x00, 0x00,
0x00, 0x00, 0x00, 0x8B, 0xFF, 0xFF, 0x27, 0x2F, 0xFF, 0xFF, 0x6E, 0x00, 0x00, 0x00, 0x51, 0xFF,
0xFF, 0x56, 0x00, 0x00, 0x00, 0x00, 0x00, 0x00, 0x00, 0x73, 0xFF, 0xFF, 0x39, 0x40, 0xFF, 0xFF,
0x5C, 0x00, 0x00, 0x00, 0x62, 0xFF, 0xFF, 0x43, 0x00, 0x00, 0x00, 0x00, 0x00, 0x00, 0x00, 0x65,
0xFF, 0xFF, 0x3E, 0x4B, 0xFF, 0xFF, 0x54, 0x00, 0x00, 0x00, 0x67, 0xFF, 0xFF, 0x3E, 0x00, 0x00,
0x00, 0x00, 0x00, 0x00, 0x00, 0x73, 0xFF, 0xFF, 0x31, 0x3E, 0xFF, 0xFF, 0x65, 0x00, 0x00, 0x00,
0x55, 0xFF, 0xFF, 0x5A, 0x00, 0x00, 0x00, 0x00, 0x00, 0x00, 0x00, 0x99, 0xFF, 0xFF, 0x11, 0x2A,
0xFF, 0xFF, 0x89, 0x00, 0x00, 0x00, 0x2E, 0xFF, 0xFF, 0x7F, 0x00, 0x00, 0x00, 0x00, 0x00, 0x00,
0x00, 0xD1, 0xFF, 0xE0, 0x00, 0x04, 0xF4, 0xFF, 0xC9, 0x00, 0x00, 0x00, 0x01, 0xE4, 0xFF, 0xCE,
0x00, 0x00, 0x00, 0x00, 0x00, 0x00, 0x25, 0xFF, 0xFF, 0x97, 0x00, 0x00, 0xBB, 0xFF, 0xFF, 0x2A,
0x00, 0x00, 0x00, 0x90, 0xFF, 0xFF, 0x29, 0x00, 0x00, 0x00, 0x00, 0x00, 0x93, 0xFF, 0xFF, 0x37,
0x00, 0x00, 0x5C, 0xFF, 0xFF, 0xA9, 0x00, 0x00, 0x00, 0x29, 0xFA, 0xFF, 0xB8, 0x00, 0x00, 0x00,
0x00, 0x27, 0xF9, 0xFF, 0xBD, 0x00, 0x00, 0x00, 0x05, 0xDF, 0xFF, 0xFF, 0x59, 0x00, 0x00, 0x00,
0x85, 0xFF, 0xFF, 0x60, 0x00, 0x00, 0x0B, 0xCE, 0xFF, 0xF6, 0x2A, 0x00, 0x00, 0x00, 0x00, 0x3D,
0xFD, 0xFF, 0xFA, 0x5C, 0x00, 0x00, 0x08, 0xC3, 0xFF, 0xFA, 0x62, 0x1B, 0xC7, 0xFF, 0xFC, 0x57,
0x00, 0x00, 0x00, 0x00, 0x00, 0x00, 0x5F, 0xFB, 0xFF, 0xFF, 0xB2, 0x48, 0x15, 0x10, 0xC6, 0xFF,
0xFF, 0xFA, 0xFF, 0xEB, 0x50, 0x1F, 0x64, 0xAE, 0x00, 0x00, 0x00, 0x00, 0x00, 0x40, 0xD5, 0xFF,
0xFF, 0xFF, 0xFF, 0xFF, 0xFF, 0xFF, 0xFF, 0xFF, 0xFF, 0xFF, 0xFF, 0xFF, 0xFF, 0xFF, 0x30, 0x00,
0x00, 0x00, 0x00, 0x00, 0x03, 0x54, 0xA2, 0xD8, 0xF0, 0xF7, 0xDF, 0xB1, 0x54, 0x61, 0xBB, 0xE2,
0xFA, 0xF4, 0xD0, 0x7C, 0x0B, 0x00, 0x00, 0x00, 0x22, 0x91, 0xD5, 0xF2, 0x0F, 0x00, 0x58, 0xC4,
0xEF, 0xF4, 0xCE, 0x6B, 0x02, 0x00, 0x00, 0x00, 0x00, 0x5D, 0xF9, 0xFF, 0xFF, 0xFF, 0x10, 0x8F,
0xFF, 0xFF, 0xFF, 0xFF, 0xFF, 0xFF, 0xAF, 0x02, 0x00, 0x00, 0x3B, 0xFD, 0xFF, 0xD2, 0x4A, 0x0E,
0x4C, 0xFF, 0xFF, 0x90, 0x15, 0x15, 0xAB, 0xFF, 0xFF, 0x64, 0x00, 0x00, 0xC7, 0xFF, 0xDF, 0x10,
0x00, 0x00, 0xC2, 0xFF, 0xC4, 0x00, 0x00, 0x00, 0x07, 0xE0, 0xFF, 0xCE, 0x00, 0x24, 0xFF, 0xFF,
0x68, 0x00, 0x00, 0x0E, 0xFC, 0xFF, 0x71, 0x00, 0x00, 0x00, 0x00, 0x88, 0xFF, 0xFE, 0x0C, 0x5C,
0xFF, 0xFF, 0x22, 0x00, 0x00, 0x2D, 0xFF, 0xFF, 0x3D, 0x00, 0x00, 0x00, 0x00, 0x5D, 0xFF, 0xFF,
0x28, 0x79, 0xFF, 0xFE, 0x02, 0x00, 0x00, 0x46, 0xFF, 0xFF, 0x2C, 0x00, 0x00, 0x00, 0x00, 0x4D,
0xFF, 0xFF, 0x2E, 0x84, 0xFF, 0xF7, 0x00, 0x00, 0x00, 0x4E, 0xFF, 0xFF, 0x2F, 0x00, 0x00, 0x00,
0x00, 0x64, 0xFF, 0xFF, 0x18, 0x76, 0xFF, 0xFF, 0x08, 0x00, 0x00, 0x34, 0xFF, 0xFF, 0x4D, 0x00,
0x00, 0x00, 0x00, 0xA1, 0xFF, 0xDF, 0x00, 0x52, 0xFF, 0xFF, 0x3A, 0x00, 0x00, 0x06, 0xEE, 0xFF,
0x97, 0x00, 0x00, 0x00, 0x0C, 0xF4, 0xFF, 0x7A, 0x00, 0x14, 0xFB, 0xFF, 0x9D, 0x00, 0x00, 0x00,
0x8E, 0xFF, 0xF1, 0x1A, 0x00, 0x00, 0x88, 0xFF, 0xEA, 0x14, 0x00, 0x00, 0xA7, 0xFF, 0xFD, 0x48,
0x00, 0x00, 0x0D, 0xDC, 0xFF, 0xBD, 0x0A, 0x53, 0xFD, 0xFC, 0x44, 0x00, 0x00, 0x00, 0x1E, 0xEF,
0xFF, 0xF9, 0x84, 0x26, 0x07, 0x36, 0xF6, 0xFF, 0xE4, 0xFF, 0xF5, 0x54, 0x1F, 0x7B, 0x5B, 0x00,
0x00, 0x35, 0xE7, 0xFF, 0xFF, 0xFF, 0xFF, 0xFF, 0xFF, 0xFF, 0xFD, 0xFF, 0xFF, 0xFF, 0xFF, 0xFF,
0xBF, 0x00, 0x00, 0x00, 0x0D, 0x77, 0xC6, 0xED, 0xF9, 0xE1, 0xBC, 0x65, 0x1D, 0x9A, 0xE4, 0xFB,
0xEA, 0xB0, 0x43, 0x00, 0x00, 0x00, 0x00, 0x00, 0x08, 0x64, 0xAF, 0xE2, 0xF8, 0xF7, 0xE8, 0xC0,
0x7C, 0x1B, 0x00, 0x00, 0x00, 0x00, 0x51, 0xE7, 0xFF, 0xFF, 0xFF, 0xFF, 0xFF, 0xFF, 0xFF, 0xFF,
0x89, 0x00, 0x00, 0x00, 0x76, 0xFF, 0xFF, 0xED, 0x80, 0x31, 0x0B, 0x07, 0x1C, 0x4F, 0xAF, 0x3C,
0x00, 0x00, 0x4F, 0xFE, 0xFF, 0xC5, 0x15, 0x00, 0x00, 0x00, 0x00, 0x00, 0x00, 0x00, 0x00, 0x00,
0x08, 0xE5, 0xFF, 0xE0, 0x10, 0x00, 0x00, 0x00, 0x00, 0x00, 0x00, 0x00, 0x00, 0x00, 0x00, 0x6C,
0xFF, 0xFF, 0x57, 0x00, 0x00, 0x00, 0x00, 0x00, 0x00, 0x00, 0x00, 0x00, 0x00, 0x00, 0xC0, 0xFF,
0xE6, 0x03, 0x00, 0x00, 0x00, 0x00, 0x00, 0x00, 0x00, 0x00, 0x00, 0x00, 0x0A, 0xF9, 0xFF, 0xA6,
0x00, 0x00, 0x00, 0x00, 0x00, 0x00, 0x00, 0x00, 0x00, 0x00, 0x00, 0x2A, 0xFF, 0xFF, 0x73, 0x00,
0x00, 0x00, 0x00, 0x00, 0x00, 0x00, 0x00, 0x00, 0x00, 0x00, 0x3D, 0xFF, 0xFF, 0x60, 0x00, 0x00,
0x00, 0x00, 0x00, 0x00, 0x00, 0x00, 0x00, 0x00, 0x00, 0x4B, 0xFF, 0xFF, 0x54, 0x00, 0x00, 0x00,
0x00, 0x00, 0x00, 0x00, 0x00, 0x00, 0x00, 0x00, 0x41, 0xFF, 0xFF, 0x61, 0x00, 0x00, 0x00, 0x00,
0x00, 0x00, 0x00, 0x00, 0x00, 0x00, 0x00, 0x30, 0xFF, 0xFF, 0x77, 0x00, 0x00, 0x00, 0x00, 0x00,
0x00, 0x00, 0x00, 0x00, 0x00, 0x00, 0x0A, 0xFC, 0xFF, 0xAE, 0x00, 0x00, 0x00, 0x00, 0x00, 0x00,
0x00, 0x00, 0x00, 0x00, 0x00, 0x00, 0xCF, 0xFF, 0xEF, 0x0A, 0x00, 0x00, 0x00, 0x00, 0x00, 0x00,
0x00, 0x00, 0x00, 0x00, 0x00, 0x79, 0xFF, 0xFF, 0x6B, 0x00, 0x00, 0x00, 0x00, 0x00, 0x00, 0x00,
0x00, 0x00, 0x00, 0x00, 0x18, 0xF4, 0xFF, 0xF0, 0x1E, 0x00, 0x00, 0x00, 0x00, 0x00, 0x00, 0x00,
0x00, 0x00, 0x00, 0x00, 0x73, 0xFF, 0xFF, 0xDC, 0x26, 0x00, 0x00, 0x00, 0x00, 0x00, 0x00, 0x00,
0x00, 0x00, 0x00, 0x01, 0x9E, 0xFF, 0xFF, 0xF8, 0x93, 0x3E, 0x12, 0x03, 0x11, 0x3C, 0x8F, 0x7E,
0x00, 0x00, 0x00, 0x02, 0x74, 0xF7, 0xFF, 0xFF, 0xFF, 0xFF, 0xFF, 0xFF, 0xFF, 0xFF, 0xD5, 0x00,
0x00, 0x00, 0x00, 0x00, 0x15, 0x75, 0xB9, 0xFA, 0xFF, 0xFE, 0xEA, 0xCD, 0x9D, 0x3D, 0x00, 0x00,
0x00, 0x00, 0x00, 0x00, 0x00, 0x00, 0xC7, 0xFF, 0xA8, 0x00, 0x00, 0x00, 0x00, 0x00, 0x00, 0x00,
0x00, 0x00, 0x00, 0x00, 0x00, 0xAB, 0xFF, 0x93, 0x00, 0x00, 0x00, 0x00, 0x00, 0x00, 0x00, 0x00,
0x00, 0x00, 0x00, 0x00, 0x8F, 0xFF, 0x7D, 0x00, 0x00, 0x00, 0x00, 0x00, 0x00, 0x00, 0x00, 0x00,
0x00, 0x00, 0x00, 0x73, 0xFF, 0x68, 0x00, 0x00, 0x00, 0x00, 0x00, 0x00, 0x00, 0x00, 0x00, 0x00,
0x00, 0x00, 0x56, 0xFF, 0x52, 0x00, 0x00, 0x00, 0x00, 0x00, 0x00, 0x00, 0x27, 0x98, 0xDA, 0xF5,
0xF8, 0xE4, 0xAE, 0x4C, 0x02, 0x00, 0x00, 0x63, 0xFB, 0xFF, 0xFF, 0xFF, 0xFF, 0xFF, 0xFF, 0xFB,
0x14, 0x00, 0x40, 0xFE, 0xFF, 0xD8, 0x51, 0x11, 0x06, 0x26, 0x7F, 0xA5, 0x00, 0x00, 0xCA, 0xFF,
0xE4, 0x13, 0x00, 0x00, 0x00, 0x00, 0x00, 0x00, 0x00, 0x25, 0xFF, 0xFF, 0x6D, 0x00, 0x00, 0x00,
0x00, 0x00, 0x00, 0x00, 0x00, 0x5C, 0xFF, 0xFF, 0x25, 0x00, 0x00, 0x00, 0x00, 0x00, 0x00, 0x00,
0x00, 0x78, 0xFF, 0xFE, 0x02, 0x00, 0x00, 0x00, 0x00, 0x00, 0x00, 0x00, 0x00, 0x84, 0xFF, 0xF8,
0x00, 0x00, 0x00, 0x00, 0x00, 0x00, 0x00, 0x00, 0x00, 0x7D, 0xFF, 0xFF, 0x0E, 0x00, 0x00, 0x00,
0x00, 0x00, 0x00, 0x00, 0x00, 0x63, 0xFF, 0xFF, 0x2E, 0x00, 0x00, 0x00, 0x00, 0x00, 0x00, 0x00,
0x00, 0x34, 0xFF, 0xFF, 0x7F, 0x00, 0x00, 0x00, 0x00, 0x00, 0x00, 0x00, 0x00, 0x01, 0xE2, 0xFF,
0xF0, 0x27, 0x00, 0x00, 0x00, 0x00, 0x00, 0x00, 0x00, 0x00, 0x66, 0xFF, 0xFF, 0xEB, 0x66, 0x19,
0x05, 0x1A, 0x5D, 0xC1, 0x07, 0x00, 0x00, 0x98, 0xFF, 0xFF, 0xFF, 0xFF, 0xFF, 0xFF, 0xFF, 0xFF,
0x59, 0x00, 0x00, 0x00, 0x51, 0xBA, 0xF2, 0xFF, 0xFF, 0xE7, 0xB5, 0x6C, 0x0F, 0x00, 0x00, 0x00,
0x00, 0x00, 0x3A, 0xFF, 0xFF, 0x37, 0x00, 0x00, 0x00, 0x00, 0x00, 0x00, 0x00, 0x00, 0x1C, 0xFF,
0xFF, 0x22, 0x00, 0x00, 0x00, 0x00, 0x00, 0x00, 0x00, 0x00, 0x02, 0xFB, 0xFF, 0x0C, 0x00, 0x00,
0x00, 0x00, 0x00, 0x00, 0x00, 0x00, 0x00, 0xE1, 0xF7, 0x00, 0x00, 0x00, 0x00, 0x00, 0x00, 0x00,
0x00, 0x00, 0x00, 0xC3, 0xE2, 0x00, 0x00, 0x00, 0x00, 0x74, 0xFF, 0xFF, 0xFF, 0xFF, 0xFF, 0xFF,
0xFF, 0xFF, 0xFF, 0xFF, 0xFF, 0xFF, 0xFF, 0xFF, 0xFF, 0x1C, 0x74, 0xFF, 0xFF, 0xFF, 0xFF, 0xFF,
0xFF, 0xFF, 0xFF, 0xFF, 0xFF, 0xFF, 0xFF, 0xFF, 0xFF, 0xFF, 0x1C, 0x00, 0x00, 0x00, 0x00, 0x00,
0x00, 0x00, 0xEC, 0xFF, 0x90, 0x00, 0x00, 0x00, 0x00, 0x00, 0x00, 0x00, 0x00, 0x00, 0x00, 0x00,
0x00, 0x00, 0x00, 0xEC, 0xFF, 0x90, 0x00, 0x00, 0x00, 0x00, 0x00, 0x00, 0x00, 0x00, 0x00, 0x00,
0x00, 0x00, 0x00, 0x00, 0xEC, 0xFF, 0x90, 0x00, 0x00, 0x00, 0x00, 0x00, 0x00, 0x00, 0x00, 0x00,
0x00, 0x00, 0x00, 0x00, 0x00, 0xEC, 0xFF, 0x90, 0x00, 0x00, 0x00, 0x00, 0x00, 0x00, 0x00, 0x00,
0x00, 0x00, 0x00, 0x00, 0x00, 0x00, 0xEC, 0xFF, 0x90, 0x00, 0x00, 0x00, 0x00, 0x00, 0x00, 0x00,
0x00, 0x00, 0x00, 0x00, 0x00, 0x00, 0x00, 0xEC, 0xFF, 0x90, 0x00, 0x00, 0x00, 0x00, 0x00, 0x00,
0x00, 0x00, 0x00, 0x00, 0x00, 0x00, 0x00, 0x00, 0xEC, 0xFF, 0x90, 0x00, 0x00, 0x00, 0x00, 0x00,
0x00, 0x00, 0x00, 0x00, 0x00, 0x00, 0x00, 0x00, 0x00, 0xEC, 0xFF, 0x90, 0x00, 0x00, 0x00, 0x00,
0x00, 0x00, 0x00, 0x00, 0x00, 0x00, 0x00, 0x00, 0x00, 0x00, 0xEC, 0xFF, 0x90, 0x00, 0x00, 0x00,
0x00, 0x00, 0x00, 0x00, 0x00, 0x00, 0x00, 0x00, 0x00, 0x00, 0x00, 0xEC, 0xFF, 0x90, 0x00, 0x00,
0x00, 0x00, 0x00, 0x00, 0x00, 0x00, 0x00, 0x00, 0x00, 0x00, 0x00, 0x00, 0xEC, 0xFF, 0x90, 0x00,
0x00, 0x00, 0x00, 0x00, 0x00, 0x00, 0x00, 0x00, 0x00, 0x00, 0x00, 0x00, 0x00, 0xEC, 0xFF, 0x90,
0x00, 0x00, 0x00, 0x00, 0x00, 0x00, 0x00, 0x00, 0x00, 0x00, 0x00, 0x00, 0x00, 0x00, 0xEC, 0xFF,
0x90, 0x00, 0x00, 0x00, 0x00, 0x00, 0x00, 0x00, 0x00, 0x00, 0x00, 0x00, 0x00, 0x00, 0x00, 0xEC,
0xFF, 0x90, 0x00, 0x00, 0x00, 0x00, 0x00, 0x00, 0x00, 0x00, 0x00, 0x00, 0x00, 0x00, 0x00, 0x00,
0xEC, 0xFF, 0x90, 0x00, 0x00, 0x00, 0x00, 0x00, 0x00, 0x00, 0x00, 0x00, 0x00, 0x00, 0x00, 0x00,
0x00, 0xEC, 0xFF, 0x90, 0x00, 0x00, 0x00, 0x00, 0x00, 0x00, 0x00, 0x00, 0x00, 0x00, 0x00, 0x00,
0x00, 0x00, 0xEC, 0xFF, 0x90, 0x00, 0x00, 0x00, 0x00, 0x00, 0x00, 0x00, 0x00, 0x00, 0x00, 0x00,
0x00, 0x00, 0x00, 0xEC, 0xFF, 0xFF, 0xFF, 0xFF, 0x54, 0x00, 0x00, 0x00, 0x00, 0x00, 0x00, 0x00,
0x00, 0x00, 0x00, 0x00, 0xEC, 0xFF, 0xFF, 0xFF, 0xFF, 0x54, 0x00, 0x00, 0x00, 0x00, 0x00, 0x00,
0x00, 0x00, 0x00, 0x00, 0x00, 0x00, 0x00, 0x00, 0xCE, 0xFF, 0x54, 0x00, 0x00, 0x00, 0x00, 0x00,
0x00, 0x00, 0x00, 0x00, 0x00, 0x00, 0x00, 0x00, 0x00, 0xB1, 0xFF, 0x54, 0x00, 0x00, 0x00, 0x00,
0x00, 0x00, 0x00, 0x00, 0x00, 0x00, 0x00, 0x00, 0x00, 0x00, 0x94, 0xFF, 0x54, 0x00, 0x00, 0x00,
0x00, 0x00, 0x00, 0x00, 0x00, 0x00, 0x00, 0x00, 0x00, 0x00, 0x00, 0x77, 0xFF, 0x54, 0x00, 0x00,
0x00, 0x00, 0xF0, 0xFF, 0xFF, 0xFF, 0xFF, 0xFF, 0xFF, 0xFF, 0xFF, 0xFF, 0xFF, 0xE0, 0xF0, 0xFF,
0xFF, 0xFF, 0xFF, 0xFF, 0xFF, 0xFF, 0xFF, 0xFF, 0xFF, 0xE0, 0x00, 0x00, 0x00, 0x00, 0x3C, 0xFF,
0xFF, 0x2C, 0x00, 0x00, 0x00, 0x00, 0x00, 0x00, 0x00, 0x00, 0x3C, 0xFF, 0xFF, 0x2C, 0x00, 0x00,
0x00, 0x00, 0x00, 0x00, 0x00, 0x00, 0x3C, 0xFF, 0xFF, 0x2C, 0x00, 0x00, 0x00, 0x00, 0x00, 0x00,
0x00, 0x00, 0x3C, 0xFF, 0xFF, 0x2C, 0x00, 0x00, 0x00, 0x00, 0x00, 0x00, 0x00, 0x00, 0x3C, 0xFF,
0xFF, 0x2C, 0x00, 0x00, 0x00, 0x00, 0x00, 0x00, 0x00, 0x00, 0x3C, 0xFF, 0xFF, 0x2C, 0x00, 0x00,
0x00, 0x00, 0x00, 0x00, 0x00, 0x00, 0x3C, 0xFF, 0xFF, 0x2C, 0x00, 0x00, 0x00, 0x00, 0x00, 0x00,
0x00, 0x00, 0x3C, 0xFF, 0xFF, 0x2C, 0x00, 0x00, 0x00, 0x00, 0x00, 0x00, 0x00, 0x00, 0x3C, 0xFF,
0xFF, 0x2C, 0x00, 0x00, 0x00, 0x00, 0x00, 0x00, 0x00, 0x00, 0x3C, 0xFF, 0xFF, 0x2C, 0x00, 0x00,
0x00, 0x00, 0x00, 0x00, 0x00, 0x00, 0x3C, 0xFF, 0xFF, 0x2C, 0x00, 0x00, 0x00, 0x00, 0x00, 0x00,
0x00, 0x00, 0x3C, 0xFF, 0xFF, 0xFF, 0xFF, 0x64, 0x00, 0x00, 0x00, 0x00, 0x00, 0x00, 0x3C, 0xFF,
0xFF, 0xFF, 0xFF, 0x64, 0x00, 0x00, 0x00, 0x00, 0x00, 0x00, 0x00, 0x00, 0x00, 0xA2, 0xFF, 0x64,
0x00, 0x00, 0x00, 0x00, 0x00, 0x00, 0x00, 0x00, 0x00, 0x85, 0xFF, 0x64, 0x00, 0x00, 0x00, 0x00,
0x00, 0x00, 0x00, 0x00, 0x00, 0x68, 0xFF, 0x64, 0x00, 0x00, 0x00, 0x00, 0x00, 0x00, 0x00, 0x00,
0x00, 0x4B, 0xFF, 0x64, 0x00, 0x00, 0x7E, 0xFF, 0xFF, 0x6B, 0x00, 0x00, 0x00, 0x00, 0x00, 0x00,
0x00, 0x00, 0x00, 0x66, 0xFF, 0xFF, 0x41, 0x0B, 0xE6, 0xFF, 0xE8, 0x0B, 0x00, 0x00, 0x00, 0x00,
0x00, 0x00, 0x00, 0x07, 0xE2, 0xFF, 0xB6, 0x00, 0x00, 0x66, 0xFF, 0xFF, 0x7D, 0x00, 0x00, 0x00,
0x00, 0x00, 0x00, 0x00, 0x6E, 0xFF, 0xFD, 0x2D, 0x00, 0x00, 0x03, 0xD5, 0xFF, 0xF1, 0x14, 0x00,
0x00, 0x00, 0x00, 0x00, 0x0A, 0xE7, 0xFF, 0x9F, 0x00, 0x00, 0x00, 0x00, 0x4D, 0xFF, 0xFF, 0x8E,
0x00, 0x00, 0x00, 0x00, 0x00, 0x76, 0xFF, 0xF7, 0x1D, 0x00, 0x00, 0x00, 0x00, 0x00, 0xC0, 0xFF,
0xF8, 0x1E, 0x00, 0x00, 0x00, 0x0D, 0xEC, 0xFF, 0x88, 0x00, 0x00, 0x00, 0x00, 0x00, 0x00, 0x35,
0xFE, 0xFF, 0xA0, 0x00, 0x00, 0x00, 0x7E, 0xFF, 0xED, 0x10, 0x00, 0x00, 0x00, 0x00, 0x00, 0x00,
0x00, 0xA8, 0xFF, 0xFD, 0x2B, 0x00, 0x11, 0xF0, 0xFF, 0x72, 0x00, 0x00, 0x00, 0x00, 0x00, 0x00,
0x00, 0x00, 0x22, 0xF9, 0xFF, 0xB1, 0x00, 0x86, 0xFF, 0xDF, 0x07, 0x00, 0x00, 0x00, 0x00, 0x00,
0x00, 0x00, 0x00, 0x00, 0x8F, 0xFF, 0xFF, 0x29, 0xEF, 0xFF, 0x5B, 0x00, 0x00, 0x00, 0x00, 0x00,
0x00, 0x00, 0x00, 0x00, 0x00, 0x12, 0xEF, 0xFF, 0xAC, 0xFF, 0xCE, 0x01, 0x00, 0x00, 0x00, 0x00,
0x00, 0x00, 0x00, 0x00, 0x00, 0x00, 0x00, 0x77, 0xFF, 0xFF, 0xFF, 0x44, 0x00, 0x00, 0x00, 0x00,
0x00, 0x00, 0x00, 0x00, 0x00, 0x00, 0x00, 0x00, 0x08, 0xEA, 0xFF, 0xC3, 0x00, 0x00, 0x00, 0x00,
0x00, 0x00, 0x00, 0x00, 0x00, 0x00, 0x00, 0x00, 0x00, 0x00, 0xD4, 0xFF, 0xA8, 0x00, 0x00, 0x00,
0x00, 0x00, 0x00, 0x00, 0x00, 0x00, 0x00, 0x00, 0x00, 0x00, 0x00, 0xD4, 0xFF, 0xA8, 0x00, 0x00,
0x00, 0x00, 0x00, 0x00, 0x00, 0x00, 0x00, 0x00, 0x00, 0x00, 0x00, 0x00, 0xD4, 0xFF, 0xA8, 0x00,
0x00, 0x00, 0x00, 0x00, 0x00, 0x00, 0x00, 0x00, 0x00, 0x00, 0x00, 0x00, 0x00, 0xD4, 0xFF, 0xA8,
0x00, 0x00, 0x00, 0x00, 0x00, 0x00, 0x00, 0x00, 0x00, 0x00, 0x00, 0x00, 0x00, 0x00, 0xD4, 0xFF,
0xA8, 0x00, 0x00, 0x00, 0x00, 0x00, 0x00, 0x00, 0x00, 0x00, 0x00, 0x00, 0x00, 0x00, 0x00, 0xD4,
0xFF, 0xA8, 0x00, 0x00, 0x00, 0x00, 0x00, 0x00, 0x00, 0x00, 0x00, 0x00, 0x00, 0x00, 0x00, 0x00,
0xD4, 0xFF, 0xA8, 0x00, 0x00, 0x00, 0x00, 0x00, 0x00, 0x00, 0x00, 0x00, 0x00, 0x00, 0x00, 0x00,
0x00, 0xD4, 0xFF, 0xA8, 0x00, 0x00, 0x00, 0x00, 0x00, 0x00, 0x00, 0x82, 0xFF, 0xFF, 0x3F, 0x00,
0x00, 0x00, 0x00, 0x00, 0x00, 0x00, 0x88, 0xFF, 0xF7, 0x10, 0x1F, 0xFD, 0xFF, 0xA0, 0x00, 0x00,
0x00, 0x00, 0x00, 0x00, 0x00, 0xDE, 0xFF, 0xA8, 0x00, 0x00, 0xB8, 0xFF, 0xF4, 0x0C, 0x00, 0x00,
0x00, 0x00, 0x00, 0x36, 0xFF, 0xFF, 0x48, 0x00, 0x00, 0x53, 0xFF, 0xFF, 0x60, 0x00, 0x00, 0x00,
0x00, 0x00, 0x8E, 0xFF, 0xE5, 0x03, 0x00, 0x00, 0x05, 0xE9, 0xFF, 0xC1, 0x00, 0x00, 0x00, 0x00,
0x01, 0xE3, 0xFF, 0x89, 0x00, 0x00, 0x00, 0x00, 0x8A, 0xFF, 0xFE, 0x22, 0x00, 0x00, 0x00, 0x3C,
0xFF, 0xFF, 0x29, 0x00, 0x00, 0x00, 0x00, 0x26, 0xFF, 0xFF, 0x81, 0x00, 0x00, 0x00, 0x93, 0xFF,
0xC9, 0x00, 0x00, 0x00, 0x00, 0x00, 0x00, 0xC0, 0xFF, 0xE0, 0x01, 0x00, 0x02, 0xE7, 0xFF, 0x69,
0x00, 0x00, 0x00, 0x00, 0x00, 0x00, 0x5B, 0xFF, 0xFF, 0x42, 0x00, 0x42, 0xFF, 0xF8, 0x11, 0x00,
0x00, 0x00, 0x00, 0x00, 0x00, 0x08, 0xEE, 0xFF, 0xA1, 0x00, 0x97, 0xFF, 0xAA, 0x00, 0x00, 0x00,
0x00, 0x00, 0x00, 0x00, 0x00, 0x92, 0xFF, 0xEB, 0x01, 0xD9, 0xFF, 0x4A, 0x00, 0x00, 0x00, 0x00,
0x00, 0x00, 0x00, 0x00, 0x2D, 0xFF, 0xFF, 0x45, 0xFF, 0xE7, 0x03, 0x00, 0x00, 0x00, 0x00, 0x00,
0x00, 0x00, 0x00, 0x00, 0xC8, 0xFF, 0xC4, 0xFF, 0x8B, 0x00, 0x00, 0x00, 0x00, 0x00, 0x00, 0x00,
0x00, 0x00, 0x00, 0x63, 0xFF, 0xFF, 0xFF, 0x2B, 0x00, 0x00, 0x00, 0x00, 0x00, 0x00, 0x00, 0x00,
0x00, 0x00, 0x0B, 0xF2, 0xFF, 0xCB, 0x00, 0x00, 0x00, 0x00, 0x00, 0x00, 0x00, 0x00, 0x00, 0x00,
0x00, 0x00, 0xCC, 0xFF, 0x9C, 0x00, 0x00, 0x00, 0x00, 0x00, 0x00, 0x00, 0x00, 0x00, 0x00, 0x00,
0x00, 0xCC, 0xFF, 0x9C, 0x00, 0x00, 0x00, 0x00, 0x00, 0x00, 0x00, 0x00, 0x00, 0x00, 0x00, 0x00,
0xCC, 0xFF, 0x9C, 0x00, 0x00, 0x00, 0x00, 0x00, 0x00, 0x00, 0x00, 0x00, 0x00, 0x00, 0x00, 0xCC,
0xFF, 0x9C, 0x00, 0x00, 0x00, 0x00, 0x00, 0x00, 0x00, 0x00, 0x00, 0x00, 0x00, 0x00, 0xCC, 0xFF,
0x9C, 0x00, 0x00, 0x00, 0x00, 0x00, 0x00, 0x00, 0x00, 0x00, 0x00, 0x00, 0x00, 0xCC, 0xFF, 0x9C,
0x00, 0x00, 0x00, 0x00, 0x00, 0x00, 0x7C, 0xFF, 0xFF, 0x6B, 0x00, 0x00, 0x00, 0x00, 0x00, 0x00,
0x00, 0x00, 0x00, 0x66, 0xFF, 0xFF, 0x3F, 0x08, 0xE1, 0xFF, 0xE8, 0x0B, 0x00, 0x00, 0x00, 0x00,
0x00, 0x00, 0x00, 0x07, 0xE2, 0xFF, 0xAF, 0x00, 0x00, 0x59, 0xFF, 0xFF, 0x7D, 0x00, 0x00, 0x00,
0x00, 0x00, 0x00, 0x00, 0x6E, 0xFF, 0xFA, 0x25, 0x00, 0x00, 0x00, 0xC6, 0xFF, 0xF1, 0x14, 0x00,
0x00, 0x00, 0x00, 0x00, 0x0A, 0xE7, 0xFF, 0x8F, 0x00, 0x00, 0x00, 0x00, 0x37, 0xFE, 0xFF, 0x8E,
0x00, 0x00, 0x00, 0x00, 0x00, 0x76, 0xFF, 0xED, 0x11, 0x00, 0x00, 0x00, 0x00, 0x00, 0xA5, 0xFF,
0xF8, 0x1E, 0x00, 0x00, 0x00, 0x0D, 0xEC, 0xFF, 0x6F, 0x00, 0x00, 0x00, 0x00, 0x00, 0x00, 0x1D,
0xF6, 0xFF, 0xA0, 0x00, 0x00, 0x00, 0x7E, 0xFF, 0xDA, 0x05, 0x00, 0x00, 0x00, 0x00, 0x00, 0x00,
0x00, 0x82, 0xFF, 0xFD, 0x2B, 0x00, 0x11, 0xF0, 0xFF, 0x4F, 0x00, 0x00, 0x00, 0x00, 0x00, 0x00,
0x00, 0x00, 0x0B, 0xE5, 0xFF, 0xB1, 0x00, 0x86, 0xFF, 0xBF, 0x00, 0x00, 0x00, 0x00, 0x00, 0x00,
0x00, 0x00, 0x00, 0x00, 0x60, 0xFF, 0xFF, 0x29, 0xEF, 0xFD, 0x31, 0x00, 0x00, 0x00, 0x00, 0x00,
0x00, 0x00, 0x00, 0x00, 0x00, 0x01, 0xCC, 0xFF, 0xAC, 0xFF, 0x9F, 0x00, 0x00, 0x00, 0x00, 0x00,
0x00, 0x00, 0x00, 0x00, 0x00, 0x00, 0x00, 0x3D, 0xFF, 0xFF, 0xF5, 0x1A, 0x00, 0x00, 0x00, 0x00,
0x00, 0x00, 0x00, 0x00, 0x54, 0xFF, 0xFF, 0xFF, 0xFF, 0xFF, 0xFF, 0xFF, 0xFF, 0xFF, 0xFF, 0xFF,
0x28, 0x00, 0x00, 0x00, 0x00, 0x54, 0xFF, 0xFF, 0xFF, 0xFF, 0xFF, 0xFF, 0xFF, 0xFF, 0xFF, 0xFF,
0xFF, 0x28, 0x00, 0x00, 0x00, 0x00, 0x00, 0x00, 0x00, 0x00, 0x00, 0xD4, 0xFF, 0xA8, 0x00, 0x00,
0x00, 0x00, 0x00, 0x00, 0x00, 0x00, 0x00, 0x00, 0x00, 0x00, 0x00, 0x00, 0xD4, 0xFF, 0xA8, 0x00,
0x00, 0x00, 0x00, 0x00, 0x00, 0x00, 0x00, 0x00, 0x00, 0x00, 0x00, 0x00, 0x00, 0xD4, 0xFF, 0xA8,
0x00, 0x00, 0x00, 0x00, 0x00, 0x00, 0x00, 0x00, 0x00, 0x00, 0x00, 0x00, 0x00, 0x00, 0xD4, 0xFF,
0xA8, 0x00, 0x00, 0x00, 0x00, 0x00, 0x00, 0x00, 0x00, 0x00, 0x00, 0x00, 0x00, 0x00, 0x00, 0xD4,
0xFF, 0xA8, 0x00, 0x00, 0x00, 0x00, 0x00, 0x00, 0x00, 0x00, 0x00, 0x00, 0x00, 0x00, 0x00, 0x00,
0xD4, 0xFF, 0xA8, 0x00, 0x00, 0x00, 0x00, 0x00, 0x00, 0x00, 0x00, 0x00, 0x00, 0x00, 0x00, 0x00,
0x00, 0xD4, 0xFF, 0xA8, 0x00, 0x00, 0x00, 0x00, 0x00, 0x00, 0x00, 0x82, 0xFF, 0xFF, 0x3F, 0x00,
0x00, 0x00, 0x00, 0x00, 0x00, 0x00, 0x88, 0xFF, 0xF7, 0x10, 0x1F, 0xFD, 0xFF, 0xA0, 0x00, 0x00,
0x00, 0x00, 0x00, 0x00, 0x00, 0xDE, 0xFF, 0xA8, 0x00, 0x00, 0xB8, 0xFF, 0xF4, 0x0C, 0x00, 0x00,
0x00, 0x00, 0x00, 0x36, 0xFF, 0xFF, 0x48, 0x00, 0x00, 0x53, 0xFF, 0xFF, 0x60, 0x00, 0x00, 0x00,
0x00, 0x00, 0x8E, 0xFF, 0xE5, 0x03, 0x00, 0x00, 0x05, 0xE9, 0xFF, 0xC1, 0x00, 0x00, 0x00, 0x00,
0x01, 0xE3, 0xFF, 0x89, 0x00, 0x00, 0x00, 0x00, 0x8A, 0xFF, 0xFE, 0x22, 0x00, 0x00, 0x00, 0x3C,
0xFF, 0xFF, 0x29, 0x00, 0x00, 0x00, 0x00, 0x26, 0xFF, 0xFF, 0x81, 0x00, 0x00, 0x00, 0x93, 0xFF,
0xC9, 0x00, 0x00, 0x00, 0x00, 0x00, 0x00, 0xC0, 0xFF, 0xE0, 0x01, 0x00, 0x02, 0xE7, 0xFF, 0x69,
0x00, 0x00, 0x00, 0x00, 0x00, 0x00, 0x5B, 0xFF, 0xFF, 0x42, 0x00, 0x42, 0xFF, 0xF8, 0x11, 0x00,
0x00, 0x00, 0x00, 0x00, 0x00, 0x08, 0xEE, 0xFF, 0xA1, 0x00, 0x97, 0xFF, 0xAA, 0x00, 0x00, 0x00,
0x00, 0x00, 0x00, 0x00, 0x00, 0x92, 0xFF, 0xEB, 0x01, 0xD9, 0xFF, 0x4A, 0x00, 0x00, 0x00, 0x00,
0x00, 0x00, 0x00, 0x00, 0x2D, 0xFF, 0xFF, 0x45, 0xFF, 0xE7, 0x03, 0x00, 0x00, 0x00, 0x00, 0x00,
0x00, 0x00, 0x00, 0x00, 0xC8, 0xFF, 0xC4, 0xFF, 0x8B, 0x00, 0x00, 0x00, 0x00, 0x00, 0x00, 0x00,
0x00, 0x00, 0x00, 0x63, 0xFF, 0xFF, 0xFF, 0x2B, 0x00, 0x00, 0x00, 0x00, 0x00, 0x00, 0x00, 0x00,
0x00, 0x00, 0x0B, 0xF2, 0xFF, 0xCB, 0x00, 0x00, 0x00, 0x00, 0x00, 0x00, 0x00, 0x00, 0x7C, 0xFF,
0xFF, 0xFF, 0xFF, 0xFF, 0xFF, 0xFF, 0xFF, 0xFF, 0x20, 0x00, 0x00, 0x00, 0x00, 0x7C, 0xFF, 0xFF,
0xFF, 0xFF, 0xFF, 0xFF, 0xFF, 0xFF, 0xFF, 0x20, 0x00, 0x00, 0x00, 0x00, 0x00, 0x00, 0x00, 0x00,
0xCC, 0xFF, 0x9C, 0x00, 0x00, 0x00, 0x00, 0x00, 0x00, 0x00, 0x00, 0x00, 0x00, 0x00, 0x00, 0xCC,
0xFF, 0x9C, 0x00, 0x00, 0x00, 0x00, 0x00, 0x00, 0x00, 0x00, 0x00, 0x00, 0x00, 0x00, 0xCC, 0xFF,
0x9C, 0x00, 0x00, 0x00, 0x00, 0x00, 0x00, 0x00, 0x00, 0x00, 0x00, 0x00, 0x00, 0xCC, 0xFF, 0x9C,
0x00, 0x00, 0x00, 0x00, 0x00, 0x00, 0x00, 0x51, 0xFF, 0xFF, 0xAC, 0x00, 0x00, 0x00, 0x00, 0x00,
0x00, 0x00, 0x00, 0x00, 0xB5, 0xFF, 0xF0, 0x1B, 0x00, 0x00, 0x00, 0x00, 0xB2, 0xFF, 0xFF, 0x46,
0x00, 0x00, 0x00, 0x00, 0x00, 0x00, 0x00, 0x58, 0xFF, 0xFF, 0x64, 0x00, 0x00, 0x00, 0x00, 0x00,
0x1E, 0xF4, 0xFF, 0xD9, 0x06, 0x00, 0x00, 0x00, 0x00, 0x00, 0x11, 0xE8, 0xFF, 0xBC, 0x00, 0x00,
0x00, 0x00, 0x00, 0x00, 0x00, 0x75, 0xFF, 0xFF, 0x79, 0x00, 0x00, 0x00, 0x00, 0x00, 0x9C, 0xFF,
0xF4, 0x21, 0x00, 0x00, 0x00, 0x00, 0x00, 0x00, 0x00, 0x04, 0xD1, 0xFF, 0xF5, 0x1D, 0x00, 0x00,
0x00, 0x3E, 0xFE, 0xFF, 0x6E, 0x00, 0x00, 0x00, 0x00, 0x00, 0x00, 0x00, 0x00, 0x00, 0x39, 0xFE,
0xFF, 0xAC, 0x00, 0x00, 0x07, 0xD8, 0xFF, 0xC5, 0x02, 0x00, 0x00, 0x00, 0x00, 0x00, 0x00, 0x00,
0x00, 0x00, 0x00, 0x99, 0xFF, 0xFF, 0x46, 0x00, 0x82, 0xFF, 0xF8, 0x27, 0x00, 0x00, 0x00, 0x00,
0x00, 0x00, 0x00, 0x00, 0x00, 0x00, 0x00, 0x11, 0xE9, 0xFF, 0xCF, 0x15, 0xF8, 0xFF, 0x78, 0x00,
0x00, 0x00, 0x00, 0x00, 0x00, 0x00, 0x00, 0x00, 0x00, 0x00, 0x00, 0x00, 0x5C, 0xFF, 0xFF, 0xB7,
0xFF, 0xCD, 0x04, 0x00, 0x00, 0x00, 0x00, 0x00, 0x00, 0x00, 0x00, 0x00, 0x00, 0x00, 0x00, 0x00,
0x00, 0xBC, 0xFF, 0xFF, 0xFA, 0x2F, 0x00, 0x00, 0x00, 0x00, 0x00, 0x00, 0x00, 0x00, 0x00, 0x00,
0x00, 0x00, 0x00, 0x00, 0x00, 0x6B, 0xFF, 0xFF, 0xEF, 0x14, 0x00, 0x00, 0x00, 0x00, 0x00, 0x00,
0x00, 0x00, 0x00, 0x00, 0x00, 0x00, 0x00, 0x00, 0x16, 0xEC, 0xFF, 0xF4, 0xFF, 0xA0, 0x00, 0x00,
0x00, 0x00, 0x00, 0x00, 0x00, 0x00, 0x00, 0x00, 0x00, 0x00, 0x00, 0x00, 0xAA, 0xFF, 0xD8, 0x6E,
0xFF, 0xFF, 0x3F, 0x00, 0x00, 0x00, 0x00, 0x00, 0x00, 0x00, 0x00, 0x00, 0x00, 0x00, 0x00, 0x51,
0xFF, 0xFF, 0x64, 0x0B, 0xE7, 0xFF, 0xD6, 0x06, 0x00, 0x00, 0x00, 0x00, 0x00, 0x00, 0x00, 0x00,
0x00, 0x00, 0x11, 0xE7, 0xFF, 0xC3, 0x01, 0x00, 0x56, 0xFF, 0xFF, 0x7B, 0x00, 0x00, 0x00, 0x00,
0x00, 0x00, 0x00, 0x00, 0x00, 0x00, 0xA0, 0xFF, 0xF7, 0x27, 0x00, 0x00, 0x00, 0xB4, 0xFF, 0xF6,
0x22, 0x00, 0x00, 0x00, 0x00, 0x00, 0x00, 0x00, 0x00, 0x47, 0xFF, 0xFF, 0x79, 0x00, 0x00, 0x00,
0x00, 0x1E, 0xF4, 0xFF, 0xB7, 0x00, 0x00, 0x00, 0x00, 0x00, 0x00, 0x00, 0x0D, 0xE1, 0xFF, 0xCF,
0x04, 0x00, 0x00, 0x00, 0x00, 0x00, 0x71, 0xFF, 0xFF, 0x56, 0x00, 0x00, 0x00, 0x00, 0x00, 0x00,
0x96, 0xFF, 0xFB, 0x32, 0x00, 0x00, 0x00, 0x00, 0x00, 0x00, 0x03, 0xCC, 0xFF, 0xE5, 0x0E, 0x00,
0x00, 0x00, 0x00, 0x3E, 0xFE, 0xFF, 0x88, 0x00, 0x00, 0x00, 0x00, 0x00, 0x00, 0x00, 0x00, 0x32,
0xFC, 0xFF, 0xFF, 0xFF, 0xFF, 0x2C, 0x09, 0xDA, 0xFF, 0xDA, 0x08, 0x00, 0x00, 0x00, 0x00, 0x00,
0x00, 0x00, 0x00, 0x00, 0x8D, 0xFF, 0xFF, 0xFF, 0xFF, 0x2C, 0x00, 0x00, 0x00, 0x00, 0x00, 0x00,
0x00, 0x00, 0x00, 0x00, 0x00, 0x00, 0x00, 0x00, 0x00, 0x00, 0x00, 0xF5, 0xFF, 0x2C, 0x00, 0x00,
0x00, 0x00, 0x00, 0x00, 0x00, 0x00, 0x00, 0x00, 0x00, 0x00, 0x00, 0x00, 0x00, 0x00, 0x00, 0xD9,
0xFF, 0x2C, 0x00, 0x00, 0x00, 0x00, 0x00, 0x00, 0x00, 0x00, 0x00, 0x00, 0x00, 0x00, 0x00, 0x00,
0x00, 0x00, 0x00, 0xBC, 0xFF, 0x2C, 0x00, 0x00, 0x00, 0x00, 0x00, 0x00, 0x00, 0x00, 0x00, 0x00,
0x00, 0x00, 0x00, 0x00, 0x00, 0x00, 0x00, 0x9F, 0xFF, 0x2C, 0x00, 0x75, 0xFF, 0xFF, 0x7B, 0x00,
0x00, 0x00, 0x00, 0x00, 0x01, 0xBC, 0xFF, 0xE3, 0x11, 0x00, 0x00, 0x02, 0xC2, 0xFF, 0xFA, 0x30,
0x00, 0x00, 0x00, 0x00, 0x72, 0xFF, 0xFE, 0x42, 0x00, 0x00, 0x00, 0x00, 0x21, 0xF3, 0xFF, 0xD3,
0x07, 0x00, 0x00, 0x2D, 0xF8, 0xFF, 0x8C, 0x00, 0x00, 0x00, 0x00, 0x00, 0x00, 0x65, 0xFF, 0xFF,
0x8B, 0x00, 0x07, 0xD2, 0xFF, 0xD1, 0x07, 0x00, 0x00, 0x00, 0x00, 0x00, 0x00, 0x00, 0xB5, 0xFF,
0xFD, 0x2A, 0x7B, 0xFF, 0xF7, 0x2C, 0x00, 0x00, 0x00, 0x00, 0x00, 0x00, 0x00, 0x00, 0x18, 0xEC,
0xFF, 0xB4, 0xEF, 0xFF, 0x6F, 0x00, 0x00, 0x00, 0x00, 0x00, 0x00, 0x00, 0x00, 0x00, 0x00, 0x55,
0xFF, 0xFF, 0xFF, 0xB9, 0x01, 0x00, 0x00, 0x00, 0x00, 0x00, 0x00, 0x00, 0x00, 0x00, 0x00, 0x0A,
0xEB, 0xFF, 0xFF, 0x76, 0x00, 0x00, 0x00, 0x00, 0x00, 0x00, 0x00, 0x00, 0x00, 0x00, 0x00, 0x97,
0xFF, 0xEF, 0xFF, 0xF6, 0x26, 0x00, 0x00, 0x00, 0x00, 0x00, 0x00, 0x00, 0x00, 0x00, 0x4B, 0xFF,
0xFF, 0x41, 0xDE, 0xFF, 0xC7, 0x03, 0x00, 0x00, 0x00, 0x00, 0x00, 0x00, 0x00, 0x15, 0xE8, 0xFF,
0xAF, 0x00, 0x5C, 0xFF, 0xFF, 0x79, 0x00, 0x00, 0x00, 0x00, 0x00, 0x00, 0x00, 0xB2, 0xFF, 0xE8,
0x16, 0x00, 0x00, 0xAE, 0xFF, 0xF9, 0x2D, 0x00, 0x00, 0x00, 0x00, 0x00, 0x67, 0xFF, 0xFF, 0x4A,
0x00, 0x00, 0x00, 0x14, 0xE7, 0xFF, 0xCF, 0x05, 0x00, 0x00, 0x00, 0x25, 0xF4, 0xFF, 0x93, 0x00,
0x00, 0x00, 0x00, 0x00, 0x49, 0xFF, 0xFF, 0xFF, 0xFF, 0x74, 0x04, 0xC9, 0xFF, 0xD5, 0x09, 0x00,
0x00, 0x00, 0x00, 0x00, 0x00, 0x95, 0xFF, 0xFF, 0xFF, 0x74, 0x00, 0x00, 0x00, 0x00, 0x00, 0x00,
0x00, 0x00, 0x00, 0x00, 0x00, 0x00, 0x00, 0x92, 0xFF, 0x74, 0x00, 0x00, 0x00, 0x00, 0x00, 0x00,
0x00, 0x00, 0x00, 0x00, 0x00, 0x00, 0x00, 0x75, 0xFF, 0x74, 0x00, 0x00, 0x00, 0x00, 0x00, 0x00,
0x00, 0x00, 0x00, 0x00, 0x00, 0x00, 0x00, 0x58, 0xFF, 0x74, 0x00, 0x00, 0x00, 0x00, 0x00, 0x00,
0x00, 0x00, 0x00, 0x00, 0x00, 0x00, 0x00, 0x3B, 0xFF, 0x74, 0x74, 0xFF, 0xFF, 0xFF, 0xFF, 0xFF,
0xFF, 0xFF, 0xFF, 0xFF, 0xFF, 0xFF, 0xFF, 0xFF, 0xFF, 0x08, 0x00, 0x00, 0x00, 0xFC, 0xFF, 0x84,
0x00, 0x00, 0x00, 0x74, 0xFF, 0xFF, 0xFF, 0xFF, 0xFF, 0xFF, 0xFF, 0xFF, 0xFF, 0xFF, 0xFF, 0xFF,
0xFF, 0xFF, 0x08, 0x00, 0x00, 0x00, 0xFC, 0xFF, 0x84, 0x00, 0x00, 0x00, 0x00, 0x00, 0x00, 0x00,
0x00, 0x00, 0x00, 0xEC, 0xFF, 0x90, 0x00, 0x00, 0x00, 0x00, 0x00, 0x00, 0x00, 0x00, 0x00, 0xFC,
0xFF, 0x84, 0x00, 0x00, 0x00, 0x00, 0x00, 0x00, 0x00, 0x00, 0x00, 0x00, 0xEC, 0xFF, 0x90, 0x00,
0x00, 0x00, 0x00, 0x00, 0x00, 0x00, 0x00, 0x00, 0xFC, 0xFF, 0x84, 0x00, 0x00, 0x00, 0x00, 0x00,
0x00, 0x00, 0x00, 0x00, 0x00, 0xEC, 0xFF, 0x90, 0x00, 0x00, 0x00, 0x00, 0x00, 0x00, 0x00, 0x00,
0x00, 0xFC, 0xFF, 0x84, 0x00, 0x00, 0x00, 0x00, 0x00, 0x00, 0x00, 0x00, 0x00, 0x00, 0xEC, 0xFF,
0x90, 0x00, 0x00, 0x00, 0x00, 0x00, 0x00, 0x00, 0x00, 0x00, 0xFC, 0xFF, 0x84, 0x00, 0x00, 0x00,
0x00, 0x00, 0x00, 0x00, 0x00, 0x00, 0x00, 0xEC, 0xFF, 0x90, 0x00, 0x00, 0x00, 0x00, 0x00, 0x00,
0x00, 0x00, 0x00, 0xFC, 0xFF, 0x84, 0x00, 0x00, 0x00, 0x00, 0x00, 0x00, 0x00, 0x00, 0x00, 0x00,
0xEC, 0xFF, 0x90, 0x00, 0x00, 0x00, 0x00, 0x00, 0x00, 0x00, 0x00, 0x00, 0xFC, 0xFF, 0x84, 0x00,
0x00, 0x00, 0x00, 0x00, 0x00, 0x00, 0x00, 0x00, 0x00, 0xEC, 0xFF, 0x90, 0x00, 0x00, 0x00, 0x00,
0x00, 0x00, 0x00, 0x00, 0x00, 0xFC, 0xFF, 0x84, 0x00, 0x00, 0x00, 0x00, 0x00, 0x00, 0x00, 0x00,
0x00, 0x00, 0xEC, 0xFF, 0x90, 0x00, 0x00, 0x00, 0x00, 0x00, 0x00, 0x00, 0x00, 0x00, 0xFC, 0xFF,
0x84, 0x00, 0x00, 0x00, 0x00, 0x00, 0x00, 0x00, 0x00, 0x00, 0x00, 0xEC, 0xFF, 0x90, 0x00, 0x00,
0x00, 0x00, 0x00, 0x00, 0x00, 0x00, 0x00, 0xFC, 0xFF, 0x84, 0x00, 0x00, 0x00, 0x00, 0x00, 0x00,
0x00, 0x00, 0x00, 0x00, 0xEC, 0xFF, 0x90, 0x00, 0x00, 0x00, 0x00, 0x00, 0x00, 0x00, 0x00, 0x00,
0xFC, 0xFF, 0x84, 0x00, 0x00, 0x00, 0x00, 0x00, 0x00, 0x00, 0x00, 0x00, 0x00, 0xEC, 0xFF, 0x90,
0x00, 0x00, 0x00, 0x00, 0x00, 0x00, 0x00, 0x00, 0x00, 0xFC, 0xFF, 0x84, 0x00, 0x00, 0x00, 0x00,
0x00, 0x00, 0x00, 0x00, 0x00, 0x00, 0xEC, 0xFF, 0x90, 0x00, 0x00, 0x00, 0x00, 0x00, 0x00, 0x00,
0x00, 0x00, 0xFC, 0xFF, 0x84, 0x00, 0x00, 0x00, 0x00, 0x00, 0x00, 0x00, 0x00, 0x00, 0x00, 0xEC,
0xFF, 0x90, 0x00, 0x00, 0x00, 0x00, 0x00, 0x00, 0x00, 0x00, 0x00, 0xFC, 0xFF, 0x84, 0x00, 0x00,
0x00, 0x00, 0x00, 0x00, 0x00, 0x00, 0x00, 0x00, 0xEC, 0xFF, 0x90, 0x00, 0x00, 0x00, 0x00, 0x00,
0x00, 0x00, 0x00, 0x00, 0xFC, 0xFF, 0x84, 0x00, 0x00, 0x00, 0x00, 0x00, 0x00, 0x00, 0x00, 0x00,
0x00, 0xEC, 0xFF, 0x90, 0x00, 0x00, 0x00, 0x00, 0x00, 0x00, 0x00, 0x00, 0x00, 0xFC, 0xFF, 0x84,
0x00, 0x00, 0x00, 0x00, 0x00, 0x00, 0x00, 0x00, 0x00, 0x00, 0xEC, 0xFF, 0x90, 0x00, 0x00, 0x00,
0x00, 0x00, 0x00, 0x00, 0x00, 0x00, 0xFC, 0xFF, 0x84, 0x00, 0x00, 0x00, 0x00, 0x00, 0x00, 0x00,
0x00, 0x00, 0x00, 0xEC, 0xFF, 0x90, 0x00, 0x00, 0x00, 0x00, 0x00, 0x00, 0x00, 0x00, 0x00, 0xFC,
0xFF, 0x84, 0x00, 0x00, 0x00, 0x00, 0x00, 0x00, 0x00, 0x00, 0x00, 0x00, 0xEC, 0xFF, 0xFF, 0xFF,
0xFF, 0xFF, 0xFF, 0xFF, 0xFF, 0xFF, 0xFF, 0xFF, 0xFF, 0xFF, 0xFF, 0xFF, 0xFF, 0x44, 0x00, 0x00,
0x00, 0x00, 0x00, 0x00, 0x00, 0xEC, 0xFF, 0xFF, 0xFF, 0xFF, 0xFF, 0xFF, 0xFF, 0xFF, 0xFF, 0xFF,
0xFF, 0xFF, 0xFF, 0xFF, 0xFF, 0xFF, 0x44, 0x00, 0x00, 0x00, 0x00, 0x00, 0x00, 0x00, 0x00, 0x00,
0x00, 0x00, 0x00, 0x00, 0x00, 0x00, 0x00, 0x00, 0x00, 0x00, 0x00, 0x00, 0x00, 0xD6, 0xFF, 0x44,
0x00, 0x00, 0x00, 0x00, 0x00, 0x00, 0x00, 0x00, 0x00, 0x00, 0x00, 0x00, 0x00, 0x00, 0x00, 0x00,
0x00, 0x00, 0x00, 0x00, 0x00, 0x00, 0xB9, 0xFF, 0x44, 0x00, 0x00, 0x00, 0x00, 0x00, 0x00, 0x00,
0x00, 0x00, 0x00, 0x00, 0x00, 0x00, 0x00, 0x00, 0x00, 0x00, 0x00, 0x00, 0x00, 0x00, 0x00, 0x9C,
0xFF, 0x44, 0x00, 0x00, 0x00, 0x00, 0x00, 0x00, 0x00, 0x00, 0x00, 0x00, 0x00, 0x00, 0x00, 0x00,
0x00, 0x00, 0x00, 0x00, 0x00, 0x00, 0x00, 0x00, 0x7F, 0xFF, 0x44, 0xF0, 0xFF, 0xFF, 0xFF, 0xFF,
0xFF, 0xFF, 0xFF, 0xFF, 0xFF, 0xFF, 0xAC, 0x00, 0x50, 0xFF, 0xFF, 0x14, 0x00, 0x00, 0xF0, 0xFF,
0xFF, 0xFF, 0xFF, 0xFF, 0xFF, 0xFF, 0xFF, 0xFF, 0xFF, 0xAC, 0x00, 0x50, 0xFF, 0xFF, 0x14, 0x00,
0x00, 0x00, 0x00, 0x00, 0x00, 0x3C, 0xFF, 0xFF, 0x2C, 0x00, 0x00, 0x00, 0x00, 0x00, 0x50, 0xFF,
0xFF, 0x14, 0x00, 0x00, 0x00, 0x00, 0x00, 0x00, 0x3C, 0xFF, 0xFF, 0x2C, 0x00, 0x00, 0x00, 0x00,
0x00, 0x50, 0xFF, 0xFF, 0x14, 0x00, 0x00, 0x00, 0x00, 0x00, 0x00, 0x3C, 0xFF, 0xFF, 0x2C, 0x00,
0x00, 0x00, 0x00, 0x00, 0x50, 0xFF, 0xFF, 0x14, 0x00, 0x00, 0x00, 0x00, 0x00, 0x00, 0x3C, 0xFF,
0xFF, 0x2C, 0x00, 0x00, 0x00, 0x00, 0x00, 0x50, 0xFF, 0xFF, 0x14, 0x00, 0x00, 0x00, 0x00, 0x00,
0x00, 0x3C, 0xFF, 0xFF, 0x2C, 0x00, 0x00, 0x00, 0x00, 0x00, 0x50, 0xFF, 0xFF, 0x14, 0x00, 0x00,
0x00, 0x00, 0x00, 0x00, 0x3C, 0xFF, 0xFF, 0x2C, 0x00, 0x00, 0x00, 0x00, 0x00, 0x50, 0xFF, 0xFF,
0x14, 0x00, 0x00, 0x00, 0x00, 0x00, 0x00, 0x3C, 0xFF, 0xFF, 0x2C, 0x00, 0x00, 0x00, 0x00, 0x00,
0x50, 0xFF, 0xFF, 0x14, 0x00, 0x00, 0x00, 0x00, 0x00, 0x00, 0x3C, 0xFF, 0xFF, 0x2C, 0x00, 0x00,
0x00, 0x00, 0x00, 0x50, 0xFF, 0xFF, 0x14, 0x00, 0x00, 0x00, 0x00, 0x00, 0x00, 0x3C, 0xFF, 0xFF,
0x2C, 0x00, 0x00, 0x00, 0x00, 0x00, 0x50, 0xFF, 0xFF, 0x14, 0x00, 0x00, 0x00, 0x00, 0x00, 0x00,
0x3C, 0xFF, 0xFF, 0x2C, 0x00, 0x00, 0x00, 0x00, 0x00, 0x50, 0xFF, 0xFF, 0x14, 0x00, 0x00, 0x00,
0x00, 0x00, 0x00, 0x3C, 0xFF, 0xFF, 0x2C, 0x00, 0x00, 0x00, 0x00, 0x00, 0x50, 0xFF, 0xFF, 0x14,
0x00, 0x00, 0x00, 0x00, 0x00, 0x00, 0x3C, 0xFF, 0xFF, 0xFF, 0xFF, 0xFF, 0xFF, 0xFF, 0xFF, 0xFF,
0xFF, 0xFF, 0xFF, 0xFF, 0x3C, 0x00, 0x00, 0x00, 0x00, 0x3C, 0xFF, 0xFF, 0xFF, 0xFF, 0xFF, 0xFF,
0xFF, 0xFF, 0xFF, 0xFF, 0xFF, 0xFF, 0xFF, 0x3C, 0x00, 0x00, 0x00, 0x00, 0x00, 0x00, 0x00, 0x00,
0x00, 0x00, 0x00, 0x00, 0x00, 0x00, 0x00, 0x00, 0xC6, 0xFF, 0x3C, 0x00, 0x00, 0x00, 0x00, 0x00,
0x00, 0x00, 0x00, 0x00, 0x00, 0x00, 0x00, 0x00, 0x00, 0x00, 0x00, 0xA9, 0xFF, 0x3C, 0x00, 0x00,
0x00, 0x00, 0x00, 0x00, 0x00, 0x00, 0x00, 0x00, 0x00, 0x00, 0x00, 0x00, 0x00, 0x00, 0x8C, 0xFF,
0x3C, 0x00, 0x00, 0x00, 0x00, 0x00, 0x00, 0x00, 0x00, 0x00, 0x00, 0x00, 0x00, 0x00, 0x00, 0x00,
0x00, 0x6F, 0xFF, 0x3C, 0xC0, 0xFF, 0xBC, 0x00, 0x00, 0x00, 0x00, 0x00, 0x00, 0x00, 0x00, 0xE4,
0xFF, 0x98, 0x00, 0x00, 0x00, 0xC0, 0xFF, 0xBC, 0x00, 0x00, 0x00, 0x00, 0x00, 0x00, 0x00, 0x00,
0xE4, 0xFF, 0x98, 0x00, 0x00, 0x00, 0xC0, 0xFF, 0xBC, 0x00, 0x00, 0x00, 0x00, 0x00, 0x00, 0x00,
0x00, 0xE4, 0xFF, 0x98, 0x00, 0x00, 0x00, 0xC0, 0xFF, 0xBC, 0x00, 0x00, 0x00, 0x00, 0x00, 0x00,
0x00, 0x00, 0xE4, 0xFF, 0x98, 0x00, 0x00, 0x00, 0xC0, 0xFF, 0xBC, 0x00, 0x00, 0x00, 0x00, 0x00,
0x00, 0x00, 0x00, 0xE4, 0xFF, 0x98, 0x00, 0x00, 0x00, 0xC0, 0xFF, 0xBC, 0x00, 0x00, 0x00, 0x00,
0x00, 0x00, 0x00, 0x00, 0xE4, 0xFF, 0x98, 0x00, 0x00, 0x00, 0xC0, 0xFF, 0xBC, 0x00, 0x00, 0x00,
0x00, 0x00, 0x00, 0x00, 0x00, 0xE4, 0xFF, 0x98, 0x00, 0x00, 0x00, 0xBB, 0xFF, 0xC4, 0x00, 0x00,
0x00, 0x00, 0x00, 0x00, 0x00, 0x00, 0xE4, 0xFF, 0x98, 0x00, 0x00, 0x00, 0xA8, 0xFF, 0xEB, 0x02,
0x00, 0x00, 0x00, 0x00, 0x00, 0x00, 0x00, 0xE4, 0xFF, 0x98, 0x00, 0x00, 0x00, 0x76, 0xFF, 0xFF,
0x58, 0x00, 0x00, 0x00, 0x00, 0x00, 0x00, 0x13, 0xED, 0xFF, 0x98, 0x00, 0x00, 0x00, 0x1C, 0xF8,
0xFF, 0xF4, 0x6C, 0x19, 0x04, 0x12, 0x3D, 0x88, 0xEC, 0xFF, 0xFF, 0x98, 0x00, 0x00, 0x00, 0x00,
0x65, 0xFD, 0xFF, 0xFF, 0xFF, 0xFF, 0xFF, 0xFF, 0xFF, 0xF7, 0xFA, 0xFF, 0x98, 0x00, 0x00, 0x00,
0x00, 0x00, 0x38, 0xA7, 0xE1, 0xF9, 0xF8, 0xE3, 0xB2, 0x6A, 0x13, 0xE4, 0xFF, 0x98, 0x00, 0x00,
0x00, 0x00, 0x00, 0x00, 0x00, 0x00, 0x00, 0x00, 0x00, 0x00, 0x00, 0x00, 0xE4, 0xFF, 0x98, 0x00,
0x00, 0x00, 0x00, 0x00, 0x00, 0x00, 0x00, 0x00, 0x00, 0x00, 0x00, 0x00, 0x00, 0xE4, 0xFF, 0x98,
0x00, 0x00, 0x00, 0x00, 0x00, 0x00, 0x00, 0x00, 0x00, 0x00, 0x00, 0x00, 0x00, 0x00, 0xE4, 0xFF,
0x98, 0x00, 0x00, 0x00, 0x00, 0x00, 0x00, 0x00, 0x00, 0x00, 0x00, 0x00, 0x00, 0x00, 0x00, 0xE4,
0xFF, 0x98, 0x00, 0x00, 0x00, 0x00, 0x00, 0x00, 0x00, 0x00, 0x00, 0x00, 0x00, 0x00, 0x00, 0x00,
0xE4, 0xFF, 0x98, 0x00, 0x00, 0x00, 0x00, 0x00, 0x00, 0x00, 0x00, 0x00, 0x00, 0x00, 0x00, 0x00,
0x00, 0xE4, 0xFF, 0x98, 0x00, 0x00, 0x00, 0x00, 0x00, 0x00, 0x00, 0x00, 0x00, 0x00, 0x00, 0x00,
0x00, 0x00, 0xE4, 0xFF, 0xFF, 0xFF, 0xFF, 0x5C, 0x00, 0x00, 0x00, 0x00, 0x00, 0x00, 0x00, 0x00,
0x00, 0x00, 0x00, 0xE4, 0xFF, 0xFF, 0xFF, 0xFF, 0x5C, 0x00, 0x00, 0x00, 0x00, 0x00, 0x00, 0x00,
0x00, 0x00, 0x00, 0x00, 0x00, 0x00, 0x00, 0xC6, 0xFF, 0x5C, 0x00, 0x00, 0x00, 0x00, 0x00, 0x00,
0x00, 0x00, 0x00, 0x00, 0x00, 0x00, 0x00, 0x00, 0xA9, 0xFF, 0x5C, 0x00, 0x00, 0x00, 0x00, 0x00,
0x00, 0x00, 0x00, 0x00, 0x00, 0x00, 0x00, 0x00, 0x00, 0x8C, 0xFF, 0x5C, 0x00, 0x00, 0x00, 0x00,
0x00, 0x00, 0x00, 0x00, 0x00, 0x00, 0x00, 0x00, 0x00, 0x00, 0x6F, 0xFF, 0x5C, 0x88, 0xFF, 0xE0,
0x00, 0x00, 0x00, 0x00, 0x00, 0x04, 0xFF, 0xFF, 0x64, 0x00, 0x00, 0x88, 0xFF, 0xE0, 0x00, 0x00,
0x00, 0x00, 0x00, 0x04, 0xFF, 0xFF, 0x64, 0x00, 0x00, 0x88, 0xFF, 0xE0, 0x00, 0x00, 0x00, 0x00,
0x00, 0x04, 0xFF, 0xFF, 0x64, 0x00, 0x00, 0x88, 0xFF, 0xE0, 0x00, 0x00, 0x00, 0x00, 0x00, 0x04,
0xFF, 0xFF, 0x64, 0x00, 0x00, 0x87, 0xFF, 0xE3, 0x00, 0x00, 0x00, 0x00, 0x00, 0x04, 0xFF, 0xFF,
0x64, 0x00, 0x00, 0x7E, 0xFF, 0xF0, 0x00, 0x00, 0x00, 0x00, 0x00, 0x04, 0xFF, 0xFF, 0x64, 0x00,
0x00, 0x63, 0xFF, 0xFF, 0x29, 0x00, 0x00, 0x00, 0x00, 0x04, 0xFF, 0xFF, 0x64, 0x00, 0x00, 0x25,
0xFF, 0xFF, 0xC5, 0x22, 0x04, 0x12, 0x48, 0xB7, 0xFF, 0xFF, 0x64, 0x00, 0x00, 0x00, 0xA6, 0xFF,
0xFF, 0xFF, 0xFF, 0xFF, 0xFF, 0xFF, 0xFF, 0xFF, 0x64, 0x00, 0x00, 0x00, 0x06, 0x82, 0xD9, 0xF9,
0xF8, 0xE2, 0xA7, 0x48, 0xFF, 0xFF, 0x64, 0x00, 0x00, 0x00, 0x00, 0x00, 0x00, 0x00, 0x00, 0x00,
0x00, 0x04, 0xFF, 0xFF, 0x64, 0x00, 0x00, 0x00, 0x00, 0x00, 0x00, 0x00, 0x00, 0x00, 0x00, 0x04,
0xFF, 0xFF, 0x64, 0x00, 0x00, 0x00, 0x00, 0x00, 0x00, 0x00, 0x00, 0x00, 0x00, 0x04, 0xFF, 0xFF,
0x64, 0x00, 0x00, 0x00, 0x00, 0x00, 0x00, 0x00, 0x00, 0x00, 0x00, 0x04, 0xFF, 0xFF, 0xFF, 0xFF,
0x9C, 0x00, 0x00, 0x00, 0x00, 0x00, 0x00, 0x00, 0x00, 0x04, 0xFF, 0xFF, 0xFF, 0xFF, 0x9C, 0x00,
0x00, 0x00, 0x00, 0x00, 0x00, 0x00, 0x00, 0x00, 0x00, 0x00, 0x67, 0xFF, 0x9C, 0x00, 0x00, 0x00,
0x00, 0x00, 0x00, 0x00, 0x00, 0x00, 0x00, 0x00, 0x4B, 0xFF, 0x9C, 0x00, 0x00, 0x00, 0x00, 0x00,
0x00, 0x00, 0x00, 0x00, 0x00, 0x00, 0x2F, 0xFF, 0x9C, 0x00, 0x00, 0x00, 0x00, 0x00, 0x00, 0x00,
0x00, 0x00, 0x00, 0x00, 0x12, 0xFF, 0x9C, 0xC0, 0xFF, 0xBC, 0x00, 0x00, 0x00, 0x00, 0x00, 0x00,
0x00, 0x00, 0xA8, 0xFF, 0xD8, 0xC0, 0xFF, 0xBC, 0x00, 0x00, 0x00, 0x00, 0x00, 0x00, 0x00, 0x00,
0xA8, 0xFF, 0xD8, 0xC0, 0xFF, 0xBC, 0x00, 0x00, 0x00, 0x00, 0x00, 0x00, 0x00, 0x00, 0xA8, 0xFF,
0xD8, 0xC0, 0xFF, 0xBC, 0x00, 0x00, 0x00, 0x00, 0x00, 0x00, 0x00, 0x00, 0xA8, 0xFF, 0xD8, 0xC0,
0xFF, 0xBC, 0x00, 0x00, 0x00, 0x00, 0x00, 0x00, 0x00, 0x00, 0xA8, 0xFF, 0xD8, 0xC0, 0xFF, 0xBC,
0x00, 0x00, 0x00, 0x00, 0x00, 0x00, 0x00, 0x00, 0xA8, 0xFF, 0xD8, 0xC0, 0xFF, 0xBC, 0x00, 0x00,
0x00, 0x00, 0x00, 0x00, 0x00, 0x00, 0xA8, 0xFF, 0xD8, 0xBB, 0xFF, 0xCD, 0x00, 0x00, 0x00, 0xE0,
0xFF, 0x1C, 0x00, 0x00, 0xA8, 0xFF, 0xD8, 0xA9, 0xFF, 0xEF, 0x03, 0x00, 0x00, 0xE0, 0xFF, 0x1C,
0x00, 0x00, 0xA8, 0xFF, 0xD8, 0x78, 0xFF, 0xFF, 0x62, 0x00, 0x00, 0xE0, 0xFF, 0x1C, 0x00, 0x08,
0xC0, 0xFF, 0xD8, 0x1F, 0xFA, 0xFF, 0xF8, 0x74, 0x21, 0xE0, 0xFF, 0x52, 0x7C, 0xE2, 0xFF, 0xFF,
0xD8, 0x00, 0x69, 0xFD, 0xFF, 0xFF, 0xFF, 0xFF, 0xFF, 0xFF, 0xFF, 0xFF, 0xF3, 0xFF, 0xD8, 0x00,
0x00, 0x38, 0xA4, 0xDD, 0xF8, 0xFF, 0xFF, 0xB8, 0x74, 0x25, 0xA8, 0xFF, 0xD8, 0x00, 0x00, 0x00,
0x00, 0x00, 0x00, 0xE0, 0xFF, 0x1C, 0x00, 0x00, 0xA8, 0xFF, 0xD8, 0x00, 0x00, 0x00, 0x00, 0x00,
0x00, 0xE0, 0xFF, 0x1C, 0x00, 0x00, 0xA8, 0xFF, 0xD8, 0x00, 0x00, 0x00, 0x00, 0x00, 0x00, 0xE0,
0xFF, 0x1C, 0x00, 0x00, 0xA8, 0xFF, 0xD8, 0x00, 0x00, 0x00, 0x00, 0x00, 0x00, 0x00, 0x00, 0x00,
0x00, 0x00, 0xA8, 0xFF, 0xD8, 0x00, 0x00, 0x00, 0x00, 0x00, 0x00, 0x00, 0x00, 0x00, 0x00, 0x00,
0xA8, 0xFF, 0xD8, 0x00, 0x00, 0x00, 0x00, 0x00, 0x00, 0x00, 0x00, 0x00, 0x00, 0x00, 0xA8, 0xFF,
0xD8, 0x00, 0x00, 0x00, 0x00, 0x00, 0x00, 0x00, 0x00, 0x00, 0x00, 0x00, 0xA8, 0xFF, 0xD8, 0x00,
0x00, 0x00, 0x00, 0x00, 0x00, 0x00, 0x00, 0x00, 0x00, 0x00, 0xA8, 0xFF, 0xD8, 0x88, 0xFF, 0xE0,
0x00, 0x00, 0x00, 0x00, 0x00, 0x00, 0xCC, 0xFF, 0x98, 0x88, 0xFF, 0xE0, 0x00, 0x00, 0x00, 0x00,
0x00, 0x00, 0xCC, 0xFF, 0x98, 0x88, 0xFF, 0xE0, 0x00, 0x00, 0x00, 0x00, 0x00, 0x00, 0xCC, 0xFF,
0x98, 0x88, 0xFF, 0xE0, 0x00, 0x00, 0x00, 0x00, 0x00, 0x00, 0xCC, 0xFF, 0x98, 0x87, 0xFF, 0xE2,
0x00, 0x00, 0xD8, 0xFF, 0x0C, 0x00, 0xCC, 0xFF, 0x98, 0x7E, 0xFF, 0xEF, 0x00, 0x00, 0xD8, 0xFF,
0x0C, 0x00, 0xCC, 0xFF, 0x98, 0x63, 0xFF, 0xFF, 0x25, 0x00, 0xD8, 0xFF, 0x0C, 0x00, 0xCC, 0xFF,
0x98, 0x25, 0xFF, 0xFF, 0xC5, 0x24, 0xD8, 0xFF, 0x4C, 0x9E, 0xFD, 0xFF, 0x98, 0x00, 0xA4, 0xFF,
0xFF, 0xFF, 0xFF, 0xFF, 0xFF, 0xFF, 0xFF, 0xFF, 0x98, 0x00, 0x05, 0x7C, 0xD4, 0xF6, 0xFF, 0xFF,
0xB2, 0x5E, 0xD0, 0xFF, 0x98, 0x00, 0x00, 0x00, 0x00, 0x00, 0xD8, 0xFF, 0x0C, 0x00, 0xCC, 0xFF,
0x98, 0x00, 0x00, 0x00, 0x00, 0x00, 0xD8, 0xFF, 0x0C, 0x00, 0xCC, 0xFF, 0x98, 0x00, 0x00, 0x00,
0x00, 0x00, 0xD8, 0xFF, 0x0C, 0x00, 0xCC, 0xFF, 0x98, 0x00, 0x00, 0x00, 0x00, 0x00, 0x00, 0x00,
0x00, 0x00, 0xCC, 0xFF, 0x98, 0x00, 0x00, 0x00, 0x00, 0x00, 0x00, 0x00, 0x00, 0x00, 0xCC, 0xFF,
0x98, 0x74, 0xFF, 0xFF, 0x0C, 0x00, 0x00, 0x00, 0x00, 0x00, 0x00, 0x00, 0x00, 0x00, 0x00, 0x74,
0xFF, 0xFF, 0x0C, 0x00, 0x00, 0x00, 0x00, 0x00, 0x00, 0x00, 0x00, 0x00, 0x00, 0x74, 0xFF, 0xFF,
0x0C, 0x00, 0x00, 0x00, 0x00, 0x00, 0x00, 0x00, 0x00, 0x00, 0x00, 0x74, 0xFF, 0xFF, 0x0C, 0x00,
0x00, 0x00, 0x00, 0x00, 0x00, 0x00, 0x00, 0x00, 0x00, 0x74, 0xFF, 0xFF, 0x0C, 0x00, 0x00, 0x00,
0x00, 0x00, 0x00, 0x00, 0x00, 0x00, 0x00, 0x74, 0xFF, 0xFF, 0x0C, 0x00, 0x00, 0x00, 0x00, 0x00,
0x00, 0x00, 0x00, 0x00, 0x00, 0x74, 0xFF, 0xFF, 0x0C, 0x00, 0x00, 0x00, 0x00, 0x00, 0x00, 0x00,
0x00, 0x00, 0x00, 0x74, 0xFF, 0xFF, 0x0C, 0x00, 0x00, 0x00, 0x00, 0x00, 0x00, 0x00, 0x00, 0x00,
0x00, 0x74, 0xFF, 0xFF, 0x0F, 0x4C, 0x9F, 0xD9, 0xF3, 0xFA, 0xE6, 0xB3, 0x4F, 0x00, 0x00, 0x74,
0xFF, 0xFF, 0xE2, 0xFF, 0xFF, 0xFF, 0xFF, 0xFF, 0xFF, 0xFF, 0xFF, 0x92, 0x00, 0x74, 0xFF, 0xFF,
0xF5, 0x97, 0x46, 0x17, 0x05, 0x13, 0x59, 0xE6, 0xFF, 0xFF, 0x43, 0x74, 0xFF, 0xFF, 0x28, 0x00,
0x00, 0x00, 0x00, 0x00, 0x00, 0x2F, 0xFE, 0xFF, 0xA4, 0x74, 0xFF, 0xFF, 0x0C, 0x00, 0x00, 0x00,
0x00, 0x00, 0x00, 0x00, 0xC3, 0xFF, 0xD7, 0x74, 0xFF, 0xFF, 0x0C, 0x00, 0x00, 0x00, 0x00, 0x00,
0x00, 0x00, 0x99, 0xFF, 0xEA, 0x74, 0xFF, 0xFF, 0x0C, 0x00, 0x00, 0x00, 0x00, 0x00, 0x00, 0x00,
0x90, 0xFF, 0xF0, 0x74, 0xFF, 0xFF, 0x0C, 0x00, 0x00, 0x00, 0x00, 0x00, 0x00, 0x00, 0x90, 0xFF,
0xF0, 0x74, 0xFF, 0xFF, 0x0C, 0x00, 0x00, 0x00, 0x00, 0x00, 0x00, 0x00, 0x90, 0xFF, 0xF0, 0x74,
0xFF, 0xFF, 0x0C, 0x00, 0x00, 0x00, 0x00, 0x00, 0x00, 0x00, 0x90, 0xFF, 0xF0, 0x74, 0xFF, 0xFF,
0x0C, 0x00, 0x00, 0x00, 0x00, 0x00, 0x00, 0x00, 0x90, 0xFF, 0xF0, 0x74, 0xFF, 0xFF, 0x0C, 0x00,
0x00, 0x00, 0x00, 0x00, 0x00, 0x00, 0x90, 0xFF, 0xF0, 0x74, 0xFF, 0xFF, 0x0C, 0x00, 0x00, 0x00,
0x00, 0x00, 0x00, 0x00, 0x90, 0xFF, 0xF0, 0xB0, 0xFF, 0xB4, 0x00, 0x00, 0x00, 0x00, 0x00, 0x00,
0x00, 0x00, 0x00, 0x00, 0xB0, 0xFF, 0xB4, 0x00, 0x00, 0x00, 0x00, 0x00, 0x00, 0x00, 0x00, 0x00,
0x00, 0xB0, 0xFF, 0xB4, 0x00, 0x00, 0x00, 0x00, 0x00, 0x00, 0x00, 0x00, 0x00, 0x00, 0xB0, 0xFF,
0xB4, 0x00, 0x00, 0x00, 0x00, 0x00, 0x00, 0x00, 0x00, 0x00, 0x00, 0xB0, 0xFF, 0xB4, 0x00, 0x00,
0x00, 0x00, 0x00, 0x00, 0x00, 0x00, 0x00, 0x00, 0xB0, 0xFF, 0xB4, 0x00, 0x00, 0x00, 0x00, 0x00,
0x00, 0x00, 0x00, 0x00, 0x00, 0xB0, 0xFF, 0xB4, 0x00, 0x50, 0xB7, 0xEA, 0xFB, 0xEC, 0xB8, 0x44,
0x00, 0x00, 0xB0, 0xFF, 0xB8, 0xA2, 0xFF, 0xFF, 0xFF, 0xFF, 0xFF, 0xFF, 0xFD, 0x4C, 0x00, 0xB0,
0xFF, 0xFF, 0xFF, 0xBA, 0x3C, 0x0C, 0x14, 0x6E, 0xFB, 0xFF, 0xD2, 0x00, 0xB0, 0xFF, 0xFF, 0xA0,
0x01, 0x00, 0x00, 0x00, 0x00, 0x8B, 0xFF, 0xFF, 0x19, 0xB0, 0xFF, 0xF2, 0x0D, 0x00, 0x00, 0x00,
0x00, 0x00, 0x3C, 0xFF, 0xFF, 0x40, 0xB0, 0xFF, 0xB6, 0x00, 0x00, 0x00, 0x00, 0x00, 0x00, 0x1C,
0xFF, 0xFF, 0x50, 0xB0, 0xFF, 0xB4, 0x00, 0x00, 0x00, 0x00, 0x00, 0x00, 0x11, 0xFF, 0xFF, 0x57,
0xB0, 0xFF, 0xB4, 0x00, 0x00, 0x00, 0x00, 0x00, 0x00, 0x10, 0xFF, 0xFF, 0x58, 0xB0, 0xFF, 0xB4,
0x00, 0x00, 0x00, 0x00, 0x00, 0x00, 0x10, 0xFF, 0xFF, 0x58, 0xB0, 0xFF, 0xB4, 0x00, 0x00, 0x00,
0x00, 0x00, 0x00, 0x10, 0xFF, 0xFF, 0x58, 0xB0, 0xFF, 0xB4, 0x00, 0x00, 0x00, 0x00, 0x00, 0x00,
0x10, 0xFF, 0xFF, 0x58, 0xB0, 0xFF, 0xB4, 0x00, 0x00, 0x00, 0x00, 0x00, 0x00, 0x10, 0xFF, 0xFF,
0x58, 0xB0, 0xFF, 0xB4, 0x00, 0x00, 0x00, 0x00, 0x00, 0x00, 0x10, 0xFF, 0xFF, 0x58, 0xB0, 0xFF,
0xB4, 0x00, 0x00, 0x00, 0x00, 0x00, 0x00, 0x10, 0xFF, 0xFF, 0x58, 0xB0, 0xFF, 0xB4, 0x00, 0x00,
0x00, 0x00, 0x00, 0x00, 0x10, 0xFF, 0xFF, 0x58, 0x00, 0x00, 0x00, 0x00, 0x00, 0x00, 0x00, 0x00,
0x00, 0x03, 0x5B, 0xAC, 0xE1, 0xF6, 0xF5, 0xDF, 0xAA, 0x57, 0x02, 0x00, 0x00, 0x00, 0x00, 0x00,
0x00, 0x00, 0x00, 0x00, 0x00, 0x00, 0x28, 0xD5, 0xFF, 0xFF, 0xFF, 0xFF, 0xFF, 0xFF, 0xFF, 0xFF,
0xCC, 0x1C, 0x00, 0x00, 0x00, 0x00, 0x00, 0x00, 0x00, 0x00, 0x00, 0x25, 0xED, 0xFF, 0xF5, 0x83,
0x2E, 0x0B, 0x0D, 0x37, 0x9D, 0xFE, 0xFF, 0xDC, 0x0D, 0x00, 0x00, 0x00, 0x00, 0x00, 0x00, 0x00,
0x02, 0xCB, 0xFF, 0xED, 0x2F, 0x00, 0x00, 0x00, 0x00, 0x00, 0x00, 0x60, 0xFF, 0xFF, 0x90, 0x00,
0x00, 0x00, 0x00, 0x00, 0x00, 0x00, 0x4F, 0xFF, 0xFF, 0x5B, 0x00, 0x00, 0x00, 0x00, 0x00, 0x00,
0x00, 0x00, 0xAB, 0xFF, 0xF3, 0x0B, 0x76, 0xFF, 0xCD, 0x05, 0x00, 0x00, 0xB2, 0xFF, 0xDF, 0x01,
0x00, 0x00, 0x00, 0x00, 0x00, 0x00, 0x00, 0x00, 0x42, 0xFF, 0xFF, 0x43, 0xE2, 0xFF, 0x77, 0x00,
0x00, 0x03, 0xF0, 0xFF, 0x8E, 0x00, 0x00, 0x00, 0x00, 0x00, 0x00, 0x00, 0x00, 0x00, 0x0B, 0xFF,
0xFF, 0x70, 0xF2, 0xFF, 0x6D, 0x00, 0x00, 0x22, 0xFF, 0xFF, 0x59, 0x00, 0x00, 0x00, 0x00, 0x00,
0x00, 0x00, 0x00, 0x00, 0x00, 0xF8, 0xFF, 0x82, 0xC9, 0xFF, 0xD8, 0x30, 0x00, 0x3E, 0xFF, 0xFF,
0x3C, 0x00, 0x00, 0x00, 0x00, 0x00, 0x00, 0x00, 0x00, 0x00, 0x04, 0xFE, 0xFF, 0x85, 0x4F, 0xFF,
0xFF, 0xFF, 0xF7, 0xF6, 0xFF, 0xFF, 0xFF, 0xFF, 0xFF, 0xFF, 0xFF, 0xFF, 0xFF, 0xFF, 0xFF, 0xFF,
0xFF, 0xFF, 0xFF, 0x75, 0x00, 0x4A, 0xBC, 0xED, 0xFD, 0xFF, 0xFF, 0xFF, 0xFF, 0xFF, 0xFF, 0xFF,
0xFF, 0xFF, 0xFF, 0xFF, 0xFF, 0xFF, 0xFF, 0xFF, 0xFF, 0x55, 0x00, 0x00, 0x00, 0x00, 0x00, 0x40,
0xFF, 0xFF, 0x45, 0x00, 0x00, 0x00, 0x00, 0x00, 0x00, 0x00, 0x00, 0x00, 0x00, 0x00, 0x00, 0x00,
0x00, 0x00, 0x00, 0x00, 0x00, 0x27, 0xFF, 0xFF, 0x61, 0x00, 0x00, 0x00, 0x00, 0x00, 0x00, 0x00,
0x00, 0x00, 0x00, 0x00, 0x00, 0x00, 0x00, 0x00, 0x00, 0x00, 0x00, 0x0B, 0xFC, 0xFF, 0x90, 0x00,
0x00, 0x00, 0x00, 0x00, 0x00, 0x00, 0x00, 0x00, 0x00, 0x00, 0x00, 0x00, 0x00, 0x00, 0x00, 0x00,
0x00, 0x00, 0xCB, 0xFF, 0xD2, 0x00, 0x00, 0x00, 0x00, 0x00, 0x00, 0x00, 0x00, 0x00, 0x00, 0x00,
0x00, 0x00, 0x00, 0x00, 0x00, 0x00, 0x00, 0x00, 0x82, 0xFF, 0xFF, 0x36, 0x00, 0x00, 0x00, 0x00,
0x00, 0x00, 0x00, 0x00, 0x00, 0x00, 0x00, 0x00, 0x00, 0x00, 0x00, 0x00, 0x00, 0x00, 0x1A, 0xF9,
0xFF, 0xC4, 0x02, 0x00, 0x00, 0x00, 0x00, 0x00, 0x00, 0x00, 0x00, 0x00, 0x00, 0x00, 0x00, 0x00,
0x00, 0x00, 0x00, 0x00, 0x00, 0x86, 0xFF, 0xFF, 0xA3, 0x06, 0x00, 0x00, 0x00, 0x00, 0x00, 0x00,
0x00, 0x00, 0x00, 0x00, 0x00, 0x00, 0x00, 0x00, 0x00, 0x00, 0x00, 0x04, 0xBB, 0xFF, 0xFF, 0xDE,
0x6E, 0x2A, 0x0D, 0x05, 0x19, 0x49, 0x95, 0xA8, 0x00, 0x00, 0x00, 0x00, 0x00, 0x00, 0x00, 0x00,
0x00, 0x00, 0x05, 0x95, 0xFC, 0xFF, 0xFF, 0xFF, 0xFF, 0xFF, 0xFF, 0xFF, 0xFF, 0xFB, 0x12, 0x00,
0x00, 0x00, 0x00, 0x00, 0x00, 0x00, 0x00, 0x00, 0x00, 0x00, 0x26, 0x87, 0xC8, 0xE9, 0xFB, 0xF7,
0xE7, 0xC3, 0x8C, 0x41, 0x02, 0x00, 0x00, 0x00, 0x00, 0x00, 0x00, 0x00, 0x00, 0x0F, 0x79, 0xC7,
0xF0, 0xF8, 0xDF, 0xB9, 0x59, 0x00, 0x00, 0x00, 0x00, 0x00, 0x00, 0x00, 0x00, 0x00, 0x2E, 0xE1,
0xFF, 0xFF, 0xFF, 0xFF, 0xFF, 0xFF, 0xFF, 0x9F, 0x00, 0x00, 0x16, 0xE1, 0xF7, 0x4E, 0x00, 0x0F,
0xE5, 0xFF, 0xE4, 0x63, 0x20, 0x0A, 0x31, 0xB0, 0xFF, 0xFF, 0x55, 0x00, 0x90, 0xFF, 0x91, 0x00,
0x00, 0x82, 0xFF, 0xF1, 0x1C, 0x00, 0x00, 0x00, 0x00, 0x01, 0xC8, 0xFF, 0xB9, 0x00, 0xBC, 0xFF,
0x72, 0x00, 0x00, 0xDF, 0xFF, 0x92, 0x00, 0x00, 0x00, 0x00, 0x00, 0x00, 0x71, 0xFF, 0xF0, 0x00,
0x9D, 0xFF, 0xDA, 0x3C, 0x25, 0xFF, 0xFF, 0x57, 0x00, 0x00, 0x00, 0x00, 0x00, 0x00, 0x53, 0xFF,
0xFF, 0x05, 0x30, 0xF9, 0xFF, 0xFF, 0xFF, 0xFF, 0xFF, 0xFF, 0xFF, 0xFF, 0xFF, 0xFF, 0xFF, 0xFF,
0xFF, 0xFF, 0xFB, 0x01, 0x00, 0x3E, 0xBC, 0xF6, 0xFF, 0xFF, 0xFF, 0xFF, 0xFF, 0xFF, 0xFF, 0xFF,
0xFF, 0xFF, 0xFF, 0xFF, 0xE7, 0x00, 0x00, 0x00, 0x00, 0x00, 0x3F, 0xFF, 0xFF, 0x43, 0x00, 0x00,
0x00, 0x00, 0x00, 0x00, 0x00, 0x00, 0x00, 0x00, 0x00, 0x00, 0x00, 0x00, 0x21, 0xFF, 0xFF, 0x5F,
0x00, 0x00, 0x00, 0x00, 0x00, 0x00, 0x00, 0x00, 0x00, 0x00, 0x00, 0x00, 0x00, 0x00, 0x00, 0xEA,
0xFF, 0xA6, 0x00, 0x00, 0x00, 0x00, 0x00, 0x00, 0x00, 0x00, 0x00, 0x00, 0x00, 0x00, 0x00, 0x00,
0x00, 0x93, 0xFF, 0xFB, 0x3A, 0x00, 0x00, 0x00, 0x00, 0x00, 0x0B, 0x9C, 0x01, 0x00, 0x00, 0x00,
0x00, 0x00, 0x00, 0x1B, 0xEE, 0xFF, 0xF4, 0x7C, 0x2A, 0x09, 0x10, 0x55, 0xD8, 0xFF, 0x4D, 0x00,
0x00, 0x00, 0x00, 0x00, 0x00, 0x00, 0x3B, 0xEC, 0xFF, 0xFF, 0xFF, 0xFF, 0xFF, 0xFF, 0xFF, 0xCA,
0x1D, 0x00, 0x00, 0x00, 0x00, 0x00, 0x00, 0x00, 0x00, 0x13, 0x82, 0xCB, 0xEF, 0xFA, 0xE6, 0xB0,
0x57, 0x02, 0x00, 0x00, 0x00, 0x00, 0x00, 0x00, 0x00, 0x00, 0x00, 0x00, 0x00, 0x03, 0x5B, 0xAC,
0xE1, 0xF6, 0xF5, 0xDF, 0xAA, 0x57, 0x02, 0x00, 0x00, 0x00, 0x00, 0x00, 0x00, 0x00, 0x00, 0x00,
0x00, 0x00, 0x28, 0xD5, 0xFF, 0xFF, 0xFF, 0xFF, 0xFF, 0xFF, 0xFF, 0xFF, 0xCC, 0x1C, 0x00, 0x00,
0x00, 0x00, 0x00, 0x00, 0x00, 0x00, 0x00, 0x25, 0xED, 0xFF, 0xF5, 0x83, 0x2E, 0x0B, 0x0D, 0x37,
0x9D, 0xFE, 0xFF, 0xDC, 0x0D, 0x00, 0x00, 0x00, 0x00, 0x00, 0x00, 0x00, 0x02, 0xCB, 0xFF, 0xED,
0x2F, 0x00, 0x00, 0x00, 0x00, 0x00, 0x00, 0x60, 0xFF, 0xFF, 0x90, 0x00, 0x00, 0x00, 0x00, 0x00,
0x00, 0x00, 0x4F, 0xFF, 0xFF, 0x5B, 0x00, 0x00, 0x00, 0x00, 0x00, 0x00, 0x00, 0x00, 0xAB, 0xFF,
0xF3, 0x0B, 0x76, 0xFF, 0xCD, 0x05, 0x00, 0x00, 0xB2, 0xFF, 0xDF, 0x01, 0x00, 0x00, 0x00, 0x00,
0x00, 0x00, 0x00, 0x00, 0x42, 0xFF, 0xFF, 0x43, 0xE2, 0xFF, 0x77, 0x00, 0x00, 0x03, 0xF0, 0xFF,
0x8E, 0x00, 0x00, 0x00, 0x00, 0x00, 0x00, 0x00, 0x00, 0x00, 0x0B, 0xFF, 0xFF, 0x70, 0xF2, 0xFF,
0x6D, 0x00, 0x00, 0x22, 0xFF, 0xFF, 0x59, 0x00, 0x00, 0x00, 0x00, 0x00, 0x00, 0x00, 0x00, 0x00,
0x00, 0xF8, 0xFF, 0x82, 0xC9, 0xFF, 0xD8, 0x30, 0x00, 0x3E, 0xFF, 0xFF, 0x3C, 0x00, 0x00, 0x00,
0x00, 0x00, 0x00, 0x00, 0x00, 0x00, 0x04, 0xFE, 0xFF, 0x85, 0x4F, 0xFF, 0xFF, 0xFF, 0xF7, 0xF6,
0xFF, 0xFF, 0xFF, 0xFF, 0xFF, 0xFF, 0xFF, 0xFF, 0xFF, 0xFF, 0xFF, 0xFF, 0xFF, 0xFF, 0xFF, 0x75,
0x00, 0x4A, 0xBC, 0xED, 0xFD, 0xFF, 0xFF, 0xFF, 0xFF, 0xFF, 0xFF, 0xFF, 0xFF, 0xFF, 0xFF, 0xFF,
0xFF, 0xFF, 0xFF, 0xFF, 0xFF, 0x55, 0x00, 0x00, 0x00, 0x00, 0x00, 0x41, 0xFF, 0xFF, 0x45, 0x00,
0x00, 0x00, 0x00, 0x00, 0x00, 0x00, 0x00, 0x00, 0x00, 0x00, 0x00, 0x00, 0x00, 0x00, 0x00, 0x00,
0x00, 0x2A, 0xFF, 0xFF, 0x61, 0x00, 0x00, 0x00, 0x00, 0x00, 0x00, 0x00, 0x00, 0x00, 0x00, 0x00,
0x00, 0x00, 0x00, 0x00, 0x00, 0x00, 0x00, 0x0B, 0xFD, 0xFF, 0x8F, 0x00, 0x00, 0x00, 0x00, 0x00,
0x00, 0x00, 0x00, 0x00, 0x00, 0x00, 0x00, 0x00, 0x00, 0x00, 0x00, 0x00, 0x00, 0x00, 0xD2, 0xFF,
0xD1, 0x00, 0x00, 0x00, 0x00, 0x00, 0x00, 0x00, 0x00, 0x00, 0x00, 0x00, 0x00, 0x00, 0x00, 0x00,
0x00, 0x00, 0x00, 0x00, 0x88, 0xFF, 0xFF, 0x33, 0x00, 0x00, 0x00, 0x00, 0x00, 0x00, 0x00, 0x00,
0x00, 0x00, 0x00, 0x00, 0x00, 0x00, 0x00, 0x00, 0x00, 0x00, 0x26, 0xFD, 0xFF, 0xC0, 0x01, 0x00,
0x00, 0x00, 0x00, 0x00, 0x00, 0x00, 0x00, 0x00, 0x00, 0x00, 0x00, 0x00, 0x00, 0x00, 0x00, 0x00,
0x00, 0x93, 0xFF, 0xFF, 0x9C, 0x04, 0x00, 0x00, 0x00, 0x00, 0x00, 0x00, 0x00, 0x00, 0x00, 0x00,
0x00, 0x00, 0x00, 0x00, 0x00, 0x00, 0x00, 0x09, 0xC1, 0xFF, 0xFF, 0xD9, 0x68, 0x26, 0x0B, 0x05,
0x19, 0x49, 0x95, 0xA8, 0x00, 0x00, 0x00, 0x00, 0x00, 0x00, 0x00, 0x00, 0x00, 0x00, 0x0B, 0x9A,
0xFF, 0xFF, 0xFF, 0xFF, 0xFF, 0xFF, 0xFF, 0xFF, 0xFF, 0xFB, 0x12, 0x00, 0x00, 0x00, 0x00, 0x00,
0x00, 0x00, 0x00, 0x00, 0x00, 0x00, 0x2B, 0x8F, 0xD4, 0xFF, 0xFF, 0xFC, 0xEB, 0xC9, 0x91, 0x43,
0x02, 0x00, 0x00, 0x00, 0x00, 0x00, 0x00, 0x00, 0x00, 0x00, 0x00, 0x00, 0x00, 0x00, 0x27, 0xFF,
0xFF, 0x48, 0x00, 0x00, 0x00, 0x00, 0x00, 0x00, 0x00, 0x00, 0x00, 0x00, 0x00, 0x00, 0x00, 0x00,
0x00, 0x00, 0x00, 0x00, 0x0A, 0xFF, 0xFF, 0x33, 0x00, 0x00, 0x00, 0x00, 0x00, 0x00, 0x00, 0x00,
0x00, 0x00, 0x00, 0x00, 0x00, 0x00, 0x00, 0x00, 0x00, 0x00, 0x00, 0xEF, 0xFF, 0x1D, 0x00, 0x00,
0x00, 0x00, 0x00, 0x00, 0x00, 0x00, 0x00, 0x00, 0x00, 0x00, 0x00, 0x00, 0x00, 0x00, 0x00, 0x00,
0x00, 0xD3, 0xFF, 0x08, 0x00, 0x00, 0x00, 0x00, 0x00, 0x00, 0x00, 0x00, 0x00, 0x00, 0x00, 0x00,
0x00, 0x00, 0x00, 0x00, 0x00, 0x00, 0x00, 0xB6, 0xF2, 0x00, 0x00, 0x00, 0x00, 0x00, 0x00, 0x00,
0x00, 0x00, 0x00, 0x00, 0x00, 0x00, 0x00, 0x0F, 0x79, 0xC7, 0xF0, 0xF8, 0xDF, 0xB9, 0x59, 0x00,
0x00, 0x00, 0x00, 0x00, 0x00, 0x00, 0x00, 0x00, 0x2E, 0xE1, 0xFF, 0xFF, 0xFF, 0xFF, 0xFF, 0xFF,
0xFF, 0x9F, 0x00, 0x00, 0x17, 0xE1, 0xF7, 0x4E, 0x00, 0x0F, 0xE5, 0xFF, 0xE4, 0x63, 0x20, 0x0A,
0x31, 0xB0, 0xFF, 0xFF, 0x55, 0x00, 0x92, 0xFF, 0x91, 0x00, 0x00, 0x82, 0xFF, 0xF1, 0x1C, 0x00,
0x00, 0x00, 0x00, 0x01, 0xC8, 0xFF, 0xB9, 0x00, 0xBC, 0xFF, 0x72, 0x00, 0x00, 0xDF, 0xFF, 0x92,
0x00, 0x00, 0x00, 0x00, 0x00, 0x00, 0x71, 0xFF, 0xF0, 0x00, 0x9D, 0xFF, 0xDA, 0x3C, 0x25, 0xFF,
0xFF, 0x57, 0x00, 0x00, 0x00, 0x00, 0x00, 0x00, 0x53, 0xFF, 0xFF, 0x05, 0x30, 0xF9, 0xFF, 0xFF,
0xFF, 0xFF, 0xFF, 0xFF, 0xFF, 0xFF, 0xFF, 0xFF, 0xFF, 0xFF, 0xFF, 0xFF, 0xFB, 0x01, 0x00, 0x3E,
0xBC, 0xF6, 0xFF, 0xFF, 0xFF, 0xFF, 0xFF, 0xFF, 0xFF, 0xFF, 0xFF, 0xFF, 0xFF, 0xFF, 0xE7, 0x00,
0x00, 0x00, 0x00, 0x00, 0x40, 0xFF, 0xFF, 0x43, 0x00, 0x00, 0x00, 0x00, 0x00, 0x00, 0x00, 0x00,
0x00, 0x00, 0x00, 0x00, 0x00, 0x00, 0x21, 0xFF, 0xFF, 0x60, 0x00, 0x00, 0x00, 0x00, 0x00, 0x00,
0x00, 0x00, 0x00, 0x00, 0x00, 0x00, 0x00, 0x00, 0x01, 0xEC, 0xFF, 0xA8, 0x00, 0x00, 0x00, 0x00,
0x00, 0x00, 0x00, 0x00, 0x00, 0x00, 0x00, 0x00, 0x00, 0x00, 0x00, 0x98, 0xFF, 0xFC, 0x3D, 0x00,
0x00, 0x00, 0x00, 0x00, 0x00, 0x00, 0x00, 0x00, 0x00, 0x00, 0x00, 0x00, 0x00, 0x20, 0xF5, 0xFF,
0xF5, 0x7D, 0x2A, 0x09, 0x08, 0x2A, 0x71, 0xBA, 0x01, 0x00, 0x00, 0x00, 0x00, 0x00, 0x00, 0x00,
0x4C, 0xF4, 0xFF, 0xFF, 0xFF, 0xFF, 0xFF, 0xFF, 0xFF, 0xFF, 0x4D, 0x00, 0x00, 0x00, 0x00, 0x00,
0x00, 0x00, 0x00, 0x21, 0x93, 0xDC, 0xFF, 0xFF, 0xFB, 0xDA, 0xB0, 0x6C, 0x10, 0x00, 0x00, 0x00,
0x00, 0x00, 0x00, 0x00, 0x00, 0x00, 0x00, 0x00, 0xF4, 0xFF, 0x80, 0x00, 0x00, 0x00, 0x00, 0x00,
0x00, 0x00, 0x00, 0x00, 0x00, 0x00, 0x00, 0x00, 0x00, 0x00, 0xD7, 0xFF, 0x6B, 0x00, 0x00, 0x00,
0x00, 0x00, 0x00, 0x00, 0x00, 0x00, 0x00, 0x00, 0x00, 0x00, 0x00, 0x00, 0xBA, 0xFF, 0x55, 0x00,
0x00, 0x00, 0x00, 0x00, 0x00, 0x00, 0x00, 0x00, 0x00, 0x00, 0x00, 0x00, 0x00, 0x00, 0x9C, 0xFF,
0x40, 0x00, 0x00, 0x00, 0x00, 0x00, 0x00, 0x00, 0x00, 0x00, 0x00, 0x00, 0x00, 0x00, 0x00, 0x00,
0x7F, 0xFF, 0x2A, 0x00, 0x00, 0x00, 0x00, 0x00, 0xE0, 0xFF, 0x9C, 0xE0, 0xFF, 0x9C, 0xE0, 0xFF,
0x9C, 0xE0, 0xFF, 0x9C, 0xE0, 0xFF, 0x9C, 0xE0, 0xFF, 0x9C, 0xE0, 0xFF, 0x9C, 0xE0, 0xFF, 0x9C,
0xE0, 0xFF, 0x9C, 0xE0, 0xFF, 0x9C, 0xE0, 0xFF, 0x9C, 0xE0, 0xFF, 0x9C, 0xE0, 0xFF, 0x9C, 0xE0,
0xFF, 0x9C, 0xE0, 0xFF, 0x9C, 0xE0, 0xFF, 0x9C, 0xE0, 0xFF, 0x9C, 0xE0, 0xFF, 0x9C, 0xE0, 0xFF,
0x9C, 0xE0, 0xFF, 0x9C, 0xE0, 0xFF, 0x9C, 0x74, 0xFF, 0xFF, 0x0C, 0x00, 0x00, 0x00, 0x00, 0x00,
0x00, 0x0D, 0xDD, 0xFF, 0xE1, 0x10, 0x74, 0xFF, 0xFF, 0x0C, 0x00, 0x00, 0x00, 0x00, 0x00, 0x00,
0x9F, 0xFF, 0xFB, 0x3A, 0x00, 0x74, 0xFF, 0xFF, 0x0C, 0x00, 0x00, 0x00, 0x00, 0x00, 0x53, 0xFF,
0xFF, 0x7A, 0x00, 0x00, 0x74, 0xFF, 0xFF, 0x0C, 0x00, 0x00, 0x00, 0x00, 0x1A, 0xED, 0xFF, 0xBC,
0x02, 0x00, 0x00, 0x74, 0xFF, 0xFF, 0x0C, 0x00, 0x00, 0x00, 0x01, 0xBA, 0xFF, 0xE9, 0x18, 0x00,
0x00, 0x00, 0x74, 0xFF, 0xFF, 0x0C, 0x00, 0x00, 0x00, 0x71, 0xFF, 0xFE, 0x48, 0x00, 0x00, 0x00,
0x00, 0x74, 0xFF, 0xFF, 0x0C, 0x00, 0x00, 0x2C, 0xF8, 0xFF, 0x8A, 0x00, 0x00, 0x00, 0x00, 0x00,
0x74, 0xFF, 0xFF, 0x0C, 0x00, 0x07, 0xD1, 0xFF, 0xC9, 0x05, 0x00, 0x00, 0x00, 0x00, 0x00, 0x74,
0xFF, 0xFF, 0x0C, 0x00, 0x8E, 0xFF, 0xF1, 0x22, 0x00, 0x00, 0x00, 0x00, 0x00, 0x00, 0x74, 0xFF,
0xFF, 0x0C, 0x43, 0xFE, 0xE0, 0x3A, 0x00, 0x00, 0x00, 0x00, 0x00, 0x00, 0x00, 0x74, 0xFF, 0xFF,
0xBA, 0xF9, 0xFE, 0xAF, 0x9E, 0x6C, 0x1C, 0x00, 0x00, 0x00, 0x00, 0x00, 0x74, 0xFF, 0xFF, 0xFF,
0xFF, 0xFF, 0xFF, 0xFF, 0xFF, 0xFB, 0x9F, 0x10, 0x00, 0x00, 0x00, 0x74, 0xFF, 0xFF, 0x0C, 0x02,
0x11, 0x32, 0x73, 0xDB, 0xFF, 0xFF, 0xD7, 0x13, 0x00, 0x00, 0x74, 0xFF, 0xFF, 0x0C, 0x00, 0x00,
0x00, 0x00, 0x07, 0xA0, 0xFF, 0xFF, 0xA3, 0x00, 0x00, 0x74, 0xFF, 0xFF, 0x0C, 0x00, 0x00, 0x00,
0x00, 0x00, 0x04, 0xCB, 0xFF, 0xFE, 0x19, 0x00, 0x74, 0xFF, 0xFF, 0x0C, 0x00, 0x00, 0x00, 0x00,
0x00, 0x00, 0x54, 0xFF, 0xFF, 0x62, 0x00, 0x74, 0xFF, 0xFF, 0x0C, 0x00, 0x00, 0x00, 0x00, 0x00,
0x00, 0x0D, 0xFE, 0xFF, 0x8D, 0x00, 0x74, 0xFF, 0xFF, 0x0C, 0x00, 0x00, 0x00, 0x00, 0x00, 0x00,
0x00, 0xDE, 0xFF, 0xA7, 0x00, 0x74, 0xFF, 0xFF, 0x0C, 0x00, 0x00, 0x00, 0x00, 0x00, 0x00, 0x00,
0xCE, 0xFF, 0xB2, 0x00, 0x74, 0xFF, 0xFF, 0x0C, 0x00, 0x00, 0x00, 0x00, 0x00, 0x00, 0x00, 0xC8,
0xFF, 0xB5, 0x00, 0x74, 0xFF, 0xFF, 0x0C, 0x00, 0x00, 0x00, 0x00, 0x00, 0x00, 0x00, 0xD2, 0xFF,
0xA9, 0x00, 0x00, 0x00, 0x00, 0x00, 0x00, 0x00, 0x00, 0x00, 0x00, 0x00, 0x00, 0xEF, 0xFF, 0x93,
0x00, 0x00, 0x00, 0x00, 0x00, 0x00, 0x00, 0x00, 0x00, 0x00, 0x00, 0x27, 0xFF, 0xFF, 0x64, 0x00,
0x00, 0x00, 0x00, 0x00, 0x00, 0x00, 0x00, 0x00, 0x00, 0x00, 0x9B, 0xFF, 0xFC, 0x1A, 0x00, 0x00,
0x00, 0x00, 0x00, 0x00, 0x00, 0x00, 0x08, 0x2D, 0x99, 0xFF, 0xFF, 0xA1, 0x00, 0x00, 0x00, 0x00,
0x00, 0x00, 0x00, 0x00, 0x00, 0xF8, 0xFF, 0xFF, 0xFF, 0xCD, 0x11, 0x00, 0x00, 0x00, 0x00, 0x00,
0x00, 0x00, 0x00, 0x00, 0xF6, 0xF4, 0xCE, 0x79, 0x0A, 0x00, 0x00, 0x00, 0xB0, 0xFF, 0xB4, 0x00,
0x00, 0x00, 0x00, 0x00, 0x92, 0xFF, 0xEB, 0x1B, 0xB0, 0xFF, 0xB4, 0x00, 0x00, 0x00, 0x00, 0x4D,
0xFF, 0xFE, 0x49, 0x00, 0xB0, 0xFF, 0xB4, 0x00, 0x00, 0x00, 0x1B, 0xEC, 0xFF, 0x88, 0x00, 0x00,
0xB0, 0xFF, 0xB4, 0x00, 0x00, 0x02, 0xBF, 0xFF, 0xC4, 0x04, 0x00, 0x00, 0xB0, 0xFF, 0xB4, 0x00,
0x00, 0x7C, 0xFF, 0xEC, 0x1C, 0x00, 0x00, 0x00, 0xB0, 0xFF, 0xB4, 0x00, 0x3B, 0xFC, 0xFE, 0x4A,
0x00, 0x00, 0x00, 0x00, 0xB0, 0xFF, 0xB7, 0x41, 0xE1, 0xF5, 0x62, 0x00, 0x00, 0x00, 0x00, 0x00,
0xB0, 0xFF, 0xFF, 0xFF, 0xFF, 0xFD, 0xE3, 0x9E, 0x2B, 0x00, 0x00, 0x00, 0xB0, 0xFF, 0xFF, 0xFF,
0xFF, 0xFF, 0xFF, 0xFF, 0xFB, 0x6A, 0x00, 0x00, 0xB0, 0xFF, 0xB4, 0x00, 0x09, 0x2F, 0x8E, 0xFC,
0xFF, 0xFE, 0x3A, 0x00, 0xB0, 0xFF, 0xB4, 0x00, 0x00, 0x00, 0x00, 0x57, 0xFF, 0xFF, 0xB2, 0x00,
0xB0, 0xFF, 0xB4, 0x00, 0x00, 0x00, 0x00, 0x00, 0xB7, 0xFF, 0xF4, 0x03, 0xB0, 0xFF, 0xB4, 0x00,
0x00, 0x00, 0x00, 0x00, 0x65, 0xFF, 0xFF, 0x1A, 0xB0, 0xFF, 0xB4, 0x00, 0x00, 0x00, 0x00, 0x00,
0x3D, 0xFF, 0xFF, 0x2D, 0xB0, 0xFF, 0xB4, 0x00, 0x00, 0x00, 0x00, 0x00, 0x30, 0xFF, 0xFF, 0x36,
0x00, 0x00, 0x00, 0x00, 0x00, 0x00, 0x00, 0x00, 0x3C, 0xFF, 0xFF, 0x28, 0x00, 0x00, 0x00, 0x00,
0x00, 0x00, 0x00, 0x00, 0x6D, 0xFF, 0xF9, 0x07, 0x00, 0x00, 0x00, 0x00, 0x00, 0x00, 0x00, 0x05,
0xD4, 0xFF, 0xBE, 0x00, 0x00, 0x00, 0x00, 0x00, 0x00, 0x03, 0x2C, 0xB6, 0xFF, 0xFF, 0x4E, 0x00,
0x00, 0x00, 0x00, 0x00, 0x18, 0xFF, 0xFF, 0xFF, 0xFF, 0x98, 0x00, 0x00, 0x00, 0x00, 0x00, 0x00,
0x16, 0xFD, 0xF4, 0xC6, 0x5E, 0x00, 0x00, 0x00, 0x00, 0x00, 0x00, 0x00, 0x00, 0x00, 0xF4, 0xFF,
0xFF, 0xFF, 0xFF, 0xFF, 0xFF, 0xFF, 0xFF, 0xFF, 0xFF, 0x2C, 0x00, 0x00, 0x00, 0x00, 0x00, 0x00,
0x00, 0x00, 0xFB, 0xFF, 0xFF, 0xFF, 0xFF, 0xFF, 0xFF, 0xFF, 0xFF, 0xFF, 0xFF, 0x2C, 0x00, 0x00,
0x00, 0x00, 0x00, 0x00, 0x00, 0x02, 0xFF, 0xFF, 0x60, 0x00, 0x00, 0x00, 0x00, 0x00, 0x50, 0xFF,
0xFF, 0x2C, 0x00, 0x00, 0x00, 0x00, 0x00, 0x00, 0x00, 0x0A, 0xFF, 0xFF, 0x51, 0x00, 0x00, 0x00,
0x00, 0x00, 0x50, 0xFF, 0xFF, 0x2C, 0x00, 0x00, 0x00, 0x00, 0x00, 0x00, 0x00, 0x16, 0xFF, 0xFF,
0x43, 0x00, 0x00, 0x00, 0x00, 0x00, 0x50, 0xFF, 0xFF, 0x2C, 0x00, 0x00, 0x00, 0x00, 0x00, 0x00,
0x00, 0x23, 0xFF, 0xFF, 0x32, 0x00, 0x00, 0x00, 0x00, 0x00, 0x50, 0xFF, 0xFF, 0x2C, 0x00, 0x00,
0x00, 0x00, 0x00, 0x00, 0x00, 0x30, 0xFF, 0xFF, 0x21, 0x00, 0x00, 0x00, 0x00, 0x00, 0x50, 0xFF,
0xFF, 0x2C, 0x00, 0x00, 0x00, 0x00, 0x00, 0x00, 0x00, 0x42, 0xFF, 0xFF, 0x0E, 0x00, 0x00, 0x00,
0x00, 0x00, 0x50, 0xFF, 0xFF, 0x2C, 0x00, 0x00, 0x00, 0x00, 0x00, 0x00, 0x00, 0x55, 0xFF, 0xF7,
0x00, 0x00, 0x00, 0x00, 0x00, 0x00, 0x50, 0xFF, 0xFF, 0x2C, 0x00, 0x00, 0x00, 0x00, 0x00, 0x00,
0x00, 0x69, 0xFF, 0xE0, 0x00, 0x00, 0x00, 0x00, 0x00, 0x00, 0x50, 0xFF, 0xFF, 0x2C, 0x00, 0x00,
0x00, 0x00, 0x00, 0x00, 0x00, 0x86, 0xFF, 0xC6, 0x00, 0x00, 0x00, 0x00, 0x00, 0x00, 0x50, 0xFF,
0xFF, 0x2C, 0x00, 0x00, 0x00, 0x00, 0x00, 0x00, 0x00, 0xA4, 0xFF, 0xAA, 0x00, 0x00, 0x00, 0x00,
0x00, 0x00, 0x50, 0xFF, 0xFF, 0x2C, 0x00, 0x00, 0x00, 0x00, 0x00, 0x00, 0x00, 0xC9, 0xFF, 0x89,
0x00, 0x00, 0x00, 0x00, 0x00, 0x00, 0x50, 0xFF, 0xFF, 0x2C, 0x00, 0x00, 0x00, 0x00, 0x00, 0x00,
0x01, 0xF1, 0xFF, 0x63, 0x00, 0x00, 0x00, 0x00, 0x00, 0x00, 0x50, 0xFF, 0xFF, 0x2C, 0x00, 0x00,
0x00, 0x00, 0x00, 0x00, 0x29, 0xFF, 0xFF, 0x35, 0x00, 0x00, 0x00, 0x00, 0x00, 0x00, 0x50, 0xFF,
0xFF, 0x2C, 0x00, 0x00, 0x00, 0x00, 0x00, 0x00, 0x69, 0xFF, 0xF8, 0x07, 0x00, 0x00, 0x00, 0x00,
0x00, 0x00, 0x50, 0xFF, 0xFF, 0x2C, 0x00, 0x00, 0x00, 0x00, 0x00, 0x00, 0xBD, 0xFF, 0xBB, 0x00,
0x00, 0x00, 0x00, 0x00, 0x00, 0x00, 0x50, 0xFF, 0xFF, 0x2C, 0x00, 0x00, 0x00, 0x00, 0x00, 0x32,
0xFF, 0xFF, 0x66, 0x00, 0x00, 0x00, 0x00, 0x00, 0x00, 0x00, 0x50, 0xFF, 0xFF, 0x2C, 0x00, 0x00,
0x00, 0x08, 0x28, 0xD6, 0xFF, 0xE9, 0x0D, 0x00, 0x00, 0x00, 0x00, 0x00, 0x00, 0x00, 0x50, 0xFF,
0xFF, 0x2C, 0x00, 0x00, 0x00, 0xD7, 0xFF, 0xFF, 0xFE, 0x58, 0x00, 0x00, 0x00, 0x00, 0x00, 0x00,
0x00, 0x00, 0x50, 0xFF, 0xFF, 0xFF, 0xFF, 0xEC, 0x02, 0xDE, 0xFA, 0xD5, 0x55, 0x00, 0x00, 0x00,
0x00, 0x00, 0x00, 0x00, 0x00, 0x00, 0x50, 0xFF, 0xFF, 0xFF, 0xFF, 0x85, 0x00, 0x00, 0x00, 0x00,
0x00, 0x00, 0x00, 0x00, 0x00, 0x00, 0x00, 0x00, 0x00, 0x00, 0x00, 0x00, 0x38, 0xFF, 0xF1, 0x12,
0x00, 0x00, 0x00, 0x00, 0x00, 0x00, 0x00, 0x00, 0x00, 0x00, 0x00, 0x00, 0x00, 0x00, 0x00, 0x00,
0x8E, 0xFF, 0x81, 0x00, 0x00, 0x00, 0x00, 0x00, 0x00, 0x00, 0x00, 0x00, 0x00, 0x00, 0x00, 0x00,
0x00, 0x00, 0x00, 0x01, 0xE2, 0xEF, 0x0F, 0x00, 0x00, 0x00, 0x00, 0x00, 0x00, 0x00, 0x00, 0x00,
0x00, 0x00, 0x00, 0x00, 0x00, 0x00, 0x00, 0x39, 0xFF, 0x7D, 0x00, 0x00, 0x00, 0x00, 0x00, 0x00,
0x2C, 0xFF, 0xFF, 0xFF, 0xFF, 0xFF, 0xFF, 0xFF, 0xFF, 0xC8, 0x00, 0x00, 0x00, 0x00, 0x00, 0x00,
0x00, 0x33, 0xFF, 0xFF, 0xFF, 0xFF, 0xFF, 0xFF, 0xFF, 0xFF, 0xC8, 0x00, 0x00, 0x00, 0x00, 0x00,
0x00, 0x00, 0x3D, 0xFF, 0xFD, 0x01, 0x00, 0x00, 0x00, 0xA0, 0xFF, 0xC8, 0x00, 0x00, 0x00, 0x00,
0x00, 0x00, 0x00, 0x48, 0xFF, 0xED, 0x00, 0x00, 0x00, 0x00, 0xA0, 0xFF, 0xC8, 0x00, 0x00, 0x00,
0x00, 0x00, 0x00, 0x00, 0x58, 0xFF, 0xDB, 0x00, 0x00, 0x00, 0x00, 0xA0, 0xFF, 0xC8, 0x00, 0x00,
0x00, 0x00, 0x00, 0x00, 0x00, 0x69, 0xFF, 0xC5, 0x00, 0x00, 0x00, 0x00, 0xA0, 0xFF, 0xC8, 0x00,
0x00, 0x00, 0x00, 0x00, 0x00, 0x00, 0x7E, 0xFF, 0xAD, 0x00, 0x00, 0x00, 0x00, 0xA0, 0xFF, 0xC8,
0x00, 0x00, 0x00, 0x00, 0x00, 0x00, 0x00, 0x98, 0xFF, 0x94, 0x00, 0x00, 0x00, 0x00, 0xA0, 0xFF,
0xC8, 0x00, 0x00, 0x00, 0x00, 0x00, 0x00, 0x00, 0xB8, 0xFF, 0x6C, 0x00, 0x00, 0x00, 0x00, 0xA0,
0xFF, 0xC8, 0x00, 0x00, 0x00, 0x00, 0x00, 0x00, 0x00, 0xE0, 0xFF, 0x40, 0x00, 0x00, 0x00, 0x00,
0xA0, 0xFF, 0xC8, 0x00, 0x00, 0x00, 0x00, 0x00, 0x00, 0x17, 0xFF, 0xFD, 0x11, 0x00, 0x00, 0x00,
0x00, 0xA0, 0xFF, 0xC8, 0x00, 0x00, 0x00, 0x00, 0x00, 0x00, 0x68, 0xFF, 0xC9, 0x00, 0x00, 0x00,
0x00, 0x00, 0xA0, 0xFF, 0xC8, 0x00, 0x00, 0x00, 0x00, 0x0B, 0x29, 0xE4, 0xFF, 0x6B, 0x00, 0x00,
0x00, 0x00, 0x00, 0xA0, 0xFF, 0xC8, 0x00, 0x00, 0x00, 0x00, 0xEA, 0xFF, 0xFF, 0xDC, 0x08, 0x00,
0x00, 0x00, 0x00, 0x00, 0xA0, 0xFF, 0xFF, 0xFF, 0xFF, 0xC0, 0x10, 0xE5, 0xF9, 0xC5, 0x26, 0x00,
0x00, 0x00, 0x00, 0x00, 0x00, 0xA0, 0xFF, 0xFF, 0xFF, 0xFF, 0x5A, 0x00, 0x00, 0x00, 0x00, 0x00,
0x00, 0x00, 0x00, 0x00, 0x00, 0x00, 0x00, 0x00, 0x64, 0xFF, 0xD5, 0x02, 0x00, 0x00, 0x00, 0x00,
0x00, 0x00, 0x00, 0x00, 0x00, 0x00, 0x00, 0x00, 0x00, 0xBA, 0xFF, 0x54, 0x00, 0x00, 0x00, 0x00,
0x00, 0x00, 0x00, 0x00, 0x00, 0x00, 0x00, 0x00, 0x00, 0x13, 0xFB, 0xCF, 0x01, 0x00, 0x00, 0x00,
0x00, 0x00, 0x00, 0x00, 0x00, 0x00, 0x00, 0x00, 0x00, 0x00, 0x65, 0xFF, 0x4D, 0x00, 0x00, 0x74,
0xFF, 0xFF, 0x0C, 0x00, 0x00, 0x00, 0x00, 0x00, 0x00, 0x00, 0x00, 0x00, 0xE0, 0xFF, 0x9C, 0x74,
0xFF, 0xFF, 0x0C, 0x00, 0x00, 0x00, 0x00, 0x00, 0x00, 0x00, 0x00, 0x00, 0xE0, 0xFF, 0x9C, 0x74,
0xFF, 0xFF, 0x0C, 0x00, 0x00, 0x00, 0x00, 0x00, 0x00, 0x00, 0x00, 0x00, 0xE0, 0xFF, 0x9C, 0x74,
0xFF, 0xFF, 0x0C, 0x00, 0x00, 0x00, 0x00, 0x00, 0x00, 0x00, 0x00, 0x00, 0xE0, 0xFF, 0x9C, 0x74,
0xFF, 0xFF, 0x0C, 0x00, 0x00, 0x00, 0x00, 0x00, 0x00, 0x00, 0x00, 0x00, 0xE0, 0xFF, 0x9C, 0x74,
0xFF, 0xFF, 0x0C, 0x00, 0x00, 0x00, 0x00, 0x00, 0x00, 0x00, 0x00, 0x00, 0xE0, 0xFF, 0x9C, 0x74,
0xFF, 0xFF, 0x0C, 0x00, 0x00, 0x00, 0x00, 0x00, 0x00, 0x00, 0x00, 0x00, 0xE0, 0xFF, 0x9C, 0x74,
0xFF, 0xFF, 0x0C, 0x00, 0x00, 0x00, 0x00, 0x00, 0x00, 0x00, 0x00, 0x00, 0xE0, 0xFF, 0x9C, 0x74,
0xFF, 0xFF, 0x0C, 0x00, 0x00, 0x00, 0x00, 0x00, 0x00, 0x00, 0x00, 0x00, 0xE0, 0xFF, 0x9C, 0x74,
0xFF, 0xFF, 0xFF, 0xFF, 0xFF, 0xFF, 0xFF, 0xFF, 0xFF, 0xFF, 0xFF, 0xFF, 0xFF, 0xFF, 0x9C, 0x74,
0xFF, 0xFF, 0xFF, 0xFF, 0xFF, 0xFF, 0xFF, 0xFF, 0xFF, 0xFF, 0xFF, 0xFF, 0xFF, 0xFF, 0x9C, 0x74,
0xFF, 0xFF, 0x0C, 0x00, 0x00, 0x00, 0x00, 0x00, 0x00, 0x00, 0x00, 0x00, 0xE0, 0xFF, 0x9C, 0x74,
0xFF, 0xFF, 0x0C, 0x00, 0x00, 0x00, 0x00, 0x00, 0x00, 0x00, 0x00, 0x00, 0xE0, 0xFF, 0x9C, 0x74,
0xFF, 0xFF, 0x0C, 0x00, 0x00, 0x00, 0x00, 0x00, 0x00, 0x00, 0x00, 0x00, 0xE0, 0xFF, 0x9C, 0x74,
0xFF, 0xFF, 0x0C, 0x00, 0x00, 0x00, 0x00, 0x00, 0x00, 0x00, 0x00, 0x00, 0xE0, 0xFF, 0x9C, 0x74,
0xFF, 0xFF, 0x0C, 0x00, 0x00, 0x00, 0x00, 0x00, 0x00, 0x00, 0x00, 0x00, 0xE0, 0xFF, 0x9C, 0x74,
0xFF, 0xFF, 0x0C, 0x00, 0x00, 0x00, 0x00, 0x00, 0x00, 0x00, 0x00, 0x00, 0xE0, 0xFF, 0x9C, 0x74,
0xFF, 0xFF, 0x0C, 0x00, 0x00, 0x00, 0x00, 0x00, 0x00, 0x00, 0x00, 0x00, 0xE0, 0xFF, 0x9C, 0x74,
0xFF, 0xFF, 0x0C, 0x00, 0x00, 0x00, 0x00, 0x00, 0x00, 0x00, 0x00, 0x00, 0xE0, 0xFF, 0x9C, 0x74,
0xFF, 0xFF, 0x0C, 0x00, 0x00, 0x00, 0x00, 0x00, 0x00, 0x00, 0x00, 0x00, 0xE0, 0xFF, 0x9C, 0x74,
0xFF, 0xFF, 0x0C, 0x00, 0x00, 0x00, 0x00, 0x00, 0x00, 0x00, 0x00, 0x00, 0xE0, 0xFF, 0x9C, 0x00,
0x00, 0x00, 0x00, 0x00, 0x00, 0x00, 0x00, 0x00, 0x00, 0x00, 0x00, 0x00, 0xE3, 0xFF, 0x9A, 0x00,
0x00, 0x00, 0x00, 0x00, 0x00, 0x00, 0x00, 0x00, 0x00, 0x00, 0x00, 0x00, 0xEF, 0xFF, 0x8F, 0x00,
0x00, 0x00, 0x00, 0x00, 0x00, 0x00, 0x00, 0x00, 0x00, 0x00, 0x00, 0x18, 0xFF, 0xFF, 0x6F, 0x00,
0x00, 0x00, 0x00, 0x00, 0x00, 0x00, 0x00, 0x00, 0x00, 0x00, 0x1A, 0xAB, 0xFF, 0xFF, 0x2F, 0x00,
0x00, 0x00, 0x00, 0x00, 0x00, 0x00, 0x00, 0x00, 0x00, 0x50, 0xFF, 0xFF, 0xFF, 0xB5, 0x00, 0x00,
0x00, 0x00, 0x00, 0x00, 0x00, 0x00, 0x00, 0x00, 0x00, 0x4C, 0xFE, 0xE8, 0x96, 0x0E, 0x00, 0xB0,
0xFF, 0xB4, 0x00, 0x00, 0x00, 0x00, 0x00, 0x00, 0x84, 0xFF, 0xE4, 0xB0, 0xFF, 0xB4, 0x00, 0x00,
0x00, 0x00, 0x00, 0x00, 0x84, 0xFF, 0xE4, 0xB0, 0xFF, 0xB4, 0x00, 0x00, 0x00, 0x00, 0x00, 0x00,
0x84, 0xFF, 0xE4, 0xB0, 0xFF, 0xB4, 0x00, 0x00, 0x00, 0x00, 0x00, 0x00, 0x84, 0xFF, 0xE4, 0xB0,
0xFF, 0xB4, 0x00, 0x00, 0x00, 0x00, 0x00, 0x00, 0x84, 0xFF, 0xE4, 0xB0, 0xFF, 0xB4, 0x00, 0x00,
0x00, 0x00, 0x00, 0x00, 0x84, 0xFF, 0xE4, 0xB0, 0xFF, 0xFF, 0xFF, 0xFF, 0xFF, 0xFF, 0xFF, 0xFF,
0xFF, 0xFF, 0xE4, 0xB0, 0xFF, 0xFF, 0xFF, 0xFF, 0xFF, 0xFF, 0xFF, 0xFF, 0xFF, 0xFF, 0xE4, 0xB0,
0xFF, 0xB4, 0x00, 0x00, 0x00, 0x00, 0x00, 0x00, 0x84, 0xFF, 0xE4, 0xB0, 0xFF, 0xB4, 0x00, 0x00,
0x00, 0x00, 0x00, 0x00, 0x84, 0xFF, 0xE4, 0xB0, 0xFF, 0xB4, 0x00, 0x00, 0x00, 0x00, 0x00, 0x00,
0x84, 0xFF, 0xE4, 0xB0, 0xFF, 0xB4, 0x00, 0x00, 0x00, 0x00, 0x00, 0x00, 0x84, 0xFF, 0xE4, 0xB0,
0xFF, 0xB4, 0x00, 0x00, 0x00, 0x00, 0x00, 0x00, 0x84, 0xFF, 0xE4, 0xB0, 0xFF, 0xB4, 0x00, 0x00,
0x00, 0x00, 0x00, 0x00, 0x84, 0xFF, 0xE4, 0xB0, 0xFF, 0xB4, 0x00, 0x00, 0x00, 0x00, 0x00, 0x00,
0x84, 0xFF, 0xE4, 0x00, 0x00, 0x00, 0x00, 0x00, 0x00, 0x00, 0x00, 0x00, 0x8D, 0xFF, 0xE2, 0x00,
0x00, 0x00, 0x00, 0x00, 0x00, 0x00, 0x00, 0x00, 0x99, 0xFF, 0xD7, 0x00, 0x00, 0x00, 0x00, 0x00,
0x00, 0x00, 0x00, 0x00, 0xC7, 0xFF, 0xB7, 0x00, 0x00, 0x00, 0x00, 0x00, 0x00, 0x00, 0x0D, 0x71,
0xFF, 0xFF, 0x76, 0x00, 0x00, 0x00, 0x00, 0x00, 0x00, 0x08, 0xFF, 0xFF, 0xFF, 0xE8, 0x11, 0x00,
0x00, 0x00, 0x00, 0x00, 0x00, 0x07, 0xFB, 0xF2, 0xB3, 0x28, 0x00, 0x74, 0xFF, 0xFF, 0x0C, 0x00,
0x00, 0x00, 0x00, 0x00, 0x00, 0x00, 0x00, 0x00, 0xE0, 0xFF, 0x9C, 0x00, 0x00, 0x00, 0x74, 0xFF,
0xFF, 0x0C, 0x00, 0x00, 0x00, 0x00, 0x00, 0x00, 0x00, 0x00, 0x00, 0xE0, 0xFF, 0x9C, 0x00, 0x00,
0x00, 0x74, 0xFF, 0xFF, 0x0C, 0x00, 0x00, 0x00, 0x00, 0x00, 0x00, 0x00, 0x00, 0x00, 0xE0, 0xFF,
0x9C, 0x00, 0x00, 0x00, 0x74, 0xFF, 0xFF, 0x0C, 0x00, 0x00, 0x00, 0x00, 0x00, 0x00, 0x00, 0x00,
0x00, 0xE0, 0xFF, 0x9C, 0x00, 0x00, 0x00, 0x74, 0xFF, 0xFF, 0x0C, 0x00, 0x00, 0x00, 0x00, 0x00,
0x00, 0x00, 0x00, 0x00, 0xE0, 0xFF, 0x9C, 0x00, 0x00, 0x00, 0x74, 0xFF, 0xFF, 0x0C, 0x00, 0x00,
0x00, 0x00, 0x00, 0x00, 0x00, 0x00, 0x00, 0xE0, 0xFF, 0x9C, 0x00, 0x00, 0x00, 0x74, 0xFF, 0xFF,
0x0C, 0x00, 0x00, 0x00, 0x00, 0x00, 0x00, 0x00, 0x00, 0x00, 0xE0, 0xFF, 0x9C, 0x00, 0x00, 0x00,
0x74, 0xFF, 0xFF, 0x0C, 0x00, 0x00, 0x00, 0x00, 0x00, 0x00, 0x00, 0x00, 0x00, 0xE0, 0xFF, 0x9C,
0x00, 0x00, 0x00, 0x74, 0xFF, 0xFF, 0x0C, 0x00, 0x00, 0x00, 0x00, 0x00, 0x00, 0x00, 0x00, 0x00,
0xE0, 0xFF, 0x9C, 0x00, 0x00, 0x00, 0x74, 0xFF, 0xFF, 0xFF, 0xFF, 0xFF, 0xFF, 0xFF, 0xFF, 0xFF,
0xFF, 0xFF, 0xFF, 0xFF, 0xFF, 0x9C, 0x00, 0x00, 0x00, 0x74, 0xFF, 0xFF, 0xFF, 0xFF, 0xFF, 0xFF,
0xFF, 0xFF, 0xFF, 0xFF, 0xFF, 0xFF, 0xFF, 0xFF, 0x9C, 0x00, 0x00, 0x00, 0x74, 0xFF, 0xFF, 0x0C,
0x00, 0x00, 0x00, 0x00, 0x00, 0x00, 0x00, 0x00, 0x00, 0xE0, 0xFF, 0x9C, 0x00, 0x00, 0x00, 0x74,
0xFF, 0xFF, 0x0C, 0x00, 0x00, 0x00, 0x00, 0x00, 0x00, 0x00, 0x00, 0x00, 0xE0, 0xFF, 0x9C, 0x00,
0x00, 0x00, 0x74, 0xFF, 0xFF, 0x0C, 0x00, 0x00, 0x00, 0x00, 0x00, 0x00, 0x00, 0x00, 0x00, 0xE0,
0xFF, 0x9C, 0x00, 0x00, 0x00, 0x74, 0xFF, 0xFF, 0x0C, 0x00, 0x00, 0x00, 0x00, 0x00, 0x00, 0x00,
0x00, 0x00, 0xE0, 0xFF, 0x9C, 0x00, 0x00, 0x00, 0x74, 0xFF, 0xFF, 0x0C, 0x00, 0x00, 0x00, 0x00,
0x00, 0x00, 0x00, 0x00, 0x00, 0xE0, 0xFF, 0x9C, 0x00, 0x00, 0x00, 0x74, 0xFF, 0xFF, 0x0C, 0x00,
0x00, 0x00, 0x00, 0x00, 0x00, 0x00, 0x00, 0x00, 0xE0, 0xFF, 0x9C, 0x00, 0x00, 0x00, 0x74, 0xFF,
0xFF, 0x0C, 0x00, 0x00, 0x00, 0x00, 0x00, 0x00, 0x00, 0x00, 0x00, 0xE0, 0xFF, 0x9C, 0x00, 0x00,
0x00, 0x74, 0xFF, 0xFF, 0x0C, 0x00, 0x00, 0x00, 0x00, 0x00, 0x00, 0x00, 0x00, 0x00, 0xE0, 0xFF,
0x9C, 0x00, 0x00, 0x00, 0x74, 0xFF, 0xFF, 0x0C, 0x00, 0x00, 0x00, 0x00, 0x00, 0x00, 0x00, 0x00,
0x00, 0xE0, 0xFF, 0xFF, 0xFF, 0xFF, 0xB4, 0x74, 0xFF, 0xFF, 0x0C, 0x00, 0x00, 0x00, 0x00, 0x00,
0x00, 0x00, 0x00, 0x00, 0xE0, 0xFF, 0xFF, 0xFF, 0xFF, 0x4C, 0x00, 0x00, 0x00, 0x00, 0x00, 0x00,
0x00, 0x00, 0x00, 0x00, 0x00, 0x00, 0x00, 0x00, 0x00, 0x70, 0xFF, 0xC9, 0x00, 0x00, 0x00, 0x00,
0x00, 0x00, 0x00, 0x00, 0x00, 0x00, 0x00, 0x00, 0x00, 0x00, 0x00, 0x00, 0xC7, 0xFF, 0x46, 0x00,
0x00, 0x00, 0x00, 0x00, 0x00, 0x00, 0x00, 0x00, 0x00, 0x00, 0x00, 0x00, 0x00, 0x00, 0x1E, 0xFE,
0xC3, 0x00, 0x00, 0x00, 0x00, 0x00, 0x00, 0x00, 0x00, 0x00, 0x00, 0x00, 0x00, 0x00, 0x00, 0x00,
0x00, 0x75, 0xFF, 0x41, 0x00, 0x00, 0xB0, 0xFF, 0xB4, 0x00, 0x00, 0x00, 0x00, 0x00, 0x00, 0x84,
0xFF, 0xE4, 0x00, 0x00, 0x00, 0xB0, 0xFF, 0xB4, 0x00, 0x00, 0x00, 0x00, 0x00, 0x00, 0x84, 0xFF,
0xE4, 0x00, 0x00, 0x00, 0xB0, 0xFF, 0xB4, 0x00, 0x00, 0x00, 0x00, 0x00, 0x00, 0x84, 0xFF, 0xE4,
0x00, 0x00, 0x00, 0xB0, 0xFF, 0xB4, 0x00, 0x00, 0x00, 0x00, 0x00, 0x00, 0x84, 0xFF, 0xE4, 0x00,
0x00, 0x00, 0xB0, 0xFF, 0xB4, 0x00, 0x00, 0x00, 0x00, 0x00, 0x00, 0x84, 0xFF, 0xE4, 0x00, 0x00,
0x00, 0xB0, 0xFF, 0xB4, 0x00, 0x00, 0x00, 0x00, 0x00, 0x00, 0x84, 0xFF, 0xE4, 0x00, 0x00, 0x00,
0xB0, 0xFF, 0xFF, 0xFF, 0xFF, 0xFF, 0xFF, 0xFF, 0xFF, 0xFF, 0xFF, 0xE4, 0x00, 0x00, 0x00, 0xB0,
0xFF, 0xFF, 0xFF, 0xFF, 0xFF, 0xFF, 0xFF, 0xFF, 0xFF, 0xFF, 0xE4, 0x00, 0x00, 0x00, 0xB0, 0xFF,
0xB4, 0x00, 0x00, 0x00, 0x00, 0x00, 0x00, 0x84, 0xFF, 0xE4, 0x00, 0x00, 0x00, 0xB0, 0xFF, 0xB4,
0x00, 0x00, 0x00, 0x00, 0x00, 0x00, 0x84, 0xFF, 0xE4, 0x00, 0x00, 0x00, 0xB0, 0xFF, 0xB4, 0x00,
0x00, 0x00, 0x00, 0x00, 0x00, 0x84, 0xFF, 0xE4, 0x00, 0x00, 0x00, 0xB0, 0xFF, 0xB4, 0x00, 0x00,
0x00, 0x00, 0x00, 0x00, 0x84, 0xFF, 0xE4, 0x00, 0x00, 0x00, 0xB0, 0xFF, 0xB4, 0x00, 0x00, 0x00,
0x00, 0x00, 0x00, 0x84, 0xFF, 0xE4, 0x00, 0x00, 0x00, 0xB0, 0xFF, 0xB4, 0x00, 0x00, 0x00, 0x00,
0x00, 0x00, 0x84, 0xFF, 0xFF, 0xFF, 0xFF, 0xDC, 0xB0, 0xFF, 0xB4, 0x00, 0x00, 0x00, 0x00, 0x00,
0x00, 0x84, 0xFF, 0xFF, 0xFF, 0xFF, 0x78, 0x00, 0x00, 0x00, 0x00, 0x00, 0x00, 0x00, 0x00, 0x00,
0x00, 0x00, 0x48, 0xFF, 0xEB, 0x0C, 0x00, 0x00, 0x00, 0x00, 0x00, 0x00, 0x00, 0x00, 0x00, 0x00,
0x00, 0x9E, 0xFF, 0x76, 0x00, 0x00, 0x00, 0x00, 0x00, 0x00, 0x00, 0x00, 0x00, 0x00, 0x00, 0x05,
0xEE, 0xEA, 0x0B, 0x00, 0x00, 0x00, 0x00, 0x00, 0x00, 0x00, 0x00, 0x00, 0x00, 0x00, 0x49, 0xFF,
0x74, 0x00, 0x00, 0x00, 0x00, 0x00, 0x00, 0x00, 0x00, 0x00, 0x00, 0x00, 0x00, 0x01, 0x0E, 0x04,
0x00, 0x00, 0xC0, 0xFF, 0xBC, 0x00, 0x00, 0x00, 0x00, 0x00, 0x00, 0x00, 0x00, 0xE4, 0xFF, 0x98,
0xC0, 0xFF, 0xBC, 0x00, 0x00, 0x00, 0x00, 0x00, 0x00, 0x00, 0x00, 0xE4, 0xFF, 0x98, 0xC0, 0xFF,
0xBC, 0x00, 0x00, 0x00, 0x00, 0x00, 0x00, 0x00, 0x00, 0xE4, 0xFF, 0x98, 0xC0, 0xFF, 0xBC, 0x00,
0x00, 0x00, 0x00, 0x00, 0x00, 0x00, 0x00, 0xE4, 0xFF, 0x98, 0xC0, 0xFF, 0xBC, 0x00, 0x00, 0x00,
0x00, 0x00, 0x00, 0x00, 0x00, 0xE4, 0xFF, 0x98, 0xC0, 0xFF, 0xBC, 0x00, 0x00, 0x00, 0x00, 0x00,
0x00, 0x00, 0x00, 0xE4, 0xFF, 0x98, 0xC0, 0xFF, 0xBC, 0x00, 0x00, 0x00, 0x00, 0x00, 0x00, 0x00,
0x00, 0xE4, 0xFF, 0x98, 0xBB, 0xFF, 0xC4, 0x00, 0x00, 0x00, 0x00, 0x00, 0x00, 0x00, 0x00, 0xE4,
0xFF, 0x98, 0xA8, 0xFF, 0xEB, 0x02, 0x00, 0x00, 0x00, 0x00, 0x00, 0x00, 0x00, 0xE4, 0xFF, 0x98,
0x76, 0xFF, 0xFF, 0x58, 0x00, 0x00, 0x00, 0x00, 0x00, 0x00, 0x13, 0xED, 0xFF, 0x98, 0x1C, 0xF8,
0xFF, 0xF4, 0x6C, 0x19, 0x04, 0x12, 0x3D, 0x88, 0xEC, 0xFF, 0xFF, 0x98, 0x00, 0x65, 0xFD, 0xFF,
0xFF, 0xFF, 0xFF, 0xFF, 0xFF, 0xFF, 0xEB, 0xF7, 0xFF, 0x98, 0x00, 0x00, 0x38, 0xA7, 0xE1, 0xF9,
0xF7, 0xE1, 0xAC, 0x5E, 0x09, 0xE4, 0xFF, 0x98, 0x00, 0x00, 0x00, 0x00, 0x00, 0x00, 0x00, 0x00,
0x00, 0x00, 0x00, 0xE4, 0xFF, 0x98, 0x00, 0x00, 0x00, 0x00, 0x00, 0x00, 0x00, 0x00, 0x00, 0x00,
0x00, 0xE4, 0xFF, 0x98, 0x00, 0x00, 0x00, 0x00, 0x00, 0x00, 0x00, 0x00, 0x00, 0x00, 0x00, 0xE4,
0xFF, 0x98, 0x00, 0x00, 0x00, 0x00, 0x00, 0x00, 0x00, 0x00, 0x00, 0x00, 0x00, 0xE4, 0xFF, 0x98,
0x00, 0x00, 0x00, 0x00, 0x00, 0x00, 0x00, 0x00, 0x00, 0x00, 0x00, 0xE4, 0xFF, 0x98, 0x00, 0x00,
0x00, 0x00, 0x00, 0x00, 0x00, 0x00, 0x00, 0x00, 0x00, 0xE4, 0xFF, 0x98, 0x00, 0x00, 0x00, 0x00,
0x00, 0x00, 0x00, 0x00, 0xA8, 0xFF, 0xFF, 0xFF, 0xFF, 0x98, 0x00, 0x00, 0x00, 0x00, 0x00, 0x00,
0x00, 0x00, 0xA8, 0xFF, 0xFF, 0xFF, 0xFF, 0x98, 0x00, 0x00, 0x00, 0x00, 0x00, 0x00, 0x00, 0x00,
0xA8, 0xFF, 0x7C, 0x00, 0x00, 0x00, 0x00, 0x00, 0x00, 0x00, 0x00, 0x00, 0x00, 0x00, 0xA8, 0xFF,
0x5F, 0x00, 0x00, 0x00, 0x00, 0x00, 0x00, 0x00, 0x00, 0x00, 0x00, 0x00, 0xA8, 0xFF, 0x42, 0x00,
0x00, 0x00, 0x00, 0x00, 0x00, 0x00, 0x00, 0x00, 0x00, 0x00, 0xA8, 0xFF, 0x26, 0x00, 0x00, 0x00,
0x88, 0xFF, 0xE0, 0x00, 0x00, 0x00, 0x00, 0x00, 0x04, 0xFF, 0xFF, 0x64, 0x88, 0xFF, 0xE0, 0x00,
0x00, 0x00, 0x00, 0x00, 0x04, 0xFF, 0xFF, 0x64, 0x88, 0xFF, 0xE0, 0x00, 0x00, 0x00, 0x00, 0x00,
0x04, 0xFF, 0xFF, 0x64, 0x88, 0xFF, 0xE0, 0x00, 0x00, 0x00, 0x00, 0x00, 0x04, 0xFF, 0xFF, 0x64,
0x87, 0xFF, 0xE3, 0x00, 0x00, 0x00, 0x00, 0x00, 0x04, 0xFF, 0xFF, 0x64, 0x7E, 0xFF, 0xF1, 0x00,
0x00, 0x00, 0x00, 0x00, 0x04, 0xFF, 0xFF, 0x64, 0x62, 0xFF, 0xFF, 0x2A, 0x00, 0x00, 0x00, 0x00,
0x04, 0xFF, 0xFF, 0x64, 0x24, 0xFF, 0xFF, 0xC7, 0x22, 0x04, 0x12, 0x48, 0xB7, 0xFF, 0xFF, 0x64,
0x00, 0xA2, 0xFF, 0xFF, 0xFF, 0xFF, 0xFF, 0xFF, 0xFF, 0xFF, 0xFF, 0x64, 0x00, 0x05, 0x7C, 0xD7,
0xF8, 0xF9, 0xE3, 0xAB, 0x4F, 0xFF, 0xFF, 0x64, 0x00, 0x00, 0x00, 0x00, 0x00, 0x00, 0x00, 0x00,
0x04, 0xFF, 0xFF, 0x64, 0x00, 0x00, 0x00, 0x00, 0x00, 0x00, 0x00, 0x00, 0x04, 0xFF, 0xFF, 0x64,
0x00, 0x00, 0x00, 0x00, 0x00, 0x00, 0x00, 0x00, 0x04, 0xFF, 0xFF, 0x64, 0x00, 0x00, 0x00, 0x00,
0x00, 0x00, 0x50, 0xFF, 0xFF, 0xFF, 0xFF, 0x64, 0x00, 0x00, 0x00, 0x00, 0x00, 0x00, 0x50, 0xFF,
0xFF, 0xFF, 0xFF, 0x64, 0x00, 0x00, 0x00, 0x00, 0x00, 0x00, 0x50, 0xFF, 0xB0, 0x00, 0x00, 0x00,
0x00, 0x00, 0x00, 0x00, 0x00, 0x00, 0x50, 0xFF, 0x93, 0x00, 0x00, 0x00, 0x00, 0x00, 0x00, 0x00,
0x00, 0x00, 0x50, 0xFF, 0x76, 0x00, 0x00, 0x00, 0x00, 0x00, 0x00, 0x00, 0x00, 0x00, 0x50, 0xFF,
0x5A, 0x00, 0x00, 0x00, 0x74, 0xFF, 0xB6, 0x00, 0x00, 0x00, 0x00, 0x00, 0x00, 0x00, 0x00, 0x00,
0x00, 0x00, 0x00, 0x00, 0x1B, 0xF4, 0xFF, 0x30, 0x00, 0x00, 0x00, 0x74, 0xFF, 0xFF, 0x55, 0x00,
0x00, 0x00, 0x00, 0x00, 0x00, 0x00, 0x00, 0x00, 0x00, 0x00, 0x00, 0xA8, 0xFF, 0xFF, 0x30, 0x00,
0x00, 0x00, 0x74, 0xFF, 0xFF, 0xE5, 0x0D, 0x00, 0x00, 0x00, 0x00, 0x00, 0x00, 0x00, 0x00, 0x00,
0x00, 0x3F, 0xFF, 0xFF, 0xFF, 0x30, 0x00, 0x00, 0x00, 0x74, 0xFF, 0xF4, 0xFF, 0x91, 0x00, 0x00,
0x00, 0x00, 0x00, 0x00, 0x00, 0x00, 0x00, 0x03, 0xD2, 0xF4, 0xFF, 0xFF, 0x30, 0x00, 0x00, 0x00,
0x74, 0xFF, 0xAB, 0xFC, 0xFC, 0x32, 0x00, 0x00, 0x00, 0x00, 0x00, 0x00, 0x00, 0x00, 0x6E, 0xFF,
0xA2, 0xFF, 0xFF, 0x30, 0x00, 0x00, 0x00, 0x74, 0xFF, 0xB4, 0xB6, 0xFF, 0xCA, 0x02, 0x00, 0x00,
0x00, 0x00, 0x00, 0x00, 0x15, 0xEF, 0xFF, 0x55, 0xFF, 0xFF, 0x30, 0x00, 0x00, 0x00, 0x74, 0xFF,
0xD6, 0x4E, 0xFF, 0xFF, 0x6B, 0x00, 0x00, 0x00, 0x00, 0x00, 0x00, 0x9D, 0xFF, 0xBB, 0x46, 0xFF,
0xFF, 0x30, 0x00, 0x00, 0x00, 0x74, 0xFF, 0xE4, 0x00, 0xBB, 0xFF, 0xF0, 0x18, 0x00, 0x00, 0x00,
0x00, 0x36, 0xFE, 0xFD, 0x31, 0x50, 0xFF, 0xFF, 0x30, 0x00, 0x00, 0x00, 0x74, 0xFF, 0xE4, 0x00,
0x25, 0xF8, 0xFF, 0xA7, 0x00, 0x00, 0x00, 0x01, 0xCA, 0xFF, 0x99, 0x00, 0x50, 0xFF, 0xFF, 0x30,
0x00, 0x00, 0x00, 0x74, 0xFF, 0xE4, 0x00, 0x00, 0x81, 0xFF, 0xFF, 0x45, 0x00, 0x00, 0x64, 0xFF,
0xEF, 0x15, 0x00, 0x50, 0xFF, 0xFF, 0x30, 0x00, 0x00, 0x00, 0x74, 0xFF, 0xE4, 0x00, 0x00, 0x08,
0xDC, 0xFF, 0xDB, 0x05, 0x0C, 0xEA, 0xFF, 0x6F, 0x00, 0x00, 0x50, 0xFF, 0xFF, 0x30, 0x00, 0x00,
0x00, 0x74, 0xFF, 0xE4, 0x00, 0x00, 0x00, 0x47, 0xFF, 0xFF, 0x57, 0x65, 0xFF, 0xD6, 0x04, 0x00,
0x00, 0x50, 0xFF, 0xFF, 0x30, 0x00, 0x00, 0x00, 0x74, 0xFF, 0xE4, 0x00, 0x00, 0x00, 0x00, 0xAA,
0xFF, 0xC3, 0xC8, 0xFF, 0x45, 0x00, 0x00, 0x00, 0x50, 0xFF, 0xFF, 0x30, 0x00, 0x00, 0x00, 0x74,
0xFF, 0xE4, 0x00, 0x00, 0x00, 0x00, 0x1A, 0xF2, 0xFF, 0xFF, 0xB0, 0x00, 0x00, 0x00, 0x00, 0x50,
0xFF, 0xFF, 0x30, 0x00, 0x00, 0x00, 0x74, 0xFF, 0xE4, 0x00, 0x00, 0x00, 0x00, 0x00, 0x70, 0xFF,
0xF8, 0x23, 0x00, 0x00, 0x00, 0x00, 0x50, 0xFF, 0xFF, 0x30, 0x00, 0x00, 0x00, 0x74, 0xFF, 0xE4,
0x00, 0x00, 0x00, 0x00, 0x00, 0x03, 0xCF, 0x86, 0x00, 0x00, 0x00, 0x00, 0x00, 0x50, 0xFF, 0xFF,
0x30, 0x00, 0x00, 0x00, 0x74, 0xFF, 0xE4, 0x00, 0x00, 0x00, 0x00, 0x00, 0x00, 0x00, 0x00, 0x00,
0x00, 0x00, 0x00, 0x00, 0x50, 0xFF, 0xFF, 0x30, 0x00, 0x00, 0x00, 0x74, 0xFF, 0xE4, 0x00, 0x00,
0x00, 0x00, 0x00, 0x00, 0x00, 0x00, 0x00, 0x00, 0x00, 0x00, 0x00, 0x50, 0xFF, 0xFF, 0x30, 0x00,
0x00, 0x00, 0x74, 0xFF, 0xE4, 0x00, 0x00, 0x00, 0x00, 0x00, 0x00, 0x00, 0x00, 0x00, 0x00, 0x00,
0x00, 0x00, 0x50, 0xFF, 0xFF, 0x30, 0x00, 0x00, 0x00, 0x74, 0xFF, 0xE4, 0x00, 0x00, 0x00, 0x00,
0x00, 0x00, 0x00, 0x00, 0x00, 0x00, 0x00, 0x00, 0x00, 0x50, 0xFF, 0xFF, 0xFF, 0xFF, 0xFF, 0x44,
0x74, 0xFF, 0xE4, 0x00, 0x00, 0x00, 0x00, 0x00, 0x00, 0x00, 0x00, 0x00, 0x00, 0x00, 0x00, 0x00,
0x50, 0xFF, 0xFF, 0xFF, 0xFF, 0xD9, 0x03, 0x00, 0x00, 0x00, 0x00, 0x00, 0x00, 0x00, 0x00, 0x00,
0x00, 0x00, 0x00, 0x00, 0x00, 0x00, 0x00, 0x00, 0x00, 0x00, 0xDE, 0xFF, 0x59, 0x00, 0x00, 0x00,
0x00, 0x00, 0x00, 0x00, 0x00, 0x00, 0x00, 0x00, 0x00, 0x00, 0x00, 0x00, 0x00, 0x00, 0x00, 0x00,
0x36, 0xFF, 0xD4, 0x02, 0x00, 0x00, 0x00, 0x00, 0x00, 0x00, 0x00, 0x00, 0x00, 0x00, 0x00, 0x00,
0x00, 0x00, 0x00, 0x00, 0x00, 0x00, 0x00, 0x8C, 0xFF, 0x53, 0x00, 0x00, 0x00, 0x00, 0x00, 0x00,
0x00, 0x00, 0x00, 0x00, 0x00, 0x00, 0x00, 0x00, 0x00, 0x00, 0x00, 0x00, 0x00, 0x00, 0xE0, 0xD0,
0x01, 0x00, 0x00, 0xB0, 0xFF, 0xEC, 0x15, 0x00, 0x00, 0x00, 0x00, 0x00, 0x00, 0x00, 0x00, 0xAB,
0xFF, 0xFF, 0x0C, 0x00, 0x00, 0x00, 0xB0, 0xFF, 0xFF, 0xA8, 0x00, 0x00, 0x00, 0x00, 0x00, 0x00,
0x00, 0x48, 0xFF, 0xFF, 0xFF, 0x0C, 0x00, 0x00, 0x00, 0xB0, 0xFF, 0xF8, 0xFF, 0x4D, 0x00, 0x00,
0x00, 0x00, 0x00, 0x08, 0xDC, 0xF6, 0xFF, 0xFF, 0x0C, 0x00, 0x00, 0x00, 0xB0, 0xFF, 0xA5, 0xFF,
0xE4, 0x0E, 0x00, 0x00, 0x00, 0x00, 0x83, 0xFF, 0x93, 0xFF, 0xFF, 0x0C, 0x00, 0x00, 0x00, 0xB0,
0xFF, 0x71, 0xDA, 0xFF, 0x99, 0x00, 0x00, 0x00, 0x27, 0xF9, 0xE8, 0x42, 0xFF, 0xFF, 0x0C, 0x00,
0x00, 0x00, 0xB0, 0xFF, 0x83, 0x57, 0xFF, 0xFE, 0x40, 0x00, 0x00, 0xBC, 0xFF, 0x69, 0x48, 0xFF,
0xFF, 0x0C, 0x00, 0x00, 0x00, 0xB0, 0xFF, 0x88, 0x00, 0xB3, 0xFF, 0xDA, 0x05, 0x56, 0xFF, 0xC9,
0x02, 0x4C, 0xFF, 0xFF, 0x0C, 0x00, 0x00, 0x00, 0xB0, 0xFF, 0x88, 0x00, 0x1D, 0xF2, 0xFF, 0x6D,
0xD8, 0xFC, 0x31, 0x00, 0x4C, 0xFF, 0xFF, 0x0C, 0x00, 0x00, 0x00, 0xB0, 0xFF, 0x88, 0x00, 0x00,
0x6B, 0xFF, 0xFB, 0xFF, 0x8F, 0x00, 0x00, 0x4C, 0xFF, 0xFF, 0x0C, 0x00, 0x00, 0x00, 0xB0, 0xFF,
0x88, 0x00, 0x00, 0x01, 0xC5, 0xFF, 0xE4, 0x0D, 0x00, 0x00, 0x4C, 0xFF, 0xFF, 0x0C, 0x00, 0x00,
0x00, 0xB0, 0xFF, 0x88, 0x00, 0x00, 0x00, 0x29, 0xF9, 0x53, 0x00, 0x00, 0x00, 0x4C, 0xFF, 0xFF,
0x0C, 0x00, 0x00, 0x00, 0xB0, 0xFF, 0x88, 0x00, 0x00, 0x00, 0x00, 0x00, 0x00, 0x00, 0x00, 0x00,
0x4C, 0xFF, 0xFF, 0x0C, 0x00, 0x00, 0x00, 0xB0, 0xFF, 0x88, 0x00, 0x00, 0x00, 0x00, 0x00, 0x00,
0x00, 0x00, 0x00, 0x4C, 0xFF, 0xFF, 0x0C, 0x00, 0x00, 0x00, 0xB0, 0xFF, 0x88, 0x00, 0x00, 0x00,
0x00, 0x00, 0x00, 0x00, 0x00, 0x00, 0x4C, 0xFF, 0xFF, 0xFF, 0xFF, 0xFC, 0x08, 0xB0, 0xFF, 0x88,
0x00, 0x00, 0x00, 0x00, 0x00, 0x00, 0x00, 0x00, 0x00, 0x4C, 0xFF, 0xFF, 0xFF, 0xFF, 0x9E, 0x00,
0x00, 0x00, 0x00, 0x00, 0x00, 0x00, 0x00, 0x00, 0x00, 0x00, 0x00, 0x00, 0x00, 0x00, 0x20, 0xFF,
0xFA, 0x21, 0x00, 0x00, 0x00, 0x00, 0x00, 0x00, 0x00, 0x00, 0x00, 0x00, 0x00, 0x00, 0x00, 0x00,
0x00, 0x77, 0xFF, 0x98, 0x00, 0x00, 0x00, 0x00, 0x00, 0x00, 0x00, 0x00, 0x00, 0x00, 0x00, 0x00,
0x00, 0x00, 0x00, 0x00, 0xCE, 0xF8, 0x1C, 0x00, 0x00, 0x00, 0x00, 0x00, 0x00, 0x00, 0x00, 0x00,
0x00, 0x00, 0x00, 0x00, 0x00, 0x00, 0x24, 0xFF, 0x91, 0x00, 0x00, 0x00, 0x64, 0xFF, 0xFF, 0x04,
0x64, 0xFF, 0xFF, 0x04, 0x64, 0xFF, 0xFF, 0x04, 0x64, 0xFF, 0xFF, 0x04, 0x64, 0xFF, 0xFF, 0x04,
0x64, 0xFF, 0xFF, 0x04, 0x64, 0xFF, 0xFF, 0x04, 0x64, 0xFF, 0xFF, 0x04, 0x64, 0xFF, 0xFF, 0x04,
0x64, 0xFF, 0xFF, 0x04, 0x64, 0xFF, 0xFF, 0x04, 0x64, 0xFF, 0xFF, 0x04, 0x64, 0xFF, 0xFF, 0x04,
0x64, 0xFF, 0xFF, 0x04, 0x64, 0xFF, 0xFF, 0x04, 0x64, 0xFF, 0xFF, 0x04, 0x64, 0xFF, 0xFF, 0x04,
0x64, 0xFF, 0xFF, 0x04, 0x64, 0xFF, 0xFF, 0x04, 0x64, 0xFF, 0xFF, 0x04, 0x64, 0xFF, 0xFF, 0x04,
0x00, 0x00, 0x00, 0x11, 0x94, 0xD4, 0x55, 0x00, 0x00, 0x00, 0x00, 0x75, 0xC6, 0x6A, 0x00, 0x00,
0x00, 0x00, 0x00, 0x00, 0x00, 0x06, 0xED, 0xFF, 0xE6, 0x4B, 0x0D, 0x10, 0x5E, 0xF5, 0xFF, 0x72,
0x00, 0x00, 0x00, 0x00, 0x00, 0x00, 0x00, 0x00, 0x5F, 0xFD, 0xFF, 0xFF, 0xFF, 0xFF, 0xFF, 0xFF,
0xC5, 0x08, 0x00, 0x00, 0x00, 0x00, 0x00, 0x00, 0x00, 0x00, 0x00, 0x34, 0x9D, 0xDB, 0xF5, 0xF8,
0xD6, 0x85, 0x0D, 0x00, 0x00, 0x00, 0x00, 0x00, 0x00, 0x00, 0x00, 0x00, 0x00, 0x00, 0x00, 0x00,
0x00, 0x00, 0x00, 0x00, 0x00, 0x00, 0x00, 0x00, 0x00, 0x00, 0x00, 0x00, 0x00, 0x00, 0x00, 0x00,
0x00, 0x0C, 0xF4, 0x84, 0x00, 0x00, 0x00, 0x00, 0x00, 0x00, 0x00, 0x00, 0x00, 0x00, 0x00, 0x00,
0x00, 0x00, 0x00, 0x61, 0xFF, 0xE3, 0x02, 0x00, 0x00, 0x00, 0x00, 0x00, 0x00, 0x00, 0x00, 0x00,
0x00, 0x00, 0x00, 0x00, 0x00, 0xC2, 0xFF, 0xFF, 0x46, 0x00, 0x00, 0x00, 0x00, 0x00, 0x00, 0x00,
0x00, 0x00, 0x00, 0x00, 0x00, 0x00, 0x24, 0xFF, 0xF8, 0xFF, 0xA8, 0x00, 0x00, 0x00, 0x00, 0x00,
0x00, 0x00, 0x00, 0x00, 0x00, 0x00, 0x00, 0x00, 0x84, 0xFF, 0x97, 0xFF, 0xF8, 0x11, 0x00, 0x00,
0x00, 0x00, 0x00, 0x00, 0x00, 0x00, 0x00, 0x00, 0x00, 0x02, 0xE2, 0xFF, 0x3E, 0xDD, 0xFF, 0x6A,
0x00, 0x00, 0x00, 0x00, 0x00, 0x00, 0x00, 0x00, 0x00, 0x00, 0x00, 0x46, 0xFF, 0xF8, 0x08, 0x9D,
0xFF, 0xCC, 0x00, 0x00, 0x00, 0x00, 0x00, 0x00, 0x00, 0x00, 0x00, 0x00, 0x00, 0xA7, 0xFF, 0xAE,
0x00, 0x48, 0xFF, 0xFF, 0x2D, 0x00, 0x00, 0x00, 0x00, 0x00, 0x00, 0x00, 0x00, 0x00, 0x10, 0xF7,
0xFF, 0x4D, 0x00, 0x02, 0xE4, 0xFF, 0x8E, 0x00, 0x00, 0x00, 0x00, 0x00, 0x00, 0x00, 0x00, 0x00,
0x69, 0xFF, 0xE8, 0x04, 0x00, 0x00, 0x87, 0xFF, 0xEA, 0x05, 0x00, 0x00, 0x00, 0x00, 0x00, 0x00,
0x00, 0x00, 0xCA, 0xFF, 0x8C, 0x00, 0x00, 0x00, 0x26, 0xFF, 0xFF, 0x51, 0x00, 0x00, 0x00, 0x00,
0x00, 0x00, 0x00, 0x2B, 0xFF, 0xFF, 0x2C, 0x00, 0x00, 0x00, 0x00, 0xC5, 0xFF, 0xB2, 0x00, 0x00,
0x00, 0x00, 0x00, 0x00, 0x00, 0x8C, 0xFF, 0xCC, 0x00, 0x00, 0x00, 0x00, 0x00, 0x64, 0xFF, 0xFB,
0x18, 0x00, 0x00, 0x00, 0x00, 0x00, 0x04, 0xE8, 0xFF, 0xFF, 0xFF, 0xFF, 0xFF, 0xFF, 0xFF, 0xFF,
0xFF, 0xFF, 0x75, 0x00, 0x00, 0x00, 0x00, 0x00, 0x4E, 0xFF, 0xFF, 0xFF, 0xFF, 0xFF, 0xFF, 0xFF,
0xFF, 0xFF, 0xFF, 0xFF, 0xD6, 0x00, 0x00, 0x00, 0x00, 0x00, 0xAF, 0xFF, 0x9E, 0x00, 0x00, 0x00,
0x00, 0x00, 0x00, 0x00, 0x47, 0xFF, 0xFF, 0x38, 0x00, 0x00, 0x00, 0x15, 0xFA, 0xFF, 0x45, 0x00,
0x00, 0x00, 0x00, 0x00, 0x00, 0x00, 0x03, 0xE7, 0xFF, 0x99, 0x00, 0x00, 0x00, 0x71, 0xFF, 0xE8,
0x03, 0x00, 0x00, 0x00, 0x00, 0x00, 0x00, 0x00, 0x00, 0x8F, 0xFF, 0xF1, 0x09, 0x00, 0x00, 0xD1,
0xFF, 0x92, 0x00, 0x00, 0x00, 0x00, 0x00, 0x00, 0x00, 0x00, 0x00, 0x33, 0xFF, 0xFF, 0x5C, 0x00,
0x33, 0xFF, 0xFF, 0x39, 0x00, 0x00, 0x00, 0x00, 0x00, 0x00, 0x00, 0x00, 0x00, 0x00, 0xD6, 0xFF,
0xBD, 0x00, 0x94, 0xFF, 0xDF, 0x00, 0x00, 0x00, 0x00, 0x00, 0x00, 0x00, 0x00, 0x00, 0x00, 0x00,
0x7A, 0xFF, 0xFE, 0x20, 0x00, 0x0E, 0x8C, 0xD9, 0x16, 0x00, 0x00, 0x00, 0x05, 0xD2, 0xA1, 0x04,
0x00, 0x06, 0xEA, 0xFF, 0xC3, 0x31, 0x07, 0x29, 0xB0, 0xFF, 0xCD, 0x00, 0x00, 0x00, 0x4A, 0xF8,
0xFF, 0xFF, 0xFF, 0xFF, 0xFF, 0xF4, 0x39, 0x00, 0x00, 0x00, 0x00, 0x30, 0xA1, 0xE0, 0xF8, 0xDE,
0x9C, 0x23, 0x00, 0x00, 0x00, 0x00, 0x00, 0x00, 0x00, 0x00, 0x00, 0x00, 0x00, 0x00, 0x00, 0x00,
0x00, 0x00, 0x00, 0x00, 0x00, 0x00, 0x00, 0x00, 0x00, 0x00, 0x00, 0x00, 0x00, 0x28, 0x7B, 0xB2,
0xCF, 0xE3, 0xF7, 0xF3, 0xD3, 0x7E, 0x0B, 0x00, 0x00, 0xC1, 0xFF, 0xFF, 0xFF, 0xFF, 0xFF, 0xFF,
0xFF, 0xFF, 0xC5, 0x03, 0x00, 0x5E, 0xB7, 0x67, 0x30, 0x0E, 0x04, 0x1E, 0x8D, 0xFF, 0xFF, 0x57,
0x00, 0x00, 0x00, 0x00, 0x00, 0x00, 0x00, 0x00, 0x01, 0xDE, 0xFF, 0x8B, 0x00, 0x00, 0x00, 0x00,
0x00, 0x00, 0x00, 0x00, 0x00, 0xB8, 0xFF, 0xA3, 0x00, 0x00, 0x00, 0x00, 0x00, 0x00, 0x00, 0x00,
0x00, 0xBD, 0xFF, 0xA0, 0x00, 0x00, 0x21, 0x80, 0xBD, 0xE0, 0xF5, 0xFE, 0xFC, 0xFC, 0xFF, 0x99,
0x00, 0x72, 0xFB, 0xFF, 0xFF, 0xFF, 0xFF, 0xFF, 0xFF, 0xFF, 0xFF, 0x92, 0x49, 0xFF, 0xFF, 0xDB,
0x6C, 0x2B, 0x10, 0x02, 0x06, 0xC7, 0xFF, 0x8C, 0xAC, 0xFF, 0xE9, 0x11, 0x00, 0x00, 0x00, 0x00,
0x00, 0xC4, 0xFF, 0x86, 0xCC, 0xFF, 0xB2, 0x00, 0x00, 0x00, 0x00, 0x00, 0x00, 0xCF, 0xFF, 0x7F,
0xBD, 0xFF, 0xDF, 0x05, 0x00, 0x00, 0x00, 0x00, 0x5A, 0xFF, 0xFF, 0x7F, 0x6B, 0xFF, 0xFF, 0xAC,
0x25, 0x0A, 0x2D, 0x8F, 0xFC, 0xE6, 0xFF, 0x89, 0x02, 0xBF, 0xFF, 0xFF, 0xFF, 0xFF, 0xFF, 0xFF,
0xA1, 0x49, 0xFF, 0x9F, 0x00, 0x05, 0x78, 0xDC, 0xF9, 0xE7, 0xBA, 0x53, 0x00, 0x0A, 0xF8, 0xCF,
0x00, 0x00, 0x00, 0x03, 0xB1, 0xF4, 0x85, 0x00, 0x00, 0x1C, 0xD6, 0xEC, 0x4D, 0x00, 0x00, 0x00,
0x00, 0x00, 0x00, 0x00, 0x00, 0x28, 0xFF, 0xFF, 0xF0, 0x00, 0x00, 0x64, 0xFF, 0xFF, 0xAF, 0x00,
0x00, 0x00, 0x00, 0x00, 0x00, 0x00, 0x00, 0x04, 0xB1, 0xF5, 0x85, 0x00, 0x00, 0x1C, 0xD6, 0xEC,
0x4D, 0x00, 0x00, 0x00, 0x00, 0x00, 0x00, 0x00, 0x00, 0x00, 0x00, 0x00, 0x00, 0x00, 0x00, 0x00,
0x00, 0x00, 0x00, 0x00, 0x00, 0x00, 0x00, 0x00, 0x00, 0x00, 0x00, 0x00, 0x00, 0x00, 0x00, 0x0C,
0xF4, 0x84, 0x00, 0x00, 0x00, 0x00, 0x00, 0x00, 0x00, 0x00, 0x00, 0x00, 0x00, 0x00, 0x00, 0x00,
0x00, 0x61, 0xFF, 0xE3, 0x02, 0x00, 0x00, 0x00, 0x00, 0x00, 0x00, 0x00, 0x00, 0x00, 0x00, 0x00,
0x00, 0x00, 0x00, 0xC2, 0xFF, 0xFF, 0x46, 0x00, 0x00, 0x00, 0x00, 0x00, 0x00, 0x00, 0x00, 0x00,
0x00, 0x00, 0x00, 0x00, 0x24, 0xFF, 0xF8, 0xFF, 0xA8, 0x00, 0x00, 0x00, 0x00, 0x00, 0x00, 0x00,
0x00, 0x00, 0x00, 0x00, 0x00, 0x00, 0x84, 0xFF, 0x97, 0xFF, 0xF8, 0x11, 0x00, 0x00, 0x00, 0x00,
0x00, 0x00, 0x00, 0x00, 0x00, 0x00, 0x00, 0x02, 0xE2, 0xFF, 0x3E, 0xDD, 0xFF, 0x6A, 0x00, 0x00,
0x00, 0x00, 0x00, 0x00, 0x00, 0x00, 0x00, 0x00, 0x00, 0x46, 0xFF, 0xF8, 0x08, 0x9D, 0xFF, 0xCC,
0x00, 0x00, 0x00, 0x00, 0x00, 0x00, 0x00, 0x00, 0x00, 0x00, 0x00, 0xA7, 0xFF, 0xAE, 0x00, 0x48,
0xFF, 0xFF, 0x2D, 0x00, 0x00, 0x00, 0x00, 0x00, 0x00, 0x00, 0x00, 0x00, 0x10, 0xF7, 0xFF, 0x4D,
0x00, 0x02, 0xE4, 0xFF, 0x8E, 0x00, 0x00, 0x00, 0x00, 0x00, 0x00, 0x00, 0x00, 0x00, 0x69, 0xFF,
0xE8, 0x04, 0x00, 0x00, 0x87, 0xFF, 0xEA, 0x05, 0x00, 0x00, 0x00, 0x00, 0x00, 0x00, 0x00, 0x00,
0xCA, 0xFF, 0x8C, 0x00, 0x00, 0x00, 0x26, 0xFF, 0xFF, 0x51, 0x00, 0x00, 0x00, 0x00, 0x00, 0x00,
0x00, 0x2B, 0xFF, 0xFF, 0x2C, 0x00, 0x00, 0x00, 0x00, 0xC5, 0xFF, 0xB2, 0x00, 0x00, 0x00, 0x00,
0x00, 0x00, 0x00, 0x8C, 0xFF, 0xCC, 0x00, 0x00, 0x00, 0x00, 0x00, 0x64, 0xFF, 0xFB, 0x18, 0x00,
0x00, 0x00, 0x00, 0x00, 0x04, 0xE8, 0xFF, 0xFF, 0xFF, 0xFF, 0xFF, 0xFF, 0xFF, 0xFF, 0xFF, 0xFF,
0x75, 0x00, 0x00, 0x00, 0x00, 0x00, 0x4E, 0xFF, 0xFF, 0xFF, 0xFF, 0xFF, 0xFF, 0xFF, 0xFF, 0xFF,
0xFF, 0xFF, 0xD6, 0x00, 0x00, 0x00, 0x00, 0x00, 0xAF, 0xFF, 0x9E, 0x00, 0x00, 0x00, 0x00, 0x00,
0x00, 0x00, 0x47, 0xFF, 0xFF, 0x38, 0x00, 0x00, 0x00, 0x15, 0xFA, 0xFF, 0x45, 0x00, 0x00, 0x00,
0x00, 0x00, 0x00, 0x00, 0x03, 0xE7, 0xFF, 0x99, 0x00, 0x00, 0x00, 0x71, 0xFF, 0xE8, 0x03, 0x00,
0x00, 0x00, 0x00, 0x00, 0x00, 0x00, 0x00, 0x8F, 0xFF, 0xF1, 0x09, 0x00, 0x00, 0xD1, 0xFF, 0x92,
0x00, 0x00, 0x00, 0x00, 0x00, 0x00, 0x00, 0x00, 0x00, 0x33, 0xFF, 0xFF, 0x5C, 0x00, 0x33, 0xFF,
0xFF, 0x39, 0x00, 0x00, 0x00, 0x00, 0x00, 0x00, 0x00, 0x00, 0x00, 0x00, 0xD6, 0xFF, 0xBD, 0x00,
0x94, 0xFF, 0xDF, 0x00, 0x00, 0x00, 0x00, 0x00, 0x00, 0x00, 0x00, 0x00, 0x00, 0x00, 0x7A, 0xFF,
0xFE, 0x20, 0x00, 0x04, 0xBB, 0xF0, 0x54, 0x00, 0x00, 0x1E, 0xDB, 0xE3, 0x2D, 0x00, 0x00, 0x29,
0xFF, 0xFF, 0xB0, 0x00, 0x00, 0x65, 0xFF, 0xFF, 0x7C, 0x00, 0x00, 0x05, 0xBB, 0xF1, 0x54, 0x00,
0x00, 0x1F, 0xDB, 0xE3, 0x2E, 0x00, 0x00, 0x00, 0x00, 0x00, 0x00, 0x00, 0x00, 0x00, 0x00, 0x00,
0x00, 0x00, 0x00, 0x00, 0x00, 0x00, 0x00, 0x00, 0x00, 0x00, 0x00, 0x00, 0x00, 0x00, 0x00, 0x28,
0x7B, 0xB2, 0xCF, 0xE3, 0xF7, 0xF3, 0xD3, 0x7E, 0x0B, 0x00, 0x00, 0xC1, 0xFF, 0xFF, 0xFF, 0xFF,
0xFF, 0xFF, 0xFF, 0xFF, 0xC5, 0x03, 0x00, 0x5E, 0xB7, 0x67, 0x30, 0x0E, 0x04, 0x1E, 0x8D, 0xFF,
0xFF, 0x57, 0x00, 0x00, 0x00, 0x00, 0x00, 0x00, 0x00, 0x00, 0x01, 0xDE, 0xFF, 0x8B, 0x00, 0x00,
0x00, 0x00, 0x00, 0x00, 0x00, 0x00, 0x00, 0xB8, 0xFF, 0xA3, 0x00, 0x00, 0x00, 0x00, 0x00, 0x00,
0x00, 0x00, 0x00, 0xBD, 0xFF, 0xA0, 0x00, 0x00, 0x21, 0x80, 0xBD, 0xE0, 0xF5, 0xFE, 0xFC, 0xFC,
0xFF, 0x99, 0x00, 0x72, 0xFB, 0xFF, 0xFF, 0xFF, 0xFF, 0xFF, 0xFF, 0xFF, 0xFF, 0x92, 0x49, 0xFF,
0xFF, 0xDB, 0x6C, 0x2B, 0x10, 0x02, 0x06, 0xC7, 0xFF, 0x8C, 0xAC, 0xFF, 0xE9, 0x11, 0x00, 0x00,
0x00, 0x00, 0x00, 0xC4, 0xFF, 0x86, 0xCC, 0xFF, 0xB2, 0x00, 0x00, 0x00, 0x00, 0x00, 0x00, 0xCF,
0xFF, 0x7F, 0xBD, 0xFF, 0xDF, 0x05, 0x00, 0x00, 0x00, 0x00, 0x5A, 0xFF, 0xFF, 0x7F, 0x6B, 0xFF,
0xFF, 0xAC, 0x25, 0x0A, 0x2D, 0x8F, 0xFC, 0xE6, 0xFF, 0x89, 0x02, 0xBF, 0xFF, 0xFF, 0xFF, 0xFF,
0xFF, 0xFF, 0xA1, 0x49, 0xFF, 0x9F, 0x00, 0x05, 0x78, 0xDC, 0xF9, 0xE7, 0xBA, 0x53, 0x00, 0x0A,
0xF8, 0xCF, 0x00, 0x00, 0x00, 0x00, 0x00, 0x00, 0x00, 0x00, 0x00, 0x00, 0x00, 0x00, 0x80, 0xFF,
0xFF, 0xFF, 0xFF, 0xFF, 0xFF, 0xFF, 0xFF, 0xFF, 0xFF, 0xFF, 0x48, 0x00, 0x00, 0x00, 0x00, 0x00,
0x00, 0x00, 0x00, 0x00, 0x00, 0x00, 0x20, 0xF6, 0xFF, 0xFF, 0xFF, 0xFF, 0xFF, 0xFF, 0xFF, 0xFF,
0xFF, 0xFF, 0xFF, 0x48, 0x00, 0x00, 0x00, 0x00, 0x00, 0x00, 0x00, 0x00, 0x00, 0x00, 0x00, 0xB0,
0xF7, 0xFF, 0xFF, 0x58, 0x00, 0x00, 0x00, 0x00, 0x00, 0x00, 0x00, 0x00, 0x00, 0x00, 0x00, 0x00,
0x00, 0x00, 0x00, 0x00, 0x00, 0x00, 0x00, 0x47, 0xFF, 0xA7, 0xFF, 0xFF, 0x58, 0x00, 0x00, 0x00,
0x00, 0x00, 0x00, 0x00, 0x00, 0x00, 0x00, 0x00, 0x00, 0x00, 0x00, 0x00, 0x00, 0x00, 0x00, 0x06,
0xD9, 0xFF, 0x54, 0xFF, 0xFF, 0x58, 0x00, 0x00, 0x00, 0x00, 0x00, 0x00, 0x00, 0x00, 0x00, 0x00,
0x00, 0x00, 0x00, 0x00, 0x00, 0x00, 0x00, 0x00, 0x77, 0xFF, 0xD9, 0x28, 0xFF, 0xFF, 0x58, 0x00,
0x00, 0x00, 0x00, 0x00, 0x00, 0x00, 0x00, 0x00, 0x00, 0x00, 0x00, 0x00, 0x00, 0x00, 0x00, 0x00,
0x1B, 0xF3, 0xFF, 0x64, 0x28, 0xFF, 0xFF, 0x58, 0x00, 0x00, 0x00, 0x00, 0x00, 0x00, 0x00, 0x00,
0x00, 0x00, 0x00, 0x00, 0x00, 0x00, 0x00, 0x00, 0x00, 0xA7, 0xFF, 0xD1, 0x02, 0x28, 0xFF, 0xFF,
0x58, 0x00, 0x00, 0x00, 0x00, 0x00, 0x00, 0x00, 0x00, 0x00, 0x00, 0x00, 0x00, 0x00, 0x00, 0x00,
0x00, 0x3F, 0xFF, 0xFF, 0x43, 0x00, 0x28, 0xFF, 0xFF, 0x58, 0x00, 0x00, 0x00, 0x00, 0x00, 0x00,
0x00, 0x00, 0x00, 0x00, 0x00, 0x00, 0x00, 0x00, 0x00, 0x03, 0xD2, 0xFF, 0xB2, 0x00, 0x00, 0x28,
0xFF, 0xFF, 0xFF, 0xFF, 0xFF, 0xFF, 0xFF, 0xFF, 0xFF, 0xFF, 0x88, 0x00, 0x00, 0x00, 0x00, 0x00,
0x00, 0x00, 0x6E, 0xFF, 0xFA, 0x26, 0x00, 0x00, 0x28, 0xFF, 0xFF, 0xFF, 0xFF, 0xFF, 0xFF, 0xFF,
0xFF, 0xFF, 0xFF, 0x88, 0x00, 0x00, 0x00, 0x00, 0x00, 0x00, 0x15, 0xEF, 0xFF, 0x90, 0x00, 0x00,
0x00, 0x28, 0xFF, 0xFF, 0x58, 0x00, 0x00, 0x00, 0x00, 0x00, 0x00, 0x00, 0x00, 0x00, 0x00, 0x00,
0x00, 0x00, 0x00, 0x9E, 0xFF, 0xEE, 0x12, 0x00, 0x00, 0x00, 0x28, 0xFF, 0xFF, 0x58, 0x00, 0x00,
0x00, 0x00, 0x00, 0x00, 0x00, 0x00, 0x00, 0x00, 0x00, 0x00, 0x00, 0x37, 0xFE, 0xFF, 0xFF, 0xFF,
0xFF, 0xFF, 0xFF, 0xFF, 0xFF, 0xFF, 0x58, 0x00, 0x00, 0x00, 0x00, 0x00, 0x00, 0x00, 0x00, 0x00,
0x00, 0x00, 0x00, 0x02, 0xCB, 0xFF, 0xFF, 0xFF, 0xFF, 0xFF, 0xFF, 0xFF, 0xFF, 0xFF, 0xFF, 0x58,
0x00, 0x00, 0x00, 0x00, 0x00, 0x00, 0x00, 0x00, 0x00, 0x00, 0x00, 0x00, 0x65, 0xFF, 0xFC, 0x2B,
0x00, 0x00, 0x00, 0x00, 0x00, 0x28, 0xFF, 0xFF, 0x58, 0x00, 0x00, 0x00, 0x00, 0x00, 0x00, 0x00,
0x00, 0x00, 0x00, 0x00, 0x11, 0xEB, 0xFF, 0x97, 0x00, 0x00, 0x00, 0x00, 0x00, 0x00, 0x28, 0xFF,
0xFF, 0x58, 0x00, 0x00, 0x00, 0x00, 0x00, 0x00, 0x00, 0x00, 0x00, 0x00, 0x00, 0x95, 0xFF, 0xF1,
0x16, 0x00, 0x00, 0x00, 0x00, 0x00, 0x00, 0x28, 0xFF, 0xFF, 0x58, 0x00, 0x00, 0x00, 0x00, 0x00,
0x00, 0x00, 0x00, 0x00, 0x00, 0x2F, 0xFC, 0xFF, 0x77, 0x00, 0x00, 0x00, 0x00, 0x00, 0x00, 0x00,
0x28, 0xFF, 0xFF, 0x58, 0x00, 0x00, 0x00, 0x00, 0x00, 0x00, 0x00, 0x00, 0x00, 0x00, 0xC3, 0xFF,
0xDF, 0x07, 0x00, 0x00, 0x00, 0x00, 0x00, 0x00, 0x00, 0x28, 0xFF, 0xFF, 0xFF, 0xFF, 0xFF, 0xFF,
0xFF, 0xFF, 0xFF, 0xFF, 0xFF, 0x70, 0x5C, 0xFF, 0xFF, 0x57, 0x00, 0x00, 0x00, 0x00, 0x00, 0x00,
0x00, 0x00, 0x28, 0xFF, 0xFF, 0xFF, 0xFF, 0xFF, 0xFF, 0xFF, 0xFF, 0xFF, 0xFF, 0xFF, 0x70, 0x00,
0x28, 0x7B, 0xB2, 0xCF, 0xE3, 0xF7, 0xF2, 0xD0, 0x79, 0x06, 0x00, 0x44, 0xA8, 0xE1, 0xF9, 0xE9,
0xCC, 0x84, 0x0F, 0x00, 0x00, 0x00, 0xC1, 0xFF, 0xFF, 0xFF, 0xFF, 0xFF, 0xFF, 0xFF, 0xFF, 0xAE,
0x99, 0xFF, 0xFF, 0xFF, 0xFF, 0xFF, 0xFF, 0xFF, 0xDE, 0x1A, 0x00, 0x00, 0x5E, 0xB7, 0x67, 0x30,
0x0E, 0x03, 0x1A, 0x89, 0xFF, 0xFF, 0xFF, 0xFB, 0x93, 0x2E, 0x0B, 0x1F, 0x76, 0xF6, 0xFF, 0xAD,
0x00, 0x00, 0x00, 0x00, 0x00, 0x00, 0x00, 0x00, 0x00, 0x01, 0xDD, 0xFF, 0xFF, 0x69, 0x00, 0x00,
0x00, 0x00, 0x00, 0x66, 0xFF, 0xFD, 0x14, 0x00, 0x00, 0x00, 0x00, 0x00, 0x00, 0x00, 0x00, 0x00,
0xB7, 0xFF, 0xE9, 0x02, 0x00, 0x00, 0x00, 0x00, 0x00, 0x0E, 0xFF, 0xFF, 0x4B, 0x00, 0x00, 0x00,
0x00, 0x00, 0x00, 0x00, 0x00, 0x00, 0xBB, 0xFF, 0xB2, 0x00, 0x00, 0x00, 0x00, 0x00, 0x00, 0x00,
0xF3, 0xFF, 0x5F, 0x00, 0x00, 0x21, 0x80, 0xBD, 0xE0, 0xF5, 0xFE, 0xFC, 0xFC, 0xFF, 0xFF, 0xFF,
0xFF, 0xFF, 0xFF, 0xFF, 0xFF, 0xFF, 0xFF, 0xFF, 0x60, 0x00, 0x72, 0xFB, 0xFF, 0xFF, 0xFF, 0xFF,
0xFF, 0xFF, 0xFF, 0xFF, 0xFF, 0xFF, 0xFF, 0xFF, 0xFF, 0xFF, 0xFF, 0xFF, 0xFF, 0xFF, 0x4E, 0x49,
0xFF, 0xFF, 0xDB, 0x6C, 0x2B, 0x10, 0x02, 0x06, 0xC7, 0xFF, 0x97, 0x00, 0x00, 0x00, 0x00, 0x00,
0x00, 0x00, 0x00, 0x00, 0x00, 0xAC, 0xFF, 0xE9, 0x11, 0x00, 0x00, 0x00, 0x00, 0x00, 0xC4, 0xFF,
0xB5, 0x00, 0x00, 0x00, 0x00, 0x00, 0x00, 0x00, 0x00, 0x00, 0x00, 0xCC, 0xFF, 0xB2, 0x00, 0x00,
0x00, 0x00, 0x00, 0x00, 0xCF, 0xFF, 0xF2, 0x0B, 0x00, 0x00, 0x00, 0x00, 0x00, 0x00, 0x00, 0x00,
0x00, 0xBD, 0xFF, 0xDF, 0x05, 0x00, 0x00, 0x00, 0x00, 0x5A, 0xFF, 0xFF, 0xFF, 0x8D, 0x00, 0x00,
0x00, 0x00, 0x00, 0x00, 0x79, 0x39, 0x00, 0x6B, 0xFF, 0xFF, 0xAC, 0x25, 0x0A, 0x2D, 0x8F, 0xFC,
0xCE, 0xAC, 0xFF, 0xFF, 0xA9, 0x3E, 0x0F, 0x07, 0x36, 0xB0, 0xFF, 0xAD, 0x00, 0x02, 0xBF, 0xFF,
0xFF, 0xFF, 0xFF, 0xFF, 0xFF, 0xC2, 0x16, 0x09, 0xB4, 0xFF, 0xFF, 0xFF, 0xFF, 0xFF, 0xFF, 0xFF,
0xF1, 0x54, 0x00, 0x00, 0x05, 0x78, 0xDC, 0xF9, 0xE5, 0xBA, 0x5A, 0x03, 0x00, 0x00, 0x00, 0x4F,
0xAA, 0xE1, 0xF8, 0xEF, 0xC8, 0x7D, 0x13, 0x00, 0x00, 0x11, 0x94, 0xD4, 0x55, 0x00, 0x00, 0x00,
0x00, 0x75, 0xC6, 0x6A, 0x00, 0x00, 0x06, 0xED, 0xFF, 0xE6, 0x4B, 0x0D, 0x10, 0x5E, 0xF5, 0xFF,
0x72, 0x00, 0x00, 0x00, 0x5F, 0xFD, 0xFF, 0xFF, 0xFF, 0xFF, 0xFF, 0xFF, 0xC5, 0x08, 0x00, 0x00,
0x00, 0x00, 0x34, 0x9D, 0xDB, 0xF5, 0xF8, 0xD6, 0x85, 0x0D, 0x00, 0x00, 0x00, 0x00, 0x00, 0x00,
0x00, 0x00, 0x00, 0x00, 0x00, 0x00, 0x00, 0x00, 0x00, 0x00, 0x74, 0xFF, 0xFF, 0xFF, 0xFF, 0xFF,
0xFF, 0xFF, 0xFF, 0xFF, 0xFF, 0xFC, 0x00, 0x74, 0xFF, 0xFF, 0xFF, 0xFF, 0xFF, 0xFF, 0xFF, 0xFF,
0xFF, 0xFF, 0xFC, 0x00, 0x74, 0xFF, 0xFF, 0x0C, 0x00, 0x00, 0x00, 0x00, 0x00, 0x00, 0x00, 0x00,
0x00, 0x74, 0xFF, 0xFF, 0x0C, 0x00, 0x00, 0x00, 0x00, 0x00, 0x00, 0x00, 0x00, 0x00, 0x74, 0xFF,
0xFF, 0x0C, 0x00, 0x00, 0x00, 0x00, 0x00, 0x00, 0x00, 0x00, 0x00, 0x74, 0xFF, 0xFF, 0x0C, 0x00,
0x00, 0x00, 0x00, 0x00, 0x00, 0x00, 0x00, 0x00, 0x74, 0xFF, 0xFF, 0x0C, 0x00, 0x00, 0x00, 0x00,
0x00, 0x00, 0x00, 0x00, 0x00, 0x74, 0xFF, 0xFF, 0x0C, 0x00, 0x00, 0x00, 0x00, 0x00, 0x00, 0x00,
0x00, 0x00, 0x74, 0xFF, 0xFF, 0x0C, 0x00, 0x00, 0x00, 0x00, 0x00, 0x00, 0x00, 0x00, 0x00, 0x74,
0xFF, 0xFF, 0xFF, 0xFF, 0xFF, 0xFF, 0xFF, 0xFF, 0xFF, 0xFF, 0x3C, 0x00, 0x74, 0xFF, 0xFF, 0xFF,
0xFF, 0xFF, 0xFF, 0xFF, 0xFF, 0xFF, 0xFF, 0x3C, 0x00, 0x74, 0xFF, 0xFF, 0x0C, 0x00, 0x00, 0x00,
0x00, 0x00, 0x00, 0x00, 0x00, 0x00, 0x74, 0xFF, 0xFF, 0x0C, 0x00, 0x00, 0x00, 0x00, 0x00, 0x00,
0x00, 0x00, 0x00, 0x74, 0xFF, 0xFF, 0x0C, 0x00, 0x00, 0x00, 0x00, 0x00, 0x00, 0x00, 0x00, 0x00,
0x74, 0xFF, 0xFF, 0x0C, 0x00, 0x00, 0x00, 0x00, 0x00, 0x00, 0x00, 0x00, 0x00, 0x74, 0xFF, 0xFF,
0x0C, 0x00, 0x00, 0x00, 0x00, 0x00, 0x00, 0x00, 0x00, 0x00, 0x74, 0xFF, 0xFF, 0x0C, 0x00, 0x00,
0x00, 0x00, 0x00, 0x00, 0x00, 0x00, 0x00, 0x74, 0xFF, 0xFF, 0x0C, 0x00, 0x00, 0x00, 0x00, 0x00,
0x00, 0x00, 0x00, 0x00, 0x74, 0xFF, 0xFF, 0x0C, 0x00, 0x00, 0x00, 0x00, 0x00, 0x00, 0x00, 0x00,
0x00, 0x74, 0xFF, 0xFF, 0xFF, 0xFF, 0xFF, 0xFF, 0xFF, 0xFF, 0xFF, 0xFF, 0xFF, 0x20, 0x74, 0xFF,
0xFF, 0xFF, 0xFF, 0xFF, 0xFF, 0xFF, 0xFF, 0xFF, 0xFF, 0xFF, 0x20, 0x00, 0x0E, 0x8C, 0xD9, 0x16,
0x00, 0x00, 0x00, 0x05, 0xD2, 0xA1, 0x04, 0x00, 0x00, 0x06, 0xEA, 0xFF, 0xC3, 0x31, 0x07, 0x29,
0xB0, 0xFF, 0xCD, 0x00, 0x00, 0x00, 0x00, 0x4A, 0xF8, 0xFF, 0xFF, 0xFF, 0xFF, 0xFF, 0xF4, 0x39,
0x00, 0x00, 0x00, 0x00, 0x00, 0x30, 0xA1, 0xE0, 0xF8, 0xDE, 0x9C, 0x23, 0x00, 0x00, 0x00, 0x00,
0x00, 0x00, 0x00, 0x00, 0x00, 0x00, 0x00, 0x00, 0x00, 0x00, 0x00, 0x00, 0x00, 0x00, 0x00, 0x00,
0x00, 0x00, 0x00, 0x00, 0x00, 0x00, 0x00, 0x00, 0x00, 0x00, 0x00, 0x00, 0x23, 0x93, 0xD7, 0xF3,
0xF3, 0xD8, 0xA6, 0x35, 0x00, 0x00, 0x00, 0x00, 0x5E, 0xFA, 0xFF, 0xFF, 0xFF, 0xFF, 0xFF, 0xFF,
0xFD, 0x5D, 0x00, 0x00, 0x3E, 0xFD, 0xFF, 0xC7, 0x47, 0x16, 0x11, 0x47, 0xD5, 0xFF, 0xF4, 0x19,
0x00, 0xCA, 0xFF, 0xC5, 0x04, 0x00, 0x00, 0x00, 0x00, 0x17, 0xF6, 0xFF, 0x71, 0x25, 0xFF, 0xFF,
0x4C, 0x00, 0x00, 0x00, 0x00, 0x00, 0x00, 0xB5, 0xFF, 0xA8, 0x5D, 0xFF, 0xFF, 0x10, 0x00, 0x00,
0x00, 0x00, 0x00, 0x00, 0x97, 0xFF, 0xBC, 0x79, 0xFF, 0xFF, 0xFF, 0xFF, 0xFF, 0xFF, 0xFF, 0xFF,
0xFF, 0xFF, 0xFF, 0xB6, 0x84, 0xFF, 0xFF, 0xFF, 0xFF, 0xFF, 0xFF, 0xFF, 0xFF, 0xFF, 0xFF, 0xFF,
0xA2, 0x79, 0xFF, 0xFA, 0x00, 0x00, 0x00, 0x00, 0x00, 0x00, 0x00, 0x00, 0x00, 0x00, 0x5C, 0xFF,
0xFF, 0x17, 0x00, 0x00, 0x00, 0x00, 0x00, 0x00, 0x00, 0x00, 0x00, 0x25, 0xFF, 0xFF, 0x60, 0x00,
0x00, 0x00, 0x00, 0x00, 0x00, 0x00, 0x00, 0x00, 0x00, 0xC9, 0xFF, 0xE0, 0x14, 0x00, 0x00, 0x00,
0x00, 0x00, 0x28, 0x81, 0x00, 0x00, 0x3D, 0xFE, 0xFF, 0xDF, 0x60, 0x1D, 0x05, 0x1B, 0x74, 0xF2,
0xF5, 0x13, 0x00, 0x00, 0x5F, 0xF9, 0xFF, 0xFF, 0xFF, 0xFF, 0xFF, 0xFF, 0xFF, 0x9C, 0x07, 0x00,
0x00, 0x00, 0x24, 0x93, 0xD7, 0xF4, 0xF6, 0xDB, 0x9B, 0x35, 0x00, 0x00, 0x00, 0x00, 0x17, 0x65,
0xA3, 0xCF, 0xED, 0xF9, 0xF6, 0xE2, 0xB3, 0x6A, 0x09, 0x00, 0x00, 0x00, 0x00, 0x00, 0x00, 0x94,
0xFF, 0xFF, 0xFF, 0xFF, 0xFF, 0xFF, 0xFF, 0xFF, 0xFF, 0xE6, 0x44, 0x00, 0x00, 0x00, 0x00, 0x00,
0x41, 0xC2, 0x72, 0x39, 0x12, 0x04, 0x12, 0x3C, 0x8D, 0xF5, 0xFF, 0xF9, 0x46, 0x00, 0x00, 0x00,
0x00, 0x00, 0x00, 0x00, 0x00, 0x00, 0x00, 0x00, 0x00, 0x00, 0x2A, 0xE4, 0xFF, 0xE3, 0x0E, 0x00,
0x00, 0x00, 0x00, 0x00, 0x00, 0x00, 0x00, 0x00, 0x00, 0x00, 0x00, 0x00, 0x3F, 0xFF, 0xFF, 0x70,
0x00, 0x00, 0x00, 0x00, 0x00, 0x00, 0x00, 0x00, 0x00, 0x00, 0x00, 0x00, 0x00, 0x00, 0xBE, 0xFF,
0xD0, 0x00, 0x00, 0x00, 0x00, 0x00, 0x00, 0x00, 0x00, 0x00, 0x00, 0x00, 0x00, 0x00, 0x00, 0x6C,
0xFF, 0xFF, 0x10, 0x00, 0x00, 0x00, 0x00, 0x00, 0x00, 0x00, 0x00, 0x00, 0x00, 0x00, 0x00, 0x00,
0x32, 0xFF, 0xFF, 0x41, 0x00, 0x00, 0x00, 0x00, 0x00, 0x00, 0x00, 0x00, 0x00, 0x00, 0x00, 0x00,
0x00, 0x10, 0xFF, 0xFF, 0x5F, 0x2E, 0xFF, 0xFF, 0xFF, 0xFF, 0xFF, 0xFF, 0xFF, 0xFF, 0xFF, 0xFF,
0xFF, 0xFF, 0xFF, 0xFF, 0xFF, 0x6D, 0x4F, 0xFF, 0xFF, 0xFF, 0xFF, 0xFF, 0xFF, 0xFF, 0xFF, 0xFF,
0xFF, 0xFF, 0xFF, 0xFF, 0xFF, 0xFF, 0x78, 0x60, 0xFF, 0xFF, 0x4B, 0x00, 0x00, 0x00, 0x00, 0x00,
0x00, 0x00, 0x00, 0x00, 0x07, 0xFF, 0xFF, 0x6D, 0x64, 0xFF, 0xFF, 0x3E, 0x00, 0x00, 0x00, 0x00,
0x00, 0x00, 0x00, 0x00, 0x00, 0x17, 0xFF, 0xFF, 0x5E, 0x56, 0xFF, 0xFF, 0x49, 0x00, 0x00, 0x00,
0x00, 0x00, 0x00, 0x00, 0x00, 0x00, 0x39, 0xFF, 0xFF, 0x3B, 0x3B, 0xFF, 0xFF, 0x6D, 0x00, 0x00,
0x00, 0x00, 0x00, 0x00, 0x00, 0x00, 0x00, 0x6B, 0xFF, 0xFE, 0x0D, 0x0B, 0xFC, 0xFF, 0xAD, 0x00,
0x00, 0x00, 0x00, 0x00, 0x00, 0x00, 0x00, 0x00, 0xBF, 0xFF, 0xC3, 0x00, 0x00, 0xB7, 0xFF, 0xF9,
0x20, 0x00, 0x00, 0x00, 0x00, 0x00, 0x00, 0x00, 0x3D, 0xFF, 0xFF, 0x65, 0x00, 0x00, 0x44, 0xFF,
0xFF, 0xC4, 0x0A, 0x00, 0x00, 0x00, 0x00, 0x00, 0x1E, 0xE1, 0xFF, 0xD7, 0x05, 0x00, 0x00, 0x00,
0x97, 0xFF, 0xFF, 0xD4, 0x53, 0x13, 0x08, 0x26, 0x76, 0xEF, 0xFF, 0xF3, 0x36, 0x00, 0x00, 0x00,
0x00, 0x02, 0x8D, 0xFD, 0xFF, 0xFF, 0xFF, 0xFF, 0xFF, 0xFF, 0xFF, 0xDF, 0x3C, 0x00, 0x00, 0x00,
0x00, 0x00, 0x00, 0x00, 0x2E, 0x93, 0xD5, 0xF1, 0xF8, 0xE3, 0xB8, 0x69, 0x09, 0x00, 0x00, 0x00,
0x00, 0x00, 0x00, 0x1E, 0x88, 0xD0, 0xF1, 0xF6, 0xDF, 0xA2, 0x3B, 0x00, 0x00, 0x00, 0x00, 0x72,
0xF9, 0xFF, 0xFF, 0xFF, 0xFF, 0xFF, 0xFF, 0xFF, 0x8D, 0x00, 0x00, 0x00, 0xD2, 0xFD, 0x94, 0x2A,
0x06, 0x14, 0x47, 0xB8, 0xFF, 0xFF, 0x6E, 0x00, 0x00, 0x5D, 0x50, 0x00, 0x00, 0x00, 0x00, 0x00,
0x01, 0xA7, 0xFF, 0xF1, 0x0A, 0x00, 0x00, 0x00, 0x00, 0x00, 0x00, 0x00, 0x00, 0x00, 0x1E, 0xFD,
0xFF, 0x57, 0x00, 0x00, 0x00, 0x00, 0x00, 0x00, 0x00, 0x00, 0x00, 0x00, 0xCF, 0xFF, 0x8E, 0x00,
0x00, 0x00, 0x00, 0x00, 0x00, 0x00, 0x00, 0x00, 0x00, 0xA7, 0xFF, 0xAC, 0x6E, 0xFF, 0xFF, 0xFF,
0xFF, 0xFF, 0xFF, 0xFF, 0xFF, 0xFF, 0xFF, 0xFF, 0xB8, 0x82, 0xFF, 0xFF, 0xFF, 0xFF, 0xFF, 0xFF,
0xFF, 0xFF, 0xFF, 0xFF, 0xFF, 0xAC, 0x7B, 0xFF, 0xD3, 0x00, 0x00, 0x00, 0x00, 0x00, 0x00, 0x00,
0xB2, 0xFF, 0x90, 0x5F, 0xFF, 0xF0, 0x03, 0x00, 0x00, 0x00, 0x00, 0x00, 0x01, 0xE0, 0xFF, 0x59,
0x1A, 0xFE, 0xFF, 0x60, 0x00, 0x00, 0x00, 0x00, 0x00, 0x61, 0xFF, 0xF1, 0x0C, 0x00, 0x9C, 0xFF,
0xF9, 0x85, 0x25, 0x0A, 0x2C, 0x91, 0xFC, 0xFF, 0x71, 0x00, 0x00, 0x0B, 0xBE, 0xFF, 0xFF, 0xFF,
0xFF, 0xFF, 0xFF, 0xFF, 0x93, 0x01, 0x00, 0x00, 0x00, 0x02, 0x61, 0xBD, 0xEE, 0xFA, 0xE7, 0xAE,
0x44, 0x00, 0x00, 0x00, 0x00, 0x00, 0x00, 0x03, 0xB1, 0xF4, 0x85, 0x00, 0x00, 0x1C, 0xD6, 0xEC,
0x4D, 0x00, 0x00, 0x00, 0x00, 0x00, 0x00, 0x00, 0x28, 0xFF, 0xFF, 0xF0, 0x00, 0x00, 0x64, 0xFF,
0xFF, 0xAF, 0x00, 0x00, 0x00, 0x00, 0x00, 0x00, 0x00, 0x04, 0xB1, 0xF5, 0x85, 0x00, 0x00, 0x1C,
0xD6, 0xEC, 0x4D, 0x00, 0x00, 0x00, 0x00, 0x00, 0x00, 0x00, 0x00, 0x00, 0x00, 0x00, 0x00, 0x00,
0x00, 0x00, 0x00, 0x00, 0x00, 0x00, 0x00, 0x00, 0x00, 0x00, 0x17, 0x65, 0xA3, 0xCF, 0xED, 0xF9,
0xF6, 0xE2, 0xB3, 0x6A, 0x09, 0x00, 0x00, 0x00, 0x00, 0x00, 0x00, 0x94, 0xFF, 0xFF, 0xFF, 0xFF,
0xFF, 0xFF, 0xFF, 0xFF, 0xFF, 0xE6, 0x44, 0x00, 0x00, 0x00, 0x00, 0x00, 0x41, 0xC2, 0x72, 0x39,
0x12, 0x04, 0x12, 0x3C, 0x8D, 0xF5, 0xFF, 0xF9, 0x46, 0x00, 0x00, 0x00, 0x00, 0x00, 0x00, 0x00,
0x00, 0x00, 0x00, 0x00, 0x00, 0x00, 0x2A, 0xE4, 0xFF, 0xE3, 0x0E, 0x00, 0x00, 0x00, 0x00, 0x00,
0x00, 0x00, 0x00, 0x00, 0x00, 0x00, 0x00, 0x00, 0x3F, 0xFF, 0xFF, 0x70, 0x00, 0x00, 0x00, 0x00,
0x00, 0x00, 0x00, 0x00, 0x00, 0x00, 0x00, 0x00, 0x00, 0x00, 0xBE, 0xFF, 0xD0, 0x00, 0x00, 0x00,
0x00, 0x00, 0x00, 0x00, 0x00, 0x00, 0x00, 0x00, 0x00, 0x00, 0x00, 0x6C, 0xFF, 0xFF, 0x10, 0x00,
0x00, 0x00, 0x00, 0x00, 0x00, 0x00, 0x00, 0x00, 0x00, 0x00, 0x00, 0x00, 0x32, 0xFF, 0xFF, 0x41,
0x00, 0x00, 0x00, 0x00, 0x00, 0x00, 0x00, 0x00, 0x00, 0x00, 0x00, 0x00, 0x00, 0x10, 0xFF, 0xFF,
0x5F, 0x2E, 0xFF, 0xFF, 0xFF, 0xFF, 0xFF, 0xFF, 0xFF, 0xFF, 0xFF, 0xFF, 0xFF, 0xFF, 0xFF, 0xFF,
0xFF, 0x6D, 0x4F, 0xFF, 0xFF, 0xFF, 0xFF, 0xFF, 0xFF, 0xFF, 0xFF, 0xFF, 0xFF, 0xFF, 0xFF, 0xFF,
0xFF, 0xFF, 0x78, 0x60, 0xFF, 0xFF, 0x4B, 0x00, 0x00, 0x00, 0x00, 0x00, 0x00, 0x00, 0x00, 0x00,
0x07, 0xFF, 0xFF, 0x6D, 0x64, 0xFF, 0xFF, 0x3E, 0x00, 0x00, 0x00, 0x00, 0x00, 0x00, 0x00, 0x00,
0x00, 0x17, 0xFF, 0xFF, 0x5E, 0x56, 0xFF, 0xFF, 0x49, 0x00, 0x00, 0x00, 0x00, 0x00, 0x00, 0x00,
0x00, 0x00, 0x39, 0xFF, 0xFF, 0x3B, 0x3B, 0xFF, 0xFF, 0x6D, 0x00, 0x00, 0x00, 0x00, 0x00, 0x00,
0x00, 0x00, 0x00, 0x6B, 0xFF, 0xFE, 0x0D, 0x0B, 0xFC, 0xFF, 0xAD, 0x00, 0x00, 0x00, 0x00, 0x00,
0x00, 0x00, 0x00, 0x00, 0xBF, 0xFF, 0xC3, 0x00, 0x00, 0xB7, 0xFF, 0xF9, 0x20, 0x00, 0x00, 0x00,
0x00, 0x00, 0x00, 0x00, 0x3D, 0xFF, 0xFF, 0x65, 0x00, 0x00, 0x44, 0xFF, 0xFF, 0xC4, 0x0A, 0x00,
0x00, 0x00, 0x00, 0x00, 0x1E, 0xE1, 0xFF, 0xD7, 0x05, 0x00, 0x00, 0x00, 0x97, 0xFF, 0xFF, 0xD4,
0x53, 0x13, 0x08, 0x26, 0x76, 0xEF, 0xFF, 0xF3, 0x36, 0x00, 0x00, 0x00, 0x00, 0x02, 0x8D, 0xFD,
0xFF, 0xFF, 0xFF, 0xFF, 0xFF, 0xFF, 0xFF, 0xDF, 0x3C, 0x00, 0x00, 0x00, 0x00, 0x00, 0x00, 0x00,
0x2E, 0x93, 0xD5, 0xF1, 0xF8, 0xE3, 0xB8, 0x69, 0x09, 0x00, 0x00, 0x00, 0x00, 0x00, 0x04, 0xBB,
0xF0, 0x54, 0x00, 0x00, 0x1E, 0xDB, 0xE3, 0x2D, 0x00, 0x00, 0x00, 0x29, 0xFF, 0xFF, 0xB0, 0x00,
0x00, 0x65, 0xFF, 0xFF, 0x7C, 0x00, 0x00, 0x00, 0x05, 0xBB, 0xF1, 0x54, 0x00, 0x00, 0x1F, 0xDB,
0xE3, 0x2E, 0x00, 0x00, 0x00, 0x00, 0x00, 0x00, 0x00, 0x00, 0x00, 0x00, 0x00, 0x00, 0x00, 0x00,
0x00, 0x00, 0x00, 0x00, 0x00, 0x00, 0x00, 0x00, 0x00, 0x00, 0x00, 0x00, 0x00, 0x00, 0x00, 0x00,
0x1E, 0x88, 0xD0, 0xF1, 0xF6, 0xDF, 0xA2, 0x3B, 0x00, 0x00, 0x00, 0x00, 0x72, 0xF9, 0xFF, 0xFF,
0xFF, 0xFF, 0xFF, 0xFF, 0xFF, 0x8D, 0x00, 0x00, 0x00, 0xD2, 0xFD, 0x94, 0x2A, 0x06, 0x14, 0x47,
0xB8, 0xFF, 0xFF, 0x6E, 0x00, 0x00, 0x5D, 0x50, 0x00, 0x00, 0x00, 0x00, 0x00, 0x01, 0xA7, 0xFF,
0xF1, 0x0A, 0x00, 0x00, 0x00, 0x00, 0x00, 0x00, 0x00, 0x00, 0x00, 0x1E, 0xFD, 0xFF, 0x57, 0x00,
0x00, 0x00, 0x00, 0x00, 0x00, 0x00, 0x00, 0x00, 0x00, 0xCF, 0xFF, 0x8E, 0x00, 0x00, 0x00, 0x00,
0x00, 0x00, 0x00, 0x00, 0x00, 0x00, 0xA7, 0xFF, 0xAC, 0x6E, 0xFF, 0xFF, 0xFF, 0xFF, 0xFF, 0xFF,
0xFF, 0xFF, 0xFF, 0xFF, 0xFF, 0xB8, 0x82, 0xFF, 0xFF, 0xFF, 0xFF, 0xFF, 0xFF, 0xFF, 0xFF, 0xFF,
0xFF, 0xFF, 0xAC, 0x7B, 0xFF, 0xD3, 0x00, 0x00, 0x00, 0x00, 0x00, 0x00, 0x00, 0xB2, 0xFF, 0x90,
0x5F, 0xFF, 0xF0, 0x03, 0x00, 0x00, 0x00, 0x00, 0x00, 0x01, 0xE0, 0xFF, 0x59, 0x1A, 0xFE, 0xFF,
0x60, 0x00, 0x00, 0x00, 0x00, 0x00, 0x61, 0xFF, 0xF1, 0x0C, 0x00, 0x9C, 0xFF, 0xF9, 0x85, 0x25,
0x0A, 0x2C, 0x91, 0xFC, 0xFF, 0x71, 0x00, 0x00, 0x0B, 0xBE, 0xFF, 0xFF, 0xFF, 0xFF, 0xFF, 0xFF,
0xFF, 0x93, 0x01, 0x00, 0x00, 0x00, 0x02, 0x61, 0xBD, 0xEE, 0xFA, 0xE7, 0xAE, 0x44, 0x00, 0x00,
0x00, 0x00, 0x00, 0x00, 0x00, 0x00, 0x00, 0x00, 0x03, 0xB1, 0xF4, 0x85, 0x00, 0x00, 0x1C, 0xD6,
0xEC, 0x4D, 0x00, 0x00, 0x00, 0x00, 0x00, 0x00, 0x00, 0x00, 0x00, 0x00, 0x00, 0x00, 0x00, 0x00,
0x00, 0x28, 0xFF, 0xFF, 0xF0, 0x00, 0x00, 0x64, 0xFF, 0xFF, 0xAF, 0x00, 0x00, 0x00, 0x00, 0x00,
0x00, 0x00, 0x00, 0x00, 0x00, 0x00, 0x00, 0x00, 0x00, 0x00, 0x04, 0xB1, 0xF5, 0x85, 0x00, 0x00,
0x1C, 0xD6, 0xEC, 0x4D, 0x00, 0x00, 0x00, 0x00, 0x00, 0x00, 0x00, 0x00, 0x00, 0x00, 0x00, 0x00,
0x00, 0x00, 0x00, 0x00, 0x00, 0x00, 0x00, 0x00, 0x00, 0x00, 0x00, 0x00, 0x00, 0x00, 0x00, 0x00,
0x00, 0x00, 0x00, 0x00, 0x00, 0x45, 0xFE, 0xFF, 0xA2, 0x00, 0x00, 0x00, 0x00, 0x00, 0x00, 0x44,
0xFF, 0xFF, 0x24, 0x00, 0x00, 0x00, 0x00, 0x00, 0x04, 0xCD, 0xFF, 0xE1, 0x0E, 0x00, 0x00, 0x93,
0xFF, 0xFF, 0x4F, 0x00, 0x00, 0x00, 0x00, 0x00, 0x44, 0xFF, 0xFF, 0x24, 0x00, 0x00, 0x00, 0x00,
0x00, 0x7F, 0xFF, 0xFE, 0x41, 0x00, 0x00, 0x00, 0x09, 0xD8, 0xFF, 0xE8, 0x14, 0x00, 0x00, 0x00,
0x00, 0x44, 0xFF, 0xFF, 0x24, 0x00, 0x00, 0x00, 0x00, 0x31, 0xFA, 0xFF, 0x90, 0x00, 0x00, 0x00,
0x00, 0x00, 0x35, 0xFB, 0xFF, 0xA9, 0x00, 0x00, 0x00, 0x00, 0x44, 0xFF, 0xFF, 0x24, 0x00, 0x00,
0x00, 0x06, 0xD2, 0xFF, 0xD7, 0x09, 0x00, 0x00, 0x00, 0x00, 0x00, 0x00, 0x81, 0xFF, 0xFF, 0x57,
0x00, 0x00, 0x00, 0x44, 0xFF, 0xFF, 0x24, 0x00, 0x00, 0x00, 0x86, 0xFF, 0xFB, 0x35, 0x00, 0x00,
0x00, 0x00, 0x00, 0x00, 0x00, 0x04, 0xCB, 0xFF, 0xEC, 0x17, 0x00, 0x00, 0x44, 0xFF, 0xFF, 0x24,
0x00, 0x00, 0x36, 0xFC, 0xFF, 0x80, 0x00, 0x00, 0x00, 0x00, 0x00, 0x00, 0x00, 0x00, 0x00, 0x28,
0xF7, 0xFF, 0xB1, 0x00, 0x00, 0x44, 0xFF, 0xFF, 0x24, 0x00, 0x08, 0xD7, 0xFF, 0xCC, 0x04, 0x00,
0x00, 0x00, 0x00, 0x00, 0x00, 0x00, 0x00, 0x00, 0x00, 0x6F, 0xFF, 0xFF, 0x5F, 0x00, 0x44, 0xFF,
0xFF, 0x24, 0x00, 0x8D, 0xFF, 0xF7, 0x29, 0x00, 0x00, 0x00, 0x00, 0x00, 0x00, 0x00, 0x00, 0x00,
0x00, 0x00, 0x01, 0xBC, 0xFF, 0xF0, 0x1C, 0x44, 0xFF, 0xFF, 0x24, 0x3B, 0xFD, 0xFF, 0x6F, 0x00,
0x00, 0x00, 0x00, 0x00, 0x00, 0x00, 0x00, 0x00, 0x00, 0x00, 0x00, 0x00, 0x12, 0xB1, 0xFF, 0xFF,
0xFF, 0xFF, 0xFF, 0xC1, 0xF7, 0xFF, 0x6B, 0x00, 0x00, 0x00, 0x00, 0x00, 0x00, 0x00, 0x00, 0x00,
0x00, 0x00, 0x00, 0x00, 0x00, 0x00, 0x75, 0xFF, 0xF4, 0xC8, 0xFF, 0xFF, 0xFF, 0xFF, 0xFF, 0xCC,
0x1A, 0x00, 0x00, 0x00, 0x00, 0x00, 0x00, 0x00, 0x00, 0x00, 0x00, 0x00, 0x00, 0x00, 0x88, 0xFF,
0xF9, 0x2C, 0x44, 0xFF, 0xFF, 0x24, 0x2D, 0xF9, 0xFF, 0xD0, 0x05, 0x00, 0x00, 0x00, 0x00, 0x00,
0x00, 0x00, 0x00, 0x00, 0x00, 0x00, 0x3E, 0xFE, 0xFF, 0x7C, 0x00, 0x44, 0xFF, 0xFF, 0x24, 0x00,
0x7E, 0xFF, 0xFF, 0x82, 0x00, 0x00, 0x00, 0x00, 0x00, 0x00, 0x00, 0x00, 0x00, 0x00, 0x0C, 0xDE,
0xFF, 0xCE, 0x04, 0x00, 0x44, 0xFF, 0xFF, 0x24, 0x00, 0x04, 0xCE, 0xFF, 0xFB, 0x32, 0x00, 0x00,
0x00, 0x00, 0x00, 0x00, 0x00, 0x00, 0x00, 0x9A, 0xFF, 0xFA, 0x2E, 0x00, 0x00, 0x44, 0xFF, 0xFF,
0x24, 0x00, 0x00, 0x2F, 0xFA, 0xFF, 0xD2, 0x06, 0x00, 0x00, 0x00, 0x00, 0x00, 0x00, 0x00, 0x48,
0xFF, 0xFF, 0x7E, 0x00, 0x00, 0x00, 0x44, 0xFF, 0xFF, 0x24, 0x00, 0x00, 0x00, 0x80, 0xFF, 0xFF,
0x84, 0x00, 0x00, 0x00, 0x00, 0x00, 0x00, 0x11, 0xE5, 0xFF, 0xCF, 0x05, 0x00, 0x00, 0x00, 0x44,
0xFF, 0xFF, 0x24, 0x00, 0x00, 0x00, 0x05, 0xD0, 0xFF, 0xFB, 0x34, 0x00, 0x00, 0x00, 0x00, 0x00,
0xA5, 0xFF, 0xFA, 0x2F, 0x00, 0x00, 0x00, 0x00, 0x44, 0xFF, 0xFF, 0x24, 0x00, 0x00, 0x00, 0x00,
0x30, 0xFA, 0xFF, 0xD4, 0x07, 0x00, 0x00, 0x00, 0x53, 0xFF, 0xFF, 0x80, 0x00, 0x00, 0x00, 0x00,
0x00, 0x44, 0xFF, 0xFF, 0x24, 0x00, 0x00, 0x00, 0x00, 0x00, 0x82, 0xFF, 0xFF, 0x87, 0x00, 0x00,
0x17, 0xEB, 0xFF, 0xD1, 0x05, 0x00, 0x00, 0x00, 0x00, 0x00, 0x44, 0xFF, 0xFF, 0x24, 0x00, 0x00,
0x00, 0x00, 0x00, 0x05, 0xD1, 0xFF, 0xFC, 0x35, 0x00, 0xB0, 0xFF, 0xFB, 0x31, 0x00, 0x00, 0x00,
0x00, 0x00, 0x00, 0x44, 0xFF, 0xFF, 0x24, 0x00, 0x00, 0x00, 0x00, 0x00, 0x00, 0x32, 0xFB, 0xFF,
0xD6, 0x07, 0x00, 0x00, 0x00, 0x00, 0x00, 0x04, 0xBB, 0xF0, 0x54, 0x00, 0x00, 0x1E, 0xDB, 0xE3,
0x2D, 0x00, 0x00, 0x00, 0x00, 0x00, 0x00, 0x00, 0x00, 0x00, 0x00, 0x29, 0xFF, 0xFF, 0xB0, 0x00,
0x00, 0x65, 0xFF, 0xFF, 0x7C, 0x00, 0x00, 0x00, 0x00, 0x00, 0x00, 0x00, 0x00, 0x00, 0x00, 0x05,
0xBB, 0xF1, 0x54, 0x00, 0x00, 0x1F, 0xDB, 0xE3, 0x2E, 0x00, 0x00, 0x00, 0x00, 0x00, 0x00, 0x00,
0x00, 0x00, 0x00, 0x00, 0x00, 0x00, 0x00, 0x00, 0x00, 0x00, 0x00, 0x00, 0x00, 0x00, 0x00, 0x00,
0x00, 0x00, 0x00, 0x00, 0x00, 0x00, 0x00, 0x00, 0x00, 0x00, 0x00, 0x00, 0x00, 0x00, 0x00, 0x00,
0x00, 0x00, 0x00, 0x00, 0x00, 0x00, 0x4F, 0xFF, 0xFE, 0x41, 0x00, 0x00, 0x00, 0x00, 0x64, 0xFF,
0xF4, 0x00, 0x00, 0x00, 0x00, 0x07, 0xCF, 0xFF, 0xAC, 0x00, 0x00, 0xA6, 0xFF, 0xE1, 0x0F, 0x00,
0x00, 0x00, 0x64, 0xFF, 0xF4, 0x00, 0x00, 0x00, 0x00, 0x95, 0xFF, 0xDF, 0x10, 0x00, 0x00, 0x13,
0xE9, 0xFF, 0xA1, 0x00, 0x00, 0x00, 0x64, 0xFF, 0xF4, 0x00, 0x00, 0x00, 0x53, 0xFF, 0xFA, 0x36,
0x00, 0x00, 0x00, 0x00, 0x54, 0xFF, 0xFF, 0x52, 0x00, 0x00, 0x64, 0xFF, 0xF4, 0x00, 0x00, 0x20,
0xEF, 0xFF, 0x73, 0x00, 0x00, 0x00, 0x00, 0x00, 0x00, 0xAA, 0xFF, 0xEB, 0x17, 0x00, 0x64, 0xFF,
0xF4, 0x00, 0x05, 0xC9, 0xFF, 0xB4, 0x01, 0x00, 0x00, 0x00, 0x00, 0x00, 0x00, 0x15, 0xEA, 0xFF,
0xB2, 0x00, 0x64, 0xFF, 0xF4, 0x25, 0x9D, 0xFF, 0xD0, 0x13, 0x00, 0x00, 0x00, 0x00, 0x00, 0x00,
0x00, 0x00, 0x22, 0xC8, 0xFF, 0xFF, 0xFF, 0xFF, 0xFF, 0xFF, 0xFF, 0xF7, 0x27, 0x00, 0x00, 0x00,
0x00, 0x00, 0x00, 0x00, 0x00, 0x00, 0x0A, 0xB3, 0xFF, 0xFF, 0xFF, 0xFF, 0xFF, 0xFF, 0xFF, 0xFF,
0xE8, 0x2F, 0x00, 0x00, 0x00, 0x00, 0x00, 0x00, 0x00, 0x00, 0x9D, 0xFF, 0xF9, 0x5B, 0x72, 0xFF,
0xF4, 0x00, 0x30, 0xFB, 0xFF, 0xD0, 0x03, 0x00, 0x00, 0x00, 0x00, 0x00, 0x00, 0x48, 0xFF, 0xFF,
0x7A, 0x00, 0x64, 0xFF, 0xF4, 0x00, 0x00, 0x8A, 0xFF, 0xFF, 0x6E, 0x00, 0x00, 0x00, 0x00, 0x00,
0x0F, 0xE3, 0xFF, 0xCB, 0x04, 0x00, 0x64, 0xFF, 0xF4, 0x00, 0x00, 0x0A, 0xDF, 0xFF, 0xF1, 0x18,
0x00, 0x00, 0x00, 0x00, 0xA0, 0xFF, 0xF8, 0x2B, 0x00, 0x00, 0x64, 0xFF, 0xF4, 0x00, 0x00, 0x00,
0x48, 0xFF, 0xFF, 0xA4, 0x00, 0x00, 0x00, 0x4B, 0xFF, 0xFF, 0x78, 0x00, 0x00, 0x00, 0x64, 0xFF,
0xF4, 0x00, 0x00, 0x00, 0x00, 0xA7, 0xFF, 0xFF, 0x40, 0x00, 0x10, 0xE5, 0xFF, 0xC9, 0x03, 0x00,
0x00, 0x00, 0x64, 0xFF, 0xF4, 0x00, 0x00, 0x00, 0x00, 0x17, 0xEE, 0xFF, 0xD5, 0x05, 0xA2, 0xFF,
0xF8, 0x29, 0x00, 0x00, 0x00, 0x00, 0x64, 0xFF, 0xF4, 0x00, 0x00, 0x00, 0x00, 0x00, 0x65, 0xFF,
0xFF, 0x76, 0x00, 0x03, 0xB1, 0xF4, 0x85, 0x00, 0x00, 0x1C, 0xD6, 0xEC, 0x4D, 0x00, 0x00, 0x00,
0x00, 0x28, 0xFF, 0xFF, 0xF0, 0x00, 0x00, 0x64, 0xFF, 0xFF, 0xAF, 0x00, 0x00, 0x00, 0x00, 0x04,
0xB1, 0xF5, 0x85, 0x00, 0x00, 0x1C, 0xD6, 0xEC, 0x4D, 0x00, 0x00, 0x00, 0x00, 0x00, 0x00, 0x00,
0x00, 0x00, 0x00, 0x00, 0x00, 0x00, 0x00, 0x00, 0x00, 0x00, 0x02, 0x43, 0x8A, 0xBD, 0xE3, 0xF4,
0xFA, 0xE3, 0xC7, 0x8D, 0x25, 0x00, 0x00, 0x00, 0x10, 0xFA, 0xFF, 0xFF, 0xFF, 0xFF, 0xFF, 0xFF,
0xFF, 0xFF, 0xFB, 0x6E, 0x00, 0x00, 0x00, 0xA4, 0x8C, 0x44, 0x19, 0x07, 0x0C, 0x2B, 0x83, 0xF3,
0xFF, 0xFE, 0x43, 0x00, 0x00, 0x00, 0x00, 0x00, 0x00, 0x00, 0x00, 0x00, 0x00, 0x40, 0xFF, 0xFF,
0xB2, 0x00, 0x00, 0x00, 0x00, 0x00, 0x00, 0x00, 0x00, 0x00, 0x00, 0x00, 0xD5, 0xFF, 0xDE, 0x00,
0x00, 0x00, 0x00, 0x00, 0x00, 0x00, 0x00, 0x00, 0x00, 0x00, 0xBF, 0xFF, 0xD3, 0x00, 0x00, 0x00,
0x00, 0x00, 0x00, 0x00, 0x00, 0x00, 0x00, 0x0A, 0xEC, 0xFF, 0x94, 0x00, 0x00, 0x00, 0x00, 0x00,
0x00, 0x00, 0x00, 0x00, 0x05, 0xA7, 0xFF, 0xF0, 0x19, 0x00, 0x00, 0x00, 0x00, 0x00, 0x02, 0x0E,
0x29, 0x6A, 0xD7, 0xFF, 0xE6, 0x31, 0x00, 0x00, 0x00, 0x00, 0x00, 0xD4, 0xFF, 0xFF, 0xFF, 0xFF,
0xFE, 0x80, 0x09, 0x00, 0x00, 0x00, 0x00, 0x00, 0x00, 0xD4, 0xFF, 0xFF, 0xFF, 0xFF, 0xFF, 0xFF,
0xCF, 0x46, 0x00, 0x00, 0x00, 0x00, 0x00, 0x00, 0x00, 0x06, 0x20, 0x4C, 0x98, 0xF7, 0xFF, 0xFE,
0x73, 0x00, 0x00, 0x00, 0x00, 0x00, 0x00, 0x00, 0x00, 0x00, 0x00, 0x20, 0xDF, 0xFF, 0xFB, 0x1F,
0x00, 0x00, 0x00, 0x00, 0x00, 0x00, 0x00, 0x00, 0x00, 0x00, 0x57, 0xFF, 0xFF, 0x6B, 0x00, 0x00,
0x00, 0x00, 0x00, 0x00, 0x00, 0x00, 0x00, 0x00, 0x21, 0xFF, 0xFF, 0x85, 0x00, 0x00, 0x00, 0x00,
0x00, 0x00, 0x00, 0x00, 0x00, 0x00, 0x2B, 0xFF, 0xFF, 0x73, 0x00, 0x00, 0x00, 0x00, 0x00, 0x00,
0x00, 0x00, 0x00, 0x00, 0x79, 0xFF, 0xFF, 0x40, 0x00, 0x00, 0x00, 0x00, 0x00, 0x00, 0x00, 0x00,
0x00, 0x37, 0xF4, 0xFF, 0xD4, 0x01, 0x35, 0xC0, 0x68, 0x31, 0x10, 0x04, 0x14, 0x3A, 0x8E, 0xF8,
0xFF, 0xF1, 0x30, 0x00, 0x87, 0xFF, 0xFF, 0xFF, 0xFF, 0xFF, 0xFF, 0xFF, 0xFF, 0xFF, 0xD2, 0x2F,
0x00, 0x00, 0x19, 0x74, 0xB8, 0xE0, 0xF5, 0xFD, 0xF4, 0xD7, 0xA4, 0x50, 0x03, 0x00, 0x00, 0x00,
0x04, 0xBB, 0xF0, 0x54, 0x00, 0x00, 0x1E, 0xDB, 0xE3, 0x2D, 0x00, 0x29, 0xFF, 0xFF, 0xB0, 0x00,
0x00, 0x65, 0xFF, 0xFF, 0x7C, 0x00, 0x05, 0xBB, 0xF1, 0x54, 0x00, 0x00, 0x1F, 0xDB, 0xE3, 0x2E,
0x00, 0x00, 0x00, 0x00, 0x00, 0x00, 0x00, 0x00, 0x00, 0x00, 0x00, 0x00, 0x00, 0x00, 0x00, 0x00,
0x00, 0x00, 0x00, 0x00, 0x00, 0x00, 0x00, 0x1E, 0x74, 0xB6, 0xE3, 0xF6, 0xFB, 0xEA, 0xBC, 0x5F,
0x01, 0x00, 0xA1, 0xFF, 0xFF, 0xFF, 0xFF, 0xFF, 0xFF, 0xFF, 0xFF, 0x91, 0x00, 0x47, 0xB6, 0x55,
0x18, 0x05, 0x12, 0x48, 0xD7, 0xFF, 0xFC, 0x11, 0x00, 0x00, 0x00, 0x00, 0x00, 0x00, 0x00, 0x4C,
0xFF, 0xFF, 0x25, 0x00, 0x00, 0x00, 0x00, 0x00, 0x00, 0x00, 0x65, 0xFF, 0xE7, 0x04, 0x00, 0x00,
0x00, 0x00, 0x00, 0x18, 0x71, 0xF8, 0xFB, 0x50, 0x00, 0x00, 0x00, 0x40, 0xFF, 0xFF, 0xFF, 0xFF,
0xE3, 0x3D, 0x00, 0x00, 0x00, 0x00, 0x40, 0xFF, 0xFF, 0xFF, 0xFF, 0xFF, 0xF5, 0x7C, 0x00, 0x00,
0x00, 0x00, 0x00, 0x01, 0x0F, 0x3C, 0xB9, 0xFF, 0xFF, 0x4A, 0x00, 0x00, 0x00, 0x00, 0x00, 0x00,
0x00, 0x06, 0xDD, 0xFF, 0xA3, 0x00, 0x00, 0x00, 0x00, 0x00, 0x00, 0x00, 0x00, 0xB2, 0xFF, 0xBC,
0x00, 0x00, 0x00, 0x00, 0x00, 0x00, 0x00, 0x0C, 0xE6, 0xFF, 0x9E, 0x56, 0xA3, 0x46, 0x21, 0x07,
0x16, 0x47, 0xC5, 0xFF, 0xFE, 0x3A, 0xB0, 0xFF, 0xFF, 0xFF, 0xFF, 0xFF, 0xFF, 0xFF, 0xF9, 0x69,
0x00, 0x25, 0x8A, 0xD2, 0xF3, 0xFC, 0xF1, 0xCE, 0x8C, 0x24, 0x00, 0x00, 0x4C, 0xFF, 0xFF, 0xFF,
0xFF, 0xFF, 0xFF, 0xFF, 0xFF, 0xFF, 0xFF, 0xFF, 0xFE, 0x1F, 0x4C, 0xFF, 0xFF, 0xFF, 0xFF, 0xFF,
0xFF, 0xFF, 0xEB, 0xDF, 0xFF, 0xFF, 0x82, 0x00, 0x00, 0x00, 0x00, 0x00, 0x00, 0x00, 0x00, 0x00,
0x1D, 0xDE, 0xFF, 0xB5, 0x02, 0x00, 0x00, 0x00, 0x00, 0x00, 0x00, 0x00, 0x00, 0x0C, 0xD4, 0xFF,
0xDB, 0x10, 0x00, 0x00, 0x00, 0x00, 0x00, 0x00, 0x00, 0x00, 0x00, 0xA9, 0xFF, 0xF4, 0x2B, 0x00,
0x00, 0x00, 0x00, 0x00, 0x00, 0x00, 0x00, 0x00, 0x74, 0xFF, 0xFF, 0x55, 0x00, 0x00, 0x00, 0x00,
0x00, 0x00, 0x00, 0x00, 0x00, 0x40, 0xFC, 0xFF, 0x88, 0x00, 0x00, 0x00, 0x00, 0x00, 0x00, 0x00,
0x00, 0x00, 0x1C, 0xE9, 0xFF, 0xBA, 0x03, 0x00, 0x00, 0x00, 0x00, 0x00, 0x00, 0x00, 0x00, 0x06,
0xC8, 0xFF, 0xC5, 0x11, 0x00, 0x00, 0x00, 0x00, 0x00, 0x00, 0x00, 0x00, 0x00, 0x99, 0xFF, 0xFF,
0xE0, 0xF8, 0xE4, 0xB1, 0x5E, 0x06, 0x00, 0x00, 0x00, 0x00, 0x1D, 0xFF, 0xFF, 0xFF, 0xFF, 0xFF,
0xFF, 0xFF, 0xFF, 0xD6, 0x28, 0x00, 0x00, 0x00, 0x00, 0x00, 0x00, 0x01, 0x0C, 0x29, 0x60, 0xBF,
0xFF, 0xFF, 0xE5, 0x11, 0x00, 0x00, 0x00, 0x00, 0x00, 0x00, 0x00, 0x00, 0x00, 0x00, 0x6B, 0xFF,
0xFF, 0x84, 0x00, 0x00, 0x00, 0x00, 0x00, 0x00, 0x00, 0x00, 0x00, 0x00, 0x00, 0xBB, 0xFF, 0xD0,
0x00, 0x00, 0x00, 0x00, 0x00, 0x00, 0x00, 0x00, 0x00, 0x00, 0x00, 0x7F, 0xFF, 0xE8, 0x00, 0x00,
0x00, 0x00, 0x00, 0x00, 0x00, 0x00, 0x00, 0x00, 0x00, 0x88, 0xFF, 0xD5, 0x00, 0x00, 0x00, 0x00,
0x00, 0x00, 0x00, 0x00, 0x00, 0x00, 0x05, 0xD9, 0xFF, 0x9A, 0x00, 0x00, 0x00, 0x00, 0x00, 0x00,
0x00, 0x00, 0x00, 0x06, 0xA2, 0xFF, 0xFB, 0x2E, 0x00, 0xC2, 0x86, 0x46, 0x1B, 0x06, 0x09, 0x29,
0x6D, 0xDB, 0xFF, 0xFF, 0x72, 0x00, 0x30, 0xFF, 0xFF, 0xFF, 0xFF, 0xFF, 0xFF, 0xFF, 0xFF, 0xFF,
0xED, 0x5E, 0x00, 0x00, 0x06, 0x55, 0x9A, 0xCC, 0xEE, 0xFB, 0xF6, 0xE1, 0xB3, 0x69, 0x0F, 0x00,
0x00, 0x00, 0xBC, 0xFF, 0xFF, 0xFF, 0xFF, 0xFF, 0xFF, 0xFF, 0xFF, 0xFF, 0xF8, 0x05, 0xBC, 0xFF,
0xFF, 0xFF, 0xFF, 0xFF, 0xF6, 0xD9, 0xFE, 0xFF, 0x7F, 0x00, 0x00, 0x00, 0x00, 0x00, 0x00, 0x00,
0x01, 0x9C, 0xFF, 0xD7, 0x06, 0x00, 0x00, 0x00, 0x00, 0x00, 0x00, 0x00, 0x78, 0xFF, 0xFE, 0x3D,
0x00, 0x00, 0x00, 0x00, 0x00, 0x00, 0x00, 0x1E, 0xF5, 0xFF, 0x9A, 0x00, 0x00, 0x00, 0x00, 0x00,
0x00, 0x00, 0x00, 0xAE, 0xFF, 0xE8, 0x10, 0x00, 0x00, 0x00, 0x00, 0x00, 0x00, 0x00, 0x49, 0xFF,
0xFF, 0x57, 0x00, 0x00, 0x00, 0x00, 0x00, 0x00, 0x00, 0x08, 0xDC, 0xFF, 0xB5, 0x00, 0x00, 0x00,
0x00, 0x00, 0x00, 0x00, 0x00, 0x7F, 0xFF, 0xD1, 0x19, 0x00, 0x00, 0x00, 0x00, 0x00, 0x00, 0x00,
0x22, 0xF7, 0xFF, 0xE5, 0xF7, 0xD9, 0x8D, 0x19, 0x00, 0x00, 0x00, 0x00, 0x87, 0xFF, 0xFF, 0xFF,
0xFF, 0xFF, 0xFF, 0xEB, 0x35, 0x00, 0x00, 0x00, 0x00, 0x00, 0x02, 0x1B, 0x40, 0xAA, 0xFD, 0xFF,
0xE5, 0x0B, 0x00, 0x00, 0x00, 0x00, 0x00, 0x00, 0x00, 0x00, 0x5B, 0xFF, 0xFF, 0x6B, 0x00, 0x00,
0x00, 0x00, 0x00, 0x00, 0x00, 0x00, 0x00, 0xCB, 0xFF, 0xAD, 0x00, 0x00, 0x00, 0x00, 0x00, 0x00,
0x00, 0x00, 0x00, 0x99, 0xFF, 0xC1, 0x00, 0x00, 0x00, 0x00, 0x00, 0x00, 0x00, 0x00, 0x00, 0xA1,
0xFF, 0xAF, 0x00, 0x00, 0x00, 0x00, 0x00, 0x00, 0x00, 0x00, 0x06, 0xE3, 0xFF, 0x79, 0x00, 0x00,
0x00, 0x00, 0x00, 0x00, 0x00, 0x01, 0x8F, 0xFF, 0xF6, 0x1D, 0x4F, 0xB8, 0x4F, 0x16, 0x04, 0x13,
0x50, 0xCC, 0xFF, 0xFF, 0x6C, 0x00, 0xA8, 0xFF, 0xFF, 0xFF, 0xFF, 0xFF, 0xFF, 0xFF, 0xF6, 0x69,
0x00, 0x00, 0x22, 0x84, 0xD0, 0xF2, 0xFC, 0xEE, 0xC7, 0x81, 0x1B, 0x00, 0x00, 0x00, 0x00, 0x00,
0x00, 0x34, 0xFF, 0xFF, 0xFF, 0xFF, 0xFF, 0xFF, 0xFF, 0xFF, 0xFF, 0x48, 0x00, 0x00, 0x00, 0x00,
0x00, 0x34, 0xFF, 0xFF, 0xFF, 0xFF, 0xFF, 0xFF, 0xFF, 0xFF, 0xFF, 0x48, 0x00, 0x00, 0x00, 0x00,
0x00, 0x00, 0x00, 0x00, 0x00, 0x00, 0x00, 0x00, 0x00, 0x00, 0x00, 0x00, 0x00, 0x00, 0x00, 0x00,
0x00, 0x00, 0x00, 0x00, 0x00, 0x00, 0x00, 0x00, 0x00, 0x00, 0x00, 0x00, 0x00, 0x00, 0x74, 0xFF,
0xFF, 0x0C, 0x00, 0x00, 0x00, 0x00, 0x00, 0x00, 0x00, 0x00, 0x00, 0x11, 0xE2, 0xE0, 0x74, 0xFF,
0xFF, 0x0C, 0x00, 0x00, 0x00, 0x00, 0x00, 0x00, 0x00, 0x00, 0x00, 0xAC, 0xFF, 0xE0, 0x74, 0xFF,
0xFF, 0x0C, 0x00, 0x00, 0x00, 0x00, 0x00, 0x00, 0x00, 0x00, 0x66, 0xFF, 0xFF, 0xE0, 0x74, 0xFF,
0xFF, 0x0C, 0x00, 0x00, 0x00, 0x00, 0x00, 0x00, 0x00, 0x28, 0xF5, 0xFF, 0xFF, 0xE0, 0x74, 0xFF,
0xFF, 0x0C, 0x00, 0x00, 0x00, 0x00, 0x00, 0x00, 0x07, 0xCF, 0xFF, 0xD7, 0xFF, 0xE0, 0x74, 0xFF,
0xFF, 0x0C, 0x00, 0x00, 0x00, 0x00, 0x00, 0x00, 0x90, 0xFF, 0xD8, 0x88, 0xFF, 0xE0, 0x74, 0xFF,
0xFF, 0x0C, 0x00, 0x00, 0x00, 0x00, 0x00, 0x49, 0xFE, 0xFF, 0x53, 0x96, 0xFF, 0xE0, 0x74, 0xFF,
0xFF, 0x0C, 0x00, 0x00, 0x00, 0x00, 0x17, 0xE9, 0xFF, 0xAC, 0x00, 0x9C, 0xFF, 0xE0, 0x74, 0xFF,
0xFF, 0x0C, 0x00, 0x00, 0x00, 0x01, 0xB7, 0xFF, 0xE3, 0x12, 0x00, 0x9C, 0xFF, 0xE0, 0x74, 0xFF,
0xFF, 0x0C, 0x00, 0x00, 0x00, 0x72, 0xFF, 0xFD, 0x40, 0x00, 0x00, 0x9C, 0xFF, 0xE0, 0x74, 0xFF,
0xFF, 0x0C, 0x00, 0x00, 0x31, 0xF9, 0xFF, 0x86, 0x00, 0x00, 0x00, 0x9C, 0xFF, 0xE0, 0x74, 0xFF,
0xFF, 0x0C, 0x00, 0x0A, 0xD8, 0xFF, 0xCA, 0x05, 0x00, 0x00, 0x00, 0x9C, 0xFF, 0xE0, 0x74, 0xFF,
0xFF, 0x0C, 0x00, 0x9C, 0xFF, 0xF3, 0x24, 0x00, 0x00, 0x00, 0x00, 0x9C, 0xFF, 0xE0, 0x74, 0xFF,
0xFF, 0x0C, 0x54, 0xFF, 0xFF, 0x61, 0x00, 0x00, 0x00, 0x00, 0x00, 0x9C, 0xFF, 0xE0, 0x74, 0xFF,
0xFF, 0x11, 0xE8, 0xFF, 0xAA, 0x00, 0x00, 0x00, 0x00, 0x00, 0x00, 0x9C, 0xFF, 0xE0, 0x74, 0xFF,
0xF1, 0x6F, 0xFF, 0xE2, 0x11, 0x00, 0x00, 0x00, 0x00, 0x00, 0x00, 0x9C, 0xFF, 0xE0, 0x74, 0xFF,
0xE5, 0xE4, 0xFD, 0x3E, 0x00, 0x00, 0x00, 0x00, 0x00, 0x00, 0x00, 0x9C, 0xFF, 0xE0, 0x74, 0xFF,
0xFF, 0xFF, 0x84, 0x00, 0x00, 0x00, 0x00, 0x00, 0x00, 0x00, 0x00, 0x9C, 0xFF, 0xE0, 0x74, 0xFF,
0xFF, 0xC9, 0x04, 0x00, 0x00, 0x00, 0x00, 0x00, 0x00, 0x00, 0x00, 0x9C, 0xFF, 0xE0, 0x74, 0xFF,
0xF3, 0x23, 0x00, 0x00, 0x00, 0x00, 0x00, 0x00, 0x00, 0x00, 0x00, 0x9C, 0xFF, 0xE0, 0x74, 0xFF,
0x5F, 0x00, 0x00, 0x00, 0x00, 0x00, 0x00, 0x00, 0x00, 0x00, 0x00, 0x9C, 0xFF, 0xE0, 0x00, 0x34,
0xFF, 0xFF, 0xFF, 0xFF, 0xFF, 0xFF, 0xFF, 0xFF, 0xB0, 0x00, 0x00, 0x00, 0x34, 0xFF, 0xFF, 0xFF,
0xFF, 0xFF, 0xFF, 0xFF, 0xFF, 0xB0, 0x00, 0x00, 0x00, 0x00, 0x00, 0x00, 0x00, 0x00, 0x00, 0x00,
0x00, 0x00, 0x00, 0x00, 0x00, 0x00, 0x00, 0x00, 0x00, 0x00, 0x00, 0x00, 0x00, 0x00, 0x00, 0x00,
0x00, 0x00, 0x00, 0x00, 0x00, 0x00, 0x00, 0x00, 0x00, 0x00, 0x00, 0x00, 0x00, 0x00, 0x00, 0xB0,
0xFF, 0xB4, 0x00, 0x00, 0x00, 0x00, 0x00, 0x00, 0x01, 0xB6, 0xFF, 0x10, 0xB0, 0xFF, 0xB4, 0x00,
0x00, 0x00, 0x00, 0x00, 0x00, 0x76, 0xFF, 0xFF, 0x10, 0xB0, 0xFF, 0xB4, 0x00, 0x00, 0x00, 0x00,
0x00, 0x39, 0xFB, 0xFF, 0xFF, 0x10, 0xB0, 0xFF, 0xB4, 0x00, 0x00, 0x00, 0x00, 0x11, 0xE1, 0xFF,
0xFF, 0xFF, 0x10, 0xB0, 0xFF, 0xB4, 0x00, 0x00, 0x00, 0x00, 0xB1, 0xFF, 0xC5, 0xFF, 0xFF, 0x10,
0xB0, 0xFF, 0xB4, 0x00, 0x00, 0x00, 0x71, 0xFF, 0xD8, 0x54, 0xFF, 0xFF, 0x10, 0xB0, 0xFF, 0xB4,
0x00, 0x00, 0x35, 0xFA, 0xFA, 0x37, 0x53, 0xFF, 0xFF, 0x10, 0xB0, 0xFF, 0xB4, 0x00, 0x0F, 0xDE,
0xFF, 0x6E, 0x00, 0x54, 0xFF, 0xFF, 0x10, 0xB0, 0xFF, 0xB4, 0x00, 0xAC, 0xFF, 0xAA, 0x00, 0x00,
0x54, 0xFF, 0xFF, 0x10, 0xB0, 0xFF, 0xAF, 0x5E, 0xFF, 0xD9, 0x0D, 0x00, 0x00, 0x54, 0xFF, 0xFF,
0x10, 0xB0, 0xFF, 0xBA, 0xEB, 0xF5, 0x2C, 0x00, 0x00, 0x00, 0x54, 0xFF, 0xFF, 0x10, 0xB0, 0xFF,
0xFF, 0xFF, 0x5E, 0x00, 0x00, 0x00, 0x00, 0x54, 0xFF, 0xFF, 0x10, 0xB0, 0xFF, 0xFF, 0x9A, 0x00,
0x00, 0x00, 0x00, 0x00, 0x54, 0xFF, 0xFF, 0x10, 0xB0, 0xFF, 0xCE, 0x08, 0x00, 0x00, 0x00, 0x00,
0x00, 0x54, 0xFF, 0xFF, 0x10, 0xB0, 0xEF, 0x22, 0x00, 0x00, 0x00, 0x00, 0x00, 0x00, 0x54, 0xFF,
0xFF, 0x10, 0x00, 0x00, 0x00, 0x03, 0xB1, 0xF4, 0x85, 0x00, 0x00, 0x1C, 0xD6, 0xEC, 0x4D, 0x00,
0x00, 0x00, 0x00, 0x00, 0x00, 0x28, 0xFF, 0xFF, 0xF0, 0x00, 0x00, 0x64, 0xFF, 0xFF, 0xAF, 0x00,
0x00, 0x00, 0x00, 0x00, 0x00, 0x04, 0xB1, 0xF5, 0x85, 0x00, 0x00, 0x1C, 0xD6, 0xEC, 0x4D, 0x00,
0x00, 0x00, 0x00, 0x00, 0x00, 0x00, 0x00, 0x00, 0x00, 0x00, 0x00, 0x00, 0x00, 0x00, 0x00, 0x00,
0x00, 0x00, 0x74, 0xFF, 0xFF, 0x0C, 0x00, 0x00, 0x00, 0x00, 0x00, 0x00, 0x00, 0x00, 0x00, 0x11,
0xE2, 0xE0, 0x74, 0xFF, 0xFF, 0x0C, 0x00, 0x00, 0x00, 0x00, 0x00, 0x00, 0x00, 0x00, 0x00, 0xAC,
0xFF, 0xE0, 0x74, 0xFF, 0xFF, 0x0C, 0x00, 0x00, 0x00, 0x00, 0x00, 0x00, 0x00, 0x00, 0x66, 0xFF,
0xFF, 0xE0, 0x74, 0xFF, 0xFF, 0x0C, 0x00, 0x00, 0x00, 0x00, 0x00, 0x00, 0x00, 0x28, 0xF5, 0xFF,
0xFF, 0xE0, 0x74, 0xFF, 0xFF, 0x0C, 0x00, 0x00, 0x00, 0x00, 0x00, 0x00, 0x07, 0xCF, 0xFF, 0xD7,
0xFF, 0xE0, 0x74, 0xFF, 0xFF, 0x0C, 0x00, 0x00, 0x00, 0x00, 0x00, 0x00, 0x90, 0xFF, 0xD8, 0x88,
0xFF, 0xE0, 0x74, 0xFF, 0xFF, 0x0C, 0x00, 0x00, 0x00, 0x00, 0x00, 0x49, 0xFE, 0xFF, 0x53, 0x96,
0xFF, 0xE0, 0x74, 0xFF, 0xFF, 0x0C, 0x00, 0x00, 0x00, 0x00, 0x17, 0xE9, 0xFF, 0xAC, 0x00, 0x9C,
0xFF, 0xE0, 0x74, 0xFF, 0xFF, 0x0C, 0x00, 0x00, 0x00, 0x01, 0xB7, 0xFF, 0xE3, 0x12, 0x00, 0x9C,
0xFF, 0xE0, 0x74, 0xFF, 0xFF, 0x0C, 0x00, 0x00, 0x00, 0x72, 0xFF, 0xFD, 0x40, 0x00, 0x00, 0x9C,
0xFF, 0xE0, 0x74, 0xFF, 0xFF, 0x0C, 0x00, 0x00, 0x31, 0xF9, 0xFF, 0x86, 0x00, 0x00, 0x00, 0x9C,
0xFF, 0xE0, 0x74, 0xFF, 0xFF, 0x0C, 0x00, 0x0A, 0xD8, 0xFF, 0xCA, 0x05, 0x00, 0x00, 0x00, 0x9C,
0xFF, 0xE0, 0x74, 0xFF, 0xFF, 0x0C, 0x00, 0x9C, 0xFF, 0xF3, 0x24, 0x00, 0x00, 0x00, 0x00, 0x9C,
0xFF, 0xE0, 0x74, 0xFF, 0xFF, 0x0C, 0x54, 0xFF, 0xFF, 0x61, 0x00, 0x00, 0x00, 0x00, 0x00, 0x9C,
0xFF, 0xE0, 0x74, 0xFF, 0xFF, 0x11, 0xE8, 0xFF, 0xAA, 0x00, 0x00, 0x00, 0x00, 0x00, 0x00, 0x9C,
0xFF, 0xE0, 0x74, 0xFF, 0xF1, 0x6F, 0xFF, 0xE2, 0x11, 0x00, 0x00, 0x00, 0x00, 0x00, 0x00, 0x9C,
0xFF, 0xE0, 0x74, 0xFF, 0xE5, 0xE4, 0xFD, 0x3E, 0x00, 0x00, 0x00, 0x00, 0x00, 0x00, 0x00, 0x9C,
0xFF, 0xE0, 0x74, 0xFF, 0xFF, 0xFF, 0x84, 0x00, 0x00, 0x00, 0x00, 0x00, 0x00, 0x00, 0x00, 0x9C,
0xFF, 0xE0, 0x74, 0xFF, 0xFF, 0xC9, 0x04, 0x00, 0x00, 0x00, 0x00, 0x00, 0x00, 0x00, 0x00, 0x9C,
0xFF, 0xE0, 0x74, 0xFF, 0xF3, 0x23, 0x00, 0x00, 0x00, 0x00, 0x00, 0x00, 0x00, 0x00, 0x00, 0x9C,
0xFF, 0xE0, 0x74, 0xFF, 0x5F, 0x00, 0x00, 0x00, 0x00, 0x00, 0x00, 0x00, 0x00, 0x00, 0x00, 0x9C,
0xFF, 0xE0, 0x00, 0x04, 0xBB, 0xF0, 0x54, 0x00, 0x00, 0x1E, 0xDB, 0xE3, 0x2D, 0x00, 0x00, 0x00,
0x29, 0xFF, 0xFF, 0xB0, 0x00, 0x00, 0x65, 0xFF, 0xFF, 0x7C, 0x00, 0x00, 0x00, 0x05, 0xBB, 0xF1,
0x54, 0x00, 0x00, 0x1F, 0xDB, 0xE3, 0x2E, 0x00, 0x00, 0x00, 0x00, 0x00, 0x00, 0x00, 0x00, 0x00,
0x00, 0x00, 0x00, 0x00, 0x00, 0x00, 0x00, 0x00, 0x00, 0x00, 0x00, 0x00, 0x00, 0x00, 0x00, 0x00,
0x00, 0x00, 0x00, 0xB0, 0xFF, 0xB4, 0x00, 0x00, 0x00, 0x00, 0x00, 0x00, 0x01, 0xB6, 0xFF, 0x10,
0xB0, 0xFF, 0xB4, 0x00, 0x00, 0x00, 0x00, 0x00, 0x00, 0x76, 0xFF, 0xFF, 0x10, 0xB0, 0xFF, 0xB4,
0x00, 0x00, 0x00, 0x00, 0x00, 0x39, 0xFB, 0xFF, 0xFF, 0x10, 0xB0, 0xFF, 0xB4, 0x00, 0x00, 0x00,
0x00, 0x11, 0xE1, 0xFF, 0xFF, 0xFF, 0x10, 0xB0, 0xFF, 0xB4, 0x00, 0x00, 0x00, 0x00, 0xB1, 0xFF,
0xC5, 0xFF, 0xFF, 0x10, 0xB0, 0xFF, 0xB4, 0x00, 0x00, 0x00, 0x71, 0xFF, 0xD8, 0x54, 0xFF, 0xFF,
0x10, 0xB0, 0xFF, 0xB4, 0x00, 0x00, 0x35, 0xFA, 0xFA, 0x37, 0x53, 0xFF, 0xFF, 0x10, 0xB0, 0xFF,
0xB4, 0x00, 0x0F, 0xDE, 0xFF, 0x6E, 0x00, 0x54, 0xFF, 0xFF, 0x10, 0xB0, 0xFF, 0xB4, 0x00, 0xAC,
0xFF, 0xAA, 0x00, 0x00, 0x54, 0xFF, 0xFF, 0x10, 0xB0, 0xFF, 0xAF, 0x5E, 0xFF, 0xD9, 0x0D, 0x00,
0x00, 0x54, 0xFF, 0xFF, 0x10, 0xB0, 0xFF, 0xBA, 0xEB, 0xF5, 0x2C, 0x00, 0x00, 0x00, 0x54, 0xFF,
0xFF, 0x10, 0xB0, 0xFF, 0xFF, 0xFF, 0x5E, 0x00, 0x00, 0x00, 0x00, 0x54, 0xFF, 0xFF, 0x10, 0xB0,
0xFF, 0xFF, 0x9A, 0x00, 0x00, 0x00, 0x00, 0x00, 0x54, 0xFF, 0xFF, 0x10, 0xB0, 0xFF, 0xCE, 0x08,
0x00, 0x00, 0x00, 0x00, 0x00, 0x54, 0xFF, 0xFF, 0x10, 0xB0, 0xEF, 0x22, 0x00, 0x00, 0x00, 0x00,
0x00, 0x00, 0x54, 0xFF, 0xFF, 0x10, 0x00, 0x00, 0x00, 0x00, 0x03, 0xB1, 0xF4, 0x85, 0x00, 0x00,
0x1C, 0xD6, 0xEC, 0x4D, 0x00, 0x00, 0x00, 0x00, 0x00, 0x00, 0x00, 0x00, 0x28, 0xFF, 0xFF, 0xF0,
0x00, 0x00, 0x64, 0xFF, 0xFF, 0xAF, 0x00, 0x00, 0x00, 0x00, 0x00, 0x00, 0x00, 0x00, 0x04, 0xB1,
0xF5, 0x85, 0x00, 0x00, 0x1C, 0xD6, 0xEC, 0x4D, 0x00, 0x00, 0x00, 0x00, 0x00, 0x00, 0x00, 0x00,
0x00, 0x00, 0x00, 0x00, 0x00, 0x00, 0x00, 0x00, 0x00, 0x00, 0x00, 0x00, 0x00, 0x00, 0x00, 0x00,
0x00, 0x00, 0x00, 0x3D, 0x96, 0xD5, 0xEE, 0xF7, 0xE1, 0xBB, 0x6A, 0x0F, 0x00, 0x00, 0x00, 0x00,
0x00, 0x00, 0x00, 0x0F, 0xAD, 0xFF, 0xFF, 0xFF, 0xFF, 0xFF, 0xFF, 0xFF, 0xFF, 0xE7, 0x52, 0x00,
0x00, 0x00, 0x00, 0x00, 0x0E, 0xCB, 0xFF, 0xFF, 0xB3, 0x46, 0x14, 0x0A, 0x2B, 0x86, 0xF7, 0xFF,
0xFD, 0x5E, 0x00, 0x00, 0x00, 0x00, 0x9A, 0xFF, 0xFF, 0x73, 0x00, 0x00, 0x00, 0x00, 0x00, 0x00,
0x31, 0xEE, 0xFF, 0xF8, 0x26, 0x00, 0x00, 0x2C, 0xFE, 0xFF, 0xA5, 0x00, 0x00, 0x00, 0x00, 0x00,
0x00, 0x00, 0x00, 0x4B, 0xFF, 0xFF, 0xB0, 0x00, 0x00, 0x8F, 0xFF, 0xFF, 0x21, 0x00, 0x00, 0x00,
0x00, 0x00, 0x00, 0x00, 0x00, 0x00, 0xBF, 0xFF, 0xFB, 0x16, 0x00, 0xDB, 0xFF, 0xC9, 0x00, 0x00,
0x00, 0x00, 0x00, 0x00, 0x00, 0x00, 0x00, 0x00, 0x60, 0xFF, 0xFF, 0x61, 0x0F, 0xFE, 0xFF, 0x92,
0x00, 0x00, 0x00, 0x00, 0x00, 0x00, 0x00, 0x00, 0x00, 0x00, 0x1B, 0xFF, 0xFF, 0x92, 0x32, 0xFF,
0xFF, 0x6B, 0x00, 0x00, 0x00, 0x00, 0x00, 0x00, 0x00, 0x00, 0x00, 0x00, 0x00, 0xF0, 0xFF, 0xB9,
0x42, 0xFF, 0xFF, 0x5C, 0x00, 0x00, 0x00, 0x00, 0x00, 0x00, 0x00, 0x00, 0x00, 0x00, 0x00, 0xD9,
0xFF, 0xC9, 0x4C, 0xFF, 0xFF, 0x53, 0x00, 0x00, 0x00, 0x00, 0x00, 0x00, 0x00, 0x00, 0x00, 0x00,
0x00, 0xCF, 0xFF, 0xD4, 0x42, 0xFF, 0xFF, 0x5C, 0x00, 0x00, 0x00, 0x00, 0x00, 0x00, 0x00, 0x00,
0x00, 0x00, 0x00, 0xD9, 0xFF, 0xC8, 0x33, 0xFF, 0xFF, 0x73, 0x00, 0x00, 0x00, 0x00, 0x00, 0x00,
0x00, 0x00, 0x00, 0x00, 0x00, 0xE9, 0xFF, 0xB9, 0x0F, 0xFF, 0xFF, 0x9E, 0x00, 0x00, 0x00, 0x00,
0x00, 0x00, 0x00, 0x00, 0x00, 0x00, 0x10, 0xFF, 0xFF, 0x94, 0x00, 0xDE, 0xFF, 0xE2, 0x00, 0x00,
0x00, 0x00, 0x00, 0x00, 0x00, 0x00, 0x00, 0x00, 0x47, 0xFF, 0xFF, 0x61, 0x00, 0x90, 0xFF, 0xFF,
0x43, 0x00, 0x00, 0x00, 0x00, 0x00, 0x00, 0x00, 0x00, 0x00, 0x9F, 0xFF, 0xFC, 0x19, 0x00, 0x2E,
0xFE, 0xFF, 0xC8, 0x04, 0x00, 0x00, 0x00, 0x00, 0x00, 0x00, 0x00, 0x29, 0xFA, 0xFF, 0xB1, 0x00,
0x00, 0x00, 0x9C, 0xFF, 0xFF, 0x9A, 0x03, 0x00, 0x00, 0x00, 0x00, 0x00, 0x1A, 0xDA, 0xFF, 0xF8,
0x28, 0x00, 0x00, 0x00, 0x0E, 0xCB, 0xFF, 0xFF, 0xC4, 0x4D, 0x16, 0x08, 0x25, 0x75, 0xED, 0xFF,
0xFE, 0x63, 0x00, 0x00, 0x00, 0x00, 0x00, 0x11, 0xAB, 0xFF, 0xFF, 0xFF, 0xFF, 0xFF, 0xFF, 0xFF,
0xFF, 0xEA, 0x56, 0x00, 0x00, 0x00, 0x00, 0x00, 0x00, 0x00, 0x00, 0x3E, 0x98, 0xD6, 0xEF, 0xF9,
0xE5, 0xBC, 0x71, 0x0F, 0x00, 0x00, 0x00, 0x00, 0x00, 0x00, 0x04, 0xBB, 0xF0, 0x54, 0x00, 0x00,
0x1E, 0xDB, 0xE3, 0x2D, 0x00, 0x00, 0x00, 0x00, 0x29, 0xFF, 0xFF, 0xB0, 0x00, 0x00, 0x65, 0xFF,
0xFF, 0x7C, 0x00, 0x00, 0x00, 0x00, 0x05, 0xBB, 0xF1, 0x54, 0x00, 0x00, 0x1F, 0xDB, 0xE3, 0x2E,
0x00, 0x00, 0x00, 0x00, 0x00, 0x00, 0x00, 0x00, 0x00, 0x00, 0x00, 0x00, 0x00, 0x00, 0x00, 0x00,
0x00, 0x00, 0x00, 0x00, 0x00, 0x00, 0x00, 0x00, 0x00, 0x00, 0x00, 0x00, 0x00, 0x00, 0x00, 0x00,
0x00, 0x24, 0x95, 0xD8, 0xF4, 0xF5, 0xDC, 0x9A, 0x2C, 0x00, 0x00, 0x00, 0x00, 0x00, 0x5F, 0xFA,
0xFF, 0xFF, 0xFF, 0xFF, 0xFF, 0xFF, 0xFC, 0x70, 0x00, 0x00, 0x00, 0x3D, 0xFD, 0xFF, 0xCD, 0x44,
0x0C, 0x0D, 0x49, 0xD6, 0xFF, 0xFF, 0x4F, 0x00, 0x00, 0xC9, 0xFF, 0xDD, 0x0D, 0x00, 0x00, 0x00,
0x00, 0x12, 0xE0, 0xFF, 0xDB, 0x01, 0x25, 0xFF, 0xFF, 0x67, 0x00, 0x00, 0x00, 0x00, 0x00, 0x00,
0x66, 0xFF, 0xFF, 0x37, 0x5C, 0xFF, 0xFF, 0x22, 0x00, 0x00, 0x00, 0x00, 0x00, 0x00, 0x1C, 0xFF,
0xFF, 0x6E, 0x79, 0xFF, 0xFE, 0x02, 0x00, 0x00, 0x00, 0x00, 0x00, 0x00, 0x02, 0xFA, 0xFF, 0x8C,
0x84, 0xFF, 0xF8, 0x00, 0x00, 0x00, 0x00, 0x00, 0x00, 0x00, 0x00, 0xE5, 0xFF, 0x97, 0x79, 0xFF,
0xFF, 0x0E, 0x00, 0x00, 0x00, 0x00, 0x00, 0x00, 0x00, 0xED, 0xFF, 0x8B, 0x5B, 0xFF, 0xFF, 0x2F,
0x00, 0x00, 0x00, 0x00, 0x00, 0x00, 0x10, 0xFF, 0xFF, 0x6F, 0x24, 0xFF, 0xFF, 0x8A, 0x00, 0x00,
0x00, 0x00, 0x00, 0x00, 0x54, 0xFF, 0xFF, 0x38, 0x00, 0xC8, 0xFF, 0xEE, 0x1D, 0x00, 0x00, 0x00,
0x00, 0x07, 0xCF, 0xFF, 0xDA, 0x01, 0x00, 0x3D, 0xFE, 0xFF, 0xE0, 0x52, 0x0F, 0x09, 0x3C, 0xC1,
0xFF, 0xFF, 0x4E, 0x00, 0x00, 0x00, 0x60, 0xFA, 0xFF, 0xFF, 0xFF, 0xFF, 0xFF, 0xFF, 0xFD, 0x71,
0x00, 0x00, 0x00, 0x00, 0x00, 0x25, 0x95, 0xD8, 0xF4, 0xF6, 0xDD, 0x9D, 0x2E, 0x00, 0x00, 0x00,
0x00, 0x00, 0x00, 0x00, 0x00, 0x3D, 0x96, 0xD5, 0xEE, 0xF7, 0xE1, 0xBB, 0x6A, 0x0F, 0x00, 0x00,
0x00, 0x00, 0x00, 0x00, 0x00, 0x0F, 0xAD, 0xFF, 0xFF, 0xFF, 0xFF, 0xFF, 0xFF, 0xFF, 0xFF, 0xE7,
0x52, 0x00, 0x00, 0x00, 0x00, 0x00, 0x0E, 0xCB, 0xFF, 0xFF, 0xAC, 0x44, 0x10, 0x08, 0x29, 0x7F,
0xF3, 0xFF, 0xFD, 0x5E, 0x00, 0x00, 0x00, 0x00, 0x9A, 0xFF, 0xFF, 0x66, 0x00, 0x00, 0x00, 0x00,
0x00, 0x00, 0x26, 0xE2, 0xFF, 0xF8, 0x26, 0x00, 0x00, 0x2C, 0xFE, 0xFF, 0x95, 0x00, 0x00, 0x00,
0x00, 0x00, 0x00, 0x00, 0x00, 0x35, 0xFB, 0xFF, 0xB0, 0x00, 0x00, 0x8F, 0xFF, 0xF8, 0x17, 0x00,
0x00, 0x00, 0x00, 0x00, 0x00, 0x00, 0x00, 0x00, 0xA2, 0xFF, 0xFB, 0x16, 0x00, 0xDB, 0xFF, 0xBA,
0x00, 0x00, 0x00, 0x00, 0x00, 0x00, 0x00, 0x00, 0x00, 0x00, 0x42, 0xFF, 0xFF, 0x61, 0x0F, 0xFE,
0xFF, 0x7F, 0x00, 0x00, 0x00, 0x00, 0x00, 0x00, 0x00, 0x00, 0x00, 0x00, 0x07, 0xFB, 0xFF, 0x92,
0x32, 0xFF, 0xFF, 0x5F, 0x00, 0x00, 0x00, 0x00, 0x00, 0x00, 0x00, 0x00, 0x00, 0x00, 0x00, 0xDD,
0xFF, 0xB9, 0x42, 0xFF, 0xFF, 0xFF, 0xFF, 0xFF, 0xFF, 0xFF, 0xFF, 0xFF, 0xFF, 0xFF, 0xFF, 0xFF,
0xFF, 0xFF, 0xFF, 0xC9, 0x4C, 0xFF, 0xFF, 0xFF, 0xFF, 0xFF, 0xFF, 0xFF, 0xFF, 0xFF, 0xFF, 0xFF,
0xFF, 0xFF, 0xFF, 0xFF, 0xFF, 0xD4, 0x42, 0xFF, 0xFF, 0x5D, 0x00, 0x00, 0x00, 0x00, 0x00, 0x00,
0x00, 0x00, 0x00, 0x00, 0x00, 0xD9, 0xFF, 0xC8, 0x33, 0xFF, 0xFF, 0x7A, 0x00, 0x00, 0x00, 0x00,
0x00, 0x00, 0x00, 0x00, 0x00, 0x00, 0x00, 0xF1, 0xFF, 0xB9, 0x0F, 0xFF, 0xFF, 0xAA, 0x00, 0x00,
0x00, 0x00, 0x00, 0x00, 0x00, 0x00, 0x00, 0x00, 0x17, 0xFF, 0xFF, 0x94, 0x00, 0xDE, 0xFF, 0xE8,
0x03, 0x00, 0x00, 0x00, 0x00, 0x00, 0x00, 0x00, 0x00, 0x00, 0x55, 0xFF, 0xFF, 0x61, 0x00, 0x90,
0xFF, 0xFF, 0x4D, 0x00, 0x00, 0x00, 0x00, 0x00, 0x00, 0x00, 0x00, 0x00, 0xB1, 0xFF, 0xFC, 0x19,
0x00, 0x2E, 0xFE, 0xFF, 0xD3, 0x06, 0x00, 0x00, 0x00, 0x00, 0x00, 0x00, 0x00, 0x33, 0xFD, 0xFF,
0xB1, 0x00, 0x00, 0x00, 0x9C, 0xFF, 0xFF, 0xA7, 0x04, 0x00, 0x00, 0x00, 0x00, 0x00, 0x1C, 0xDA,
0xFF, 0xF8, 0x28, 0x00, 0x00, 0x00, 0x0E, 0xCB, 0xFF, 0xFF, 0xCF, 0x53, 0x13, 0x06, 0x25, 0x73,
0xE9, 0xFF, 0xFE, 0x63, 0x00, 0x00, 0x00, 0x00, 0x00, 0x11, 0xAB, 0xFF, 0xFF, 0xFF, 0xFF, 0xFF,
0xFF, 0xFF, 0xFF, 0xEA, 0x56, 0x00, 0x00, 0x00, 0x00, 0x00, 0x00, 0x00, 0x00, 0x3E, 0x98, 0xD6,
0xEF, 0xF9, 0xE5, 0xBC, 0x71, 0x0F, 0x00, 0x00, 0x00, 0x00, 0x00, 0x00, 0x00, 0x24, 0x95, 0xD8,
0xF4, 0xF5, 0xDC, 0x9A, 0x2C, 0x00, 0x00, 0x00, 0x00, 0x00, 0x5F, 0xFA, 0xFF, 0xFF, 0xFF, 0xFF,
0xFF, 0xFF, 0xFC, 0x70, 0x00, 0x00, 0x00, 0x3D, 0xFD, 0xFF, 0xBA, 0x3F, 0x13, 0x12, 0x42, 0xC4,
0xFF, 0xFF, 0x4F, 0x00, 0x00, 0xC9, 0xFF, 0xBF, 0x03, 0x00, 0x00, 0x00, 0x00, 0x03, 0xBC, 0xFF,
0xDB, 0x01, 0x25, 0xFF, 0xFF, 0x3F, 0x00, 0x00, 0x00, 0x00, 0x00, 0x00, 0x3A, 0xFF, 0xFF, 0x37,
0x5C, 0xFF, 0xFD, 0x06, 0x00, 0x00, 0x00, 0x00, 0x00, 0x00, 0x02, 0xF4, 0xFF, 0x6E, 0x79, 0xFF,
0xFF, 0xFF, 0xFF, 0xFF, 0xFF, 0xFF, 0xFF, 0xFF, 0xFF, 0xFF, 0xFF, 0x8C, 0x84, 0xFF, 0xFF, 0xFF,
0xFF, 0xFF, 0xFF, 0xFF, 0xFF, 0xFF, 0xFF, 0xFF, 0xFF, 0x97, 0x79, 0xFF, 0xFD, 0x05, 0x00, 0x00,
0x00, 0x00, 0x00, 0x00, 0x00, 0xF0, 0xFF, 0x8B, 0x5B, 0xFF, 0xFF, 0x2E, 0x00, 0x00, 0x00, 0x00,
0x00, 0x00, 0x17, 0xFF, 0xFF, 0x6F, 0x24, 0xFF, 0xFF, 0x82, 0x00, 0x00, 0x00, 0x00, 0x00, 0x00,
0x63, 0xFF, 0xFF, 0x38, 0x00, 0xC8, 0xFF, 0xF2, 0x25, 0x00, 0x00, 0x00, 0x00, 0x0F, 0xDE, 0xFF,
0xDA, 0x01, 0x00, 0x3D, 0xFE, 0xFF, 0xE7, 0x5B, 0x0F, 0x13, 0x4A, 0xD1, 0xFF, 0xFF, 0x4E, 0x00,
0x00, 0x00, 0x60, 0xFA, 0xFF, 0xFF, 0xFF, 0xFF, 0xFF, 0xFF, 0xFD, 0x71, 0x00, 0x00, 0x00, 0x00,
0x00, 0x25, 0x95, 0xD8, 0xF4, 0xF6, 0xDD, 0x9D, 0x2E, 0x00, 0x00, 0x00, 0x00, 0x00, 0x00, 0x00,
0x03, 0xB1, 0xF4, 0x85, 0x00, 0x00, 0x1C, 0xD6, 0xEC, 0x4D, 0x00, 0x00, 0x00, 0x00, 0x00, 0x00,
0x00, 0x00, 0x28, 0xFF, 0xFF, 0xF0, 0x00, 0x00, 0x64, 0xFF, 0xFF, 0xAF, 0x00, 0x00, 0x00, 0x00,
0x00, 0x00, 0x00, 0x00, 0x04, 0xB1, 0xF5, 0x85, 0x00, 0x00, 0x1C, 0xD6, 0xEC, 0x4D, 0x00, 0x00,
0x00, 0x00, 0x00, 0x00, 0x00, 0x00, 0x00, 0x00, 0x00, 0x00, 0x00, 0x00, 0x00, 0x00, 0x00, 0x00,
0x00, 0x00, 0x00, 0x00, 0x00, 0x00, 0x00, 0x00, 0x00, 0x3D, 0x96, 0xD5, 0xEE, 0xF7, 0xE1, 0xBB,
0x6A, 0x0F, 0x00, 0x00, 0x00, 0x00, 0x00, 0x00, 0x00, 0x0F, 0xAD, 0xFF, 0xFF, 0xFF, 0xFF, 0xFF,
0xFF, 0xFF, 0xFF, 0xE7, 0x52, 0x00, 0x00, 0x00, 0x00, 0x00, 0x0E, 0xCB, 0xFF, 0xFF, 0xAC, 0x44,
0x10, 0x08, 0x29, 0x7F, 0xF3, 0xFF, 0xFD, 0x5E, 0x00, 0x00, 0x00, 0x00, 0x9A, 0xFF, 0xFF, 0x66,
0x00, 0x00, 0x00, 0x00, 0x00, 0x00, 0x26, 0xE2, 0xFF, 0xF8, 0x26, 0x00, 0x00, 0x2C, 0xFE, 0xFF,
0x95, 0x00, 0x00, 0x00, 0x00, 0x00, 0x00, 0x00, 0x00, 0x35, 0xFB, 0xFF, 0xB0, 0x00, 0x00, 0x8F,
0xFF, 0xF8, 0x17, 0x00, 0x00, 0x00, 0x00, 0x00, 0x00, 0x00, 0x00, 0x00, 0xA2, 0xFF, 0xFB, 0x16,
0x00, 0xDB, 0xFF, 0xBA, 0x00, 0x00, 0x00, 0x00, 0x00, 0x00, 0x00, 0x00, 0x00, 0x00, 0x42, 0xFF,
0xFF, 0x61, 0x0F, 0xFE, 0xFF, 0x7F, 0x00, 0x00, 0x00, 0x00, 0x00, 0x00, 0x00, 0x00, 0x00, 0x00,
0x07, 0xFB, 0xFF, 0x92, 0x32, 0xFF, 0xFF, 0x5F, 0x00, 0x00, 0x00, 0x00, 0x00, 0x00, 0x00, 0x00,
0x00, 0x00, 0x00, 0xDD, 0xFF, 0xB9, 0x42, 0xFF, 0xFF, 0xFF, 0xFF, 0xFF, 0xFF, 0xFF, 0xFF, 0xFF,
0xFF, 0xFF, 0xFF, 0xFF, 0xFF, 0xFF, 0xFF, 0xC9, 0x4C, 0xFF, 0xFF, 0xFF, 0xFF, 0xFF, 0xFF, 0xFF,
0xFF, 0xFF, 0xFF, 0xFF, 0xFF, 0xFF, 0xFF, 0xFF, 0xFF, 0xD4, 0x42, 0xFF, 0xFF, 0x5D, 0x00, 0x00,
0x00, 0x00, 0x00, 0x00, 0x00, 0x00, 0x00, 0x00, 0x00, 0xD9, 0xFF, 0xC8, 0x33, 0xFF, 0xFF, 0x7A,
0x00, 0x00, 0x00, 0x00, 0x00, 0x00, 0x00, 0x00, 0x00, 0x00, 0x00, 0xF1, 0xFF, 0xB9, 0x0F, 0xFF,
0xFF, 0xAA, 0x00, 0x00, 0x00, 0x00, 0x00, 0x00, 0x00, 0x00, 0x00, 0x00, 0x17, 0xFF, 0xFF, 0x94,
0x00, 0xDE, 0xFF, 0xE8, 0x03, 0x00, 0x00, 0x00, 0x00, 0x00, 0x00, 0x00, 0x00, 0x00, 0x55, 0xFF,
0xFF, 0x61, 0x00, 0x90, 0xFF, 0xFF, 0x4D, 0x00, 0x00, 0x00, 0x00, 0x00, 0x00, 0x00, 0x00, 0x00,
0xB1, 0xFF, 0xFC, 0x19, 0x00, 0x2E, 0xFE, 0xFF, 0xD3, 0x06, 0x00, 0x00, 0x00, 0x00, 0x00, 0x00,
0x00, 0x33, 0xFD, 0xFF, 0xB1, 0x00, 0x00, 0x00, 0x9C, 0xFF, 0xFF, 0xA7, 0x04, 0x00, 0x00, 0x00,
0x00, 0x00, 0x1C, 0xDA, 0xFF, 0xF8, 0x28, 0x00, 0x00, 0x00, 0x0E, 0xCB, 0xFF, 0xFF, 0xCF, 0x53,
0x13, 0x06, 0x25, 0x73, 0xE9, 0xFF, 0xFE, 0x63, 0x00, 0x00, 0x00, 0x00, 0x00, 0x11, 0xAB, 0xFF,
0xFF, 0xFF, 0xFF, 0xFF, 0xFF, 0xFF, 0xFF, 0xEA, 0x56, 0x00, 0x00, 0x00, 0x00, 0x00, 0x00, 0x00,
0x00, 0x3E, 0x98, 0xD6, 0xEF, 0xF9, 0xE5, 0xBC, 0x71, 0x0F, 0x00, 0x00, 0x00, 0x00, 0x00, 0x00,
0x04, 0xBB, 0xF0, 0x54, 0x00, 0x00, 0x1E, 0xDB, 0xE3, 0x2D, 0x00, 0x00, 0x00, 0x00, 0x29, 0xFF,
0xFF, 0xB0, 0x00, 0x00, 0x65, 0xFF, 0xFF, 0x7C, 0x00, 0x00, 0x00, 0x00, 0x05, 0xBB, 0xF1, 0x54,
0x00, 0x00, 0x1F, 0xDB, 0xE3, 0x2E, 0x00, 0x00, 0x00, 0x00, 0x00, 0x00, 0x00, 0x00, 0x00, 0x00,
0x00, 0x00, 0x00, 0x00, 0x00, 0x00, 0x00, 0x00, 0x00, 0x00, 0x00, 0x00, 0x00, 0x00, 0x00, 0x00,
0x00, 0x00, 0x00, 0x00, 0x00, 0x00, 0x00, 0x24, 0x95, 0xD8, 0xF4, 0xF5, 0xDC, 0x9A, 0x2C, 0x00,
0x00, 0x00, 0x00, 0x00, 0x5F, 0xFA, 0xFF, 0xFF, 0xFF, 0xFF, 0xFF, 0xFF, 0xFC, 0x70, 0x00, 0x00,
0x00, 0x3D, 0xFD, 0xFF, 0xBA, 0x3F, 0x13, 0x12, 0x42, 0xC4, 0xFF, 0xFF, 0x4F, 0x00, 0x00, 0xC9,
0xFF, 0xBF, 0x03, 0x00, 0x00, 0x00, 0x00, 0x03, 0xBC, 0xFF, 0xDB, 0x01, 0x25, 0xFF, 0xFF, 0x3F,
0x00, 0x00, 0x00, 0x00, 0x00, 0x00, 0x3A, 0xFF, 0xFF, 0x37, 0x5C, 0xFF, 0xFD, 0x06, 0x00, 0x00,
0x00, 0x00, 0x00, 0x00, 0x02, 0xF4, 0xFF, 0x6E, 0x79, 0xFF, 0xFF, 0xFF, 0xFF, 0xFF, 0xFF, 0xFF,
0xFF, 0xFF, 0xFF, 0xFF, 0xFF, 0x8C, 0x84, 0xFF, 0xFF, 0xFF, 0xFF, 0xFF, 0xFF, 0xFF, 0xFF, 0xFF,
0xFF, 0xFF, 0xFF, 0x97, 0x79, 0xFF, 0xFD, 0x05, 0x00, 0x00, 0x00, 0x00, 0x00, 0x00, 0x00, 0xF0,
0xFF, 0x8B, 0x5B, 0xFF, 0xFF, 0x2E, 0x00, 0x00, 0x00, 0x00, 0x00, 0x00, 0x17, 0xFF, 0xFF, 0x6F,
0x24, 0xFF, 0xFF, 0x82, 0x00, 0x00, 0x00, 0x00, 0x00, 0x00, 0x63, 0xFF, 0xFF, 0x38, 0x00, 0xC8,
0xFF, 0xF2, 0x25, 0x00, 0x00, 0x00, 0x00, 0x0F, 0xDE, 0xFF, 0xDA, 0x01, 0x00, 0x3D, 0xFE, 0xFF,
0xE7, 0x5B, 0x0F, 0x13, 0x4A, 0xD1, 0xFF, 0xFF, 0x4E, 0x00, 0x00, 0x00, 0x60, 0xFA, 0xFF, 0xFF,
0xFF, 0xFF, 0xFF, 0xFF, 0xFD, 0x71, 0x00, 0x00, 0x00, 0x00, 0x00, 0x25, 0x95, 0xD8, 0xF4, 0xF6,
0xDD, 0x9D, 0x2E, 0x00, 0x00, 0x00, 0x00, 0x03, 0xB1, 0xF4, 0x85, 0x00, 0x00, 0x1C, 0xD6, 0xEC,
0x4D, 0x00, 0x00, 0x00, 0x00, 0x00, 0x28, 0xFF, 0xFF, 0xF0, 0x00, 0x00, 0x64, 0xFF, 0xFF, 0xAF,
0x00, 0x00, 0x00, 0x00, 0x00, 0x04, 0xB1, 0xF5, 0x85, 0x00, 0x00, 0x1C, 0xD6, 0xEC, 0x4D, 0x00,
0x00, 0x00, 0x00, 0x00, 0x00, 0x00, 0x00, 0x00, 0x00, 0x00, 0x00, 0x00, 0x00, 0x00, 0x00, 0x00,
0x00, 0x00, 0x15, 0x6E, 0xAF, 0xD9, 0xF3, 0xFC, 0xED, 0xD2, 0x96, 0x40, 0x00, 0x00, 0x00, 0x00,
0x00, 0x7E, 0xFF, 0xFF, 0xFF, 0xFF, 0xFF, 0xFF, 0xFF, 0xFF, 0xFF, 0xC1, 0x1C, 0x00, 0x00, 0x00,
0x27, 0xBF, 0x5D, 0x25, 0x0A, 0x05, 0x1A, 0x51, 0xB5, 0xFF, 0xFF, 0xE7, 0x24, 0x00, 0x00, 0x00,
0x00, 0x00, 0x00, 0x00, 0x00, 0x00, 0x00, 0x00, 0x58, 0xFA, 0xFF, 0xCE, 0x07, 0x00, 0x00, 0x00,
0x00, 0x00, 0x00, 0x00, 0x00, 0x00, 0x00, 0x00, 0x68, 0xFF, 0xFF, 0x66, 0x00, 0x00, 0x00, 0x00,
0x00, 0x00, 0x00, 0x00, 0x00, 0x00, 0x00, 0x01, 0xCE, 0xFF, 0xD7, 0x00, 0x00, 0x00, 0x00, 0x00,
0x00, 0x00, 0x00, 0x00, 0x00, 0x00, 0x00, 0x67, 0xFF, 0xFF, 0x20, 0x00, 0x00, 0x00, 0x00, 0x00,
0x00, 0x00, 0x00, 0x00, 0x00, 0x00, 0x1B, 0xFF, 0xFF, 0x5C, 0x00, 0x00, 0x00, 0x00, 0x00, 0x00,
0x00, 0x00, 0x00, 0x00, 0x00, 0x00, 0xF0, 0xFF, 0x7D, 0x00, 0x00, 0x00, 0x80, 0xFF, 0xFF, 0xFF,
0xFF, 0xFF, 0xFF, 0xFF, 0xFF, 0xFF, 0xFF, 0x8E, 0x00, 0x00, 0x00, 0x80, 0xFF, 0xFF, 0xFF, 0xFF,
0xFF, 0xFF, 0xFF, 0xFF, 0xFF, 0xFF, 0x9B, 0x00, 0x00, 0x00, 0x00, 0x00, 0x00, 0x00, 0x00, 0x00,
0x00, 0x00, 0x00, 0xE5, 0xFF, 0x8C, 0x00, 0x00, 0x00, 0x00, 0x00, 0x00, 0x00, 0x00, 0x00, 0x00,
0x00, 0x06, 0xFD, 0xFF, 0x79, 0x00, 0x00, 0x00, 0x00, 0x00, 0x00, 0x00, 0x00, 0x00, 0x00, 0x00,
0x39, 0xFF, 0xFF, 0x54, 0x00, 0x00, 0x00, 0x00, 0x00, 0x00, 0x00, 0x00, 0x00, 0x00, 0x00, 0x89,
0xFF, 0xFD, 0x13, 0x00, 0x00, 0x00, 0x00, 0x00, 0x00, 0x00, 0x00, 0x00, 0x00, 0x10, 0xEE, 0xFF,
0xC0, 0x00, 0x00, 0x00, 0x00, 0x00, 0x00, 0x00, 0x00, 0x00, 0x00, 0x00, 0xA0, 0xFF, 0xFF, 0x42,
0x00, 0x00, 0x00, 0x00, 0x00, 0x00, 0x00, 0x00, 0x00, 0x03, 0x8C, 0xFF, 0xFF, 0xA4, 0x00, 0x00,
0x27, 0xC0, 0x5E, 0x24, 0x08, 0x07, 0x24, 0x64, 0xD1, 0xFF, 0xFF, 0xC0, 0x08, 0x00, 0x00, 0x7D,
0xFF, 0xFF, 0xFF, 0xFF, 0xFF, 0xFF, 0xFF, 0xFF, 0xF7, 0x88, 0x04, 0x00, 0x00, 0x00, 0x18, 0x79,
0xBE, 0xE8, 0xFA, 0xF6, 0xE2, 0xB5, 0x75, 0x16, 0x00, 0x00, 0x00, 0x00, 0x00, 0x04, 0xBB, 0xF0,
0x54, 0x00, 0x00, 0x1E, 0xDB, 0xE3, 0x2D, 0x00, 0x00, 0x29, 0xFF, 0xFF, 0xB0, 0x00, 0x00, 0x65,
0xFF, 0xFF, 0x7C, 0x00, 0x00, 0x05, 0xBB, 0xF1, 0x54, 0x00, 0x00, 0x1F, 0xDB, 0xE3, 0x2E, 0x00,
0x00, 0x00, 0x00, 0x00, 0x00, 0x00, 0x00, 0x00, 0x00, 0x00, 0x00, 0x00, 0x00, 0x00, 0x00, 0x00,
0x00, 0x00, 0x00, 0x00, 0x00, 0x00, 0x00, 0x00, 0x00, 0x25, 0x83, 0xC2, 0xE8, 0xF8, 0xF7, 0xDF,
0xA2, 0x35, 0x00, 0x00, 0x00, 0x9F, 0xFF, 0xFF, 0xFF, 0xFF, 0xFF, 0xFF, 0xFF, 0xFE, 0x76, 0x00,
0x00, 0x32, 0xBD, 0x54, 0x19, 0x05, 0x14, 0x54, 0xD8, 0xFF, 0xFF, 0x44, 0x00, 0x00, 0x00, 0x00,
0x00, 0x00, 0x00, 0x00, 0x13, 0xE7, 0xFF, 0xC7, 0x00, 0x00, 0x00, 0x00, 0x00, 0x00, 0x00, 0x00,
0x00, 0x65, 0xFF, 0xFF, 0x1E, 0x00, 0x00, 0x00, 0x00, 0x00, 0x00, 0x00, 0x00, 0x22, 0xFF, 0xFF,
0x52, 0x00, 0x00, 0x60, 0xFF, 0xFF, 0xFF, 0xFF, 0xFF, 0xFF, 0xFF, 0xFF, 0x6C, 0x00, 0x00, 0x60,
0xFF, 0xFF, 0xFF, 0xFF, 0xFF, 0xFF, 0xFF, 0xFF, 0x77, 0x00, 0x00, 0x00, 0x00, 0x00, 0x00, 0x00,
0x00, 0x0A, 0xFF, 0xFF, 0x6A, 0x00, 0x00, 0x00, 0x00, 0x00, 0x00, 0x00, 0x00, 0x31, 0xFF, 0xFF,
0x4E, 0x00, 0x00, 0x00, 0x00, 0x00, 0x00, 0x00, 0x00, 0x7F, 0xFF, 0xFE, 0x16, 0x00, 0x00, 0x00,
0x00, 0x00, 0x00, 0x00, 0x20, 0xEF, 0xFF, 0xB4, 0x00, 0x48, 0xAD, 0x4D, 0x17, 0x04, 0x16, 0x5E,
0xE4, 0xFF, 0xF6, 0x2B, 0x00, 0xA0, 0xFF, 0xFF, 0xFF, 0xFF, 0xFF, 0xFF, 0xFF, 0xF2, 0x48, 0x00,
0x00, 0x27, 0x8D, 0xC6, 0xE0, 0xF8, 0xF2, 0xD0, 0x87, 0x17, 0x00, 0x00, 0x00, 0x00, 0x00, 0x00,
0x34, 0xFF, 0xFF, 0xFF, 0xFF, 0xFF, 0xFF, 0xFF, 0xFF, 0xFF, 0x48, 0x00, 0x00, 0x00, 0x00, 0x00,
0x00, 0x34, 0xFF, 0xFF, 0xFF, 0xFF, 0xFF, 0xFF, 0xFF, 0xFF, 0xFF, 0x48, 0x00, 0x00, 0x00, 0x00,
0x00, 0x00, 0x00, 0x00, 0x00, 0x00, 0x00, 0x00, 0x00, 0x00, 0x00, 0x00, 0x00, 0x00, 0x00, 0x00,
0x00, 0x00, 0x00, 0x00, 0x00, 0x00, 0x00, 0x00, 0x00, 0x00, 0x00, 0x00, 0x00, 0x00, 0x00, 0x00,
0x00, 0x8C, 0xFF, 0xFF, 0x55, 0x00, 0x00, 0x00, 0x00, 0x00, 0x00, 0x00, 0x00, 0x00, 0x2B, 0xFF,
0xFF, 0x5D, 0x15, 0xF4, 0xFF, 0xD1, 0x01, 0x00, 0x00, 0x00, 0x00, 0x00, 0x00, 0x00, 0x00, 0x8A,
0xFF, 0xEF, 0x09, 0x00, 0x89, 0xFF, 0xFF, 0x4F, 0x00, 0x00, 0x00, 0x00, 0x00, 0x00, 0x00, 0x03,
0xE5, 0xFF, 0x94, 0x00, 0x00, 0x14, 0xF3, 0xFF, 0xCC, 0x00, 0x00, 0x00, 0x00, 0x00, 0x00, 0x00,
0x47, 0xFF, 0xFF, 0x30, 0x00, 0x00, 0x00, 0x87, 0xFF, 0xFF, 0x49, 0x00, 0x00, 0x00, 0x00, 0x00,
0x00, 0xA6, 0xFF, 0xCC, 0x00, 0x00, 0x00, 0x00, 0x13, 0xF2, 0xFF, 0xC6, 0x00, 0x00, 0x00, 0x00,
0x00, 0x0E, 0xF6, 0xFF, 0x67, 0x00, 0x00, 0x00, 0x00, 0x00, 0x85, 0xFF, 0xFF, 0x43, 0x00, 0x00,
0x00, 0x00, 0x63, 0xFF, 0xF5, 0x0E, 0x00, 0x00, 0x00, 0x00, 0x00, 0x12, 0xF2, 0xFF, 0xC0, 0x00,
0x00, 0x00, 0x00, 0xC2, 0xFF, 0x9E, 0x00, 0x00, 0x00, 0x00, 0x00, 0x00, 0x00, 0x83, 0xFF, 0xFF,
0x3D, 0x00, 0x00, 0x21, 0xFE, 0xFF, 0x3A, 0x00, 0x00, 0x00, 0x00, 0x00, 0x00, 0x00, 0x11, 0xF1,
0xFF, 0xBA, 0x00, 0x00, 0x7F, 0xFF, 0xD5, 0x00, 0x00, 0x00, 0x00, 0x00, 0x00, 0x00, 0x00, 0x00,
0x81, 0xFF, 0xFF, 0x37, 0x00, 0xDC, 0xFF, 0x71, 0x00, 0x00, 0x00, 0x00, 0x00, 0x00, 0x00, 0x00,
0x00, 0x10, 0xF0, 0xFF, 0x9A, 0x25, 0xFF, 0xF9, 0x14, 0x00, 0x00, 0x00, 0x00, 0x00, 0x00, 0x00,
0x00, 0x00, 0x00, 0x7F, 0xFF, 0xE4, 0x5D, 0xFF, 0xA8, 0x00, 0x00, 0x00, 0x00, 0x00, 0x00, 0x00,
0x00, 0x00, 0x00, 0x00, 0x0F, 0xEF, 0xFF, 0xCB, 0xFF, 0x44, 0x00, 0x00, 0x00, 0x00, 0x00, 0x00,
0x00, 0x00, 0x00, 0x00, 0x00, 0x00, 0x7D, 0xFF, 0xFF, 0xDE, 0x01, 0x00, 0x00, 0x00, 0x00, 0x00,
0x00, 0x00, 0x00, 0x00, 0x00, 0x00, 0x00, 0x1C, 0xFF, 0xFF, 0x7A, 0x00, 0x00, 0x00, 0x00, 0x00,
0x00, 0x00, 0x00, 0x00, 0x00, 0x00, 0x00, 0x00, 0x54, 0xFF, 0xF9, 0x16, 0x00, 0x00, 0x00, 0x00,
0x00, 0x00, 0x00, 0x00, 0x00, 0x00, 0x00, 0x00, 0x00, 0xB9, 0xFF, 0x9D, 0x00, 0x00, 0x00, 0x00,
0x00, 0x00, 0x00, 0x00, 0x00, 0x00, 0x00, 0x00, 0x06, 0x6D, 0xFF, 0xF8, 0x23, 0x00, 0x00, 0x00,
0x00, 0x00, 0x00, 0x00, 0x00, 0x00, 0x00, 0xB4, 0xFF, 0xFF, 0xFF, 0xFF, 0x73, 0x00, 0x00, 0x00,
0x00, 0x00, 0x00, 0x00, 0x00, 0x00, 0x00, 0x0C, 0xC1, 0xF5, 0xFB, 0xDB, 0x6C, 0x00, 0x00, 0x00,
0x00, 0x00, 0x00, 0x00, 0x00, 0x00, 0x00, 0x00, 0x34, 0xFF, 0xFF, 0xFF, 0xFF, 0xFF, 0xFF, 0xFF,
0xFF, 0xB0, 0x00, 0x00, 0x00, 0x00, 0x34, 0xFF, 0xFF, 0xFF, 0xFF, 0xFF, 0xFF, 0xFF, 0xFF, 0xB0,
0x00, 0x00, 0x00, 0x00, 0x00, 0x00, 0x00, 0x00, 0x00, 0x00, 0x00, 0x00, 0x00, 0x00, 0x00, 0x00,
0x00, 0x00, 0x00, 0x00, 0x00, 0x00, 0x00, 0x00, 0x00, 0x00, 0x00, 0x00, 0x00, 0x00, 0x00, 0x00,
0x00, 0x00, 0x00, 0x00, 0x00, 0x00, 0x00, 0x00, 0x00, 0x00, 0x00, 0x00, 0x71, 0xFF, 0xFF, 0x4F,
0x00, 0x00, 0x00, 0x00, 0x00, 0x00, 0x00, 0xDE, 0xFF, 0x89, 0x11, 0xF7, 0xFF, 0xAE, 0x00, 0x00,
0x00, 0x00, 0x00, 0x00, 0x2C, 0xFF, 0xFF, 0x34, 0x00, 0xA1, 0xFF, 0xFA, 0x13, 0x00, 0x00, 0x00,
0x00, 0x00, 0x79, 0xFF, 0xDF, 0x00, 0x00, 0x39, 0xFF, 0xFF, 0x6D, 0x00, 0x00, 0x00, 0x00, 0x00,
0xC7, 0xFF, 0x8A, 0x00, 0x00, 0x00, 0xD1, 0xFF, 0xCC, 0x00, 0x00, 0x00, 0x00, 0x16, 0xFD, 0xFF,
0x35, 0x00, 0x00, 0x00, 0x6A, 0xFF, 0xFF, 0x2B, 0x00, 0x00, 0x00, 0x61, 0xFF, 0xE0, 0x00, 0x00,
0x00, 0x00, 0x0E, 0xF4, 0xFF, 0x8A, 0x00, 0x00, 0x00, 0xAF, 0xFF, 0x8B, 0x00, 0x00, 0x00, 0x00,
0x00, 0x9B, 0xFF, 0xE6, 0x03, 0x00, 0x07, 0xF4, 0xFF, 0x36, 0x00, 0x00, 0x00, 0x00, 0x00, 0x33,
0xFF, 0xFF, 0x49, 0x00, 0x49, 0xFF, 0xE0, 0x00, 0x00, 0x00, 0x00, 0x00, 0x00, 0x00, 0xCB, 0xFF,
0xA7, 0x00, 0x95, 0xFF, 0x8C, 0x00, 0x00, 0x00, 0x00, 0x00, 0x00, 0x00, 0x64, 0xFF, 0xF1, 0x05,
0xD4, 0xFF, 0x37, 0x00, 0x00, 0x00, 0x00, 0x00, 0x00, 0x00, 0x0B, 0xF0, 0xFF, 0x54, 0xFE, 0xE1,
0x01, 0x00, 0x00, 0x00, 0x00, 0x00, 0x00, 0x00, 0x00, 0x94, 0xFF, 0xDB, 0xFF, 0x8D, 0x00, 0x00,
0x00, 0x00, 0x00, 0x00, 0x00, 0x00, 0x00, 0x2D, 0xFF, 0xFF, 0xFF, 0x38, 0x00, 0x00, 0x00, 0x00,
0x00, 0x00, 0x00, 0x00, 0x00, 0x00, 0xC5, 0xFF, 0xDD, 0x00, 0x00, 0x00, 0x00, 0x00, 0x00, 0x00,
0x00, 0x00, 0x00, 0x00, 0xC5, 0xFF, 0x83, 0x00, 0x00, 0x00, 0x00, 0x00, 0x00, 0x00, 0x00, 0x00,
0x00, 0x18, 0xFC, 0xFE, 0x25, 0x00, 0x00, 0x00, 0x00, 0x00, 0x00, 0x00, 0x00, 0x00, 0x00, 0x8A,
0xFF, 0xB9, 0x00, 0x00, 0x00, 0x00, 0x00, 0x00, 0x00, 0x00, 0x09, 0x0F, 0x6E, 0xFC, 0xFE, 0x3A,
0x00, 0x00, 0x00, 0x00, 0x00, 0x00, 0x00, 0x00, 0x6A, 0xFF, 0xFF, 0xFF, 0x93, 0x00, 0x00, 0x00,
0x00, 0x00, 0x00, 0x00, 0x00, 0x00, 0x81, 0xF5, 0xED, 0x89, 0x03, 0x00, 0x00, 0x00, 0x00, 0x00,
0x00, 0x00, 0x00, 0x00, 0x00, 0x00, 0x03, 0xB1, 0xF4, 0x85, 0x00, 0x00, 0x1C, 0xD6, 0xEC, 0x4D,
0x00, 0x00, 0x00, 0x00, 0x00, 0x00, 0x00, 0x28, 0xFF, 0xFF, 0xF0, 0x00, 0x00, 0x64, 0xFF, 0xFF,
0xAF, 0x00, 0x00, 0x00, 0x00, 0x00, 0x00, 0x00, 0x04, 0xB1, 0xF5, 0x85, 0x00, 0x00, 0x1C, 0xD6,
0xEC, 0x4D, 0x00, 0x00, 0x00, 0x00, 0x00, 0x00, 0x00, 0x00, 0x00, 0x00, 0x00, 0x00, 0x00, 0x00,
0x00, 0x00, 0x00, 0x00, 0x00, 0x00, 0x8C, 0xFF, 0xFF, 0x55, 0x00, 0x00, 0x00, 0x00, 0x00, 0x00,
0x00, 0x00, 0x00, 0x2B, 0xFF, 0xFF, 0x5D, 0x15, 0xF4, 0xFF, 0xD1, 0x01, 0x00, 0x00, 0x00, 0x00,
0x00, 0x00, 0x00, 0x00, 0x8A, 0xFF, 0xEF, 0x09, 0x00, 0x89, 0xFF, 0xFF, 0x4F, 0x00, 0x00, 0x00,
0x00, 0x00, 0x00, 0x00, 0x03, 0xE5, 0xFF, 0x94, 0x00, 0x00, 0x14, 0xF3, 0xFF, 0xCC, 0x00, 0x00,
0x00, 0x00, 0x00, 0x00, 0x00, 0x47, 0xFF, 0xFF, 0x30, 0x00, 0x00, 0x00, 0x87, 0xFF, 0xFF, 0x49,
0x00, 0x00, 0x00, 0x00, 0x00, 0x00, 0xA6, 0xFF, 0xCC, 0x00, 0x00, 0x00, 0x00, 0x13, 0xF2, 0xFF,
0xC6, 0x00, 0x00, 0x00, 0x00, 0x00, 0x0E, 0xF6, 0xFF, 0x67, 0x00, 0x00, 0x00, 0x00, 0x00, 0x85,
0xFF, 0xFF, 0x43, 0x00, 0x00, 0x00, 0x00, 0x63, 0xFF, 0xF5, 0x0E, 0x00, 0x00, 0x00, 0x00, 0x00,
0x12, 0xF2, 0xFF, 0xC0, 0x00, 0x00, 0x00, 0x00, 0xC2, 0xFF, 0x9E, 0x00, 0x00, 0x00, 0x00, 0x00,
0x00, 0x00, 0x83, 0xFF, 0xFF, 0x3D, 0x00, 0x00, 0x21, 0xFE, 0xFF, 0x3A, 0x00, 0x00, 0x00, 0x00,
0x00, 0x00, 0x00, 0x11, 0xF1, 0xFF, 0xBA, 0x00, 0x00, 0x7F, 0xFF, 0xD5, 0x00, 0x00, 0x00, 0x00,
0x00, 0x00, 0x00, 0x00, 0x00, 0x81, 0xFF, 0xFF, 0x37, 0x00, 0xDC, 0xFF, 0x71, 0x00, 0x00, 0x00,
0x00, 0x00, 0x00, 0x00, 0x00, 0x00, 0x10, 0xF0, 0xFF, 0x9A, 0x25, 0xFF, 0xF9, 0x14, 0x00, 0x00,
0x00, 0x00, 0x00, 0x00, 0x00, 0x00, 0x00, 0x00, 0x7F, 0xFF, 0xE4, 0x5D, 0xFF, 0xA8, 0x00, 0x00,
0x00, 0x00, 0x00, 0x00, 0x00, 0x00, 0x00, 0x00, 0x00, 0x0F, 0xEF, 0xFF, 0xCB, 0xFF, 0x44, 0x00,
0x00, 0x00, 0x00, 0x00, 0x00, 0x00, 0x00, 0x00, 0x00, 0x00, 0x00, 0x7D, 0xFF, 0xFF, 0xDE, 0x01,
0x00, 0x00, 0x00, 0x00, 0x00, 0x00, 0x00, 0x00, 0x00, 0x00, 0x00, 0x00, 0x1C, 0xFF, 0xFF, 0x7A,
0x00, 0x00, 0x00, 0x00, 0x00, 0x00, 0x00, 0x00, 0x00, 0x00, 0x00, 0x00, 0x00, 0x54, 0xFF, 0xF9,
0x16, 0x00, 0x00, 0x00, 0x00, 0x00, 0x00, 0x00, 0x00, 0x00, 0x00, 0x00, 0x00, 0x00, 0xB9, 0xFF,
0x9D, 0x00, 0x00, 0x00, 0x00, 0x00, 0x00, 0x00, 0x00, 0x00, 0x00, 0x00, 0x00, 0x06, 0x6D, 0xFF,
0xF8, 0x23, 0x00, 0x00, 0x00, 0x00, 0x00, 0x00, 0x00, 0x00, 0x00, 0x00, 0xB4, 0xFF, 0xFF, 0xFF,
0xFF, 0x73, 0x00, 0x00, 0x00, 0x00, 0x00, 0x00, 0x00, 0x00, 0x00, 0x00, 0x0C, 0xC1, 0xF5, 0xFB,
0xDB, 0x6C, 0x00, 0x00, 0x00, 0x00, 0x00, 0x00, 0x00, 0x00, 0x00, 0x00, 0x00, 0x04, 0xBB, 0xF0,
0x54, 0x00, 0x00, 0x1E, 0xDB, 0xE3, 0x2D, 0x00, 0x00, 0x00, 0x00, 0x29, 0xFF, 0xFF, 0xB0, 0x00,
0x00, 0x65, 0xFF, 0xFF, 0x7C, 0x00, 0x00, 0x00, 0x00, 0x05, 0xBB, 0xF1, 0x54, 0x00, 0x00, 0x1F,
0xDB, 0xE3, 0x2E, 0x00, 0x00, 0x00, 0x00, 0x00, 0x00, 0x00, 0x00, 0x00, 0x00, 0x00, 0x00, 0x00,
0x00, 0x00, 0x00, 0x00, 0x00, 0x00, 0x00, 0x00, 0x00, 0x00, 0x00, 0x00, 0x00, 0x00, 0x00, 0x00,
0x00, 0x71, 0xFF, 0xFF, 0x4F, 0x00, 0x00, 0x00, 0x00, 0x00, 0x00, 0x00, 0xDE, 0xFF, 0x89, 0x11,
0xF7, 0xFF, 0xAE, 0x00, 0x00, 0x00, 0x00, 0x00, 0x00, 0x2C, 0xFF, 0xFF, 0x34, 0x00, 0xA1, 0xFF,
0xFA, 0x13, 0x00, 0x00, 0x00, 0x00, 0x00, 0x79, 0xFF, 0xDF, 0x00, 0x00, 0x39, 0xFF, 0xFF, 0x6D,
0x00, 0x00, 0x00, 0x00, 0x00, 0xC7, 0xFF, 0x8A, 0x00, 0x00, 0x00, 0xD1, 0xFF, 0xCC, 0x00, 0x00,
0x00, 0x00, 0x16, 0xFD, 0xFF, 0x35, 0x00, 0x00, 0x00, 0x6A, 0xFF, 0xFF, 0x2B, 0x00, 0x00, 0x00,
0x61, 0xFF, 0xE0, 0x00, 0x00, 0x00, 0x00, 0x0E, 0xF4, 0xFF, 0x8A, 0x00, 0x00, 0x00, 0xAF, 0xFF,
0x8B, 0x00, 0x00, 0x00, 0x00, 0x00, 0x9B, 0xFF, 0xE6, 0x03, 0x00, 0x07, 0xF4, 0xFF, 0x36, 0x00,
0x00, 0x00, 0x00, 0x00, 0x33, 0xFF, 0xFF, 0x49, 0x00, 0x49, 0xFF, 0xE0, 0x00, 0x00, 0x00, 0x00,
0x00, 0x00, 0x00, 0xCB, 0xFF, 0xA7, 0x00, 0x95, 0xFF, 0x8C, 0x00, 0x00, 0x00, 0x00, 0x00, 0x00,
0x00, 0x64, 0xFF, 0xF1, 0x05, 0xD4, 0xFF, 0x37, 0x00, 0x00, 0x00, 0x00, 0x00, 0x00, 0x00, 0x0B,
0xF0, 0xFF, 0x54, 0xFE, 0xE1, 0x01, 0x00, 0x00, 0x00, 0x00, 0x00, 0x00, 0x00, 0x00, 0x94, 0xFF,
0xDB, 0xFF, 0x8D, 0x00, 0x00, 0x00, 0x00, 0x00, 0x00, 0x00, 0x00, 0x00, 0x2D, 0xFF, 0xFF, 0xFF,
0x38, 0x00, 0x00, 0x00, 0x00, 0x00, 0x00, 0x00, 0x00, 0x00, 0x00, 0xC5, 0xFF, 0xDD, 0x00, 0x00,
0x00, 0x00, 0x00, 0x00, 0x00, 0x00, 0x00, 0x00, 0x00, 0xC5, 0xFF, 0x83, 0x00, 0x00, 0x00, 0x00,
0x00, 0x00, 0x00, 0x00, 0x00, 0x00, 0x18, 0xFC, 0xFE, 0x25, 0x00, 0x00, 0x00, 0x00, 0x00, 0x00,
0x00, 0x00, 0x00, 0x00, 0x8A, 0xFF, 0xB9, 0x00, 0x00, 0x00, 0x00, 0x00, 0x00, 0x00, 0x00, 0x09,
0x0F, 0x6E, 0xFC, 0xFE, 0x3A, 0x00, 0x00, 0x00, 0x00, 0x00, 0x00, 0x00, 0x00, 0x6A, 0xFF, 0xFF,
0xFF, 0x93, 0x00, 0x00, 0x00, 0x00, 0x00, 0x00, 0x00, 0x00, 0x00, 0x81, 0xF5, 0xED, 0x89, 0x03,
0x00, 0x00, 0x00, 0x00, 0x00, 0x00, 0x00, 0x00, 0x00, 0x00, 0x00, 0x00, 0x00, 0x00, 0x9B, 0xFF,
0xFD, 0x56, 0x18, 0xD6, 0xFF, 0xF4, 0x54, 0x00, 0x00, 0x00, 0x00, 0x00, 0x00, 0x00, 0x3F, 0xFE,
0xF5, 0x50, 0x1A, 0xD9, 0xFF, 0xAA, 0x1C, 0x00, 0x00, 0x00, 0x00, 0x00, 0x00, 0x00, 0x08, 0xDA,
0xE6, 0x33, 0x1D, 0xDB, 0xD6, 0x43, 0x00, 0x00, 0x00, 0x00, 0x00, 0x00, 0x00, 0x00, 0x00, 0x00,
0x00, 0x00, 0x00, 0x00, 0x00, 0x00, 0x00, 0x00, 0x00, 0x00, 0x00, 0x8C, 0xFF, 0xFF, 0x55, 0x00,
0x00, 0x00, 0x00, 0x00, 0x00, 0x00, 0x00, 0x00, 0x2B, 0xFF, 0xFF, 0x5D, 0x15, 0xF4, 0xFF, 0xD1,
0x01, 0x00, 0x00, 0x00, 0x00, 0x00, 0x00, 0x00, 0x00, 0x8A, 0xFF, 0xEF, 0x09, 0x00, 0x89, 0xFF,
0xFF, 0x4F, 0x00, 0x00, 0x00, 0x00, 0x00, 0x00, 0x00, 0x03, 0xE5, 0xFF, 0x94, 0x00, 0x00, 0x14,
0xF3, 0xFF, 0xCC, 0x00, 0x00, 0x00, 0x00, 0x00, 0x00, 0x00, 0x47, 0xFF, 0xFF, 0x30, 0x00, 0x00,
0x00, 0x87, 0xFF, 0xFF, 0x49, 0x00, 0x00, 0x00, 0x00, 0x00, 0x00, 0xA6, 0xFF, 0xCC, 0x00, 0x00,
0x00, 0x00, 0x13, 0xF2, 0xFF, 0xC6, 0x00, 0x00, 0x00, 0x00, 0x00, 0x0E, 0xF6, 0xFF, 0x67, 0x00,
0x00, 0x00, 0x00, 0x00, 0x85, 0xFF, 0xFF, 0x43, 0x00, 0x00, 0x00, 0x00, 0x63, 0xFF, 0xF5, 0x0E,
0x00, 0x00, 0x00, 0x00, 0x00, 0x12, 0xF2, 0xFF, 0xC0, 0x00, 0x00, 0x00, 0x00, 0xC2, 0xFF, 0x9E,
0x00, 0x00, 0x00, 0x00, 0x00, 0x00, 0x00, 0x83, 0xFF, 0xFF, 0x3D, 0x00, 0x00, 0x21, 0xFE, 0xFF,
0x3A, 0x00, 0x00, 0x00, 0x00, 0x00, 0x00, 0x00, 0x11, 0xF1, 0xFF, 0xBA, 0x00, 0x00, 0x7F, 0xFF,
0xD5, 0x00, 0x00, 0x00, 0x00, 0x00, 0x00, 0x00, 0x00, 0x00, 0x81, 0xFF, 0xFF, 0x37, 0x00, 0xDC,
0xFF, 0x71, 0x00, 0x00, 0x00, 0x00, 0x00, 0x00, 0x00, 0x00, 0x00, 0x10, 0xF0, 0xFF, 0x9A, 0x25,
0xFF, 0xF9, 0x14, 0x00, 0x00, 0x00, 0x00, 0x00, 0x00, 0x00, 0x00, 0x00, 0x00, 0x7F, 0xFF, 0xE4,
0x5D, 0xFF, 0xA8, 0x00, 0x00, 0x00, 0x00, 0x00, 0x00, 0x00, 0x00, 0x00, 0x00, 0x00, 0x0F, 0xEF,
0xFF, 0xCB, 0xFF, 0x44, 0x00, 0x00, 0x00, 0x00, 0x00, 0x00, 0x00, 0x00, 0x00, 0x00, 0x00, 0x00,
0x7D, 0xFF, 0xFF, 0xDE, 0x01, 0x00, 0x00, 0x00, 0x00, 0x00, 0x00, 0x00, 0x00, 0x00, 0x00, 0x00,
0x00, 0x1C, 0xFF, 0xFF, 0x7A, 0x00, 0x00, 0x00, 0x00, 0x00, 0x00, 0x00, 0x00, 0x00, 0x00, 0x00,
0x00, 0x00, 0x54, 0xFF, 0xF9, 0x16, 0x00, 0x00, 0x00, 0x00, 0x00, 0x00, 0x00, 0x00, 0x00, 0x00,
0x00, 0x00, 0x00, 0xB9, 0xFF, 0x9D, 0x00, 0x00, 0x00, 0x00, 0x00, 0x00, 0x00, 0x00, 0x00, 0x00,
0x00, 0x00, 0x06, 0x6D, 0xFF, 0xF8, 0x23, 0x00, 0x00, 0x00, 0x00, 0x00, 0x00, 0x00, 0x00, 0x00,
0x00, 0xB4, 0xFF, 0xFF, 0xFF, 0xFF, 0x73, 0x00, 0x00, 0x00, 0x00, 0x00, 0x00, 0x00, 0x00, 0x00,
0x00, 0x0C, 0xC1, 0xF5, 0xFB, 0xDB, 0x6C, 0x00, 0x00, 0x00, 0x00, 0x00, 0x00, 0x00, 0x00, 0x00,
0x00, 0x00, 0x00, 0x00, 0x00, 0x4A, 0xFF, 0xFD, 0x1F, 0x17, 0xF3, 0xFF, 0xB0, 0x00, 0x00, 0x00,
0x00, 0x00, 0x00, 0x8D, 0xFF, 0x94, 0x00, 0x97, 0xFF, 0xC7, 0x0D, 0x00, 0x00, 0x00, 0x00, 0x00,
0x00, 0xD0, 0xE8, 0x0F, 0x26, 0xFB, 0xCB, 0x0F, 0x00, 0x00, 0x00, 0x00, 0x00, 0x00, 0x14, 0xFE,
0x5D, 0x00, 0xAE, 0xCF, 0x11, 0x00, 0x00, 0x00, 0x00, 0x00, 0x00, 0x00, 0x00, 0x00, 0x00, 0x00,
0x00, 0x00, 0x00, 0x00, 0x00, 0x00, 0x00, 0x00, 0x00, 0x00, 0x00, 0x00, 0x00, 0x00, 0x00, 0x00,
0x00, 0x00, 0x00, 0x00, 0x71, 0xFF, 0xFF, 0x4F, 0x00, 0x00, 0x00, 0x00, 0x00, 0x00, 0x00, 0xDE,
0xFF, 0x89, 0x11, 0xF7, 0xFF, 0xAE, 0x00, 0x00, 0x00, 0x00, 0x00, 0x00, 0x2C, 0xFF, 0xFF, 0x34,
0x00, 0xA1, 0xFF, 0xFA, 0x13, 0x00, 0x00, 0x00, 0x00, 0x00, 0x79, 0xFF, 0xDF, 0x00, 0x00, 0x39,
0xFF, 0xFF, 0x6D, 0x00, 0x00, 0x00, 0x00, 0x00, 0xC7, 0xFF, 0x8A, 0x00, 0x00, 0x00, 0xD1, 0xFF,
0xCC, 0x00, 0x00, 0x00, 0x00, 0x16, 0xFD, 0xFF, 0x35, 0x00, 0x00, 0x00, 0x6A, 0xFF, 0xFF, 0x2B,
0x00, 0x00, 0x00, 0x61, 0xFF, 0xE0, 0x00, 0x00, 0x00, 0x00, 0x0E, 0xF4, 0xFF, 0x8A, 0x00, 0x00,
0x00, 0xAF, 0xFF, 0x8B, 0x00, 0x00, 0x00, 0x00, 0x00, 0x9B, 0xFF, 0xE6, 0x03, 0x00, 0x07, 0xF4,
0xFF, 0x36, 0x00, 0x00, 0x00, 0x00, 0x00, 0x33, 0xFF, 0xFF, 0x49, 0x00, 0x49, 0xFF, 0xE0, 0x00,
0x00, 0x00, 0x00, 0x00, 0x00, 0x00, 0xCB, 0xFF, 0xA7, 0x00, 0x95, 0xFF, 0x8C, 0x00, 0x00, 0x00,
0x00, 0x00, 0x00, 0x00, 0x64, 0xFF, 0xF1, 0x05, 0xD4, 0xFF, 0x37, 0x00, 0x00, 0x00, 0x00, 0x00,
0x00, 0x00, 0x0B, 0xF0, 0xFF, 0x54, 0xFE, 0xE1, 0x01, 0x00, 0x00, 0x00, 0x00, 0x00, 0x00, 0x00,
0x00, 0x94, 0xFF, 0xDB, 0xFF, 0x8D, 0x00, 0x00, 0x00, 0x00, 0x00, 0x00, 0x00, 0x00, 0x00, 0x2D,
0xFF, 0xFF, 0xFF, 0x38, 0x00, 0x00, 0x00, 0x00, 0x00, 0x00, 0x00, 0x00, 0x00, 0x00, 0xC5, 0xFF,
0xDD, 0x00, 0x00, 0x00, 0x00, 0x00, 0x00, 0x00, 0x00, 0x00, 0x00, 0x00, 0xC5, 0xFF, 0x83, 0x00,
0x00, 0x00, 0x00, 0x00, 0x00, 0x00, 0x00, 0x00, 0x00, 0x18, 0xFC, 0xFE, 0x25, 0x00, 0x00, 0x00,
0x00, 0x00, 0x00, 0x00, 0x00, 0x00, 0x00, 0x8A, 0xFF, 0xB9, 0x00, 0x00, 0x00, 0x00, 0x00, 0x00,
0x00, 0x00, 0x09, 0x0F, 0x6E, 0xFC, 0xFE, 0x3A, 0x00, 0x00, 0x00, 0x00, 0x00, 0x00, 0x00, 0x00,
0x6A, 0xFF, 0xFF, 0xFF, 0x93, 0x00, 0x00, 0x00, 0x00, 0x00, 0x00, 0x00, 0x00, 0x00, 0x81, 0xF5,
0xED, 0x89, 0x03, 0x00, 0x00, 0x00, 0x00, 0x00, 0x00, 0x00, 0x00, 0x00, 0x03, 0xB1, 0xF4, 0x85,
0x00, 0x00, 0x1C, 0xD6, 0xEC, 0x4D, 0x00, 0x00, 0x00, 0x00, 0x28, 0xFF, 0xFF, 0xF0, 0x00, 0x00,
0x64, 0xFF, 0xFF, 0xAF, 0x00, 0x00, 0x00, 0x00, 0x04, 0xB1, 0xF5, 0x85, 0x00, 0x00, 0x1C, 0xD6,
0xEC, 0x4D, 0x00, 0x00, 0x00, 0x00, 0x00, 0x00, 0x00, 0x00, 0x00, 0x00, 0x00, 0x00, 0x00, 0x00,
0x00, 0x00, 0xC0, 0xFF, 0xBC, 0x00, 0x00, 0x00, 0x00, 0x00, 0x00, 0x00, 0x00, 0xE4, 0xFF, 0x98,
0xC0, 0xFF, 0xBC, 0x00, 0x00, 0x00, 0x00, 0x00, 0x00, 0x00, 0x00, 0xE4, 0xFF, 0x98, 0xC0, 0xFF,
0xBC, 0x00, 0x00, 0x00, 0x00, 0x00, 0x00, 0x00, 0x00, 0xE4, 0xFF, 0x98, 0xC0, 0xFF, 0xBC, 0x00,
0x00, 0x00, 0x00, 0x00, 0x00, 0x00, 0x00, 0xE4, 0xFF, 0x98, 0xC0, 0xFF, 0xBC, 0x00, 0x00, 0x00,
0x00, 0x00, 0x00, 0x00, 0x00, 0xE4, 0xFF, 0x98, 0xC0, 0xFF, 0xBC, 0x00, 0x00, 0x00, 0x00, 0x00,
0x00, 0x00, 0x00, 0xE4, 0xFF, 0x98, 0xC0, 0xFF, 0xBC, 0x00, 0x00, 0x00, 0x00, 0x00, 0x00, 0x00,
0x00, 0xE4, 0xFF, 0x98, 0xBB, 0xFF, 0xC4, 0x00, 0x00, 0x00, 0x00, 0x00, 0x00, 0x00, 0x00, 0xE4,
0xFF, 0x98, 0xA8, 0xFF, 0xEB, 0x02, 0x00, 0x00, 0x00, 0x00, 0x00, 0x00, 0x00, 0xE4, 0xFF, 0x98,
0x76, 0xFF, 0xFF, 0x58, 0x00, 0x00, 0x00, 0x00, 0x00, 0x00, 0x13, 0xED, 0xFF, 0x98, 0x1C, 0xF8,
0xFF, 0xF4, 0x6C, 0x19, 0x04, 0x12, 0x3D, 0x88, 0xEC, 0xFF, 0xFF, 0x98, 0x00, 0x65, 0xFD, 0xFF,
0xFF, 0xFF, 0xFF, 0xFF, 0xFF, 0xFF, 0xEB, 0xF7, 0xFF, 0x98, 0x00, 0x00, 0x38, 0xA7, 0xE1, 0xF9,
0xF7, 0xE1, 0xAC, 0x5E, 0x09, 0xE4, 0xFF, 0x98, 0x00, 0x00, 0x00, 0x00, 0x00, 0x00, 0x00, 0x00,
0x00, 0x00, 0x00, 0xE4, 0xFF, 0x98, 0x00, 0x00, 0x00, 0x00, 0x00, 0x00, 0x00, 0x00, 0x00, 0x00,
0x00, 0xE4, 0xFF, 0x98, 0x00, 0x00, 0x00, 0x00, 0x00, 0x00, 0x00, 0x00, 0x00, 0x00, 0x00, 0xE4,
0xFF, 0x98, 0x00, 0x00, 0x00, 0x00, 0x00, 0x00, 0x00, 0x00, 0x00, 0x00, 0x00, 0xE4, 0xFF, 0x98,
0x00, 0x00, 0x00, 0x00, 0x00, 0x00, 0x00, 0x00, 0x00, 0x00, 0x00, 0xE4, 0xFF, 0x98, 0x00, 0x00,
0x00, 0x00, 0x00, 0x00, 0x00, 0x00, 0x00, 0x00, 0x00, 0xE4, 0xFF, 0x98, 0x00, 0x00, 0x00, 0x00,
0x00, 0x00, 0x00, 0x00, 0x00, 0x00, 0x00, 0xE4, 0xFF, 0x98, 0x00, 0x00, 0x00, 0x00, 0x00, 0x00,
0x00, 0x00, 0x00, 0x00, 0x00, 0xE4, 0xFF, 0x98, 0x00, 0x04, 0xBB, 0xF0, 0x54, 0x00, 0x00, 0x1E,
0xDB, 0xE3, 0x2D, 0x00, 0x00, 0x29, 0xFF, 0xFF, 0xB0, 0x00, 0x00, 0x65, 0xFF, 0xFF, 0x7C, 0x00,
0x00, 0x05, 0xBB, 0xF1, 0x54, 0x00, 0x00, 0x1F, 0xDB, 0xE3, 0x2E, 0x00, 0x00, 0x00, 0x00, 0x00,
0x00, 0x00, 0x00, 0x00, 0x00, 0x00, 0x00, 0x00, 0x00, 0x00, 0x00, 0x00, 0x00, 0x00, 0x00, 0x00,
0x00, 0x00, 0x00, 0x00, 0x88, 0xFF, 0xE0, 0x00, 0x00, 0x00, 0x00, 0x00, 0x04, 0xFF, 0xFF, 0x64,
0x88, 0xFF, 0xE0, 0x00, 0x00, 0x00, 0x00, 0x00, 0x04, 0xFF, 0xFF, 0x64, 0x88, 0xFF, 0xE0, 0x00,
0x00, 0x00, 0x00, 0x00, 0x04, 0xFF, 0xFF, 0x64, 0x88, 0xFF, 0xE0, 0x00, 0x00, 0x00, 0x00, 0x00,
0x04, 0xFF, 0xFF, 0x64, 0x87, 0xFF, 0xE3, 0x00, 0x00, 0x00, 0x00, 0x00, 0x04, 0xFF, 0xFF, 0x64,
0x7E, 0xFF, 0xF0, 0x00, 0x00, 0x00, 0x00, 0x00, 0x04, 0xFF, 0xFF, 0x64, 0x63, 0xFF, 0xFF, 0x29,
0x00, 0x00, 0x00, 0x00, 0x04, 0xFF, 0xFF, 0x64, 0x25, 0xFF, 0xFF, 0xC8, 0x25, 0x04, 0x12, 0x48,
0xB7, 0xFF, 0xFF, 0x64, 0x00, 0xA6, 0xFF, 0xFF, 0xFF, 0xFF, 0xFF, 0xFF, 0xFF, 0xFF, 0xFF, 0x64,
0x00, 0x06, 0x82, 0xD9, 0xF9, 0xF8, 0xE1, 0xA3, 0x3B, 0xFF, 0xFF, 0x64, 0x00, 0x00, 0x00, 0x00,
0x00, 0x00, 0x00, 0x00, 0x04, 0xFF, 0xFF, 0x64, 0x00, 0x00, 0x00, 0x00, 0x00, 0x00, 0x00, 0x00,
0x04, 0xFF, 0xFF, 0x64, 0x00, 0x00, 0x00, 0x00, 0x00, 0x00, 0x00, 0x00, 0x04, 0xFF, 0xFF, 0x64,
0x00, 0x00, 0x00, 0x00, 0x00, 0x00, 0x00, 0x00, 0x04, 0xFF, 0xFF, 0x64, 0x00, 0x00, 0x00, 0x00,
0x00, 0x00, 0x00, 0x00, 0x04, 0xFF, 0xFF, 0x64, 0x74, 0xFF, 0xFF, 0xFF, 0xFF, 0xFF, 0xFF, 0xFF,
0xFF, 0xFF, 0xFF, 0xCC, 0x74, 0xFF, 0xFF, 0xFF, 0xFF, 0xFF, 0xFF, 0xFF, 0xFF, 0xFF, 0xFF, 0xCC,
0x74, 0xFF, 0xFF, 0x0C, 0x00, 0x00, 0x00, 0x00, 0x00, 0x00, 0x00, 0x00, 0x74, 0xFF, 0xFF, 0x0C,
0x00, 0x00, 0x00, 0x00, 0x00, 0x00, 0x00, 0x00, 0x74, 0xFF, 0xFF, 0x0C, 0x00, 0x00, 0x00, 0x00,
0x00, 0x00, 0x00, 0x00, 0x74, 0xFF, 0xFF, 0x0C, 0x00, 0x00, 0x00, 0x00, 0x00, 0x00, 0x00, 0x00,
0x74, 0xFF, 0xFF, 0x0C, 0x00, 0x00, 0x00, 0x00, 0x00, 0x00, 0x00, 0x00, 0x74, 0xFF, 0xFF, 0x0C,
0x00, 0x00, 0x00, 0x00, 0x00, 0x00, 0x00, 0x00, 0x74, 0xFF, 0xFF, 0x0C, 0x00, 0x00, 0x00, 0x00,
0x00, 0x00, 0x00, 0x00, 0x74, 0xFF, 0xFF, 0x0C, 0x00, 0x00, 0x00, 0x00, 0x00, 0x00, 0x00, 0x00,
0x74, 0xFF, 0xFF, 0x0C, 0x00, 0x00, 0x00, 0x00, 0x00, 0x00, 0x00, 0x00, 0x74, 0xFF, 0xFF, 0x0C,
0x00, 0x00, 0x00, 0x00, 0x00, 0x00, 0x00, 0x00, 0x74, 0xFF, 0xFF, 0x0C, 0x00, 0x00, 0x00, 0x00,
0x00, 0x00, 0x00, 0x00, 0x74, 0xFF, 0xFF, 0x0C, 0x00, 0x00, 0x00, 0x00, 0x00, 0x00, 0x00, 0x00,
0x74, 0xFF, 0xFF, 0x0C, 0x00, 0x00, 0x00, 0x00, 0x00, 0x00, 0x00, 0x00, 0x74, 0xFF, 0xFF, 0x0C,
0x00, 0x00, 0x00, 0x00, 0x00, 0x00, 0x00, 0x00, 0x74, 0xFF, 0xFF, 0x0C, 0x00, 0x00, 0x00, 0x00,
0x00, 0x00, 0x00, 0x00, 0x74, 0xFF, 0xFF, 0x0C, 0x00, 0x00, 0x00, 0x00, 0x00, 0x00, 0x00, 0x00,
0x74, 0xFF, 0xFF, 0x0C, 0x00, 0x00, 0x00, 0x00, 0x00, 0x00, 0x00, 0x00, 0x74, 0xFF, 0xFF, 0xFF,
0xFF, 0xCC, 0x00, 0x00, 0x00, 0x00, 0x00, 0x00, 0x74, 0xFF, 0xFF, 0xFF, 0xFF, 0xCC, 0x00, 0x00,
0x00, 0x00, 0x00, 0x00, 0x00, 0x00, 0x00, 0x56, 0xFF, 0xCC, 0x00, 0x00, 0x00, 0x00, 0x00, 0x00,
0x00, 0x00, 0x00, 0x39, 0xFF, 0xCC, 0x00, 0x00, 0x00, 0x00, 0x00, 0x00, 0x00, 0x00, 0x00, 0x1C,
0xFF, 0xCC, 0x00, 0x00, 0x00, 0x00, 0x00, 0x00, 0x00, 0x00, 0x00, 0x03, 0xFB, 0xCC, 0x00, 0x00,
0x00, 0x00, 0x00, 0x00, 0xB0, 0xFF, 0xFF, 0xFF, 0xFF, 0xFF, 0xFF, 0xFF, 0xFF, 0x10, 0xB0, 0xFF,
0xFF, 0xFF, 0xFF, 0xFF, 0xFF, 0xFF, 0xFF, 0x10, 0xB0, 0xFF, 0xB4, 0x00, 0x00, 0x00, 0x00, 0x00,
0x00, 0x00, 0xB0, 0xFF, 0xB4, 0x00, 0x00, 0x00, 0x00, 0x00, 0x00, 0x00, 0xB0, 0xFF, 0xB4, 0x00,
0x00, 0x00, 0x00, 0x00, 0x00, 0x00, 0xB0, 0xFF, 0xB4, 0x00, 0x00, 0x00, 0x00, 0x00, 0x00, 0x00,
0xB0, 0xFF, 0xB4, 0x00, 0x00, 0x00, 0x00, 0x00, 0x00, 0x00, 0xB0, 0xFF, 0xB4, 0x00, 0x00, 0x00,
0x00, 0x00, 0x00, 0x00, 0xB0, 0xFF, 0xB4, 0x00, 0x00, 0x00, 0x00, 0x00, 0x00, 0x00, 0xB0, 0xFF,
0xB4, 0x00, 0x00, 0x00, 0x00, 0x00, 0x00, 0x00, 0xB0, 0xFF, 0xB4, 0x00, 0x00, 0x00, 0x00, 0x00,
0x00, 0x00, 0xB0, 0xFF, 0xB4, 0x00, 0x00, 0x00, 0x00, 0x00, 0x00, 0x00, 0xB0, 0xFF, 0xB4, 0x00,
0x00, 0x00, 0x00, 0x00, 0x00, 0x00, 0xB0, 0xFF, 0xFF, 0xFF, 0xF0, 0x00, 0x00, 0x00, 0x00, 0x00,
0xB0, 0xFF, 0xFF, 0xFF, 0xF0, 0x00, 0x00, 0x00, 0x00, 0x00, 0x00, 0x00, 0x16, 0xFF, 0xF0, 0x00,
0x00, 0x00, 0x00, 0x00, 0x00, 0x00, 0x00, 0xF8, 0xF0, 0x00, 0x00, 0x00, 0x00, 0x00, 0x00, 0x00,
0x00, 0xDC, 0xF0, 0x00, 0x00, 0x00, 0x00, 0x00, 0x00, 0x00, 0x00, 0xBF, 0xF0, 0x00, 0x00, 0x00,
0x00, 0x00, 0x00, 0x00, 0x00, 0x00, 0x03, 0xB1, 0xF4, 0x85, 0x00, 0x00, 0x1C, 0xD6, 0xEC, 0x4D,
0x00, 0x00, 0x00, 0x00, 0x00, 0x00, 0x00, 0x00, 0x00, 0x28, 0xFF, 0xFF, 0xF0, 0x00, 0x00, 0x64,
0xFF, 0xFF, 0xAF, 0x00, 0x00, 0x00, 0x00, 0x00, 0x00, 0x00, 0x00, 0x00, 0x04, 0xB1, 0xF5, 0x85,
0x00, 0x00, 0x1C, 0xD6, 0xEC, 0x4D, 0x00, 0x00, 0x00, 0x00, 0x00, 0x00, 0x00, 0x00, 0x00, 0x00,
0x00, 0x00, 0x00, 0x00, 0x00, 0x00, 0x00, 0x00, 0x00, 0x00, 0x00, 0x00, 0x00, 0x00, 0x74, 0xFF,
0xFF, 0x0C, 0x00, 0x00, 0x00, 0x00, 0x00, 0x00, 0x00, 0x00, 0x00, 0x00, 0x00, 0x00, 0xF8, 0xFF,
0x84, 0x74, 0xFF, 0xFF, 0x0C, 0x00, 0x00, 0x00, 0x00, 0x00, 0x00, 0x00, 0x00, 0x00, 0x00, 0x00,
0x00, 0xF8, 0xFF, 0x84, 0x74, 0xFF, 0xFF, 0x0C, 0x00, 0x00, 0x00, 0x00, 0x00, 0x00, 0x00, 0x00,
0x00, 0x00, 0x00, 0x00, 0xF8, 0xFF, 0x84, 0x74, 0xFF, 0xFF, 0x0C, 0x00, 0x00, 0x00, 0x00, 0x00,
0x00, 0x00, 0x00, 0x00, 0x00, 0x00, 0x00, 0xF8, 0xFF, 0x84, 0x74, 0xFF, 0xFF, 0x0C, 0x00, 0x00,
0x00, 0x00, 0x00, 0x00, 0x00, 0x00, 0x00, 0x00, 0x00, 0x00, 0xF8, 0xFF, 0x84, 0x74, 0xFF, 0xFF,
0x0C, 0x00, 0x00, 0x00, 0x00, 0x00, 0x00, 0x00, 0x00, 0x00, 0x00, 0x00, 0x00, 0xF8, 0xFF, 0x84,
0x74, 0xFF, 0xFF, 0x0C, 0x00, 0x00, 0x00, 0x00, 0x00, 0x00, 0x00, 0x00, 0x00, 0x00, 0x00, 0x00,
0xF8, 0xFF, 0x84, 0x74, 0xFF, 0xFF, 0x0C, 0x00, 0x00, 0x00, 0x00, 0x00, 0x00, 0x00, 0x00, 0x00,
0x00, 0x00, 0x00, 0xF8, 0xFF, 0x84, 0x74, 0xFF, 0xFF, 0xD6, 0xEF, 0xFC, 0xF4, 0xDA, 0xAA, 0x59,
0x03, 0x00, 0x00, 0x00, 0x00, 0x00, 0xF8, 0xFF, 0x84, 0x74, 0xFF, 0xFF, 0xFF, 0xFF, 0xFF, 0xFF,
0xFF, 0xFF, 0xFF, 0xD3, 0x20, 0x00, 0x00, 0x00, 0x00, 0xF8, 0xFF, 0x84, 0x74, 0xFF, 0xFF, 0x37,
0x0E, 0x08, 0x22, 0x4F, 0xBD, 0xFF, 0xFF, 0xDC, 0x0A, 0x00, 0x00, 0x00, 0xF8, 0xFF, 0x84, 0x74,
0xFF, 0xFF, 0x0C, 0x00, 0x00, 0x00, 0x00, 0x01, 0x9B, 0xFF, 0xFF, 0x75, 0x00, 0x00, 0x00, 0xF8,
0xFF, 0x84, 0x74, 0xFF, 0xFF, 0x0C, 0x00, 0x00, 0x00, 0x00, 0x00, 0x0C, 0xF5, 0xFF, 0xC7, 0x00,
0x00, 0x00, 0xF8, 0xFF, 0x84, 0x74, 0xFF, 0xFF, 0x0C, 0x00, 0x00, 0x00, 0x00, 0x00, 0x00, 0xC0,
0xFF, 0xE8, 0x00, 0x00, 0x00, 0xF8, 0xFF, 0x84, 0x74, 0xFF, 0xFF, 0x0C, 0x00, 0x00, 0x00, 0x00,
0x00, 0x00, 0xB2, 0xFF, 0xEF, 0x00, 0x00, 0x00, 0xF8, 0xFF, 0x84, 0x74, 0xFF, 0xFF, 0x0C, 0x00,
0x00, 0x00, 0x00, 0x00, 0x00, 0xCD, 0xFF, 0xD8, 0x00, 0x00, 0x00, 0xF8, 0xFF, 0x84, 0x74, 0xFF,
0xFF, 0x0C, 0x00, 0x00, 0x00, 0x00, 0x00, 0x20, 0xFD, 0xFF, 0x9C, 0x00, 0x00, 0x00, 0xF8, 0xFF,
0x84, 0x74, 0xFF, 0xFF, 0x0C, 0x00, 0x00, 0x00, 0x00, 0x09, 0xBF, 0xFF, 0xFF, 0x39, 0x00, 0x00,
0x00, 0xF8, 0xFF, 0x84, 0x74, 0xFF, 0xFF, 0x28, 0x07, 0x04, 0x1C, 0x60, 0xD9, 0xFF, 0xFF, 0x95,
0x00, 0x00, 0x00, 0x00, 0xF8, 0xFF, 0x84, 0x74, 0xFF, 0xFF, 0xFF, 0xFF, 0xFF, 0xFF, 0xFF, 0xFF,
0xFC, 0x8A, 0x02, 0x00, 0x00, 0x00, 0x00, 0xF8, 0xFF, 0x84, 0x46, 0xBF, 0xDF, 0xF3, 0xFD, 0xFA,
0xEA, 0xC2, 0x83, 0x24, 0x00, 0x00, 0x00, 0x00, 0x00, 0x00, 0xF8, 0xFF, 0x84, 0x00, 0x00, 0x00,
0x04, 0xBB, 0xF0, 0x54, 0x00, 0x00, 0x1E, 0xDB, 0xE3, 0x2D, 0x00, 0x00, 0x00, 0x00, 0x00, 0x00,
0x29, 0xFF, 0xFF, 0xB0, 0x00, 0x00, 0x65, 0xFF, 0xFF, 0x7C, 0x00, 0x00, 0x00, 0x00, 0x00, 0x00,
0x05, 0xBB, 0xF1, 0x54, 0x00, 0x00, 0x1F, 0xDB, 0xE3, 0x2E, 0x00, 0x00, 0x00, 0x00, 0x00, 0x00,
0x00, 0x00, 0x00, 0x00, 0x00, 0x00, 0x00, 0x00, 0x00, 0x00, 0x00, 0x00, 0x00, 0x00, 0x00, 0x00,
0x00, 0x00, 0x00, 0x00, 0x00, 0x00, 0x00, 0x00, 0x00, 0x00, 0x00, 0x00, 0x00, 0xB0, 0xFF, 0xB4,
0x00, 0x00, 0x00, 0x00, 0x00, 0x00, 0x00, 0x00, 0x00, 0x00, 0xE8, 0xFF, 0x7C, 0xB0, 0xFF, 0xB4,
0x00, 0x00, 0x00, 0x00, 0x00, 0x00, 0x00, 0x00, 0x00, 0x00, 0xE8, 0xFF, 0x7C, 0xB0, 0xFF, 0xB4,
0x00, 0x00, 0x00, 0x00, 0x00, 0x00, 0x00, 0x00, 0x00, 0x00, 0xE8, 0xFF, 0x7C, 0xB0, 0xFF, 0xB4,
0x00, 0x00, 0x00, 0x00, 0x00, 0x00, 0x00, 0x00, 0x00, 0x00, 0xE8, 0xFF, 0x7C, 0xB0, 0xFF, 0xB4,
0x00, 0x00, 0x00, 0x00, 0x00, 0x00, 0x00, 0x00, 0x00, 0x00, 0xE8, 0xFF, 0x7C, 0xB0, 0xFF, 0xF0,
0xE1, 0xF7, 0xFB, 0xEB, 0xBB, 0x5E, 0x01, 0x00, 0x00, 0x00, 0xE8, 0xFF, 0x7C, 0xB0, 0xFF, 0xFF,
0xFF, 0xFF, 0xFF, 0xFF, 0xFF, 0xFF, 0xAA, 0x01, 0x00, 0x00, 0xE8, 0xFF, 0x7C, 0xB0, 0xFF, 0xC2,
0x16, 0x03, 0x0A, 0x3E, 0xCF, 0xFF, 0xFF, 0x50, 0x00, 0x00, 0xE8, 0xFF, 0x7C, 0xB0, 0xFF, 0xB4,
0x00, 0x00, 0x00, 0x00, 0x24, 0xFB, 0xFF, 0x99, 0x00, 0x00, 0xE8, 0xFF, 0x7C, 0xB0, 0xFF, 0xB4,
0x00, 0x00, 0x00, 0x00, 0x00, 0xD6, 0xFF, 0xB2, 0x00, 0x00, 0xE8, 0xFF, 0x7C, 0xB0, 0xFF, 0xB4,
0x00, 0x00, 0x00, 0x00, 0x00, 0xD8, 0xFF, 0xA6, 0x00, 0x00, 0xE8, 0xFF, 0x7C, 0xB0, 0xFF, 0xB4,
0x00, 0x00, 0x00, 0x00, 0x21, 0xFB, 0xFF, 0x7B, 0x00, 0x00, 0xE8, 0xFF, 0x7C, 0xB0, 0xFF, 0xC1,
0x1D, 0x07, 0x0A, 0x3C, 0xCA, 0xFF, 0xFB, 0x22, 0x00, 0x00, 0xE8, 0xFF, 0x7C, 0xB0, 0xFF, 0xFF,
0xFF, 0xFF, 0xFF, 0xFF, 0xFF, 0xFC, 0x67, 0x00, 0x00, 0x00, 0xE8, 0xFF, 0x7C, 0x94, 0xE1, 0xEC,
0xF7, 0xFC, 0xF0, 0xD0, 0x94, 0x2D, 0x00, 0x00, 0x00, 0x00, 0xE8, 0xFF, 0x7C, 0x00, 0x51, 0xFF,
0xFF, 0xAC, 0x00, 0x00, 0x00, 0x00, 0x00, 0x00, 0x00, 0x00, 0x00, 0xB5, 0xFF, 0xF0, 0x1B, 0x00,
0x00, 0xB2, 0xFF, 0xFF, 0x46, 0x00, 0x00, 0x00, 0x00, 0x00, 0x00, 0x00, 0x58, 0xFF, 0xFF, 0x64,
0x00, 0x00, 0x00, 0x1E, 0xF4, 0xFF, 0xD9, 0x06, 0x00, 0x00, 0x00, 0x00, 0x00, 0x11, 0xE8, 0xFF,
0xBC, 0x00, 0x00, 0x00, 0x00, 0x00, 0x75, 0xFF, 0xFF, 0x79, 0x00, 0x00, 0x00, 0x00, 0x00, 0x9C,
0xFF, 0xF4, 0x21, 0x00, 0x00, 0x00, 0x00, 0x00, 0x04, 0xD1, 0xFF, 0xF5, 0x1D, 0x00, 0x00, 0x00,
0x3E, 0xFE, 0xFF, 0x6E, 0x00, 0x00, 0x00, 0x00, 0x00, 0x00, 0x00, 0x39, 0xFE, 0xFF, 0xAC, 0x00,
0x00, 0x07, 0xD8, 0xFF, 0xC5, 0x02, 0x00, 0x00, 0x00, 0x00, 0x00, 0x00, 0x00, 0x00, 0x99, 0xFF,
0xFF, 0x46, 0x00, 0x82, 0xFF, 0xF8, 0x27, 0x00, 0x00, 0x00, 0x00, 0x00, 0x00, 0x00, 0x00, 0x00,
0x11, 0xE9, 0xFF, 0xCF, 0x15, 0xF8, 0xFF, 0x78, 0x00, 0x00, 0x00, 0x00, 0x00, 0x00, 0x00, 0x00,
0x00, 0x00, 0x00, 0x5C, 0xFF, 0xFF, 0xB7, 0xFF, 0xCD, 0x04, 0x00, 0x00, 0x00, 0x00, 0x00, 0x00,
0x00, 0x00, 0x00, 0x00, 0x00, 0x00, 0xBC, 0xFF, 0xFF, 0xFA, 0x2F, 0x00, 0x00, 0x00, 0x00, 0x00,
0x00, 0x00, 0x00, 0x00, 0x00, 0x00, 0x00, 0x00, 0x6B, 0xFF, 0xFF, 0xEF, 0x17, 0x00, 0x00, 0x00,
0x00, 0x00, 0x00, 0x00, 0x00, 0x00, 0x00, 0x00, 0x00, 0x16, 0xEC, 0xFF, 0xF3, 0xFF, 0xAD, 0x00,
0x00, 0x00, 0x00, 0x00, 0x00, 0x00, 0x00, 0x00, 0x00, 0x00, 0x00, 0xAA, 0xFF, 0xD8, 0x64, 0xFF,
0xFF, 0x56, 0x00, 0x00, 0x00, 0x00, 0x00, 0x00, 0x00, 0x00, 0x00, 0x00, 0x51, 0xFF, 0xFF, 0x64,
0x05, 0xD8, 0xFF, 0xEA, 0x14, 0x00, 0x00, 0x00, 0x00, 0x00, 0x00, 0x00, 0x00, 0x11, 0xE7, 0xFF,
0xC3, 0x01, 0x00, 0x3A, 0xFD, 0xFF, 0xA7, 0x00, 0x00, 0x00, 0x00, 0x00, 0x00, 0x00, 0x00, 0xA0,
0xFF, 0xF7, 0x27, 0x00, 0x00, 0x00, 0x8D, 0xFF, 0xFF, 0x4E, 0x00, 0x00, 0x00, 0x00, 0x00, 0x00,
0x47, 0xFF, 0xFF, 0x79, 0x00, 0x00, 0x00, 0x00, 0x09, 0xD9, 0xFF, 0xE6, 0x0F, 0x00, 0x00, 0x00,
0x00, 0x0D, 0xE1, 0xFF, 0xCF, 0x04, 0x00, 0x00, 0x00, 0x00, 0x00, 0x3C, 0xFF, 0xFF, 0x90, 0x00,
0x00, 0x00, 0x00, 0x96, 0xFF, 0xFB, 0x32, 0x00, 0x00, 0x00, 0x00, 0x00, 0x00, 0x00, 0xAE, 0xFF,
0xF8, 0x16, 0x00, 0x00, 0x3E, 0xFE, 0xFF, 0x88, 0x00, 0x00, 0x00, 0x00, 0x00, 0x00, 0x00, 0x00,
0x2A, 0xFF, 0xFF, 0x6E, 0x00, 0x09, 0xDA, 0xFF, 0xDA, 0x08, 0x00, 0x00, 0x00, 0x00, 0x00, 0x00,
0x00, 0x00, 0x00, 0xD4, 0xFF, 0xA9, 0x00, 0x00, 0x00, 0x00, 0x00, 0x00, 0x00, 0x00, 0x00, 0x00,
0x00, 0x00, 0x00, 0x00, 0x00, 0xAE, 0xFF, 0xBF, 0x00, 0x00, 0x00, 0x00, 0x00, 0x00, 0x00, 0x00,
0x00, 0x00, 0x00, 0x00, 0x00, 0x00, 0x00, 0xA9, 0xFF, 0xB7, 0x00, 0x00, 0x00, 0x00, 0x00, 0x00,
0x00, 0x00, 0x00, 0x00, 0x00, 0x00, 0x00, 0x00, 0x00, 0xD7, 0xFF, 0x97, 0x00, 0x00, 0x00, 0x00,
0x00, 0x00, 0x00, 0x00, 0x00, 0x00, 0x00, 0x00, 0x00, 0x16, 0x8E, 0xFF, 0xFF, 0x54, 0x00, 0x00,
0x00, 0x00, 0x00, 0x00, 0x00, 0x00, 0x00, 0x00, 0x00, 0x00, 0x44, 0xFF, 0xFF, 0xFF, 0xD1, 0x04,
0x00, 0x00, 0x00, 0x00, 0x00, 0x00, 0x00, 0x00, 0x00, 0x00, 0x00, 0x00, 0x41, 0xFE, 0xEB, 0xA0,
0x17, 0x00, 0x00, 0x00, 0x75, 0xFF, 0xFF, 0x7B, 0x00, 0x00, 0x00, 0x00, 0x00, 0x01, 0xBC, 0xFF,
0xE3, 0x11, 0x00, 0x02, 0xC2, 0xFF, 0xFA, 0x30, 0x00, 0x00, 0x00, 0x00, 0x72, 0xFF, 0xFE, 0x42,
0x00, 0x00, 0x00, 0x21, 0xF3, 0xFF, 0xD3, 0x07, 0x00, 0x00, 0x2D, 0xF8, 0xFF, 0x8C, 0x00, 0x00,
0x00, 0x00, 0x00, 0x65, 0xFF, 0xFF, 0x8B, 0x00, 0x07, 0xD2, 0xFF, 0xD1, 0x07, 0x00, 0x00, 0x00,
0x00, 0x00, 0x00, 0xB5, 0xFF, 0xFD, 0x2A, 0x7B, 0xFF, 0xF7, 0x2C, 0x00, 0x00, 0x00, 0x00, 0x00,
0x00, 0x00, 0x18, 0xEC, 0xFF, 0xB4, 0xEF, 0xFF, 0x6F, 0x00, 0x00, 0x00, 0x00, 0x00, 0x00, 0x00,
0x00, 0x00, 0x55, 0xFF, 0xFF, 0xFF, 0xB9, 0x01, 0x00, 0x00, 0x00, 0x00, 0x00, 0x00, 0x00, 0x00,
0x00, 0x0A, 0xEB, 0xFF, 0xFF, 0x7B, 0x00, 0x00, 0x00, 0x00, 0x00, 0x00, 0x00, 0x00, 0x00, 0x00,
0x97, 0xFF, 0xF8, 0xFF, 0xFA, 0x36, 0x00, 0x00, 0x00, 0x00, 0x00, 0x00, 0x00, 0x00, 0x4B, 0xFF,
0xFF, 0x4A, 0xE6, 0xFF, 0xDE, 0x0E, 0x00, 0x00, 0x00, 0x00, 0x00, 0x00, 0x15, 0xE8, 0xFF, 0xAF,
0x00, 0x56, 0xFF, 0xFF, 0xA9, 0x00, 0x00, 0x00, 0x00, 0x00, 0x00, 0xB2, 0xFF, 0xE8, 0x16, 0x00,
0x00, 0x97, 0xFF, 0xFF, 0x5D, 0x00, 0x00, 0x00, 0x00, 0x67, 0xFF, 0xFF, 0x4A, 0x00, 0x00, 0x00,
0x07, 0xD8, 0xFF, 0xEB, 0x0D, 0x00, 0x00, 0x25, 0xF4, 0xFF, 0x93, 0x00, 0x00, 0x00, 0x00, 0x00,
0x47, 0xFF, 0xFF, 0x79, 0x00, 0x04, 0xC9, 0xFF, 0xD5, 0x09, 0x00, 0x00, 0x00, 0x00, 0x00, 0x00,
0xC4, 0xFF, 0xD4, 0x00, 0x00, 0x00, 0x00, 0x00, 0x00, 0x00, 0x00, 0x00, 0x00, 0x00, 0x00, 0x78,
0xFF, 0xFC, 0x03, 0x00, 0x00, 0x00, 0x00, 0x00, 0x00, 0x00, 0x00, 0x00, 0x00, 0x00, 0x65, 0xFF,
0xFE, 0x02, 0x00, 0x00, 0x00, 0x00, 0x00, 0x00, 0x00, 0x00, 0x00, 0x00, 0x00, 0x8E, 0xFF, 0xE2,
0x00, 0x00, 0x00, 0x00, 0x00, 0x00, 0x00, 0x00, 0x00, 0x00, 0x0E, 0x54, 0xF5, 0xFF, 0x9A, 0x00,
0x00, 0x00, 0x00, 0x00, 0x00, 0x00, 0x00, 0x00, 0x4C, 0xFF, 0xFF, 0xFF, 0xEC, 0x1D, 0x00, 0x00,
0x00, 0x00, 0x00, 0x00, 0x00, 0x00, 0x00, 0x48, 0xFC, 0xEB, 0xA8, 0x24, 0x00, 0x00, 0x00, 0x07,
0x50, 0x54, 0x20, 0x53, 0x61, 0x6E, 0x73, 0x00, 0x0E, 0x50, 0x54, 0x53, 0x61, 0x6E, 0x73, 0x2D,
0x52, 0x65, 0x67, 0x75, 0x6C, 0x61, 0x72, 0x01, 
};

