#include <pgmspace.h>

const uint8_t myFont24[] PROGMEM = {
0x00, 0x00, 0x01, 0x30, 0x00, 0x00, 0x00, 0x0B, 0x00, 0x00, 0x00, 0x1A, 0x00, 0x00, 0x00, 0x00,
0x00, 0x00, 0x00, 0x12, 0x00, 0x00, 0x00, 0x05, 0x00, 0x00, 0x00, 0x21, 0x00, 0x00, 0x00, 0x12,
0x00, 0x00, 0x00, 0x04, 0x00, 0x00, 0x00, 0x08, 0x00, 0x00, 0x00, 0x12, 0x00, 0x00, 0x00, 0x02,
0x00, 0x00, 0x00, 0x00, 0x00, 0x00, 0x00, 0x22, 0x00, 0x00, 0x00, 0x05, 0x00, 0x00, 0x00, 0x06,
0x00, 0x00, 0x00, 0x09, 0x00, 0x00, 0x00, 0x12, 0x00, 0x00, 0x00, 0x02, 0x00, 0x00, 0x00, 0x00,
0x00, 0x00, 0x00, 0x23, 0x00, 0x00, 0x00, 0x0F, 0x00, 0x00, 0x00, 0x0D, 0x00, 0x00, 0x00, 0x0E,
0x00, 0x00, 0x00, 0x11, 0x00, 0x00, 0x00, 0x00, 0x00, 0x00, 0x00, 0x00, 0x00, 0x00, 0x00, 0x24,
0x00, 0x00, 0x00, 0x16, 0x00, 0x00, 0x00, 0x0B, 0x00, 0x00, 0x00, 0x0E, 0x00, 0x00, 0x00, 0x14,
0x00, 0x00, 0x00, 0x02, 0x00, 0x00, 0x00, 0x00, 0x00, 0x00, 0x00, 0x25, 0x00, 0x00, 0x00, 0x12,
0x00, 0x00, 0x00, 0x12, 0x00, 0x00, 0x00, 0x14, 0x00, 0x00, 0x00, 0x12, 0x00, 0x00, 0x00, 0x02,
0x00, 0x00, 0x00, 0x00, 0x00, 0x00, 0x00, 0x26, 0x00, 0x00, 0x00, 0x12, 0x00, 0x00, 0x00, 0x11,
0x00, 0x00, 0x00, 0x15, 0x00, 0x00, 0x00, 0x12, 0x00, 0x00, 0x00, 0x03, 0x00, 0x00, 0x00, 0x00,
0x00, 0x00, 0x00, 0x27, 0x00, 0x00, 0x00, 0x05, 0x00, 0x00, 0x00, 0x03, 0x00, 0x00, 0x00, 0x06,
0x00, 0x00, 0x00, 0x12, 0x00, 0x00, 0x00, 0x02, 0x00, 0x00, 0x00, 0x00, 0x00, 0x00, 0x00, 0x28,
0x00, 0x00, 0x00, 0x18, 0x00, 0x00, 0x00, 0x07, 0x00, 0x00, 0x00, 0x07, 0x00, 0x00, 0x00, 0x12,
0x00, 0x00, 0x00, 0x01, 0x00, 0x00, 0x00, 0x00, 0x00, 0x00, 0x00, 0x29, 0x00, 0x00, 0x00, 0x18,
0x00, 0x00, 0x00, 0x06, 0x00, 0x00, 0x00, 0x07, 0x00, 0x00, 0x00, 0x12, 0x00, 0x00, 0x00, 0x00,
0x00, 0x00, 0x00, 0x00, 0x00, 0x00, 0x00, 0x2A, 0x00, 0x00, 0x00, 0x07, 0x00, 0x00, 0x00, 0x08,
0x00, 0x00, 0x00, 0x09, 0x00, 0x00, 0x00, 0x12, 0x00, 0x00, 0x00, 0x01, 0x00, 0x00, 0x00, 0x00,
0x00, 0x00, 0x00, 0x2B, 0x00, 0x00, 0x00, 0x0C, 0x00, 0x00, 0x00, 0x0C, 0x00, 0x00, 0x00, 0x0D,
0x00, 0x00, 0x00, 0x0F, 0x00, 0x00, 0x00, 0x01, 0x00, 0x00, 0x00, 0x00, 0x00, 0x00, 0x00, 0x2C,
0x00, 0x00, 0x00, 0x07, 0x00, 0x00, 0x00, 0x04, 0x00, 0x00, 0x00, 0x06, 0x00, 0x00, 0x00, 0x03,
0x00, 0x00, 0x00, 0x01, 0x00, 0x00, 0x00, 0x00, 0x00, 0x00, 0x00, 0x2D, 0x00, 0x00, 0x00, 0x02,
0x00, 0x00, 0x00, 0x07, 0x00, 0x00, 0x00, 0x09, 0x00, 0x00, 0x00, 0x09, 0x00, 0x00, 0x00, 0x01,
0x00, 0x00, 0x00, 0x00, 0x00, 0x00, 0x00, 0x2E, 0x00, 0x00, 0x00, 0x03, 0x00, 0x00, 0x00, 0x04,
0x00, 0x00, 0x00, 0x06, 0x00, 0x00, 0x00, 0x03, 0x00, 0x00, 0x00, 0x01, 0x00, 0x00, 0x00, 0x00,
0x00, 0x00, 0x00, 0x2F, 0x00, 0x00, 0x00, 0x16, 0x00, 0x00, 0x00, 0x0C, 0x00, 0x00, 0x00, 0x09,
0x00, 0x00, 0x00, 0x12, 0xFF, 0xFF, 0xFF, 0xFF, 0x00, 0x00, 0x00, 0x00, 0x00, 0x00, 0x00, 0x30,
0x00, 0x00, 0x00, 0x12, 0x00, 0x00, 0x00, 0x0D, 0x00, 0x00, 0x00, 0x0E, 0x00, 0x00, 0x00, 0x12,
0x00, 0x00, 0x00, 0x01, 0x00, 0x00, 0x00, 0x00, 0x00, 0x00, 0x00, 0x31, 0x00, 0x00, 0x00, 0x12,
0x00, 0x00, 0x00, 0x0C, 0x00, 0x00, 0x00, 0x0E, 0x00, 0x00, 0x00, 0x12, 0x00, 0x00, 0x00, 0x01,
0x00, 0x00, 0x00, 0x00, 0x00, 0x00, 0x00, 0x32, 0x00, 0x00, 0x00, 0x12, 0x00, 0x00, 0x00, 0x0B,
0x00, 0x00, 0x00, 0x0E, 0x00, 0x00, 0x00, 0x12, 0x00, 0x00, 0x00, 0x01, 0x00, 0x00, 0x00, 0x00,
0x00, 0x00, 0x00, 0x33, 0x00, 0x00, 0x00, 0x12, 0x00, 0x00, 0x00, 0x0B, 0x00, 0x00, 0x00, 0x0E,
0x00, 0x00, 0x00, 0x12, 0x00, 0x00, 0x00, 0x02, 0x00, 0x00, 0x00, 0x00, 0x00, 0x00, 0x00, 0x34,
0x00, 0x00, 0x00, 0x12, 0x00, 0x00, 0x00, 0x0E, 0x00, 0x00, 0x00, 0x0E, 0x00, 0x00, 0x00, 0x12,
0x00, 0x00, 0x00, 0x00, 0x00, 0x00, 0x00, 0x00, 0x00, 0x00, 0x00, 0x35, 0x00, 0x00, 0x00, 0x12,
0x00, 0x00, 0x00, 0x0A, 0x00, 0x00, 0x00, 0x0E, 0x00, 0x00, 0x00, 0x12, 0x00, 0x00, 0x00, 0x02,
0x00, 0x00, 0x00, 0x00, 0x00, 0x00, 0x00, 0x36, 0x00, 0x00, 0x00, 0x12, 0x00, 0x00, 0x00, 0x0C,
0x00, 0x00, 0x00, 0x0E, 0x00, 0x00, 0x00, 0x12, 0x00, 0x00, 0x00, 0x01, 0x00, 0x00, 0x00, 0x00,
0x00, 0x00, 0x00, 0x37, 0x00, 0x00, 0x00, 0x12, 0x00, 0x00, 0x00, 0x0C, 0x00, 0x00, 0x00, 0x0E,
0x00, 0x00, 0x00, 0x12, 0x00, 0x00, 0x00, 0x01, 0x00, 0x00, 0x00, 0x00, 0x00, 0x00, 0x00, 0x38,
0x00, 0x00, 0x00, 0x12, 0x00, 0x00, 0x00, 0x0C, 0x00, 0x00, 0x00, 0x0E, 0x00, 0x00, 0x00, 0x12,
0x00, 0x00, 0x00, 0x01, 0x00, 0x00, 0x00, 0x00, 0x00, 0x00, 0x00, 0x39, 0x00, 0x00, 0x00, 0x12,
0x00, 0x00, 0x00, 0x0C, 0x00, 0x00, 0x00, 0x0E, 0x00, 0x00, 0x00, 0x12, 0x00, 0x00, 0x00, 0x01,
0x00, 0x00, 0x00, 0x00, 0x00, 0x00, 0x00, 0x3A, 0x00, 0x00, 0x00, 0x0D, 0x00, 0x00, 0x00, 0x04,
0x00, 0x00, 0x00, 0x06, 0x00, 0x00, 0x00, 0x0D, 0x00, 0x00, 0x00, 0x02, 0x00, 0x00, 0x00, 0x00,
0x00, 0x00, 0x00, 0x3B, 0x00, 0x00, 0x00, 0x11, 0x00, 0x00, 0x00, 0x04, 0x00, 0x00, 0x00, 0x07,
0x00, 0x00, 0x00, 0x0D, 0x00, 0x00, 0x00, 0x02, 0x00, 0x00, 0x00, 0x00, 0x00, 0x00, 0x00, 0x3C,
0x00, 0x00, 0x00, 0x0D, 0x00, 0x00, 0x00, 0x0B, 0x00, 0x00, 0x00, 0x0D, 0x00, 0x00, 0x00, 0x0F,
0x00, 0x00, 0x00, 0x01, 0x00, 0x00, 0x00, 0x00, 0x00, 0x00, 0x00, 0x3D, 0x00, 0x00, 0x00, 0x06,
0x00, 0x00, 0x00, 0x0C, 0x00, 0x00, 0x00, 0x0D, 0x00, 0x00, 0x00, 0x0C, 0x00, 0x00, 0x00, 0x01,
0x00, 0x00, 0x00, 0x00, 0x00, 0x00, 0x00, 0x3E, 0x00, 0x00, 0x00, 0x0D, 0x00, 0x00, 0x00, 0x0C,
0x00, 0x00, 0x00, 0x0D, 0x00, 0x00, 0x00, 0x0F, 0x00, 0x00, 0x00, 0x01, 0x00, 0x00, 0x00, 0x00,
0x00, 0x00, 0x00, 0x3F, 0x00, 0x00, 0x00, 0x12, 0x00, 0x00, 0x00, 0x0A, 0x00, 0x00, 0x00, 0x0B,
0x00, 0x00, 0x00, 0x12, 0x00, 0x00, 0x00, 0x01, 0x00, 0x00, 0x00, 0x00, 0x00, 0x00, 0x00, 0x40,
0x00, 0x00, 0x00, 0x17, 0x00, 0x00, 0x00, 0x18, 0x00, 0x00, 0x00, 0x1C, 0x00, 0x00, 0x00, 0x12,
0x00, 0x00, 0x00, 0x02, 0x00, 0x00, 0x00, 0x00, 0x00, 0x00, 0x00, 0x41, 0x00, 0x00, 0x00, 0x12,
0x00, 0x00, 0x00, 0x0F, 0x00, 0x00, 0x00, 0x0F, 0x00, 0x00, 0x00, 0x12, 0x00, 0x00, 0x00, 0x00,
0x00, 0x00, 0x00, 0x00, 0x00, 0x00, 0x00, 0x42, 0x00, 0x00, 0x00, 0x12, 0x00, 0x00, 0x00, 0x0C,
0x00, 0x00, 0x00, 0x0F, 0x00, 0x00, 0x00, 0x12, 0x00, 0x00, 0x00, 0x02, 0x00, 0x00, 0x00, 0x00,
0x00, 0x00, 0x00, 0x43, 0x00, 0x00, 0x00, 0x12, 0x00, 0x00, 0x00, 0x0D, 0x00, 0x00, 0x00, 0x0F,
0x00, 0x00, 0x00, 0x12, 0x00, 0x00, 0x00, 0x01, 0x00, 0x00, 0x00, 0x00, 0x00, 0x00, 0x00, 0x44,
0x00, 0x00, 0x00, 0x12, 0x00, 0x00, 0x00, 0x0E, 0x00, 0x00, 0x00, 0x11, 0x00, 0x00, 0x00, 0x12,
0x00, 0x00, 0x00, 0x02, 0x00, 0x00, 0x00, 0x00, 0x00, 0x00, 0x00, 0x45, 0x00, 0x00, 0x00, 0x12,
0x00, 0x00, 0x00, 0x0B, 0x00, 0x00, 0x00, 0x0E, 0x00, 0x00, 0x00, 0x12, 0x00, 0x00, 0x00, 0x02,
0x00, 0x00, 0x00, 0x00, 0x00, 0x00, 0x00, 0x46, 0x00, 0x00, 0x00, 0x12, 0x00, 0x00, 0x00, 0x0B,
0x00, 0x00, 0x00, 0x0D, 0x00, 0x00, 0x00, 0x12, 0x00, 0x00, 0x00, 0x02, 0x00, 0x00, 0x00, 0x00,
0x00, 0x00, 0x00, 0x47, 0x00, 0x00, 0x00, 0x12, 0x00, 0x00, 0x00, 0x0E, 0x00, 0x00, 0x00, 0x10,
0x00, 0x00, 0x00, 0x12, 0x00, 0x00, 0x00, 0x01, 0x00, 0x00, 0x00, 0x00, 0x00, 0x00, 0x00, 0x48,
0x00, 0x00, 0x00, 0x12, 0x00, 0x00, 0x00, 0x0E, 0x00, 0x00, 0x00, 0x11, 0x00, 0x00, 0x00, 0x12,
0x00, 0x00, 0x00, 0x02, 0x00, 0x00, 0x00, 0x00, 0x00, 0x00, 0x00, 0x49, 0x00, 0x00, 0x00, 0x12,
0x00, 0x00, 0x00, 0x03, 0x00, 0x00, 0x00, 0x08, 0x00, 0x00, 0x00, 0x12, 0x00, 0x00, 0x00, 0x02,
0x00, 0x00, 0x00, 0x00, 0x00, 0x00, 0x00, 0x4A, 0x00, 0x00, 0x00, 0x12, 0x00, 0x00, 0x00, 0x07,
0x00, 0x00, 0x00, 0x07, 0x00, 0x00, 0x00, 0x12, 0xFF, 0xFF, 0xFF, 0xFF, 0x00, 0x00, 0x00, 0x00,
0x00, 0x00, 0x00, 0x4B, 0x00, 0x00, 0x00, 0x12, 0x00, 0x00, 0x00, 0x0D, 0x00, 0x00, 0x00, 0x10,
0x00, 0x00, 0x00, 0x12, 0x00, 0x00, 0x00, 0x02, 0x00, 0x00, 0x00, 0x00, 0x00, 0x00, 0x00, 0x4C,
0x00, 0x00, 0x00, 0x12, 0x00, 0x00, 0x00, 0x0B, 0x00, 0x00, 0x00, 0x0D, 0x00, 0x00, 0x00, 0x12,
0x00, 0x00, 0x00, 0x02, 0x00, 0x00, 0x00, 0x00, 0x00, 0x00, 0x00, 0x4D, 0x00, 0x00, 0x00, 0x12,
0x00, 0x00, 0x00, 0x11, 0x00, 0x00, 0x00, 0x14, 0x00, 0x00, 0x00, 0x12, 0x00, 0x00, 0x00, 0x02,
0x00, 0x00, 0x00, 0x00, 0x00, 0x00, 0x00, 0x4E, 0x00, 0x00, 0x00, 0x12, 0x00, 0x00, 0x00, 0x0E,
0x00, 0x00, 0x00, 0x11, 0x00, 0x00, 0x00, 0x12, 0x00, 0x00, 0x00, 0x02, 0x00, 0x00, 0x00, 0x00,
0x00, 0x00, 0x00, 0x4F, 0x00, 0x00, 0x00, 0x12, 0x00, 0x00, 0x00, 0x10, 0x00, 0x00, 0x00, 0x12,
0x00, 0x00, 0x00, 0x12, 0x00, 0x00, 0x00, 0x01, 0x00, 0x00, 0x00, 0x00, 0x00, 0x00, 0x00, 0x50,
0x00, 0x00, 0x00, 0x12, 0x00, 0x00, 0x00, 0x0C, 0x00, 0x00, 0x00, 0x0E, 0x00, 0x00, 0x00, 0x12,
0x00, 0x00, 0x00, 0x02, 0x00, 0x00, 0x00, 0x00, 0x00, 0x00, 0x00, 0x51, 0x00, 0x00, 0x00, 0x17,
0x00, 0x00, 0x00, 0x12, 0x00, 0x00, 0x00, 0x12, 0x00, 0x00, 0x00, 0x12, 0x00, 0x00, 0x00, 0x01,
0x00, 0x00, 0x00, 0x00, 0x00, 0x00, 0x00, 0x52, 0x00, 0x00, 0x00, 0x12, 0x00, 0x00, 0x00, 0x0D,
0x00, 0x00, 0x00, 0x0F, 0x00, 0x00, 0x00, 0x12, 0x00, 0x00, 0x00, 0x02, 0x00, 0x00, 0x00, 0x00,
0x00, 0x00, 0x00, 0x53, 0x00, 0x00, 0x00, 0x12, 0x00, 0x00, 0x00, 0x0C, 0x00, 0x00, 0x00, 0x0E,
0x00, 0x00, 0x00, 0x12, 0x00, 0x00, 0x00, 0x01, 0x00, 0x00, 0x00, 0x00, 0x00, 0x00, 0x00, 0x54,
0x00, 0x00, 0x00, 0x12, 0x00, 0x00, 0x00, 0x0E, 0x00, 0x00, 0x00, 0x0E, 0x00, 0x00, 0x00, 0x12,
0x00, 0x00, 0x00, 0x00, 0x00, 0x00, 0x00, 0x00, 0x00, 0x00, 0x00, 0x55, 0x00, 0x00, 0x00, 0x12,
0x00, 0x00, 0x00, 0x0D, 0x00, 0x00, 0x00, 0x11, 0x00, 0x00, 0x00, 0x12, 0x00, 0x00, 0x00, 0x02,
0x00, 0x00, 0x00, 0x00, 0x00, 0x00, 0x00, 0x56, 0x00, 0x00, 0x00, 0x12, 0x00, 0x00, 0x00, 0x0F,
0x00, 0x00, 0x00, 0x0F, 0x00, 0x00, 0x00, 0x12, 0x00, 0x00, 0x00, 0x00, 0x00, 0x00, 0x00, 0x00,
0x00, 0x00, 0x00, 0x57, 0x00, 0x00, 0x00, 0x12, 0x00, 0x00, 0x00, 0x16, 0x00, 0x00, 0x00, 0x16,
0x00, 0x00, 0x00, 0x12, 0x00, 0x00, 0x00, 0x00, 0x00, 0x00, 0x00, 0x00, 0x00, 0x00, 0x00, 0x58,
0x00, 0x00, 0x00, 0x12, 0x00, 0x00, 0x00, 0x10, 0x00, 0x00, 0x00, 0x10, 0x00, 0x00, 0x00, 0x12,
0x00, 0x00, 0x00, 0x00, 0x00, 0x00, 0x00, 0x00, 0x00, 0x00, 0x00, 0x59, 0x00, 0x00, 0x00, 0x12,
0x00, 0x00, 0x00, 0x0F, 0x00, 0x00, 0x00, 0x0E, 0x00, 0x00, 0x00, 0x12, 0x00, 0x00, 0x00, 0x00,
0x00, 0x00, 0x00, 0x00, 0x00, 0x00, 0x00, 0x5A, 0x00, 0x00, 0x00, 0x12, 0x00, 0x00, 0x00, 0x0E,
0x00, 0x00, 0x00, 0x0E, 0x00, 0x00, 0x00, 0x12, 0x00, 0x00, 0x00, 0x00, 0x00, 0x00, 0x00, 0x00,
0x00, 0x00, 0x00, 0x5B, 0x00, 0x00, 0x00, 0x18, 0x00, 0x00, 0x00, 0x05, 0x00, 0x00, 0x00, 0x08,
0x00, 0x00, 0x00, 0x12, 0x00, 0x00, 0x00, 0x02, 0x00, 0x00, 0x00, 0x00, 0x00, 0x00, 0x00, 0x5C,
0x00, 0x00, 0x00, 0x16, 0x00, 0x00, 0x00, 0x0C, 0x00, 0x00, 0x00, 0x0A, 0x00, 0x00, 0x00, 0x12,
0xFF, 0xFF, 0xFF, 0xFF, 0x00, 0x00, 0x00, 0x00, 0x00, 0x00, 0x00, 0x5D, 0x00, 0x00, 0x00, 0x18,
0x00, 0x00, 0x00, 0x06, 0x00, 0x00, 0x00, 0x08, 0x00, 0x00, 0x00, 0x12, 0x00, 0x00, 0x00, 0x00,
0x00, 0x00, 0x00, 0x00, 0x00, 0x00, 0x00, 0x5E, 0x00, 0x00, 0x00, 0x07, 0x00, 0x00, 0x00, 0x0B,
0x00, 0x00, 0x00, 0x0D, 0x00, 0x00, 0x00, 0x12, 0x00, 0x00, 0x00, 0x01, 0x00, 0x00, 0x00, 0x00,
0x00, 0x00, 0x00, 0x5F, 0x00, 0x00, 0x00, 0x02, 0x00, 0x00, 0x00, 0x0B, 0x00, 0x00, 0x00, 0x0B,
0xFF, 0xFF, 0xFF, 0xFD, 0x00, 0x00, 0x00, 0x00, 0x00, 0x00, 0x00, 0x00, 0x00, 0x00, 0x00, 0x60,
0x00, 0x00, 0x00, 0x04, 0x00, 0x00, 0x00, 0x05, 0x00, 0x00, 0x00, 0x07, 0x00, 0x00, 0x00, 0x13,
0x00, 0x00, 0x00, 0x01, 0x00, 0x00, 0x00, 0x00, 0x00, 0x00, 0x00, 0x61, 0x00, 0x00, 0x00, 0x0D,
0x00, 0x00, 0x00, 0x0B, 0x00, 0x00, 0x00, 0x0D, 0x00, 0x00, 0x00, 0x0D, 0x00, 0x00, 0x00, 0x01,
0x00, 0x00, 0x00, 0x00, 0x00, 0x00, 0x00, 0x62, 0x00, 0x00, 0x00, 0x12, 0x00, 0x00, 0x00, 0x0B,
0x00, 0x00, 0x00, 0x0E, 0x00, 0x00, 0x00, 0x12, 0x00, 0x00, 0x00, 0x02, 0x00, 0x00, 0x00, 0x00,
0x00, 0x00, 0x00, 0x63, 0x00, 0x00, 0x00, 0x0D, 0x00, 0x00, 0x00, 0x0A, 0x00, 0x00, 0x00, 0x0C,
0x00, 0x00, 0x00, 0x0D, 0x00, 0x00, 0x00, 0x01, 0x00, 0x00, 0x00, 0x00, 0x00, 0x00, 0x00, 0x64,
0x00, 0x00, 0x00, 0x12, 0x00, 0x00, 0x00, 0x0C, 0x00, 0x00, 0x00, 0x0E, 0x00, 0x00, 0x00, 0x12,
0x00, 0x00, 0x00, 0x01, 0x00, 0x00, 0x00, 0x00, 0x00, 0x00, 0x00, 0x65, 0x00, 0x00, 0x00, 0x0D,
0x00, 0x00, 0x00, 0x0B, 0x00, 0x00, 0x00, 0x0C, 0x00, 0x00, 0x00, 0x0D, 0x00, 0x00, 0x00, 0x01,
0x00, 0x00, 0x00, 0x00, 0x00, 0x00, 0x00, 0x66, 0x00, 0x00, 0x00, 0x12, 0x00, 0x00, 0x00, 0x0A,
0x00, 0x00, 0x00, 0x08, 0x00, 0x00, 0x00, 0x12, 0x00, 0x00, 0x00, 0x00, 0x00, 0x00, 0x00, 0x00,
0x00, 0x00, 0x00, 0x67, 0x00, 0x00, 0x00, 0x12, 0x00, 0x00, 0x00, 0x0B, 0x00, 0x00, 0x00, 0x0E,
0x00, 0x00, 0x00, 0x0D, 0x00, 0x00, 0x00, 0x01, 0x00, 0x00, 0x00, 0x00, 0x00, 0x00, 0x00, 0x68,
0x00, 0x00, 0x00, 0x12, 0x00, 0x00, 0x00, 0x0B, 0x00, 0x00, 0x00, 0x0E, 0x00, 0x00, 0x00, 0x12,
0x00, 0x00, 0x00, 0x02, 0x00, 0x00, 0x00, 0x00, 0x00, 0x00, 0x00, 0x69, 0x00, 0x00, 0x00, 0x12,
0x00, 0x00, 0x00, 0x03, 0x00, 0x00, 0x00, 0x07, 0x00, 0x00, 0x00, 0x12, 0x00, 0x00, 0x00, 0x02,
0x00, 0x00, 0x00, 0x00, 0x00, 0x00, 0x00, 0x6A, 0x00, 0x00, 0x00, 0x17, 0x00, 0x00, 0x00, 0x05,
0x00, 0x00, 0x00, 0x07, 0x00, 0x00, 0x00, 0x12, 0x00, 0x00, 0x00, 0x00, 0x00, 0x00, 0x00, 0x00,
0x00, 0x00, 0x00, 0x6B, 0x00, 0x00, 0x00, 0x12, 0x00, 0x00, 0x00, 0x0B, 0x00, 0x00, 0x00, 0x0C,
0x00, 0x00, 0x00, 0x12, 0x00, 0x00, 0x00, 0x02, 0x00, 0x00, 0x00, 0x00, 0x00, 0x00, 0x00, 0x6C,
0x00, 0x00, 0x00, 0x12, 0x00, 0x00, 0x00, 0x06, 0x00, 0x00, 0x00, 0x08, 0x00, 0x00, 0x00, 0x12,
0x00, 0x00, 0x00, 0x02, 0x00, 0x00, 0x00, 0x00, 0x00, 0x00, 0x00, 0x6D, 0x00, 0x00, 0x00, 0x0D,
0x00, 0x00, 0x00, 0x12, 0x00, 0x00, 0x00, 0x16, 0x00, 0x00, 0x00, 0x0D, 0x00, 0x00, 0x00, 0x02,
0x00, 0x00, 0x00, 0x00, 0x00, 0x00, 0x00, 0x6E, 0x00, 0x00, 0x00, 0x0D, 0x00, 0x00, 0x00, 0x0B,
0x00, 0x00, 0x00, 0x0E, 0x00, 0x00, 0x00, 0x0D, 0x00, 0x00, 0x00, 0x02, 0x00, 0x00, 0x00, 0x00,
0x00, 0x00, 0x00, 0x6F, 0x00, 0x00, 0x00, 0x0D, 0x00, 0x00, 0x00, 0x0C, 0x00, 0x00, 0x00, 0x0D,
0x00, 0x00, 0x00, 0x0D, 0x00, 0x00, 0x00, 0x01, 0x00, 0x00, 0x00, 0x00, 0x00, 0x00, 0x00, 0x70,
0x00, 0x00, 0x00, 0x12, 0x00, 0x00, 0x00, 0x0B, 0x00, 0x00, 0x00, 0x0E, 0x00, 0x00, 0x00, 0x0D,
0x00, 0x00, 0x00, 0x02, 0x00, 0x00, 0x00, 0x00, 0x00, 0x00, 0x00, 0x71, 0x00, 0x00, 0x00, 0x12,
0x00, 0x00, 0x00, 0x0B, 0x00, 0x00, 0x00, 0x0E, 0x00, 0x00, 0x00, 0x0D, 0x00, 0x00, 0x00, 0x01,
0x00, 0x00, 0x00, 0x00, 0x00, 0x00, 0x00, 0x72, 0x00, 0x00, 0x00, 0x0D, 0x00, 0x00, 0x00, 0x07,
0x00, 0x00, 0x00, 0x09, 0x00, 0x00, 0x00, 0x0D, 0x00, 0x00, 0x00, 0x02, 0x00, 0x00, 0x00, 0x00,
0x00, 0x00, 0x00, 0x73, 0x00, 0x00, 0x00, 0x0D, 0x00, 0x00, 0x00, 0x09, 0x00, 0x00, 0x00, 0x0A,
0x00, 0x00, 0x00, 0x0D, 0x00, 0x00, 0x00, 0x01, 0x00, 0x00, 0x00, 0x00, 0x00, 0x00, 0x00, 0x74,
0x00, 0x00, 0x00, 0x10, 0x00, 0x00, 0x00, 0x09, 0x00, 0x00, 0x00, 0x09, 0x00, 0x00, 0x00, 0x10,
0x00, 0x00, 0x00, 0x00, 0x00, 0x00, 0x00, 0x00, 0x00, 0x00, 0x00, 0x75, 0x00, 0x00, 0x00, 0x0D,
0x00, 0x00, 0x00, 0x0C, 0x00, 0x00, 0x00, 0x0E, 0x00, 0x00, 0x00, 0x0D, 0x00, 0x00, 0x00, 0x01,
0x00, 0x00, 0x00, 0x00, 0x00, 0x00, 0x00, 0x76, 0x00, 0x00, 0x00, 0x0D, 0x00, 0x00, 0x00, 0x0D,
0x00, 0x00, 0x00, 0x0C, 0x00, 0x00, 0x00, 0x0D, 0x00, 0x00, 0x00, 0x00, 0x00, 0x00, 0x00, 0x00,
0x00, 0x00, 0x00, 0x77, 0x00, 0x00, 0x00, 0x0D, 0x00, 0x00, 0x00, 0x13, 0x00, 0x00, 0x00, 0x13,
0x00, 0x00, 0x00, 0x0D, 0x00, 0x00, 0x00, 0x00, 0x00, 0x00, 0x00, 0x00, 0x00, 0x00, 0x00, 0x78,
0x00, 0x00, 0x00, 0x0D, 0x00, 0x00, 0x00, 0x0D, 0x00, 0x00, 0x00, 0x0D, 0x00, 0x00, 0x00, 0x0D,
0x00, 0x00, 0x00, 0x00, 0x00, 0x00, 0x00, 0x00, 0x00, 0x00, 0x00, 0x79, 0x00, 0x00, 0x00, 0x12,
0x00, 0x00, 0x00, 0x0C, 0x00, 0x00, 0x00, 0x0C, 0x00, 0x00, 0x00, 0x0D, 0x00, 0x00, 0x00, 0x00,
0x00, 0x00, 0x00, 0x00, 0x00, 0x00, 0x00, 0x7A, 0x00, 0x00, 0x00, 0x0D, 0x00, 0x00, 0x00, 0x0A,
0x00, 0x00, 0x00, 0x0B, 0x00, 0x00, 0x00, 0x0D, 0x00, 0x00, 0x00, 0x01, 0x00, 0x00, 0x00, 0x00,
0x00, 0x00, 0x00, 0x7B, 0x00, 0x00, 0x00, 0x18, 0x00, 0x00, 0x00, 0x08, 0x00, 0x00, 0x00, 0x09,
0x00, 0x00, 0x00, 0x12, 0x00, 0x00, 0x00, 0x01, 0x00, 0x00, 0x00, 0x00, 0x00, 0x00, 0x00, 0x7C,
0x00, 0x00, 0x00, 0x15, 0x00, 0x00, 0x00, 0x02, 0x00, 0x00, 0x00, 0x06, 0x00, 0x00, 0x00, 0x12,
0x00, 0x00, 0x00, 0x02, 0x00, 0x00, 0x00, 0x00, 0x00, 0x00, 0x00, 0x7D, 0x00, 0x00, 0x00, 0x18,
0x00, 0x00, 0x00, 0x08, 0x00, 0x00, 0x00, 0x09, 0x00, 0x00, 0x00, 0x12, 0x00, 0x00, 0x00, 0x01,
0x00, 0x00, 0x00, 0x00, 0x00, 0x00, 0x00, 0x7E, 0x00, 0x00, 0x00, 0x03, 0x00, 0x00, 0x00, 0x0D,
0x00, 0x00, 0x00, 0x0D, 0x00, 0x00, 0x00, 0x0B, 0x00, 0x00, 0x00, 0x00, 0x00, 0x00, 0x00, 0x00,
0x00, 0x00, 0x04, 0x01, 0x00, 0x00, 0x00, 0x15, 0x00, 0x00, 0x00, 0x0B, 0x00, 0x00, 0x00, 0x0E,
0x00, 0x00, 0x00, 0x15, 0x00, 0x00, 0x00, 0x02, 0x00, 0x00, 0x00, 0x00, 0x00, 0x00, 0x04, 0x02,
0x00, 0x00, 0x00, 0x12, 0x00, 0x00, 0x00, 0x12, 0x00, 0x00, 0x00, 0x13, 0x00, 0x00, 0x00, 0x12,
0x00, 0x00, 0x00, 0x00, 0x00, 0x00, 0x00, 0x00, 0x00, 0x00, 0x04, 0x03, 0x00, 0x00, 0x00, 0x16,
0x00, 0x00, 0x00, 0x0A, 0x00, 0x00, 0x00, 0x0B, 0x00, 0x00, 0x00, 0x16, 0x00, 0x00, 0x00, 0x02,
0x00, 0x00, 0x00, 0x00, 0x00, 0x00, 0x04, 0x04, 0x00, 0x00, 0x00, 0x12, 0x00, 0x00, 0x00, 0x0E,
0x00, 0x00, 0x00, 0x0F, 0x00, 0x00, 0x00, 0x12, 0x00, 0x00, 0x00, 0x01, 0x00, 0x00, 0x00, 0x00,
0x00, 0x00, 0x04, 0x05, 0x00, 0x00, 0x00, 0x12, 0x00, 0x00, 0x00, 0x0C, 0x00, 0x00, 0x00, 0x0E,
0x00, 0x00, 0x00, 0x12, 0x00, 0x00, 0x00, 0x01, 0x00, 0x00, 0x00, 0x00, 0x00, 0x00, 0x04, 0x06,
0x00, 0x00, 0x00, 0x12, 0x00, 0x00, 0x00, 0x03, 0x00, 0x00, 0x00, 0x08, 0x00, 0x00, 0x00, 0x12,
0x00, 0x00, 0x00, 0x02, 0x00, 0x00, 0x00, 0x00, 0x00, 0x00, 0x04, 0x07, 0x00, 0x00, 0x00, 0x15,
0x00, 0x00, 0x00, 0x07, 0x00, 0x00, 0x00, 0x08, 0x00, 0x00, 0x00, 0x15, 0x00, 0x00, 0x00, 0x00,
0x00, 0x00, 0x00, 0x00, 0x00, 0x00, 0x04, 0x08, 0x00, 0x00, 0x00, 0x12, 0x00, 0x00, 0x00, 0x07,
0x00, 0x00, 0x00, 0x07, 0x00, 0x00, 0x00, 0x12, 0xFF, 0xFF, 0xFF, 0xFF, 0x00, 0x00, 0x00, 0x00,
0x00, 0x00, 0x04, 0x09, 0x00, 0x00, 0x00, 0x12, 0x00, 0x00, 0x00, 0x19, 0x00, 0x00, 0x00, 0x18,
0x00, 0x00, 0x00, 0x12, 0xFF, 0xFF, 0xFF, 0xFF, 0x00, 0x00, 0x00, 0x00, 0x00, 0x00, 0x04, 0x0A,
0x00, 0x00, 0x00, 0x12, 0x00, 0x00, 0x00, 0x17, 0x00, 0x00, 0x00, 0x19, 0x00, 0x00, 0x00, 0x12,
0x00, 0x00, 0x00, 0x02, 0x00, 0x00, 0x00, 0x00, 0x00, 0x00, 0x04, 0x0B, 0x00, 0x00, 0x00, 0x12,
0x00, 0x00, 0x00, 0x12, 0x00, 0x00, 0x00, 0x14, 0x00, 0x00, 0x00, 0x12, 0x00, 0x00, 0x00, 0x00,
0x00, 0x00, 0x00, 0x00, 0x00, 0x00, 0x04, 0x0C, 0x00, 0x00, 0x00, 0x16, 0x00, 0x00, 0x00, 0x0D,
0x00, 0x00, 0x00, 0x10, 0x00, 0x00, 0x00, 0x16, 0x00, 0x00, 0x00, 0x02, 0x00, 0x00, 0x00, 0x00,
0x00, 0x00, 0x04, 0x0E, 0x00, 0x00, 0x00, 0x17, 0x00, 0x00, 0x00, 0x0F, 0x00, 0x00, 0x00, 0x0E,
0x00, 0x00, 0x00, 0x17, 0x00, 0x00, 0x00, 0x00, 0x00, 0x00, 0x00, 0x00, 0x00, 0x00, 0x04, 0x0F,
0x00, 0x00, 0x00, 0x17, 0x00, 0x00, 0x00, 0x0D, 0x00, 0x00, 0x00, 0x11, 0x00, 0x00, 0x00, 0x12,
0x00, 0x00, 0x00, 0x02, 0x00, 0x00, 0x00, 0x00, 0x00, 0x00, 0x04, 0x10, 0x00, 0x00, 0x00, 0x12,
0x00, 0x00, 0x00, 0x0F, 0x00, 0x00, 0x00, 0x0F, 0x00, 0x00, 0x00, 0x12, 0x00, 0x00, 0x00, 0x00,
0x00, 0x00, 0x00, 0x00, 0x00, 0x00, 0x04, 0x11, 0x00, 0x00, 0x00, 0x12, 0x00, 0x00, 0x00, 0x0C,
0x00, 0x00, 0x00, 0x0E, 0x00, 0x00, 0x00, 0x12, 0x00, 0x00, 0x00, 0x02, 0x00, 0x00, 0x00, 0x00,
0x00, 0x00, 0x04, 0x12, 0x00, 0x00, 0x00, 0x12, 0x00, 0x00, 0x00, 0x0C, 0x00, 0x00, 0x00, 0x0F,
0x00, 0x00, 0x00, 0x12, 0x00, 0x00, 0x00, 0x02, 0x00, 0x00, 0x00, 0x00, 0x00, 0x00, 0x04, 0x13,
0x00, 0x00, 0x00, 0x12, 0x00, 0x00, 0x00, 0x0A, 0x00, 0x00, 0x00, 0x0B, 0x00, 0x00, 0x00, 0x12,
0x00, 0x00, 0x00, 0x02, 0x00, 0x00, 0x00, 0x00, 0x00, 0x00, 0x04, 0x14, 0x00, 0x00, 0x00, 0x15,
0x00, 0x00, 0x00, 0x11, 0x00, 0x00, 0x00, 0x11, 0x00, 0x00, 0x00, 0x12, 0x00, 0x00, 0x00, 0x00,
0x00, 0x00, 0x00, 0x00, 0x00, 0x00, 0x04, 0x15, 0x00, 0x00, 0x00, 0x12, 0x00, 0x00, 0x00, 0x0B,
0x00, 0x00, 0x00, 0x0E, 0x00, 0x00, 0x00, 0x12, 0x00, 0x00, 0x00, 0x02, 0x00, 0x00, 0x00, 0x00,
0x00, 0x00, 0x04, 0x16, 0x00, 0x00, 0x00, 0x12, 0x00, 0x00, 0x00, 0x15, 0x00, 0x00, 0x00, 0x15,
0x00, 0x00, 0x00, 0x12, 0x00, 0x00, 0x00, 0x00, 0x00, 0x00, 0x00, 0x00, 0x00, 0x00, 0x04, 0x17,
0x00, 0x00, 0x00, 0x12, 0x00, 0x00, 0x00, 0x0C, 0x00, 0x00, 0x00, 0x0E, 0x00, 0x00, 0x00, 0x12,
0x00, 0x00, 0x00, 0x01, 0x00, 0x00, 0x00, 0x00, 0x00, 0x00, 0x04, 0x18, 0x00, 0x00, 0x00, 0x12,
0x00, 0x00, 0x00, 0x0E, 0x00, 0x00, 0x00, 0x11, 0x00, 0x00, 0x00, 0x12, 0x00, 0x00, 0x00, 0x02,
0x00, 0x00, 0x00, 0x00, 0x00, 0x00, 0x04, 0x19, 0x00, 0x00, 0x00, 0x17, 0x00, 0x00, 0x00, 0x0E,
0x00, 0x00, 0x00, 0x11, 0x00, 0x00, 0x00, 0x17, 0x00, 0x00, 0x00, 0x02, 0x00, 0x00, 0x00, 0x00,
0x00, 0x00, 0x04, 0x1A, 0x00, 0x00, 0x00, 0x12, 0x00, 0x00, 0x00, 0x0D, 0x00, 0x00, 0x00, 0x10,
0x00, 0x00, 0x00, 0x12, 0x00, 0x00, 0x00, 0x02, 0x00, 0x00, 0x00, 0x00, 0x00, 0x00, 0x04, 0x1B,
0x00, 0x00, 0x00, 0x12, 0x00, 0x00, 0x00, 0x10, 0x00, 0x00, 0x00, 0x10, 0x00, 0x00, 0x00, 0x12,
0xFF, 0xFF, 0xFF, 0xFF, 0x00, 0x00, 0x00, 0x00, 0x00, 0x00, 0x04, 0x1C, 0x00, 0x00, 0x00, 0x12,
0x00, 0x00, 0x00, 0x11, 0x00, 0x00, 0x00, 0x14, 0x00, 0x00, 0x00, 0x12, 0x00, 0x00, 0x00, 0x02,
0x00, 0x00, 0x00, 0x00, 0x00, 0x00, 0x04, 0x1D, 0x00, 0x00, 0x00, 0x12, 0x00, 0x00, 0x00, 0x0E,
0x00, 0x00, 0x00, 0x11, 0x00, 0x00, 0x00, 0x12, 0x00, 0x00, 0x00, 0x02, 0x00, 0x00, 0x00, 0x00,
0x00, 0x00, 0x04, 0x1E, 0x00, 0x00, 0x00, 0x12, 0x00, 0x00, 0x00, 0x10, 0x00, 0x00, 0x00, 0x12,
0x00, 0x00, 0x00, 0x12, 0x00, 0x00, 0x00, 0x01, 0x00, 0x00, 0x00, 0x00, 0x00, 0x00, 0x04, 0x1F,
0x00, 0x00, 0x00, 0x12, 0x00, 0x00, 0x00, 0x0D, 0x00, 0x00, 0x00, 0x11, 0x00, 0x00, 0x00, 0x12,
0x00, 0x00, 0x00, 0x02, 0x00, 0x00, 0x00, 0x00, 0x00, 0x00, 0x04, 0x20, 0x00, 0x00, 0x00, 0x12,
0x00, 0x00, 0x00, 0x0C, 0x00, 0x00, 0x00, 0x0E, 0x00, 0x00, 0x00, 0x12, 0x00, 0x00, 0x00, 0x02,
0x00, 0x00, 0x00, 0x00, 0x00, 0x00, 0x04, 0x21, 0x00, 0x00, 0x00, 0x12, 0x00, 0x00, 0x00, 0x0D,
0x00, 0x00, 0x00, 0x0F, 0x00, 0x00, 0x00, 0x12, 0x00, 0x00, 0x00, 0x01, 0x00, 0x00, 0x00, 0x00,
0x00, 0x00, 0x04, 0x22, 0x00, 0x00, 0x00, 0x12, 0x00, 0x00, 0x00, 0x0E, 0x00, 0x00, 0x00, 0x0E,
0x00, 0x00, 0x00, 0x12, 0x00, 0x00, 0x00, 0x00, 0x00, 0x00, 0x00, 0x00, 0x00, 0x00, 0x04, 0x23,
0x00, 0x00, 0x00, 0x12, 0x00, 0x00, 0x00, 0x0F, 0x00, 0x00, 0x00, 0x0E, 0x00, 0x00, 0x00, 0x12,
0x00, 0x00, 0x00, 0x00, 0x00, 0x00, 0x00, 0x00, 0x00, 0x00, 0x04, 0x24, 0x00, 0x00, 0x00, 0x12,
0x00, 0x00, 0x00, 0x13, 0x00, 0x00, 0x00, 0x14, 0x00, 0x00, 0x00, 0x12, 0x00, 0x00, 0x00, 0x01,
0x00, 0x00, 0x00, 0x00, 0x00, 0x00, 0x04, 0x25, 0x00, 0x00, 0x00, 0x12, 0x00, 0x00, 0x00, 0x10,
0x00, 0x00, 0x00, 0x10, 0x00, 0x00, 0x00, 0x12, 0x00, 0x00, 0x00, 0x00, 0x00, 0x00, 0x00, 0x00,
0x00, 0x00, 0x04, 0x26, 0x00, 0x00, 0x00, 0x15, 0x00, 0x00, 0x00, 0x10, 0x00, 0x00, 0x00, 0x12,
0x00, 0x00, 0x00, 0x12, 0x00, 0x00, 0x00, 0x02, 0x00, 0x00, 0x00, 0x00, 0x00, 0x00, 0x04, 0x27,
0x00, 0x00, 0x00, 0x12, 0x00, 0x00, 0x00, 0x0D, 0x00, 0x00, 0x00, 0x10, 0x00, 0x00, 0x00, 0x12,
0x00, 0x00, 0x00, 0x01, 0x00, 0x00, 0x00, 0x00, 0x00, 0x00, 0x04, 0x28, 0x00, 0x00, 0x00, 0x12,
0x00, 0x00, 0x00, 0x13, 0x00, 0x00, 0x00, 0x16, 0x00, 0x00, 0x00, 0x12, 0x00, 0x00, 0x00, 0x02,
0x00, 0x00, 0x00, 0x00, 0x00, 0x00, 0x04, 0x29, 0x00, 0x00, 0x00, 0x15, 0x00, 0x00, 0x00, 0x16,
0x00, 0x00, 0x00, 0x17, 0x00, 0x00, 0x00, 0x12, 0x00, 0x00, 0x00, 0x02, 0x00, 0x00, 0x00, 0x00,
0x00, 0x00, 0x04, 0x2A, 0x00, 0x00, 0x00, 0x12, 0x00, 0x00, 0x00, 0x11, 0x00, 0x00, 0x00, 0x10,
0x00, 0x00, 0x00, 0x12, 0xFF, 0xFF, 0xFF, 0xFF, 0x00, 0x00, 0x00, 0x00, 0x00, 0x00, 0x04, 0x2B,
0x00, 0x00, 0x00, 0x12, 0x00, 0x00, 0x00, 0x10, 0x00, 0x00, 0x00, 0x14, 0x00, 0x00, 0x00, 0x12,
0x00, 0x00, 0x00, 0x02, 0x00, 0x00, 0x00, 0x00, 0x00, 0x00, 0x04, 0x2C, 0x00, 0x00, 0x00, 0x12,
0x00, 0x00, 0x00, 0x0C, 0x00, 0x00, 0x00, 0x0E, 0x00, 0x00, 0x00, 0x12, 0x00, 0x00, 0x00, 0x02,
0x00, 0x00, 0x00, 0x00, 0x00, 0x00, 0x04, 0x2D, 0x00, 0x00, 0x00, 0x12, 0x00, 0x00, 0x00, 0x0D,
0x00, 0x00, 0x00, 0x0F, 0x00, 0x00, 0x00, 0x12, 0x00, 0x00, 0x00, 0x01, 0x00, 0x00, 0x00, 0x00,
0x00, 0x00, 0x04, 0x2E, 0x00, 0x00, 0x00, 0x12, 0x00, 0x00, 0x00, 0x14, 0x00, 0x00, 0x00, 0x17,
0x00, 0x00, 0x00, 0x12, 0x00, 0x00, 0x00, 0x02, 0x00, 0x00, 0x00, 0x00, 0x00, 0x00, 0x04, 0x2F,
0x00, 0x00, 0x00, 0x12, 0x00, 0x00, 0x00, 0x0D, 0x00, 0x00, 0x00, 0x0F, 0x00, 0x00, 0x00, 0x12,
0x00, 0x00, 0x00, 0x00, 0x00, 0x00, 0x00, 0x00, 0x00, 0x00, 0x04, 0x30, 0x00, 0x00, 0x00, 0x0D,
0x00, 0x00, 0x00, 0x0B, 0x00, 0x00, 0x00, 0x0D, 0x00, 0x00, 0x00, 0x0D, 0x00, 0x00, 0x00, 0x01,
0x00, 0x00, 0x00, 0x00, 0x00, 0x00, 0x04, 0x31, 0x00, 0x00, 0x00, 0x13, 0x00, 0x00, 0x00, 0x0C,
0x00, 0x00, 0x00, 0x0D, 0x00, 0x00, 0x00, 0x13, 0x00, 0x00, 0x00, 0x01, 0x00, 0x00, 0x00, 0x00,
0x00, 0x00, 0x04, 0x32, 0x00, 0x00, 0x00, 0x0D, 0x00, 0x00, 0x00, 0x0A, 0x00, 0x00, 0x00, 0x0D,
0x00, 0x00, 0x00, 0x0D, 0x00, 0x00, 0x00, 0x02, 0x00, 0x00, 0x00, 0x00, 0x00, 0x00, 0x04, 0x33,
0x00, 0x00, 0x00, 0x0D, 0x00, 0x00, 0x00, 0x08, 0x00, 0x00, 0x00, 0x0A, 0x00, 0x00, 0x00, 0x0D,
0x00, 0x00, 0x00, 0x02, 0x00, 0x00, 0x00, 0x00, 0x00, 0x00, 0x04, 0x34, 0x00, 0x00, 0x00, 0x10,
0x00, 0x00, 0x00, 0x0E, 0x00, 0x00, 0x00, 0x0E, 0x00, 0x00, 0x00, 0x0D, 0x00, 0x00, 0x00, 0x00,
0x00, 0x00, 0x00, 0x00, 0x00, 0x00, 0x04, 0x35, 0x00, 0x00, 0x00, 0x0D, 0x00, 0x00, 0x00, 0x0B,
0x00, 0x00, 0x00, 0x0C, 0x00, 0x00, 0x00, 0x0D, 0x00, 0x00, 0x00, 0x01, 0x00, 0x00, 0x00, 0x00,
0x00, 0x00, 0x04, 0x36, 0x00, 0x00, 0x00, 0x0D, 0x00, 0x00, 0x00, 0x12, 0x00, 0x00, 0x00, 0x11,
0x00, 0x00, 0x00, 0x0D, 0x00, 0x00, 0x00, 0x00, 0x00, 0x00, 0x00, 0x00, 0x00, 0x00, 0x04, 0x37,
0x00, 0x00, 0x00, 0x0D, 0x00, 0x00, 0x00, 0x0A, 0x00, 0x00, 0x00, 0x0B, 0x00, 0x00, 0x00, 0x0D,
0x00, 0x00, 0x00, 0x01, 0x00, 0x00, 0x00, 0x00, 0x00, 0x00, 0x04, 0x38, 0x00, 0x00, 0x00, 0x0D,
0x00, 0x00, 0x00, 0x0B, 0x00, 0x00, 0x00, 0x0E, 0x00, 0x00, 0x00, 0x0D, 0x00, 0x00, 0x00, 0x02,
0x00, 0x00, 0x00, 0x00, 0x00, 0x00, 0x04, 0x39, 0x00, 0x00, 0x00, 0x12, 0x00, 0x00, 0x00, 0x0B,
0x00, 0x00, 0x00, 0x0E, 0x00, 0x00, 0x00, 0x12, 0x00, 0x00, 0x00, 0x02, 0x00, 0x00, 0x00, 0x00,
0x00, 0x00, 0x04, 0x3A, 0x00, 0x00, 0x00, 0x0D, 0x00, 0x00, 0x00, 0x0B, 0x00, 0x00, 0x00, 0x0C,
0x00, 0x00, 0x00, 0x0D, 0x00, 0x00, 0x00, 0x02, 0x00, 0x00, 0x00, 0x00, 0x00, 0x00, 0x04, 0x3B,
0x00, 0x00, 0x00, 0x0D, 0x00, 0x00, 0x00, 0x0D, 0x00, 0x00, 0x00, 0x0D, 0x00, 0x00, 0x00, 0x0D,
0xFF, 0xFF, 0xFF, 0xFF, 0x00, 0x00, 0x00, 0x00, 0x00, 0x00, 0x04, 0x3C, 0x00, 0x00, 0x00, 0x0D,
0x00, 0x00, 0x00, 0x0D, 0x00, 0x00, 0x00, 0x11, 0x00, 0x00, 0x00, 0x0D, 0x00, 0x00, 0x00, 0x02,
0x00, 0x00, 0x00, 0x00, 0x00, 0x00, 0x04, 0x3D, 0x00, 0x00, 0x00, 0x0D, 0x00, 0x00, 0x00, 0x0B,
0x00, 0x00, 0x00, 0x0E, 0x00, 0x00, 0x00, 0x0D, 0x00, 0x00, 0x00, 0x02, 0x00, 0x00, 0x00, 0x00,
0x00, 0x00, 0x04, 0x3E, 0x00, 0x00, 0x00, 0x0D, 0x00, 0x00, 0x00, 0x0C, 0x00, 0x00, 0x00, 0x0D,
0x00, 0x00, 0x00, 0x0D, 0x00, 0x00, 0x00, 0x01, 0x00, 0x00, 0x00, 0x00, 0x00, 0x00, 0x04, 0x3F,
0x00, 0x00, 0x00, 0x0D, 0x00, 0x00, 0x00, 0x0A, 0x00, 0x00, 0x00, 0x0E, 0x00, 0x00, 0x00, 0x0D,
0x00, 0x00, 0x00, 0x02, 0x00, 0x00, 0x00, 0x00, 0x00, 0x00, 0x04, 0x40, 0x00, 0x00, 0x00, 0x12,
0x00, 0x00, 0x00, 0x0B, 0x00, 0x00, 0x00, 0x0E, 0x00, 0x00, 0x00, 0x0D, 0x00, 0x00, 0x00, 0x02,
0x00, 0x00, 0x00, 0x00, 0x00, 0x00, 0x04, 0x41, 0x00, 0x00, 0x00, 0x0D, 0x00, 0x00, 0x00, 0x0A,
0x00, 0x00, 0x00, 0x0C, 0x00, 0x00, 0x00, 0x0D, 0x00, 0x00, 0x00, 0x01, 0x00, 0x00, 0x00, 0x00,
0x00, 0x00, 0x04, 0x42, 0x00, 0x00, 0x00, 0x0D, 0x00, 0x00, 0x00, 0x0B, 0x00, 0x00, 0x00, 0x0A,
0x00, 0x00, 0x00, 0x0D, 0x00, 0x00, 0x00, 0x00, 0x00, 0x00, 0x00, 0x00, 0x00, 0x00, 0x04, 0x43,
0x00, 0x00, 0x00, 0x12, 0x00, 0x00, 0x00, 0x0C, 0x00, 0x00, 0x00, 0x0C, 0x00, 0x00, 0x00, 0x0D,
0x00, 0x00, 0x00, 0x00, 0x00, 0x00, 0x00, 0x00, 0x00, 0x00, 0x04, 0x44, 0x00, 0x00, 0x00, 0x17,
0x00, 0x00, 0x00, 0x10, 0x00, 0x00, 0x00, 0x12, 0x00, 0x00, 0x00, 0x12, 0x00, 0x00, 0x00, 0x01,
0x00, 0x00, 0x00, 0x00, 0x00, 0x00, 0x04, 0x45, 0x00, 0x00, 0x00, 0x0D, 0x00, 0x00, 0x00, 0x0D,
0x00, 0x00, 0x00, 0x0D, 0x00, 0x00, 0x00, 0x0D, 0x00, 0x00, 0x00, 0x00, 0x00, 0x00, 0x00, 0x00,
0x00, 0x00, 0x04, 0x46, 0x00, 0x00, 0x00, 0x10, 0x00, 0x00, 0x00, 0x0C, 0x00, 0x00, 0x00, 0x0E,
0x00, 0x00, 0x00, 0x0D, 0x00, 0x00, 0x00, 0x02, 0x00, 0x00, 0x00, 0x00, 0x00, 0x00, 0x04, 0x47,
0x00, 0x00, 0x00, 0x0D, 0x00, 0x00, 0x00, 0x0A, 0x00, 0x00, 0x00, 0x0D, 0x00, 0x00, 0x00, 0x0D,
0x00, 0x00, 0x00, 0x01, 0x00, 0x00, 0x00, 0x00, 0x00, 0x00, 0x04, 0x48, 0x00, 0x00, 0x00, 0x0D,
0x00, 0x00, 0x00, 0x10, 0x00, 0x00, 0x00, 0x14, 0x00, 0x00, 0x00, 0x0D, 0x00, 0x00, 0x00, 0x02,
0x00, 0x00, 0x00, 0x00, 0x00, 0x00, 0x04, 0x49, 0x00, 0x00, 0x00, 0x10, 0x00, 0x00, 0x00, 0x11,
0x00, 0x00, 0x00, 0x14, 0x00, 0x00, 0x00, 0x0D, 0x00, 0x00, 0x00, 0x02, 0x00, 0x00, 0x00, 0x00,
0x00, 0x00, 0x04, 0x4A, 0x00, 0x00, 0x00, 0x0D, 0x00, 0x00, 0x00, 0x0D, 0x00, 0x00, 0x00, 0x0D,
0x00, 0x00, 0x00, 0x0D, 0x00, 0x00, 0x00, 0x00, 0x00, 0x00, 0x00, 0x00, 0x00, 0x00, 0x04, 0x4B,
0x00, 0x00, 0x00, 0x0D, 0x00, 0x00, 0x00, 0x0E, 0x00, 0x00, 0x00, 0x11, 0x00, 0x00, 0x00, 0x0D,
0x00, 0x00, 0x00, 0x02, 0x00, 0x00, 0x00, 0x00, 0x00, 0x00, 0x04, 0x4C, 0x00, 0x00, 0x00, 0x0D,
0x00, 0x00, 0x00, 0x0A, 0x00, 0x00, 0x00, 0x0C, 0x00, 0x00, 0x00, 0x0D, 0x00, 0x00, 0x00, 0x02,
0x00, 0x00, 0x00, 0x00, 0x00, 0x00, 0x04, 0x4D, 0x00, 0x00, 0x00, 0x0D, 0x00, 0x00, 0x00, 0x0A,
0x00, 0x00, 0x00, 0x0C, 0x00, 0x00, 0x00, 0x0D, 0x00, 0x00, 0x00, 0x01, 0x00, 0x00, 0x00, 0x00,
0x00, 0x00, 0x04, 0x4E, 0x00, 0x00, 0x00, 0x0D, 0x00, 0x00, 0x00, 0x10, 0x00, 0x00, 0x00, 0x13,
0x00, 0x00, 0x00, 0x0D, 0x00, 0x00, 0x00, 0x02, 0x00, 0x00, 0x00, 0x00, 0x00, 0x00, 0x04, 0x4F,
0x00, 0x00, 0x00, 0x0D, 0x00, 0x00, 0x00, 0x0B, 0x00, 0x00, 0x00, 0x0C, 0x00, 0x00, 0x00, 0x0D,
0x00, 0x00, 0x00, 0x00, 0x00, 0x00, 0x00, 0x00, 0x00, 0x00, 0x04, 0x51, 0x00, 0x00, 0x00, 0x11,
0x00, 0x00, 0x00, 0x0B, 0x00, 0x00, 0x00, 0x0C, 0x00, 0x00, 0x00, 0x11, 0x00, 0x00, 0x00, 0x01,
0x00, 0x00, 0x00, 0x00, 0x00, 0x00, 0x04, 0x52, 0x00, 0x00, 0x00, 0x17, 0x00, 0x00, 0x00, 0x0E,
0x00, 0x00, 0x00, 0x0E, 0x00, 0x00, 0x00, 0x12, 0xFF, 0xFF, 0xFF, 0xFF, 0x00, 0x00, 0x00, 0x00,
0x00, 0x00, 0x04, 0x53, 0x00, 0x00, 0x00, 0x13, 0x00, 0x00, 0x00, 0x08, 0x00, 0x00, 0x00, 0x0A,
0x00, 0x00, 0x00, 0x13, 0x00, 0x00, 0x00, 0x02, 0x00, 0x00, 0x00, 0x00, 0x00, 0x00, 0x04, 0x54,
0x00, 0x00, 0x00, 0x0D, 0x00, 0x00, 0x00, 0x0B, 0x00, 0x00, 0x00, 0x0C, 0x00, 0x00, 0x00, 0x0D,
0x00, 0x00, 0x00, 0x01, 0x00, 0x00, 0x00, 0x00, 0x00, 0x00, 0x04, 0x55, 0x00, 0x00, 0x00, 0x0D,
0x00, 0x00, 0x00, 0x09, 0x00, 0x00, 0x00, 0x0A, 0x00, 0x00, 0x00, 0x0D, 0x00, 0x00, 0x00, 0x01,
0x00, 0x00, 0x00, 0x00, 0x00, 0x00, 0x04, 0x56, 0x00, 0x00, 0x00, 0x12, 0x00, 0x00, 0x00, 0x03,
0x00, 0x00, 0x00, 0x07, 0x00, 0x00, 0x00, 0x12, 0x00, 0x00, 0x00, 0x02, 0x00, 0x00, 0x00, 0x00,
0x00, 0x00, 0x04, 0x57, 0x00, 0x00, 0x00, 0x12, 0x00, 0x00, 0x00, 0x07, 0x00, 0x00, 0x00, 0x07,
0x00, 0x00, 0x00, 0x12, 0x00, 0x00, 0x00, 0x00, 0x00, 0x00, 0x00, 0x00, 0x00, 0x00, 0x04, 0x58,
0x00, 0x00, 0x00, 0x17, 0x00, 0x00, 0x00, 0x05, 0x00, 0x00, 0x00, 0x07, 0x00, 0x00, 0x00, 0x12,
0x00, 0x00, 0x00, 0x00, 0x00, 0x00, 0x00, 0x00, 0x00, 0x00, 0x04, 0x59, 0x00, 0x00, 0x00, 0x0D,
0x00, 0x00, 0x00, 0x14, 0x00, 0x00, 0x00, 0x13, 0x00, 0x00, 0x00, 0x0D, 0xFF, 0xFF, 0xFF, 0xFF,
0x00, 0x00, 0x00, 0x00, 0x00, 0x00, 0x04, 0x5A, 0x00, 0x00, 0x00, 0x0D, 0x00, 0x00, 0x00, 0x12,
0x00, 0x00, 0x00, 0x14, 0x00, 0x00, 0x00, 0x0D, 0x00, 0x00, 0x00, 0x02, 0x00, 0x00, 0x00, 0x00,
0x00, 0x00, 0x04, 0x5B, 0x00, 0x00, 0x00, 0x12, 0x00, 0x00, 0x00, 0x0E, 0x00, 0x00, 0x00, 0x0E,
0x00, 0x00, 0x00, 0x12, 0xFF, 0xFF, 0xFF, 0xFF, 0x00, 0x00, 0x00, 0x00, 0x00, 0x00, 0x04, 0x5C,
0x00, 0x00, 0x00, 0x13, 0x00, 0x00, 0x00, 0x0B, 0x00, 0x00, 0x00, 0x0C, 0x00, 0x00, 0x00, 0x13,
0x00, 0x00, 0x00, 0x02, 0x00, 0x00, 0x00, 0x00, 0x00, 0x00, 0x04, 0x5E, 0x00, 0x00, 0x00, 0x17,
0x00, 0x00, 0x00, 0x0C, 0x00, 0x00, 0x00, 0x0C, 0x00, 0x00, 0x00, 0x12, 0x00, 0x00, 0x00, 0x00,
0x00, 0x00, 0x00, 0x00, 0x00, 0x00, 0x04, 0x5F, 0x00, 0x00, 0x00, 0x12, 0x00, 0x00, 0x00, 0x0A,
0x00, 0x00, 0x00, 0x0E, 0x00, 0x00, 0x00, 0x0D, 0x00, 0x00, 0x00, 0x02, 0x00, 0x00, 0x00, 0x00,
0x00, 0x00, 0x04, 0x62, 0x00, 0x00, 0x00, 0x12, 0x00, 0x00, 0x00, 0x10, 0x00, 0x00, 0x00, 0x10,
0x00, 0x00, 0x00, 0x12, 0x00, 0x00, 0x00, 0x00, 0x00, 0x00, 0x00, 0x00, 0x00, 0x00, 0x04, 0x63,
0x00, 0x00, 0x00, 0x12, 0x00, 0x00, 0x00, 0x0D, 0x00, 0x00, 0x00, 0x0D, 0x00, 0x00, 0x00, 0x12,
0x00, 0x00, 0x00, 0x00, 0x00, 0x00, 0x00, 0x00, 0x00, 0x00, 0x04, 0x72, 0x00, 0x00, 0x00, 0x12,
0x00, 0x00, 0x00, 0x10, 0x00, 0x00, 0x00, 0x12, 0x00, 0x00, 0x00, 0x12, 0x00, 0x00, 0x00, 0x01,
0x00, 0x00, 0x00, 0x00, 0x00, 0x00, 0x04, 0x73, 0x00, 0x00, 0x00, 0x0D, 0x00, 0x00, 0x00, 0x0C,
0x00, 0x00, 0x00, 0x0D, 0x00, 0x00, 0x00, 0x0D, 0x00, 0x00, 0x00, 0x01, 0x00, 0x00, 0x00, 0x00,
0x00, 0x00, 0x04, 0x74, 0x00, 0x00, 0x00, 0x12, 0x00, 0x00, 0x00, 0x12, 0x00, 0x00, 0x00, 0x10,
0x00, 0x00, 0x00, 0x12, 0x00, 0x00, 0x00, 0x00, 0x00, 0x00, 0x00, 0x00, 0x00, 0x00, 0x04, 0x75,
0x00, 0x00, 0x00, 0x0D, 0x00, 0x00, 0x00, 0x0E, 0x00, 0x00, 0x00, 0x0D, 0x00, 0x00, 0x00, 0x0D,
0x00, 0x00, 0x00, 0x00, 0x00, 0x00, 0x00, 0x00, 0x00, 0x00, 0x04, 0x8A, 0x00, 0x00, 0x00, 0x19,
0x00, 0x00, 0x00, 0x11, 0x00, 0x00, 0x00, 0x12, 0x00, 0x00, 0x00, 0x16, 0x00, 0x00, 0x00, 0x02,
0x00, 0x00, 0x00, 0x00, 0x00, 0x00, 0x04, 0x8B, 0x00, 0x00, 0x00, 0x16, 0x00, 0x00, 0x00, 0x0D,
0x00, 0x00, 0x00, 0x0F, 0x00, 0x00, 0x00, 0x13, 0x00, 0x00, 0x00, 0x02, 0x00, 0x00, 0x00, 0x00,
0x00, 0x00, 0x04, 0x8C, 0x00, 0x00, 0x00, 0x12, 0x00, 0x00, 0x00, 0x10, 0x00, 0x00, 0x00, 0x10,
0x00, 0x00, 0x00, 0x12, 0x00, 0x00, 0x00, 0x00, 0x00, 0x00, 0x00, 0x00, 0x00, 0x00, 0x04, 0x8D,
0x00, 0x00, 0x00, 0x12, 0x00, 0x00, 0x00, 0x0D, 0x00, 0x00, 0x00, 0x0D, 0x00, 0x00, 0x00, 0x12,
0x00, 0x00, 0x00, 0x00, 0x00, 0x00, 0x00, 0x00, 0x00, 0x00, 0x04, 0x8E, 0x00, 0x00, 0x00, 0x12,
0x00, 0x00, 0x00, 0x0C, 0x00, 0x00, 0x00, 0x0F, 0x00, 0x00, 0x00, 0x12, 0x00, 0x00, 0x00, 0x02,
0x00, 0x00, 0x00, 0x00, 0x00, 0x00, 0x04, 0x8F, 0x00, 0x00, 0x00, 0x12, 0x00, 0x00, 0x00, 0x0B,
0x00, 0x00, 0x00, 0x0E, 0x00, 0x00, 0x00, 0x0D, 0x00, 0x00, 0x00, 0x02, 0x00, 0x00, 0x00, 0x00,
0x00, 0x00, 0x04, 0x90, 0x00, 0x00, 0x00, 0x15, 0x00, 0x00, 0x00, 0x0A, 0x00, 0x00, 0x00, 0x0B,
0x00, 0x00, 0x00, 0x15, 0x00, 0x00, 0x00, 0x02, 0x00, 0x00, 0x00, 0x00, 0x00, 0x00, 0x04, 0x91,
0x00, 0x00, 0x00, 0x10, 0x00, 0x00, 0x00, 0x08, 0x00, 0x00, 0x00, 0x0A, 0x00, 0x00, 0x00, 0x10,
0x00, 0x00, 0x00, 0x02, 0x00, 0x00, 0x00, 0x00, 0x00, 0x00, 0x04, 0x92, 0x00, 0x00, 0x00, 0x12,
0x00, 0x00, 0x00, 0x0D, 0x00, 0x00, 0x00, 0x0D, 0x00, 0x00, 0x00, 0x12, 0x00, 0x00, 0x00, 0x00,
0x00, 0x00, 0x00, 0x00, 0x00, 0x00, 0x04, 0x93, 0x00, 0x00, 0x00, 0x0D, 0x00, 0x00, 0x00, 0x0A,
0x00, 0x00, 0x00, 0x0A, 0x00, 0x00, 0x00, 0x0D, 0x00, 0x00, 0x00, 0x00, 0x00, 0x00, 0x00, 0x00,
0x00, 0x00, 0x04, 0x94, 0x00, 0x00, 0x00, 0x15, 0x00, 0x00, 0x00, 0x0C, 0x00, 0x00, 0x00, 0x0F,
0x00, 0x00, 0x00, 0x12, 0x00, 0x00, 0x00, 0x02, 0x00, 0x00, 0x00, 0x00, 0x00, 0x00, 0x04, 0x95,
0x00, 0x00, 0x00, 0x12, 0x00, 0x00, 0x00, 0x0B, 0x00, 0x00, 0x00, 0x0D, 0x00, 0x00, 0x00, 0x0D,
0x00, 0x00, 0x00, 0x02, 0x00, 0x00, 0x00, 0x00, 0x00, 0x00, 0x04, 0x96, 0x00, 0x00, 0x00, 0x15,
0x00, 0x00, 0x00, 0x16, 0x00, 0x00, 0x00, 0x15, 0x00, 0x00, 0x00, 0x12, 0x00, 0x00, 0x00, 0x00,
0x00, 0x00, 0x00, 0x00, 0x00, 0x00, 0x04, 0x97, 0x00, 0x00, 0x00, 0x10, 0x00, 0x00, 0x00, 0x12,
0x00, 0x00, 0x00, 0x12, 0x00, 0x00, 0x00, 0x0D, 0x00, 0x00, 0x00, 0x00, 0x00, 0x00, 0x00, 0x00,
0x00, 0x00, 0x04, 0x98, 0x00, 0x00, 0x00, 0x17, 0x00, 0x00, 0x00, 0x0C, 0x00, 0x00, 0x00, 0x0E,
0x00, 0x00, 0x00, 0x12, 0x00, 0x00, 0x00, 0x01, 0x00, 0x00, 0x00, 0x00, 0x00, 0x00, 0x04, 0x99,
0x00, 0x00, 0x00, 0x12, 0x00, 0x00, 0x00, 0x0A, 0x00, 0x00, 0x00, 0x0B, 0x00, 0x00, 0x00, 0x0D,
0x00, 0x00, 0x00, 0x01, 0x00, 0x00, 0x00, 0x00, 0x00, 0x00, 0x04, 0x9A, 0x00, 0x00, 0x00, 0x15,
0x00, 0x00, 0x00, 0x0E, 0x00, 0x00, 0x00, 0x10, 0x00, 0x00, 0x00, 0x12, 0x00, 0x00, 0x00, 0x02,
0x00, 0x00, 0x00, 0x00, 0x00, 0x00, 0x04, 0x9B, 0x00, 0x00, 0x00, 0x10, 0x00, 0x00, 0x00, 0x0B,
0x00, 0x00, 0x00, 0x0D, 0x00, 0x00, 0x00, 0x0D, 0x00, 0x00, 0x00, 0x02, 0x00, 0x00, 0x00, 0x00,
0x00, 0x00, 0x04, 0x9C, 0x00, 0x00, 0x00, 0x12, 0x00, 0x00, 0x00, 0x0F, 0x00, 0x00, 0x00, 0x12,
0x00, 0x00, 0x00, 0x12, 0x00, 0x00, 0x00, 0x02, 0x00, 0x00, 0x00, 0x00, 0x00, 0x00, 0x04, 0x9D,
0x00, 0x00, 0x00, 0x0D, 0x00, 0x00, 0x00, 0x0C, 0x00, 0x00, 0x00, 0x0E, 0x00, 0x00, 0x00, 0x0D,
0x00, 0x00, 0x00, 0x02, 0x00, 0x00, 0x00, 0x00, 0x00, 0x00, 0x04, 0x9E, 0x00, 0x00, 0x00, 0x12,
0x00, 0x00, 0x00, 0x11, 0x00, 0x00, 0x00, 0x11, 0x00, 0x00, 0x00, 0x12, 0x00, 0x00, 0x00, 0x00,
0x00, 0x00, 0x00, 0x00, 0x00, 0x00, 0x04, 0x9F, 0x00, 0x00, 0x00, 0x12, 0x00, 0x00, 0x00, 0x0E,
0x00, 0x00, 0x00, 0x0C, 0x00, 0x00, 0x00, 0x12, 0xFF, 0xFF, 0xFF, 0xFF, 0x00, 0x00, 0x00, 0x00,
0x00, 0x00, 0x04, 0xA0, 0x00, 0x00, 0x00, 0x12, 0x00, 0x00, 0x00, 0x11, 0x00, 0x00, 0x00, 0x12,
0x00, 0x00, 0x00, 0x12, 0x00, 0x00, 0x00, 0x00, 0x00, 0x00, 0x00, 0x00, 0x00, 0x00, 0x04, 0xA1,
0x00, 0x00, 0x00, 0x0D, 0x00, 0x00, 0x00, 0x0D, 0x00, 0x00, 0x00, 0x0D, 0x00, 0x00, 0x00, 0x0D,
0x00, 0x00, 0x00, 0x00, 0x00, 0x00, 0x00, 0x00, 0x00, 0x00, 0x04, 0xA2, 0x00, 0x00, 0x00, 0x15,
0x00, 0x00, 0x00, 0x10, 0x00, 0x00, 0x00, 0x12, 0x00, 0x00, 0x00, 0x12, 0x00, 0x00, 0x00, 0x02,
0x00, 0x00, 0x00, 0x00, 0x00, 0x00, 0x04, 0xA3, 0x00, 0x00, 0x00, 0x10, 0x00, 0x00, 0x00, 0x0C,
0x00, 0x00, 0x00, 0x0E, 0x00, 0x00, 0x00, 0x0D, 0x00, 0x00, 0x00, 0x02, 0x00, 0x00, 0x00, 0x00,
0x00, 0x00, 0x04, 0xA4, 0x00, 0x00, 0x00, 0x12, 0x00, 0x00, 0x00, 0x15, 0x00, 0x00, 0x00, 0x16,
0x00, 0x00, 0x00, 0x12, 0x00, 0x00, 0x00, 0x02, 0x00, 0x00, 0x00, 0x00, 0x00, 0x00, 0x04, 0xA5,
0x00, 0x00, 0x00, 0x0D, 0x00, 0x00, 0x00, 0x10, 0x00, 0x00, 0x00, 0x12, 0x00, 0x00, 0x00, 0x0D,
0x00, 0x00, 0x00, 0x02, 0x00, 0x00, 0x00, 0x00, 0x00, 0x00, 0x04, 0xA6, 0x00, 0x00, 0x00, 0x15,
0x00, 0x00, 0x00, 0x17, 0x00, 0x00, 0x00, 0x1A, 0x00, 0x00, 0x00, 0x12, 0x00, 0x00, 0x00, 0x02,
0x00, 0x00, 0x00, 0x00, 0x00, 0x00, 0x04, 0xA7, 0x00, 0x00, 0x00, 0x12, 0x00, 0x00, 0x00, 0x13,
0x00, 0x00, 0x00, 0x16, 0x00, 0x00, 0x00, 0x0D, 0x00, 0x00, 0x00, 0x02, 0x00, 0x00, 0x00, 0x00,
0x00, 0x00, 0x04, 0xA8, 0x00, 0x00, 0x00, 0x12, 0x00, 0x00, 0x00, 0x13, 0x00, 0x00, 0x00, 0x15,
0x00, 0x00, 0x00, 0x12, 0x00, 0x00, 0x00, 0x01, 0x00, 0x00, 0x00, 0x00, 0x00, 0x00, 0x04, 0xA9,
0x00, 0x00, 0x00, 0x0D, 0x00, 0x00, 0x00, 0x10, 0x00, 0x00, 0x00, 0x11, 0x00, 0x00, 0x00, 0x0D,
0x00, 0x00, 0x00, 0x01, 0x00, 0x00, 0x00, 0x00, 0x00, 0x00, 0x04, 0xAA, 0x00, 0x00, 0x00, 0x17,
0x00, 0x00, 0x00, 0x0D, 0x00, 0x00, 0x00, 0x0F, 0x00, 0x00, 0x00, 0x12, 0x00, 0x00, 0x00, 0x01,
0x00, 0x00, 0x00, 0x00, 0x00, 0x00, 0x04, 0xAB, 0x00, 0x00, 0x00, 0x12, 0x00, 0x00, 0x00, 0x0A,
0x00, 0x00, 0x00, 0x0C, 0x00, 0x00, 0x00, 0x0D, 0x00, 0x00, 0x00, 0x01, 0x00, 0x00, 0x00, 0x00,
0x00, 0x00, 0x04, 0xAC, 0x00, 0x00, 0x00, 0x15, 0x00, 0x00, 0x00, 0x0E, 0x00, 0x00, 0x00, 0x0E,
0x00, 0x00, 0x00, 0x12, 0x00, 0x00, 0x00, 0x00, 0x00, 0x00, 0x00, 0x00, 0x00, 0x00, 0x04, 0xAD,
0x00, 0x00, 0x00, 0x10, 0x00, 0x00, 0x00, 0x0B, 0x00, 0x00, 0x00, 0x0A, 0x00, 0x00, 0x00, 0x0D,
0x00, 0x00, 0x00, 0x00, 0x00, 0x00, 0x00, 0x00, 0x00, 0x00, 0x04, 0xAE, 0x00, 0x00, 0x00, 0x12,
0x00, 0x00, 0x00, 0x0F, 0x00, 0x00, 0x00, 0x0E, 0x00, 0x00, 0x00, 0x12, 0x00, 0x00, 0x00, 0x00,
0x00, 0x00, 0x00, 0x00, 0x00, 0x00, 0x04, 0xAF, 0x00, 0x00, 0x00, 0x12, 0x00, 0x00, 0x00, 0x0D,
0x00, 0x00, 0x00, 0x0C, 0x00, 0x00, 0x00, 0x0D, 0x00, 0x00, 0x00, 0x00, 0x00, 0x00, 0x00, 0x00,
0x00, 0x00, 0x04, 0xB0, 0x00, 0x00, 0x00, 0x12, 0x00, 0x00, 0x00, 0x0F, 0x00, 0x00, 0x00, 0x0E,
0x00, 0x00, 0x00, 0x12, 0x00, 0x00, 0x00, 0x00, 0x00, 0x00, 0x00, 0x00, 0x00, 0x00, 0x04, 0xB1,
0x00, 0x00, 0x00, 0x12, 0x00, 0x00, 0x00, 0x0D, 0x00, 0x00, 0x00, 0x0D, 0x00, 0x00, 0x00, 0x0D,
0x00, 0x00, 0x00, 0x00, 0x00, 0x00, 0x00, 0x00, 0x00, 0x00, 0x04, 0xB2, 0x00, 0x00, 0x00, 0x15,
0x00, 0x00, 0x00, 0x11, 0x00, 0x00, 0x00, 0x11, 0x00, 0x00, 0x00, 0x12, 0x00, 0x00, 0x00, 0x00,
0x00, 0x00, 0x00, 0x00, 0x00, 0x00, 0x04, 0xB3, 0x00, 0x00, 0x00, 0x10, 0x00, 0x00, 0x00, 0x0E,
0x00, 0x00, 0x00, 0x0E, 0x00, 0x00, 0x00, 0x0D, 0x00, 0x00, 0x00, 0x00, 0x00, 0x00, 0x00, 0x00,
0x00, 0x00, 0x04, 0xB4, 0x00, 0x00, 0x00, 0x15, 0x00, 0x00, 0x00, 0x16, 0x00, 0x00, 0x00, 0x16,
0x00, 0x00, 0x00, 0x12, 0x00, 0x00, 0x00, 0x00, 0x00, 0x00, 0x00, 0x00, 0x00, 0x00, 0x04, 0xB5,
0x00, 0x00, 0x00, 0x10, 0x00, 0x00, 0x00, 0x10, 0x00, 0x00, 0x00, 0x10, 0x00, 0x00, 0x00, 0x0D,
0x00, 0x00, 0x00, 0x00, 0x00, 0x00, 0x00, 0x00, 0x00, 0x00, 0x04, 0xB6, 0x00, 0x00, 0x00, 0x15,
0x00, 0x00, 0x00, 0x0F, 0x00, 0x00, 0x00, 0x11, 0x00, 0x00, 0x00, 0x12, 0x00, 0x00, 0x00, 0x01,
0x00, 0x00, 0x00, 0x00, 0x00, 0x00, 0x04, 0xB7, 0x00, 0x00, 0x00, 0x10, 0x00, 0x00, 0x00, 0x0C,
0x00, 0x00, 0x00, 0x0D, 0x00, 0x00, 0x00, 0x0D, 0x00, 0x00, 0x00, 0x01, 0x00, 0x00, 0x00, 0x00,
0x00, 0x00, 0x04, 0xB8, 0x00, 0x00, 0x00, 0x12, 0x00, 0x00, 0x00, 0x0D, 0x00, 0x00, 0x00, 0x10,
0x00, 0x00, 0x00, 0x12, 0x00, 0x00, 0x00, 0x01, 0x00, 0x00, 0x00, 0x00, 0x00, 0x00, 0x04, 0xB9,
0x00, 0x00, 0x00, 0x0D, 0x00, 0x00, 0x00, 0x0A, 0x00, 0x00, 0x00, 0x0D, 0x00, 0x00, 0x00, 0x0D,
0x00, 0x00, 0x00, 0x01, 0x00, 0x00, 0x00, 0x00, 0x00, 0x00, 0x04, 0xBA, 0x00, 0x00, 0x00, 0x12,
0x00, 0x00, 0x00, 0x0C, 0x00, 0x00, 0x00, 0x10, 0x00, 0x00, 0x00, 0x12, 0x00, 0x00, 0x00, 0x02,
0x00, 0x00, 0x00, 0x00, 0x00, 0x00, 0x04, 0xBB, 0x00, 0x00, 0x00, 0x12, 0x00, 0x00, 0x00, 0x0B,
0x00, 0x00, 0x00, 0x0E, 0x00, 0x00, 0x00, 0x12, 0x00, 0x00, 0x00, 0x02, 0x00, 0x00, 0x00, 0x00,
0x00, 0x00, 0x04, 0xBC, 0x00, 0x00, 0x00, 0x12, 0x00, 0x00, 0x00, 0x13, 0x00, 0x00, 0x00, 0x14,
0x00, 0x00, 0x00, 0x12, 0x00, 0x00, 0x00, 0x00, 0x00, 0x00, 0x00, 0x00, 0x00, 0x00, 0x04, 0xBD,
0x00, 0x00, 0x00, 0x0D, 0x00, 0x00, 0x00, 0x0F, 0x00, 0x00, 0x00, 0x10, 0x00, 0x00, 0x00, 0x0D,
0x00, 0x00, 0x00, 0x00, 0x00, 0x00, 0x00, 0x00, 0x00, 0x00, 0x04, 0xBE, 0x00, 0x00, 0x00, 0x17,
0x00, 0x00, 0x00, 0x13, 0x00, 0x00, 0x00, 0x14, 0x00, 0x00, 0x00, 0x12, 0x00, 0x00, 0x00, 0x00,
0x00, 0x00, 0x00, 0x00, 0x00, 0x00, 0x04, 0xBF, 0x00, 0x00, 0x00, 0x12, 0x00, 0x00, 0x00, 0x0F,
0x00, 0x00, 0x00, 0x10, 0x00, 0x00, 0x00, 0x0D, 0x00, 0x00, 0x00, 0x00, 0x00, 0x00, 0x00, 0x00,
0x00, 0x00, 0x04, 0xC0, 0x00, 0x00, 0x00, 0x12, 0x00, 0x00, 0x00, 0x03, 0x00, 0x00, 0x00, 0x08,
0x00, 0x00, 0x00, 0x12, 0x00, 0x00, 0x00, 0x02, 0x00, 0x00, 0x00, 0x00, 0x00, 0x00, 0x04, 0xC3,
0x00, 0x00, 0x00, 0x17, 0x00, 0x00, 0x00, 0x0D, 0x00, 0x00, 0x00, 0x10, 0x00, 0x00, 0x00, 0x12,
0x00, 0x00, 0x00, 0x02, 0x00, 0x00, 0x00, 0x00, 0x00, 0x00, 0x04, 0xC4, 0x00, 0x00, 0x00, 0x12,
0x00, 0x00, 0x00, 0x0A, 0x00, 0x00, 0x00, 0x0D, 0x00, 0x00, 0x00, 0x0D, 0x00, 0x00, 0x00, 0x02,
0x00, 0x00, 0x00, 0x00, 0x00, 0x00, 0x04, 0xC5, 0x00, 0x00, 0x00, 0x15, 0x00, 0x00, 0x00, 0x12,
0x00, 0x00, 0x00, 0x10, 0x00, 0x00, 0x00, 0x12, 0xFF, 0xFF, 0xFF, 0xFF, 0x00, 0x00, 0x00, 0x00,
0x00, 0x00, 0x04, 0xC6, 0x00, 0x00, 0x00, 0x10, 0x00, 0x00, 0x00, 0x0F, 0x00, 0x00, 0x00, 0x0D,
0x00, 0x00, 0x00, 0x0D, 0xFF, 0xFF, 0xFF, 0xFF, 0x00, 0x00, 0x00, 0x00, 0x00, 0x00, 0x04, 0xC7,
0x00, 0x00, 0x00, 0x17, 0x00, 0x00, 0x00, 0x0E, 0x00, 0x00, 0x00, 0x11, 0x00, 0x00, 0x00, 0x12,
0x00, 0x00, 0x00, 0x02, 0x00, 0x00, 0x00, 0x00, 0x00, 0x00, 0x04, 0xC8, 0x00, 0x00, 0x00, 0x12,
0x00, 0x00, 0x00, 0x0B, 0x00, 0x00, 0x00, 0x0E, 0x00, 0x00, 0x00, 0x0D, 0x00, 0x00, 0x00, 0x02,
0x00, 0x00, 0x00, 0x00, 0x00, 0x00, 0x04, 0xC9, 0x00, 0x00, 0x00, 0x15, 0x00, 0x00, 0x00, 0x10,
0x00, 0x00, 0x00, 0x12, 0x00, 0x00, 0x00, 0x12, 0x00, 0x00, 0x00, 0x02, 0x00, 0x00, 0x00, 0x00,
0x00, 0x00, 0x04, 0xCA, 0x00, 0x00, 0x00, 0x11, 0x00, 0x00, 0x00, 0x0D, 0x00, 0x00, 0x00, 0x0E,
0x00, 0x00, 0x00, 0x0D, 0x00, 0x00, 0x00, 0x02, 0x00, 0x00, 0x00, 0x00, 0x00, 0x00, 0x04, 0xCB,
0x00, 0x00, 0x00, 0x15, 0x00, 0x00, 0x00, 0x0D, 0x00, 0x00, 0x00, 0x10, 0x00, 0x00, 0x00, 0x12,
0x00, 0x00, 0x00, 0x01, 0x00, 0x00, 0x00, 0x00, 0x00, 0x00, 0x04, 0xCC, 0x00, 0x00, 0x00, 0x10,
0x00, 0x00, 0x00, 0x0A, 0x00, 0x00, 0x00, 0x0D, 0x00, 0x00, 0x00, 0x0D, 0x00, 0x00, 0x00, 0x01,
0x00, 0x00, 0x00, 0x00, 0x00, 0x00, 0x04, 0xCD, 0x00, 0x00, 0x00, 0x15, 0x00, 0x00, 0x00, 0x14,
0x00, 0x00, 0x00, 0x15, 0x00, 0x00, 0x00, 0x12, 0x00, 0x00, 0x00, 0x02, 0x00, 0x00, 0x00, 0x00,
0x00, 0x00, 0x04, 0xCE, 0x00, 0x00, 0x00, 0x10, 0x00, 0x00, 0x00, 0x10, 0x00, 0x00, 0x00, 0x11,
0x00, 0x00, 0x00, 0x0D, 0x00, 0x00, 0x00, 0x02, 0x00, 0x00, 0x00, 0x00, 0x00, 0x00, 0x04, 0xCF,
0x00, 0x00, 0x00, 0x12, 0x00, 0x00, 0x00, 0x03, 0x00, 0x00, 0x00, 0x07, 0x00, 0x00, 0x00, 0x12,
0x00, 0x00, 0x00, 0x02, 0x00, 0x00, 0x00, 0x00, 0x00, 0x00, 0x04, 0xD0, 0x00, 0x00, 0x00, 0x17,
0x00, 0x00, 0x00, 0x0F, 0x00, 0x00, 0x00, 0x0F, 0x00, 0x00, 0x00, 0x17, 0x00, 0x00, 0x00, 0x00,
0x00, 0x00, 0x00, 0x00, 0x00, 0x00, 0x04, 0xD1, 0x00, 0x00, 0x00, 0x12, 0x00, 0x00, 0x00, 0x0B,
0x00, 0x00, 0x00, 0x0D, 0x00, 0x00, 0x00, 0x12, 0x00, 0x00, 0x00, 0x01, 0x00, 0x00, 0x00, 0x00,
0x00, 0x00, 0x04, 0xD2, 0x00, 0x00, 0x00, 0x15, 0x00, 0x00, 0x00, 0x0F, 0x00, 0x00, 0x00, 0x0F,
0x00, 0x00, 0x00, 0x15, 0x00, 0x00, 0x00, 0x00, 0x00, 0x00, 0x00, 0x00, 0x00, 0x00, 0x04, 0xD3,
0x00, 0x00, 0x00, 0x11, 0x00, 0x00, 0x00, 0x0B, 0x00, 0x00, 0x00, 0x0D, 0x00, 0x00, 0x00, 0x11,
0x00, 0x00, 0x00, 0x01, 0x00, 0x00, 0x00, 0x00, 0x00, 0x00, 0x04, 0xD4, 0x00, 0x00, 0x00, 0x12,
0x00, 0x00, 0x00, 0x16, 0x00, 0x00, 0x00, 0x16, 0x00, 0x00, 0x00, 0x12, 0xFF, 0xFF, 0xFF, 0xFF,
0x00, 0x00, 0x00, 0x00, 0x00, 0x00, 0x04, 0xD5, 0x00, 0x00, 0x00, 0x0D, 0x00, 0x00, 0x00, 0x13,
0x00, 0x00, 0x00, 0x14, 0x00, 0x00, 0x00, 0x0D, 0x00, 0x00, 0x00, 0x01, 0x00, 0x00, 0x00, 0x00,
0x00, 0x00, 0x04, 0xD6, 0x00, 0x00, 0x00, 0x17, 0x00, 0x00, 0x00, 0x0B, 0x00, 0x00, 0x00, 0x0E,
0x00, 0x00, 0x00, 0x17, 0x00, 0x00, 0x00, 0x02, 0x00, 0x00, 0x00, 0x00, 0x00, 0x00, 0x04, 0xD7,
0x00, 0x00, 0x00, 0x12, 0x00, 0x00, 0x00, 0x0B, 0x00, 0x00, 0x00, 0x0C, 0x00, 0x00, 0x00, 0x12,
0x00, 0x00, 0x00, 0x01, 0x00, 0x00, 0x00, 0x00, 0x00, 0x00, 0x04, 0xD8, 0x00, 0x00, 0x00, 0x12,
0x00, 0x00, 0x00, 0x0F, 0x00, 0x00, 0x00, 0x11, 0x00, 0x00, 0x00, 0x12, 0x00, 0x00, 0x00, 0x01,
0x00, 0x00, 0x00, 0x00, 0x00, 0x00, 0x04, 0xD9, 0x00, 0x00, 0x00, 0x0D, 0x00, 0x00, 0x00, 0x0B,
0x00, 0x00, 0x00, 0x0D, 0x00, 0x00, 0x00, 0x0D, 0x00, 0x00, 0x00, 0x01, 0x00, 0x00, 0x00, 0x00,
0x00, 0x00, 0x04, 0xDA, 0x00, 0x00, 0x00, 0x15, 0x00, 0x00, 0x00, 0x0F, 0x00, 0x00, 0x00, 0x11,
0x00, 0x00, 0x00, 0x15, 0x00, 0x00, 0x00, 0x01, 0x00, 0x00, 0x00, 0x00, 0x00, 0x00, 0x04, 0xDB,
0x00, 0x00, 0x00, 0x11, 0x00, 0x00, 0x00, 0x0B, 0x00, 0x00, 0x00, 0x0D, 0x00, 0x00, 0x00, 0x11,
0x00, 0x00, 0x00, 0x01, 0x00, 0x00, 0x00, 0x00, 0x00, 0x00, 0x04, 0xDC, 0x00, 0x00, 0x00, 0x15,
0x00, 0x00, 0x00, 0x15, 0x00, 0x00, 0x00, 0x15, 0x00, 0x00, 0x00, 0x15, 0x00, 0x00, 0x00, 0x00,
0x00, 0x00, 0x00, 0x00, 0x00, 0x00, 0x04, 0xDD, 0x00, 0x00, 0x00, 0x11, 0x00, 0x00, 0x00, 0x12,
0x00, 0x00, 0x00, 0x11, 0x00, 0x00, 0x00, 0x11, 0x00, 0x00, 0x00, 0x00, 0x00, 0x00, 0x00, 0x00,
0x00, 0x00, 0x04, 0xDE, 0x00, 0x00, 0x00, 0x15, 0x00, 0x00, 0x00, 0x0C, 0x00, 0x00, 0x00, 0x0E,
0x00, 0x00, 0x00, 0x15, 0x00, 0x00, 0x00, 0x01, 0x00, 0x00, 0x00, 0x00, 0x00, 0x00, 0x04, 0xDF,
0x00, 0x00, 0x00, 0x11, 0x00, 0x00, 0x00, 0x0A, 0x00, 0x00, 0x00, 0x0B, 0x00, 0x00, 0x00, 0x11,
0x00, 0x00, 0x00, 0x01, 0x00, 0x00, 0x00, 0x00, 0x00, 0x00, 0x04, 0xE0, 0x00, 0x00, 0x00, 0x12,
0x00, 0x00, 0x00, 0x0C, 0x00, 0x00, 0x00, 0x0F, 0x00, 0x00, 0x00, 0x12, 0x00, 0x00, 0x00, 0x01,
0x00, 0x00, 0x00, 0x00, 0x00, 0x00, 0x04, 0xE1, 0x00, 0x00, 0x00, 0x12, 0x00, 0x00, 0x00, 0x0B,
0x00, 0x00, 0x00, 0x0C, 0x00, 0x00, 0x00, 0x0D, 0x00, 0x00, 0x00, 0x01, 0x00, 0x00, 0x00, 0x00,
0x00, 0x00, 0x04, 0xE2, 0x00, 0x00, 0x00, 0x16, 0x00, 0x00, 0x00, 0x0E, 0x00, 0x00, 0x00, 0x11,
0x00, 0x00, 0x00, 0x16, 0x00, 0x00, 0x00, 0x02, 0x00, 0x00, 0x00, 0x00, 0x00, 0x00, 0x04, 0xE3,
0x00, 0x00, 0x00, 0x11, 0x00, 0x00, 0x00, 0x0B, 0x00, 0x00, 0x00, 0x0E, 0x00, 0x00, 0x00, 0x11,
0x00, 0x00, 0x00, 0x02, 0x00, 0x00, 0x00, 0x00, 0x00, 0x00, 0x04, 0xE4, 0x00, 0x00, 0x00, 0x15,
0x00, 0x00, 0x00, 0x0E, 0x00, 0x00, 0x00, 0x11, 0x00, 0x00, 0x00, 0x15, 0x00, 0x00, 0x00, 0x02,
0x00, 0x00, 0x00, 0x00, 0x00, 0x00, 0x04, 0xE5, 0x00, 0x00, 0x00, 0x11, 0x00, 0x00, 0x00, 0x0B,
0x00, 0x00, 0x00, 0x0E, 0x00, 0x00, 0x00, 0x11, 0x00, 0x00, 0x00, 0x02, 0x00, 0x00, 0x00, 0x00,
0x00, 0x00, 0x04, 0xE6, 0x00, 0x00, 0x00, 0x15, 0x00, 0x00, 0x00, 0x10, 0x00, 0x00, 0x00, 0x12,
0x00, 0x00, 0x00, 0x15, 0x00, 0x00, 0x00, 0x01, 0x00, 0x00, 0x00, 0x00, 0x00, 0x00, 0x04, 0xE7,
0x00, 0x00, 0x00, 0x11, 0x00, 0x00, 0x00, 0x0C, 0x00, 0x00, 0x00, 0x0D, 0x00, 0x00, 0x00, 0x11,
0x00, 0x00, 0x00, 0x01, 0x00, 0x00, 0x00, 0x00, 0x00, 0x00, 0x04, 0xE8, 0x00, 0x00, 0x00, 0x12,
0x00, 0x00, 0x00, 0x10, 0x00, 0x00, 0x00, 0x12, 0x00, 0x00, 0x00, 0x12, 0x00, 0x00, 0x00, 0x01,
0x00, 0x00, 0x00, 0x00, 0x00, 0x00, 0x04, 0xE9, 0x00, 0x00, 0x00, 0x0D, 0x00, 0x00, 0x00, 0x0C,
0x00, 0x00, 0x00, 0x0D, 0x00, 0x00, 0x00, 0x0D, 0x00, 0x00, 0x00, 0x01, 0x00, 0x00, 0x00, 0x00,
0x00, 0x00, 0x04, 0xEA, 0x00, 0x00, 0x00, 0x15, 0x00, 0x00, 0x00, 0x10, 0x00, 0x00, 0x00, 0x12,
0x00, 0x00, 0x00, 0x15, 0x00, 0x00, 0x00, 0x01, 0x00, 0x00, 0x00, 0x00, 0x00, 0x00, 0x04, 0xEB,
0x00, 0x00, 0x00, 0x11, 0x00, 0x00, 0x00, 0x0C, 0x00, 0x00, 0x00, 0x0D, 0x00, 0x00, 0x00, 0x11,
0x00, 0x00, 0x00, 0x01, 0x00, 0x00, 0x00, 0x00, 0x00, 0x00, 0x04, 0xEC, 0x00, 0x00, 0x00, 0x15,
0x00, 0x00, 0x00, 0x0D, 0x00, 0x00, 0x00, 0x0F, 0x00, 0x00, 0x00, 0x15, 0x00, 0x00, 0x00, 0x01,
0x00, 0x00, 0x00, 0x00, 0x00, 0x00, 0x04, 0xED, 0x00, 0x00, 0x00, 0x11, 0x00, 0x00, 0x00, 0x0A,
0x00, 0x00, 0x00, 0x0C, 0x00, 0x00, 0x00, 0x11, 0x00, 0x00, 0x00, 0x01, 0x00, 0x00, 0x00, 0x00,
0x00, 0x00, 0x04, 0xEE, 0x00, 0x00, 0x00, 0x16, 0x00, 0x00, 0x00, 0x0F, 0x00, 0x00, 0x00, 0x0E,
0x00, 0x00, 0x00, 0x16, 0x00, 0x00, 0x00, 0x00, 0x00, 0x00, 0x00, 0x00, 0x00, 0x00, 0x04, 0xEF,
0x00, 0x00, 0x00, 0x16, 0x00, 0x00, 0x00, 0x0C, 0x00, 0x00, 0x00, 0x0C, 0x00, 0x00, 0x00, 0x11,
0x00, 0x00, 0x00, 0x00, 0x00, 0x00, 0x00, 0x00, 0x00, 0x00, 0x04, 0xF0, 0x00, 0x00, 0x00, 0x15,
0x00, 0x00, 0x00, 0x0F, 0x00, 0x00, 0x00, 0x0E, 0x00, 0x00, 0x00, 0x15, 0x00, 0x00, 0x00, 0x00,
0x00, 0x00, 0x00, 0x00, 0x00, 0x00, 0x04, 0xF1, 0x00, 0x00, 0x00, 0x16, 0x00, 0x00, 0x00, 0x0C,
0x00, 0x00, 0x00, 0x0C, 0x00, 0x00, 0x00, 0x11, 0x00, 0x00, 0x00, 0x00, 0x00, 0x00, 0x00, 0x00,
0x00, 0x00, 0x04, 0xF2, 0x00, 0x00, 0x00, 0x16, 0x00, 0x00, 0x00, 0x0F, 0x00, 0x00, 0x00, 0x0E,
0x00, 0x00, 0x00, 0x16, 0x00, 0x00, 0x00, 0x00, 0x00, 0x00, 0x00, 0x00, 0x00, 0x00, 0x04, 0xF3,
0x00, 0x00, 0x00, 0x17, 0x00, 0x00, 0x00, 0x0C, 0x00, 0x00, 0x00, 0x0C, 0x00, 0x00, 0x00, 0x12,
0x00, 0x00, 0x00, 0x00, 0x00, 0x00, 0x00, 0x00, 0x00, 0x00, 0x04, 0xF4, 0x00, 0x00, 0x00, 0x15,
0x00, 0x00, 0x00, 0x0D, 0x00, 0x00, 0x00, 0x10, 0x00, 0x00, 0x00, 0x15, 0x00, 0x00, 0x00, 0x01,
0x00, 0x00, 0x00, 0x00, 0x00, 0x00, 0x04, 0xF5, 0x00, 0x00, 0x00, 0x11, 0x00, 0x00, 0x00, 0x0A,
0x00, 0x00, 0x00, 0x0D, 0x00, 0x00, 0x00, 0x11, 0x00, 0x00, 0x00, 0x01, 0x00, 0x00, 0x00, 0x00,
0x00, 0x00, 0x04, 0xF6, 0x00, 0x00, 0x00, 0x15, 0x00, 0x00, 0x00, 0x0A, 0x00, 0x00, 0x00, 0x0B,
0x00, 0x00, 0x00, 0x12, 0x00, 0x00, 0x00, 0x02, 0x00, 0x00, 0x00, 0x00, 0x00, 0x00, 0x04, 0xF7,
0x00, 0x00, 0x00, 0x10, 0x00, 0x00, 0x00, 0x08, 0x00, 0x00, 0x00, 0x0A, 0x00, 0x00, 0x00, 0x0D,
0x00, 0x00, 0x00, 0x02, 0x00, 0x00, 0x00, 0x00, 0x00, 0x00, 0x04, 0xF8, 0x00, 0x00, 0x00, 0x15,
0x00, 0x00, 0x00, 0x10, 0x00, 0x00, 0x00, 0x14, 0x00, 0x00, 0x00, 0x15, 0x00, 0x00, 0x00, 0x02,
0x00, 0x00, 0x00, 0x00, 0x00, 0x00, 0x04, 0xF9, 0x00, 0x00, 0x00, 0x11, 0x00, 0x00, 0x00, 0x0E,
0x00, 0x00, 0x00, 0x11, 0x00, 0x00, 0x00, 0x11, 0x00, 0x00, 0x00, 0x02, 0x00, 0x00, 0x00, 0x00,
0x00, 0x00, 0x04, 0xFC, 0x00, 0x00, 0x00, 0x17, 0x00, 0x00, 0x00, 0x0F, 0x00, 0x00, 0x00, 0x10,
0x00, 0x00, 0x00, 0x12, 0x00, 0x00, 0x00, 0x00, 0x00, 0x00, 0x00, 0x00, 0x00, 0x00, 0x04, 0xFD,
0x00, 0x00, 0x00, 0x12, 0x00, 0x00, 0x00, 0x0D, 0x00, 0x00, 0x00, 0x0D, 0x00, 0x00, 0x00, 0x0D,
0x00, 0x00, 0x00, 0x00, 0x00, 0x00, 0x00, 0x00, 0x00, 0xB4, 0xFF, 0x74, 0x00, 0xB4, 0xFF, 0x74,
0x00, 0xB4, 0xFF, 0x74, 0x00, 0xB4, 0xFF, 0x74, 0x00, 0xB4, 0xFF, 0x74, 0x00, 0xB4, 0xFF, 0x74,
0x00, 0xB4, 0xFF, 0x74, 0x00, 0xB4, 0xFF, 0x74, 0x00, 0xB2, 0xFF, 0x72, 0x00, 0x9D, 0xFF, 0x5D,
0x00, 0x83, 0xFF, 0x43, 0x00, 0x68, 0xFF, 0x2A, 0x00, 0x4D, 0xFF, 0x10, 0x00, 0x00, 0x00, 0x00,
0x00, 0x00, 0x00, 0x00, 0x01, 0xB2, 0xF4, 0x72, 0x19, 0xFF, 0xFF, 0xD4, 0x01, 0xB2, 0xF4, 0x72,
0xA8, 0xFF, 0x4A, 0xA8, 0xFF, 0x4A, 0xA8, 0xFF, 0x21, 0xA8, 0xFF, 0x21, 0xA8, 0xF5, 0x01, 0xA8,
0xF5, 0x01, 0xA8, 0xCE, 0x00, 0xA8, 0xCE, 0x00, 0xA8, 0xA4, 0x00, 0xA8, 0xA4, 0x00, 0x00, 0x00,
0x00, 0x00, 0x00, 0xCC, 0xF8, 0x07, 0x00, 0x45, 0xFF, 0x83, 0x00, 0x00, 0x00, 0x00, 0x00, 0x0E,
0xFC, 0xC0, 0x00, 0x00, 0x85, 0xFF, 0x44, 0x00, 0x00, 0x00, 0x00, 0x00, 0x4A, 0xFF, 0x81, 0x00,
0x00, 0xC5, 0xFA, 0x0B, 0x00, 0x00, 0x00, 0x00, 0x00, 0x89, 0xFF, 0x43, 0x00, 0x0A, 0xFA, 0xC7,
0x00, 0x00, 0x00, 0x00, 0xB4, 0xFF, 0xFF, 0xFF, 0xFF, 0xFF, 0xFF, 0xFF, 0xFF, 0xFF, 0x8D, 0x00,
0x00, 0xE1, 0xFF, 0xFF, 0xFF, 0xFF, 0xFF, 0xFF, 0xFF, 0xFF, 0xFF, 0x59, 0x00, 0x00, 0x00, 0x2F,
0xFF, 0x9C, 0x00, 0x00, 0xAB, 0xFF, 0x21, 0x00, 0x00, 0x00, 0x00, 0x00, 0x74, 0xFF, 0x57, 0x00,
0x01, 0xEC, 0xDD, 0x00, 0x00, 0x00, 0x00, 0x00, 0x00, 0xB9, 0xFE, 0x14, 0x00, 0x32, 0xFF, 0x99,
0x00, 0x00, 0x00, 0x05, 0xF9, 0xFF, 0xFF, 0xFF, 0xFF, 0xFF, 0xFF, 0xFF, 0xFF, 0xFF, 0x41, 0x00,
0x2D, 0xFF, 0xFF, 0xFF, 0xFF, 0xFF, 0xFF, 0xFF, 0xFF, 0xFF, 0xFE, 0x0F, 0x00, 0x00, 0x00, 0x61,
0xFF, 0x6A, 0x00, 0x00, 0xD9, 0xF0, 0x02, 0x00, 0x00, 0x00, 0x00, 0x00, 0xA2, 0xFF, 0x29, 0x00,
0x1A, 0xFF, 0xB1, 0x00, 0x00, 0x00, 0x00, 0x00, 0x00, 0xE2, 0xE8, 0x00, 0x00, 0x5B, 0xFF, 0x70,
0x00, 0x00, 0x00, 0x00, 0x00, 0x24, 0xFF, 0xA8, 0x00, 0x00, 0x9C, 0xFF, 0x30, 0x00, 0x00, 0x00,
0x00, 0x00, 0x00, 0x00, 0x00, 0xB4, 0xFF, 0x10, 0x00, 0x00, 0x00, 0x00, 0x00, 0x00, 0x00, 0x00,
0xB4, 0xFF, 0x10, 0x00, 0x00, 0x00, 0x00, 0x00, 0x07, 0x6D, 0xC2, 0xF7, 0xFF, 0xF5, 0xD4, 0x8C,
0x1F, 0x00, 0x0C, 0xCB, 0xFF, 0xFF, 0xFF, 0xFF, 0xFF, 0xFF, 0xFF, 0x97, 0x00, 0x87, 0xFF, 0xEF,
0x5C, 0x5B, 0xFF, 0x18, 0x3B, 0xAC, 0x46, 0x00, 0xD9, 0xFF, 0x6E, 0x00, 0x4C, 0xFF, 0x10, 0x00,
0x00, 0x00, 0x00, 0xEF, 0xFF, 0x43, 0x00, 0x4C, 0xFF, 0x10, 0x00, 0x00, 0x00, 0x00, 0xD6, 0xFF,
0x88, 0x00, 0x4C, 0xFF, 0x10, 0x00, 0x00, 0x00, 0x00, 0x7D, 0xFF, 0xFC, 0x78, 0x50, 0xFF, 0x10,
0x00, 0x00, 0x00, 0x00, 0x05, 0xC9, 0xFF, 0xFF, 0xF0, 0xFF, 0x10, 0x00, 0x00, 0x00, 0x00, 0x00,
0x0A, 0x9E, 0xFF, 0xFF, 0xFF, 0xCA, 0x41, 0x00, 0x00, 0x00, 0x00, 0x00, 0x00, 0x33, 0xDC, 0xFF,
0xFF, 0xFF, 0x91, 0x06, 0x00, 0x00, 0x00, 0x00, 0x00, 0xB4, 0xC5, 0xB7, 0xFF, 0xFF, 0x92, 0x00,
0x00, 0x00, 0x00, 0x00, 0xB4, 0xA4, 0x00, 0x76, 0xFF, 0xFF, 0x35, 0x00, 0x00, 0x00, 0x00, 0xB4,
0xA4, 0x00, 0x00, 0xCE, 0xFF, 0x78, 0x00, 0x00, 0x00, 0x00, 0xB4, 0xA4, 0x00, 0x00, 0xAE, 0xFF,
0x7F, 0x00, 0x00, 0x00, 0x00, 0xB4, 0xA4, 0x00, 0x0E, 0xE6, 0xFF, 0x56, 0x79, 0x8E, 0x32, 0x06,
0xB4, 0xA8, 0x3E, 0xC7, 0xFF, 0xE4, 0x09, 0xDA, 0xFF, 0xFF, 0xFF, 0xFD, 0xFF, 0xFF, 0xFF, 0xED,
0x37, 0x00, 0x43, 0x9F, 0xD5, 0xF2, 0xFF, 0xFF, 0xCD, 0x82, 0x15, 0x00, 0x00, 0x00, 0x00, 0x00,
0x00, 0xB4, 0xFF, 0x10, 0x00, 0x00, 0x00, 0x00, 0x00, 0x00, 0x00, 0x00, 0xB4, 0xFF, 0x10, 0x00,
0x00, 0x00, 0x00, 0x00, 0x29, 0xB0, 0xE5, 0xF2, 0xCB, 0x63, 0x00, 0x00, 0x00, 0x00, 0x00, 0x00,
0x15, 0xC3, 0x38, 0x00, 0x00, 0x19, 0xEB, 0xFF, 0xFF, 0xFF, 0xFF, 0xFF, 0x69, 0x00, 0x00, 0x00,
0x00, 0x03, 0xBD, 0xFD, 0x46, 0x00, 0x00, 0x88, 0xFF, 0xB8, 0x1F, 0x0D, 0x71, 0xFF, 0xE5, 0x00,
0x00, 0x00, 0x00, 0x8A, 0xFF, 0x7B, 0x00, 0x00, 0x00, 0xC6, 0xFF, 0x31, 0x00, 0x00, 0x00, 0xDA,
0xFF, 0x1F, 0x00, 0x00, 0x53, 0xFF, 0xB1, 0x01, 0x00, 0x00, 0x00, 0xD7, 0xFF, 0x17, 0x00, 0x00,
0x00, 0xBF, 0xFF, 0x2F, 0x00, 0x29, 0xF2, 0xDB, 0x0F, 0x00, 0x00, 0x00, 0x00, 0xC8, 0xFF, 0x35,
0x00, 0x00, 0x00, 0xD9, 0xFF, 0x1F, 0x0D, 0xD7, 0xF5, 0x2D, 0x00, 0x00, 0x00, 0x00, 0x00, 0x8E,
0xFF, 0xBF, 0x21, 0x0C, 0x6F, 0xFF, 0xE5, 0x01, 0xAC, 0xFF, 0x5A, 0x00, 0x00, 0x00, 0x00, 0x00,
0x00, 0x20, 0xF1, 0xFF, 0xFF, 0xFF, 0xFF, 0xFF, 0x69, 0x76, 0xFF, 0x92, 0x00, 0x00, 0x00, 0x00,
0x00, 0x00, 0x00, 0x00, 0x31, 0xB5, 0xE7, 0xF2, 0xCC, 0x64, 0x42, 0xFC, 0xC4, 0x05, 0x00, 0x00,
0x00, 0x00, 0x00, 0x00, 0x00, 0x00, 0x00, 0x00, 0x00, 0x00, 0x00, 0x1D, 0xEA, 0xE7, 0x19, 0x29,
0xB0, 0xE5, 0xF2, 0xCB, 0x63, 0x00, 0x00, 0x00, 0x00, 0x00, 0x00, 0x00, 0x06, 0xC9, 0xFB, 0x3D,
0x19, 0xEB, 0xFF, 0xFF, 0xFF, 0xFF, 0xFF, 0x69, 0x00, 0x00, 0x00, 0x00, 0x00, 0x00, 0x99, 0xFF,
0x71, 0x00, 0x88, 0xFF, 0xB8, 0x1F, 0x0D, 0x71, 0xFF, 0xE5, 0x00, 0x00, 0x00, 0x00, 0x00, 0x62,
0xFF, 0xA8, 0x00, 0x00, 0xC6, 0xFF, 0x31, 0x00, 0x00, 0x00, 0xDA, 0xFF, 0x1F, 0x00, 0x00, 0x00,
0x33, 0xF7, 0xD4, 0x0B, 0x00, 0x00, 0xD7, 0xFF, 0x17, 0x00, 0x00, 0x00, 0xBF, 0xFF, 0x2F, 0x00,
0x00, 0x13, 0xE0, 0xF1, 0x26, 0x00, 0x00, 0x00, 0xC8, 0xFF, 0x35, 0x00, 0x00, 0x00, 0xD9, 0xFF,
0x1F, 0x00, 0x02, 0xB9, 0xFF, 0x51, 0x00, 0x00, 0x00, 0x00, 0x8E, 0xFF, 0xBF, 0x21, 0x0C, 0x6F,
0xFF, 0xE5, 0x00, 0x00, 0x85, 0xFF, 0x88, 0x00, 0x00, 0x00, 0x00, 0x00, 0x20, 0xF1, 0xFF, 0xFF,
0xFF, 0xFF, 0xFF, 0x69, 0x00, 0x00, 0x5B, 0xB0, 0x03, 0x00, 0x00, 0x00, 0x00, 0x00, 0x00, 0x31,
0xB5, 0xE7, 0xF2, 0xCC, 0x64, 0x00, 0x00, 0x00, 0x00, 0x00, 0x02, 0x6A, 0xD9, 0xFA, 0xF0, 0xB6,
0x35, 0x00, 0x00, 0x00, 0x00, 0x00, 0x00, 0x00, 0x00, 0x00, 0x00, 0x81, 0xFF, 0xFF, 0xFF, 0xFF,
0xFF, 0xF0, 0x1B, 0x00, 0x00, 0x00, 0x00, 0x00, 0x00, 0x00, 0x00, 0x00, 0xED, 0xFF, 0x72, 0x0B,
0x20, 0xCC, 0xFF, 0x6D, 0x00, 0x00, 0x00, 0x00, 0x00, 0x00, 0x00, 0x00, 0x03, 0xFD, 0xFF, 0x05,
0x00, 0x00, 0x74, 0xFF, 0x67, 0x00, 0x00, 0x00, 0x00, 0x00, 0x00, 0x00, 0x00, 0x00, 0xD1, 0xFF,
0x33, 0x00, 0x07, 0xC8, 0xF0, 0x15, 0x00, 0x00, 0x00, 0x00, 0x00, 0x00, 0x00, 0x00, 0x00, 0x5D,
0xFF, 0xC0, 0x25, 0xC3, 0xF9, 0x4D, 0x00, 0x00, 0x00, 0x00, 0x00, 0x00, 0x00, 0x00, 0x00, 0x00,
0x00, 0xC4, 0xFF, 0xFC, 0xDE, 0x3F, 0x00, 0x00, 0x00, 0x00, 0x00, 0x00, 0x00, 0x00, 0x00, 0x00,
0x00, 0x67, 0xF5, 0xFF, 0xFF, 0x3F, 0x00, 0x00, 0x00, 0x00, 0x00, 0x00, 0x00, 0x00, 0x00, 0x00,
0x01, 0x99, 0xFF, 0xD8, 0x78, 0xFF, 0xD1, 0x06, 0x00, 0x00, 0x00, 0x00, 0x00, 0x00, 0x00, 0x00,
0x00, 0x8D, 0xFF, 0xC4, 0x0D, 0x00, 0xA2, 0xFF, 0x99, 0x00, 0x00, 0x00, 0x00, 0x68, 0xA8, 0x1C,
0x00, 0x33, 0xFD, 0xE4, 0x0E, 0x00, 0x00, 0x0C, 0xDA, 0xFF, 0x6A, 0x00, 0x00, 0x00, 0xD0, 0xF9,
0x16, 0x00, 0xAC, 0xFF, 0x6B, 0x00, 0x00, 0x00, 0x00, 0x2D, 0xF4, 0xFC, 0x4B, 0x00, 0x49, 0xFF,
0x95, 0x00, 0x00, 0xE2, 0xFF, 0x34, 0x00, 0x00, 0x00, 0x00, 0x00, 0x51, 0xFE, 0xF6, 0x49, 0xD6,
0xF1, 0x18, 0x00, 0x00, 0xE3, 0xFF, 0x3F, 0x00, 0x00, 0x00, 0x00, 0x00, 0x00, 0x67, 0xFF, 0xFF,
0xFF, 0x6B, 0x00, 0x00, 0x00, 0xB2, 0xFF, 0xC1, 0x08, 0x00, 0x00, 0x00, 0x00, 0x00, 0x05, 0xC6,
0xFF, 0xFD, 0x43, 0x00, 0x00, 0x00, 0x3C, 0xFE, 0xFF, 0xCD, 0x57, 0x1D, 0x08, 0x25, 0x6A, 0xD8,
0xFF, 0xE3, 0xFF, 0xFA, 0x78, 0x03, 0x00, 0x00, 0x65, 0xFA, 0xFF, 0xFF, 0xFF, 0xFF, 0xFF, 0xFF,
0xFF, 0xA5, 0x0C, 0x62, 0xF9, 0xFF, 0xC5, 0x05, 0x00, 0x00, 0x29, 0x98, 0xD9, 0xF7, 0xF3, 0xD9,
0x9A, 0x37, 0x00, 0x00, 0x00, 0x32, 0xCA, 0x51, 0x00, 0xA8, 0xFF, 0x4A, 0xA8, 0xFF, 0x21, 0xA8,
0xF5, 0x01, 0xA8, 0xCE, 0x00, 0xA8, 0xA4, 0x00, 0x00, 0x00, 0x00, 0x00, 0x6E, 0xA0, 0x09, 0x00,
0x00, 0x00, 0x3B, 0xFC, 0xCA, 0x04, 0x00, 0x00, 0x07, 0xD8, 0xFA, 0x28, 0x00, 0x00, 0x00, 0x6C,
0xFF, 0x93, 0x00, 0x00, 0x00, 0x03, 0xE2, 0xFC, 0x20, 0x00, 0x00, 0x00, 0x49, 0xFF, 0xB7, 0x00,
0x00, 0x00, 0x00, 0x9D, 0xFF, 0x65, 0x00, 0x00, 0x00, 0x00, 0xE2, 0xFF, 0x2E, 0x00, 0x00, 0x00,
0x16, 0xFF, 0xF6, 0x04, 0x00, 0x00, 0x00, 0x3C, 0xFF, 0xCF, 0x00, 0x00, 0x00, 0x00, 0x51, 0xFF,
0xBD, 0x00, 0x00, 0x00, 0x00, 0x65, 0xFF, 0xAD, 0x00, 0x00, 0x00, 0x00, 0x67, 0xFF, 0xAB, 0x00,
0x00, 0x00, 0x00, 0x54, 0xFF, 0xBD, 0x00, 0x00, 0x00, 0x00, 0x40, 0xFF, 0xD0, 0x00, 0x00, 0x00,
0x00, 0x21, 0xFF, 0xF6, 0x04, 0x00, 0x00, 0x00, 0x00, 0xEE, 0xFF, 0x32, 0x00, 0x00, 0x00, 0x00,
0xAD, 0xFF, 0x6B, 0x00, 0x00, 0x00, 0x00, 0x5E, 0xFF, 0xC5, 0x00, 0x00, 0x00, 0x00, 0x0A, 0xF0,
0xFF, 0x2B, 0x00, 0x00, 0x00, 0x00, 0x85, 0xFF, 0x95, 0x00, 0x00, 0x00, 0x00, 0x11, 0xE9, 0xFA,
0x27, 0x00, 0x00, 0x00, 0x00, 0x53, 0xFF, 0xCB, 0x06, 0x00, 0x00, 0x00, 0x00, 0x84, 0x93, 0x07,
0x5E, 0xB8, 0x07, 0x00, 0x00, 0x00, 0x8B, 0xFF, 0x9A, 0x00, 0x00, 0x00, 0x04, 0xD7, 0xFF, 0x42,
0x00, 0x00, 0x00, 0x52, 0xFF, 0xCA, 0x00, 0x00, 0x00, 0x04, 0xE7, 0xFF, 0x40, 0x00, 0x00, 0x00,
0x8A, 0xFF, 0xA1, 0x00, 0x00, 0x00, 0x30, 0xFF, 0xEE, 0x03, 0x00, 0x00, 0x03, 0xF3, 0xFF, 0x35,
0x00, 0x00, 0x00, 0xBF, 0xFF, 0x67, 0x00, 0x00, 0x00, 0x90, 0xFF, 0x87, 0x00, 0x00, 0x00, 0x7A,
0xFF, 0x9B, 0x00, 0x00, 0x00, 0x65, 0xFF, 0xAF, 0x00, 0x00, 0x00, 0x66, 0xFF, 0xAC, 0x00, 0x00,
0x00, 0x76, 0xFF, 0x98, 0x00, 0x00, 0x00, 0x87, 0xFF, 0x84, 0x00, 0x00, 0x00, 0xB4, 0xFF, 0x5F,
0x00, 0x00, 0x00, 0xE7, 0xFF, 0x2A, 0x00, 0x00, 0x1F, 0xFF, 0xE4, 0x00, 0x00, 0x00, 0x6E, 0xFF,
0x90, 0x00, 0x00, 0x00, 0xD1, 0xFF, 0x2D, 0x00, 0x00, 0x48, 0xFF, 0xB2, 0x00, 0x00, 0x04, 0xD4,
0xFA, 0x2B, 0x00, 0x00, 0x87, 0xFF, 0x7F, 0x00, 0x00, 0x00, 0x6A, 0xAB, 0x02, 0x00, 0x00, 0x00,
0x00, 0x6E, 0xAA, 0x00, 0x9A, 0x76, 0x00, 0x00, 0x00, 0x7F, 0xFF, 0x68, 0xFF, 0x78, 0x00, 0x00,
0x00, 0x07, 0xB8, 0xF9, 0xAF, 0x03, 0x00, 0x00, 0xF4, 0xF0, 0xC4, 0xFF, 0xC1, 0xE9, 0xFF, 0x10,
0x00, 0x09, 0xC5, 0xD7, 0xCB, 0x0B, 0x00, 0x00, 0x00, 0x8D, 0xFE, 0x34, 0xFA, 0x98, 0x00, 0x00,
0x00, 0x75, 0x9A, 0x00, 0x86, 0x86, 0x00, 0x00, 0x00, 0x00, 0x00, 0x00, 0x64, 0xFF, 0x7C, 0x00,
0x00, 0x00, 0x00, 0x00, 0x00, 0x00, 0x00, 0x00, 0x64, 0xFF, 0x7C, 0x00, 0x00, 0x00, 0x00, 0x00,
0x00, 0x00, 0x00, 0x00, 0x64, 0xFF, 0x7C, 0x00, 0x00, 0x00, 0x00, 0x00, 0x00, 0x00, 0x00, 0x00,
0x64, 0xFF, 0x7C, 0x00, 0x00, 0x00, 0x00, 0x00, 0x00, 0x00, 0x00, 0x00, 0x64, 0xFF, 0x7C, 0x00,
0x00, 0x00, 0x00, 0x00, 0xF4, 0xFF, 0xFF, 0xFF, 0xFF, 0xFF, 0xFF, 0xFF, 0xFF, 0xFF, 0xFF, 0x10,
0xF4, 0xFF, 0xFF, 0xFF, 0xFF, 0xFF, 0xFF, 0xFF, 0xFF, 0xFF, 0xFF, 0x10, 0x00, 0x00, 0x00, 0x00,
0x64, 0xFF, 0x7C, 0x00, 0x00, 0x00, 0x00, 0x00, 0x00, 0x00, 0x00, 0x00, 0x64, 0xFF, 0x7C, 0x00,
0x00, 0x00, 0x00, 0x00, 0x00, 0x00, 0x00, 0x00, 0x64, 0xFF, 0x7C, 0x00, 0x00, 0x00, 0x00, 0x00,
0x00, 0x00, 0x00, 0x00, 0x64, 0xFF, 0x7C, 0x00, 0x00, 0x00, 0x00, 0x00, 0x00, 0x00, 0x00, 0x00,
0x64, 0xFF, 0x7C, 0x00, 0x00, 0x00, 0x00, 0x00, 0x50, 0xEF, 0xC2, 0x0F, 0xAE, 0xFF, 0xFF, 0x6E,
0x63, 0xF5, 0xFF, 0x8D, 0x00, 0x25, 0xFF, 0x79, 0x00, 0x7E, 0xFE, 0x2E, 0x5E, 0xFA, 0xA2, 0x00,
0x88, 0x95, 0x05, 0x00, 0x78, 0xFF, 0xFF, 0xFF, 0xFF, 0xFF, 0xD4, 0x78, 0xFF, 0xFF, 0xFF, 0xFF,
0xFF, 0xD4, 0x56, 0xF1, 0xC8, 0x0D, 0xAE, 0xFF, 0xFF, 0x40, 0x55, 0xF1, 0xC9, 0x0C, 0x00, 0x00,
0x00, 0x00, 0x00, 0x00, 0x00, 0x00, 0x00, 0xA5, 0x93, 0x09, 0x00, 0x00, 0x00, 0x00, 0x00, 0x00,
0x00, 0x00, 0x25, 0xFD, 0xD1, 0x00, 0x00, 0x00, 0x00, 0x00, 0x00, 0x00, 0x00, 0x00, 0x96, 0xFF,
0x60, 0x00, 0x00, 0x00, 0x00, 0x00, 0x00, 0x00, 0x00, 0x12, 0xF5, 0xE7, 0x06, 0x00, 0x00, 0x00,
0x00, 0x00, 0x00, 0x00, 0x00, 0x7B, 0xFF, 0x7B, 0x00, 0x00, 0x00, 0x00, 0x00, 0x00, 0x00, 0x00,
0x06, 0xE6, 0xF6, 0x13, 0x00, 0x00, 0x00, 0x00, 0x00, 0x00, 0x00, 0x00, 0x5F, 0xFF, 0x97, 0x00,
0x00, 0x00, 0x00, 0x00, 0x00, 0x00, 0x00, 0x00, 0xD0, 0xFE, 0x26, 0x00, 0x00, 0x00, 0x00, 0x00,
0x00, 0x00, 0x00, 0x44, 0xFF, 0xB2, 0x00, 0x00, 0x00, 0x00, 0x00, 0x00, 0x00, 0x00, 0x00, 0xB6,
0xFF, 0x40, 0x00, 0x00, 0x00, 0x00, 0x00, 0x00, 0x00, 0x00, 0x29, 0xFE, 0xCE, 0x00, 0x00, 0x00,
0x00, 0x00, 0x00, 0x00, 0x00, 0x00, 0x9B, 0xFF, 0x5B, 0x00, 0x00, 0x00, 0x00, 0x00, 0x00, 0x00,
0x00, 0x15, 0xF7, 0xE4, 0x05, 0x00, 0x00, 0x00, 0x00, 0x00, 0x00, 0x00, 0x00, 0x7F, 0xFF, 0x77,
0x00, 0x00, 0x00, 0x00, 0x00, 0x00, 0x00, 0x00, 0x07, 0xE9, 0xF3, 0x10, 0x00, 0x00, 0x00, 0x00,
0x00, 0x00, 0x00, 0x00, 0x64, 0xFF, 0x92, 0x00, 0x00, 0x00, 0x00, 0x00, 0x00, 0x00, 0x00, 0x00,
0xD4, 0xFD, 0x22, 0x00, 0x00, 0x00, 0x00, 0x00, 0x00, 0x00, 0x00, 0x48, 0xFF, 0xAE, 0x00, 0x00,
0x00, 0x00, 0x00, 0x00, 0x00, 0x00, 0x00, 0xBB, 0xFF, 0x3B, 0x00, 0x00, 0x00, 0x00, 0x00, 0x00,
0x00, 0x00, 0x2D, 0xFF, 0xC9, 0x00, 0x00, 0x00, 0x00, 0x00, 0x00, 0x00, 0x00, 0x00, 0x9F, 0xFF,
0x57, 0x00, 0x00, 0x00, 0x00, 0x00, 0x00, 0x00, 0x00, 0x00, 0x76, 0xC7, 0x03, 0x00, 0x00, 0x00,
0x00, 0x00, 0x00, 0x00, 0x00, 0x00, 0x00, 0x00, 0x01, 0x62, 0xC5, 0xEF, 0xF5, 0xD6, 0x87, 0x10,
0x00, 0x00, 0x00, 0x00, 0x02, 0xAC, 0xFF, 0xFF, 0xFF, 0xFF, 0xFF, 0xFF, 0xE1, 0x1C, 0x00, 0x00,
0x00, 0x78, 0xFF, 0xF5, 0x68, 0x13, 0x0E, 0x56, 0xED, 0xFF, 0xBF, 0x00, 0x00, 0x0B, 0xEF, 0xFF,
0x5B, 0x00, 0x00, 0x00, 0x00, 0x3D, 0xFE, 0xFF, 0x38, 0x00, 0x52, 0xFF, 0xDF, 0x01, 0x00, 0x00,
0x00, 0x00, 0x00, 0xBD, 0xFF, 0x89, 0x00, 0x8F, 0xFF, 0x9A, 0x00, 0x00, 0x00, 0x00, 0x00, 0x00,
0x75, 0xFF, 0xC1, 0x00, 0xB7, 0xFF, 0x6F, 0x00, 0x00, 0x00, 0x00, 0x00, 0x00, 0x4A, 0xFF, 0xE6,
0x00, 0xCF, 0xFF, 0x55, 0x00, 0x00, 0x00, 0x00, 0x00, 0x00, 0x38, 0xFF, 0xFB, 0x00, 0xDA, 0xFF,
0x4C, 0x00, 0x00, 0x00, 0x00, 0x00, 0x00, 0x25, 0xFF, 0xFF, 0x06, 0xDB, 0xFF, 0x4C, 0x00, 0x00,
0x00, 0x00, 0x00, 0x00, 0x21, 0xFF, 0xFF, 0x05, 0xD0, 0xFF, 0x58, 0x00, 0x00, 0x00, 0x00, 0x00,
0x00, 0x2A, 0xFF, 0xFA, 0x00, 0xB7, 0xFF, 0x75, 0x00, 0x00, 0x00, 0x00, 0x00, 0x00, 0x44, 0xFF,
0xE2, 0x00, 0x90, 0xFF, 0xA7, 0x00, 0x00, 0x00, 0x00, 0x00, 0x00, 0x6D, 0xFF, 0xBB, 0x00, 0x52,
0xFF, 0xEE, 0x08, 0x00, 0x00, 0x00, 0x00, 0x00, 0xB4, 0xFF, 0x7C, 0x00, 0x0C, 0xF1, 0xFF, 0x7B,
0x00, 0x00, 0x00, 0x00, 0x31, 0xFD, 0xFE, 0x28, 0x00, 0x00, 0x80, 0xFF, 0xFD, 0x79, 0x15, 0x0C,
0x50, 0xE5, 0xFF, 0xA3, 0x00, 0x00, 0x00, 0x04, 0xB9, 0xFF, 0xFF, 0xFF, 0xFF, 0xFF, 0xFF, 0xCD,
0x0D, 0x00, 0x00, 0x00, 0x00, 0x02, 0x6B, 0xCA, 0xF2, 0xF4, 0xD1, 0x78, 0x07, 0x00, 0x00, 0x00,
0x00, 0x00, 0x00, 0x00, 0x00, 0x37, 0xE2, 0x78, 0x00, 0x00, 0x00, 0x00, 0x00, 0x00, 0x00, 0x00,
0x6B, 0xF9, 0xFF, 0x78, 0x00, 0x00, 0x00, 0x00, 0x00, 0x00, 0x0B, 0xA5, 0xFF, 0xF1, 0xFF, 0x78,
0x00, 0x00, 0x00, 0x00, 0x00, 0x28, 0xD5, 0xFF, 0xDF, 0x8A, 0xFF, 0x78, 0x00, 0x00, 0x00, 0x00,
0x0A, 0xEC, 0xFF, 0xBA, 0x16, 0x8B, 0xFF, 0x78, 0x00, 0x00, 0x00, 0x00, 0x00, 0x7E, 0x7D, 0x02,
0x00, 0x8C, 0xFF, 0x78, 0x00, 0x00, 0x00, 0x00, 0x00, 0x00, 0x00, 0x00, 0x00, 0x8C, 0xFF, 0x78,
0x00, 0x00, 0x00, 0x00, 0x00, 0x00, 0x00, 0x00, 0x00, 0x8C, 0xFF, 0x78, 0x00, 0x00, 0x00, 0x00,
0x00, 0x00, 0x00, 0x00, 0x00, 0x8C, 0xFF, 0x78, 0x00, 0x00, 0x00, 0x00, 0x00, 0x00, 0x00, 0x00,
0x00, 0x8C, 0xFF, 0x78, 0x00, 0x00, 0x00, 0x00, 0x00, 0x00, 0x00, 0x00, 0x00, 0x8C, 0xFF, 0x78,
0x00, 0x00, 0x00, 0x00, 0x00, 0x00, 0x00, 0x00, 0x00, 0x8C, 0xFF, 0x78, 0x00, 0x00, 0x00, 0x00,
0x00, 0x00, 0x00, 0x00, 0x00, 0x8C, 0xFF, 0x78, 0x00, 0x00, 0x00, 0x00, 0x00, 0x00, 0x00, 0x00,
0x00, 0x8C, 0xFF, 0x78, 0x00, 0x00, 0x00, 0x00, 0x00, 0x00, 0x00, 0x00, 0x00, 0x8C, 0xFF, 0x78,
0x00, 0x00, 0x00, 0x00, 0x00, 0x00, 0x00, 0x00, 0x00, 0x8C, 0xFF, 0x78, 0x00, 0x00, 0x00, 0x00,
0x00, 0x30, 0xFF, 0xFF, 0xFF, 0xFF, 0xFF, 0xFF, 0xFF, 0xFF, 0xFF, 0x08, 0x00, 0x30, 0xFF, 0xFF,
0xFF, 0xFF, 0xFF, 0xFF, 0xFF, 0xFF, 0xFF, 0x08, 0x00, 0x2A, 0x86, 0xC3, 0xE9, 0xFA, 0xF4, 0xCA,
0x65, 0x01, 0x00, 0x00, 0xAE, 0xFF, 0xFF, 0xFF, 0xFF, 0xFF, 0xFF, 0xFF, 0x9B, 0x00, 0x00, 0x3F,
0xBE, 0x5A, 0x1A, 0x08, 0x2B, 0xB1, 0xFF, 0xFF, 0x38, 0x00, 0x00, 0x00, 0x00, 0x00, 0x00, 0x00,
0x07, 0xDE, 0xFF, 0x82, 0x00, 0x00, 0x00, 0x00, 0x00, 0x00, 0x00, 0x00, 0x9E, 0xFF, 0x90, 0x00,
0x00, 0x00, 0x00, 0x00, 0x00, 0x00, 0x00, 0xA1, 0xFF, 0x76, 0x00, 0x00, 0x00, 0x00, 0x00, 0x00,
0x00, 0x00, 0xD6, 0xFF, 0x38, 0x00, 0x00, 0x00, 0x00, 0x00, 0x00, 0x00, 0x2D, 0xFF, 0xDD, 0x02,
0x00, 0x00, 0x00, 0x00, 0x00, 0x00, 0x00, 0x9F, 0xFF, 0x6F, 0x00, 0x00, 0x00, 0x00, 0x00, 0x00,
0x00, 0x2F, 0xFC, 0xE1, 0x07, 0x00, 0x00, 0x00, 0x00, 0x00, 0x00, 0x04, 0xCD, 0xFF, 0x4A, 0x00,
0x00, 0x00, 0x00, 0x00, 0x00, 0x00, 0x7C, 0xFF, 0x9E, 0x00, 0x00, 0x00, 0x00, 0x00, 0x00, 0x00,
0x41, 0xFC, 0xE0, 0x0F, 0x00, 0x00, 0x00, 0x00, 0x00, 0x00, 0x1E, 0xEA, 0xF7, 0x33, 0x00, 0x00,
0x00, 0x00, 0x00, 0x00, 0x0F, 0xD3, 0xFF, 0x60, 0x00, 0x00, 0x00, 0x00, 0x00, 0x00, 0x07, 0xC0,
0xFD, 0x70, 0x00, 0x00, 0x00, 0x00, 0x00, 0x00, 0x06, 0xB3, 0xFF, 0xED, 0xDD, 0xFE, 0xFF, 0xFF,
0xFF, 0xFF, 0xF4, 0x60, 0xFF, 0xFF, 0xFF, 0xFF, 0xFF, 0xFF, 0xFF, 0xFF, 0xFF, 0xF4, 0xB0, 0xFF,
0xFF, 0xFF, 0xFF, 0xFF, 0xFF, 0xFF, 0xFF, 0x95, 0x00, 0xB0, 0xFF, 0xFF, 0xFF, 0xFF, 0xFA, 0xDA,
0xFD, 0xF3, 0x25, 0x00, 0x00, 0x00, 0x00, 0x00, 0x00, 0x06, 0xAB, 0xFF, 0x5D, 0x00, 0x00, 0x00,
0x00, 0x00, 0x00, 0x00, 0x8E, 0xFF, 0xA0, 0x00, 0x00, 0x00, 0x00, 0x00, 0x00, 0x00, 0x47, 0xFE,
0xD8, 0x0B, 0x00, 0x00, 0x00, 0x00, 0x00, 0x00, 0x16, 0xE8, 0xF8, 0x30, 0x00, 0x00, 0x00, 0x00,
0x00, 0x00, 0x00, 0xB5, 0xF8, 0x5B, 0x00, 0x00, 0x00, 0x00, 0x00, 0x00, 0x00, 0x6E, 0xFF, 0xF2,
0xF5, 0xD9, 0x85, 0x10, 0x00, 0x00, 0x00, 0x00, 0xC8, 0xFF, 0xFF, 0xFF, 0xFF, 0xFF, 0xD9, 0x15,
0x00, 0x00, 0x00, 0x00, 0x00, 0x0C, 0x2D, 0x8B, 0xF7, 0xFF, 0xA7, 0x00, 0x00, 0x00, 0x00, 0x00,
0x00, 0x00, 0x00, 0x57, 0xFF, 0xFB, 0x0E, 0x00, 0x00, 0x00, 0x00, 0x00, 0x00, 0x00, 0x01, 0xEC,
0xFF, 0x37, 0x00, 0x00, 0x00, 0x00, 0x00, 0x00, 0x00, 0x00, 0xD6, 0xFF, 0x3A, 0x00, 0x00, 0x00,
0x00, 0x00, 0x00, 0x00, 0x0B, 0xF6, 0xFF, 0x1A, 0x00, 0x00, 0x00, 0x00, 0x00, 0x00, 0x00, 0x97,
0xFF, 0xC9, 0x00, 0x4A, 0xA8, 0x3A, 0x0A, 0x10, 0x3B, 0xAE, 0xFF, 0xFD, 0x41, 0x00, 0x8B, 0xFF,
0xFF, 0xFF, 0xFF, 0xFF, 0xFF, 0xF7, 0x5F, 0x00, 0x00, 0x3D, 0xA3, 0xD8, 0xF2, 0xF6, 0xD7, 0x91,
0x23, 0x00, 0x00, 0x00, 0x00, 0x00, 0x00, 0x00, 0x00, 0x00, 0x00, 0x00, 0x38, 0xFB, 0x90, 0x00,
0x00, 0x00, 0x00, 0x00, 0x00, 0x00, 0x00, 0x00, 0x00, 0x0E, 0xDE, 0xFF, 0x90, 0x00, 0x00, 0x00,
0x00, 0x00, 0x00, 0x00, 0x00, 0x00, 0x00, 0xA6, 0xFF, 0xFF, 0x90, 0x00, 0x00, 0x00, 0x00, 0x00,
0x00, 0x00, 0x00, 0x00, 0x5F, 0xFF, 0xCE, 0xFF, 0x90, 0x00, 0x00, 0x00, 0x00, 0x00, 0x00, 0x00,
0x00, 0x24, 0xF3, 0xF3, 0x74, 0xFF, 0x90, 0x00, 0x00, 0x00, 0x00, 0x00, 0x00, 0x00, 0x05, 0xCB,
0xFF, 0x65, 0x76, 0xFF, 0x90, 0x00, 0x00, 0x00, 0x00, 0x00, 0x00, 0x00, 0x89, 0xFF, 0xA9, 0x00,
0x78, 0xFF, 0x90, 0x00, 0x00, 0x00, 0x00, 0x00, 0x00, 0x44, 0xFE, 0xDE, 0x0F, 0x00, 0x78, 0xFF,
0x90, 0x00, 0x00, 0x00, 0x00, 0x00, 0x14, 0xE6, 0xFA, 0x37, 0x00, 0x00, 0x78, 0xFF, 0x90, 0x00,
0x00, 0x00, 0x00, 0x00, 0xB3, 0xFF, 0x76, 0x00, 0x00, 0x00, 0x78, 0xFF, 0x90, 0x00, 0x00, 0x00,
0x00, 0x6D, 0xFF, 0x95, 0x00, 0x00, 0x00, 0x00, 0x78, 0xFF, 0x90, 0x00, 0x00, 0x00, 0x2D, 0xF7,
0xFE, 0xDE, 0xF8, 0xFF, 0xFF, 0xFF, 0xFF, 0xFF, 0xFF, 0xFF, 0xFF, 0xA0, 0x7C, 0xFF, 0xFF, 0xFF,
0xFF, 0xFF, 0xFF, 0xFF, 0xFF, 0xFF, 0xFF, 0xFF, 0xFF, 0xA0, 0x00, 0x00, 0x00, 0x00, 0x00, 0x00,
0x00, 0x00, 0x78, 0xFF, 0x90, 0x00, 0x00, 0x00, 0x00, 0x00, 0x00, 0x00, 0x00, 0x00, 0x00, 0x00,
0x78, 0xFF, 0x90, 0x00, 0x00, 0x00, 0x00, 0x00, 0x00, 0x00, 0x00, 0x00, 0x00, 0x00, 0x78, 0xFF,
0x90, 0x00, 0x00, 0x00, 0x00, 0x00, 0x00, 0x00, 0x00, 0x00, 0x00, 0x00, 0x78, 0xFF, 0x90, 0x00,
0x00, 0x00, 0x00, 0x00, 0x00, 0x00, 0x00, 0x00, 0x00, 0x00, 0x78, 0xFF, 0x90, 0x00, 0x00, 0x00,
0x00, 0xDC, 0xFF, 0xFF, 0xFF, 0xFF, 0xFF, 0xFF, 0xFF, 0x44, 0x00, 0xDC, 0xFF, 0xFF, 0xFF, 0xFF,
0xFF, 0xFF, 0xFF, 0x44, 0x00, 0xDC, 0xFF, 0x18, 0x00, 0x00, 0x00, 0x00, 0x00, 0x00, 0x00, 0xDC,
0xFF, 0x18, 0x00, 0x00, 0x00, 0x00, 0x00, 0x00, 0x00, 0xDC, 0xFF, 0x18, 0x00, 0x00, 0x00, 0x00,
0x00, 0x00, 0x00, 0xDC, 0xFF, 0x18, 0x00, 0x00, 0x00, 0x00, 0x00, 0x00, 0x00, 0xDC, 0xFF, 0x18,
0x00, 0x00, 0x00, 0x00, 0x00, 0x00, 0x00, 0xDC, 0xFF, 0xF9, 0xF9, 0xDE, 0x9E, 0x2C, 0x00, 0x00,
0x00, 0xDC, 0xFF, 0xFF, 0xFF, 0xFF, 0xFF, 0xFA, 0x5C, 0x00, 0x00, 0x16, 0x0C, 0x07, 0x23, 0x61,
0xD8, 0xFF, 0xF9, 0x21, 0x00, 0x00, 0x00, 0x00, 0x00, 0x00, 0x0C, 0xD7, 0xFF, 0x82, 0x00, 0x00,
0x00, 0x00, 0x00, 0x00, 0x00, 0x72, 0xFF, 0xB0, 0x00, 0x00, 0x00, 0x00, 0x00, 0x00, 0x00, 0x5A,
0xFF, 0xB8, 0x00, 0x00, 0x00, 0x00, 0x00, 0x00, 0x00, 0x7E, 0xFF, 0x9B, 0x00, 0x00, 0x00, 0x00,
0x00, 0x00, 0x17, 0xE6, 0xFF, 0x50, 0x00, 0x00, 0x00, 0x03, 0x22, 0x67, 0xE4, 0xFF, 0xC8, 0x02,
0xA2, 0xFF, 0xFF, 0xFF, 0xFF, 0xFF, 0xFF, 0xCC, 0x17, 0x00, 0x9C, 0xDF, 0xF8, 0xFC, 0xEB, 0xB9,
0x61, 0x05, 0x00, 0x00, 0x00, 0x00, 0x00, 0x00, 0x00, 0x00, 0x21, 0x8C, 0xCF, 0x64, 0x00, 0x00,
0x00, 0x00, 0x00, 0x00, 0x06, 0x8F, 0xFC, 0xFF, 0xFF, 0x9F, 0x00, 0x00, 0x00, 0x00, 0x00, 0x0D,
0xC7, 0xFF, 0xFE, 0xAE, 0x4C, 0x10, 0x00, 0x00, 0x00, 0x00, 0x03, 0xBD, 0xFF, 0xDE, 0x3A, 0x00,
0x00, 0x00, 0x00, 0x00, 0x00, 0x00, 0x72, 0xFF, 0xD8, 0x16, 0x00, 0x00, 0x00, 0x00, 0x00, 0x00,
0x00, 0x12, 0xF3, 0xF7, 0x27, 0x00, 0x00, 0x00, 0x00, 0x00, 0x00, 0x00, 0x00, 0x72, 0xFF, 0x88,
0x00, 0x00, 0x00, 0x00, 0x00, 0x00, 0x00, 0x00, 0x00, 0xCF, 0xFE, 0x2F, 0x8F, 0xDF, 0xF9, 0xEB,
0xB5, 0x44, 0x00, 0x00, 0x0E, 0xFD, 0xE9, 0xDD, 0xFF, 0xFF, 0xFF, 0xFF, 0xFF, 0xFF, 0x75, 0x00,
0x41, 0xFF, 0xFF, 0xDC, 0x57, 0x14, 0x0E, 0x37, 0xB7, 0xFF, 0xFD, 0x2E, 0x58, 0xFF, 0xDF, 0x11,
0x00, 0x00, 0x00, 0x00, 0x04, 0xD4, 0xFF, 0x8F, 0x69, 0xFF, 0x9A, 0x00, 0x00, 0x00, 0x00, 0x00,
0x00, 0x80, 0xFF, 0xBC, 0x65, 0xFF, 0xAD, 0x00, 0x00, 0x00, 0x00, 0x00, 0x00, 0x66, 0xFF, 0xC5,
0x47, 0xFF, 0xDF, 0x03, 0x00, 0x00, 0x00, 0x00, 0x00, 0x8B, 0xFF, 0xAA, 0x0E, 0xF6, 0xFF, 0x66,
0x00, 0x00, 0x00, 0x00, 0x12, 0xEA, 0xFF, 0x65, 0x00, 0x8C, 0xFF, 0xFD, 0x7E, 0x18, 0x07, 0x3E,
0xD3, 0xFF, 0xE2, 0x0A, 0x00, 0x07, 0xBA, 0xFF, 0xFF, 0xFF, 0xFF, 0xFF, 0xFF, 0xEC, 0x34, 0x00,
0x00, 0x00, 0x03, 0x65, 0xC4, 0xF0, 0xF9, 0xDC, 0x8F, 0x19, 0x00, 0x00, 0x68, 0xFF, 0xFF, 0xFF,
0xFF, 0xFF, 0xFF, 0xFF, 0xFF, 0xFF, 0xFF, 0x74, 0x68, 0xFF, 0xFF, 0xFF, 0xFF, 0xFF, 0xFF, 0xFF,
0xEC, 0xEC, 0xFF, 0x3E, 0x00, 0x00, 0x00, 0x00, 0x00, 0x00, 0x00, 0x00, 0x31, 0xF1, 0xCD, 0x00,
0x00, 0x00, 0x00, 0x00, 0x00, 0x00, 0x00, 0x00, 0xD1, 0xFF, 0x5C, 0x00, 0x00, 0x00, 0x00, 0x00,
0x00, 0x00, 0x00, 0x42, 0xFF, 0xE6, 0x05, 0x00, 0x00, 0x00, 0x00, 0x00, 0x00, 0x00, 0x00, 0xB2,
0xFF, 0x7A, 0x00, 0x00, 0x00, 0x00, 0x00, 0x00, 0x00, 0x00, 0x23, 0xFD, 0xF6, 0x13, 0x00, 0x00,
0x00, 0x00, 0x00, 0x00, 0x00, 0x00, 0x91, 0xFF, 0x99, 0x00, 0x00, 0x00, 0x00, 0x00, 0x00, 0x00,
0x00, 0x0D, 0xF2, 0xFE, 0x29, 0x00, 0x00, 0x00, 0x00, 0x00, 0x00, 0x00, 0x00, 0x70, 0xFF, 0xB7,
0x00, 0x00, 0x00, 0x00, 0x00, 0x00, 0x00, 0x00, 0x02, 0xDC, 0xFF, 0x46, 0x00, 0x00, 0x00, 0x00,
0x00, 0x00, 0x00, 0x00, 0x4F, 0xFF, 0xD4, 0x00, 0x00, 0x00, 0x00, 0x00, 0x00, 0x00, 0x00, 0x00,
0xBF, 0xFF, 0x64, 0x00, 0x00, 0x00, 0x00, 0x00, 0x00, 0x00, 0x00, 0x2E, 0xFF, 0xEB, 0x08, 0x00,
0x00, 0x00, 0x00, 0x00, 0x00, 0x00, 0x00, 0x9E, 0xFF, 0x82, 0x00, 0x00, 0x00, 0x00, 0x00, 0x00,
0x00, 0x00, 0x15, 0xF7, 0xF9, 0x18, 0x00, 0x00, 0x00, 0x00, 0x00, 0x00, 0x00, 0x00, 0x7D, 0xFF,
0xA0, 0x00, 0x00, 0x00, 0x00, 0x00, 0x00, 0x00, 0x00, 0x05, 0xE6, 0xFF, 0x30, 0x00, 0x00, 0x00,
0x00, 0x00, 0x00, 0x00, 0x00, 0x00, 0x01, 0x60, 0xC2, 0xF1, 0xF9, 0xDD, 0x91, 0x18, 0x00, 0x00,
0x00, 0x03, 0xAE, 0xFF, 0xFF, 0xFF, 0xFF, 0xFF, 0xFF, 0xE7, 0x21, 0x00, 0x00, 0x64, 0xFF, 0xFA,
0x79, 0x1E, 0x0E, 0x52, 0xE8, 0xFF, 0xAA, 0x00, 0x00, 0xB6, 0xFF, 0x7F, 0x00, 0x00, 0x00, 0x00,
0x4E, 0xFF, 0xEF, 0x00, 0x00, 0xC6, 0xFF, 0x41, 0x00, 0x00, 0x00, 0x00, 0x17, 0xFF, 0xEA, 0x00,
0x00, 0xA1, 0xFF, 0x77, 0x00, 0x00, 0x00, 0x00, 0x3C, 0xFF, 0xB6, 0x00, 0x00, 0x37, 0xFE, 0xF8,
0x48, 0x00, 0x00, 0x04, 0xBF, 0xFD, 0x40, 0x00, 0x00, 0x00, 0x68, 0xFD, 0xFE, 0x9B, 0x28, 0xAE,
0xFD, 0x6A, 0x00, 0x00, 0x00, 0x00, 0x00, 0x3B, 0xF1, 0xFF, 0xFF, 0xFF, 0x6D, 0x00, 0x00, 0x00,
0x00, 0x00, 0x23, 0xC1, 0xFC, 0x98, 0xCD, 0xFF, 0xF8, 0x6D, 0x00, 0x00, 0x00, 0x24, 0xE5, 0xF2,
0x3B, 0x00, 0x01, 0x66, 0xF4, 0xFF, 0x6F, 0x00, 0x00, 0xB8, 0xFF, 0x57, 0x00, 0x00, 0x00, 0x00,
0x47, 0xFD, 0xF3, 0x15, 0x14, 0xFF, 0xEA, 0x01, 0x00, 0x00, 0x00, 0x00, 0x00, 0xBB, 0xFF, 0x56,
0x34, 0xFF, 0xDD, 0x00, 0x00, 0x00, 0x00, 0x00, 0x00, 0xAB, 0xFF, 0x5F, 0x1E, 0xFF, 0xFE, 0x30,
0x00, 0x00, 0x00, 0x00, 0x17, 0xED, 0xFF, 0x37, 0x00, 0xC9, 0xFF, 0xE2, 0x56, 0x16, 0x0E, 0x48,
0xD1, 0xFF, 0xD3, 0x02, 0x00, 0x29, 0xE8, 0xFF, 0xFF, 0xFF, 0xFF, 0xFF, 0xFF, 0xE7, 0x2B, 0x00,
0x00, 0x00, 0x15, 0x8B, 0xD8, 0xF8, 0xF6, 0xD3, 0x85, 0x14, 0x00, 0x00, 0x00, 0x00, 0x11, 0x84,
0xD3, 0xF4, 0xF5, 0xD1, 0x7E, 0x0D, 0x00, 0x00, 0x00, 0x23, 0xE0, 0xFF, 0xFF, 0xFF, 0xFF, 0xFF,
0xFF, 0xD6, 0x18, 0x00, 0x01, 0xCC, 0xFF, 0xD6, 0x47, 0x10, 0x13, 0x65, 0xF0, 0xFF, 0xB5, 0x00,
0x44, 0xFF, 0xF4, 0x1B, 0x00, 0x00, 0x00, 0x00, 0x49, 0xFF, 0xFF, 0x2C, 0x85, 0xFF, 0xAB, 0x00,
0x00, 0x00, 0x00, 0x00, 0x00, 0xCC, 0xFF, 0x6E, 0x9E, 0xFF, 0x8D, 0x00, 0x00, 0x00, 0x00, 0x00,
0x00, 0x8E, 0xFF, 0x8E, 0x93, 0xFF, 0xAA, 0x00, 0x00, 0x00, 0x00, 0x00, 0x00, 0x70, 0xFF, 0x96,
0x61, 0xFF, 0xF0, 0x1C, 0x00, 0x00, 0x00, 0x00, 0x00, 0x87, 0xFF, 0x87, 0x0C, 0xE8, 0xFF, 0xD8,
0x4F, 0x14, 0x09, 0x2E, 0x8E, 0xFC, 0xFF, 0x77, 0x00, 0x3D, 0xF2, 0xFF, 0xFF, 0xFF, 0xFF, 0xFF,
0xFE, 0xEB, 0xFF, 0x4F, 0x00, 0x00, 0x21, 0x99, 0xE1, 0xFB, 0xF1, 0xC3, 0x4A, 0xDB, 0xFF, 0x17,
0x00, 0x00, 0x00, 0x00, 0x00, 0x00, 0x00, 0x00, 0x36, 0xFF, 0xCE, 0x00, 0x00, 0x00, 0x00, 0x00,
0x00, 0x00, 0x00, 0x00, 0xBD, 0xFF, 0x67, 0x00, 0x00, 0x00, 0x00, 0x00, 0x00, 0x00, 0x00, 0x83,
0xFF, 0xDC, 0x09, 0x00, 0x00, 0x00, 0x00, 0x00, 0x00, 0x0F, 0x9D, 0xFF, 0xFC, 0x40, 0x00, 0x00,
0x00, 0x00, 0x09, 0x39, 0x89, 0xEC, 0xFF, 0xFC, 0x58, 0x00, 0x00, 0x00, 0x00, 0x00, 0x7B, 0xFF,
0xFF, 0xFF, 0xD6, 0x39, 0x00, 0x00, 0x00, 0x00, 0x00, 0x00, 0x3E, 0xE0, 0xA9, 0x4F, 0x03, 0x00,
0x00, 0x00, 0x00, 0x00, 0x44, 0xEC, 0xD3, 0x16, 0x99, 0xFF, 0xFF, 0x54, 0x43, 0xEC, 0xD3, 0x16,
0x00, 0x00, 0x00, 0x00, 0x00, 0x00, 0x00, 0x00, 0x00, 0x00, 0x00, 0x00, 0x00, 0x00, 0x00, 0x00,
0x00, 0x00, 0x00, 0x00, 0x00, 0x00, 0x00, 0x00, 0x00, 0x00, 0x00, 0x00, 0x44, 0xEC, 0xD3, 0x16,
0x99, 0xFF, 0xFF, 0x54, 0x43, 0xEC, 0xD3, 0x16, 0x2C, 0xE3, 0xE1, 0x2C, 0x76, 0xFF, 0xFF, 0x78,
0x2C, 0xE3, 0xE1, 0x2B, 0x00, 0x00, 0x00, 0x00, 0x00, 0x00, 0x00, 0x00, 0x00, 0x00, 0x00, 0x00,
0x00, 0x00, 0x00, 0x00, 0x00, 0x00, 0x00, 0x00, 0x00, 0x00, 0x00, 0x00, 0x00, 0x00, 0x00, 0x00,
0x4A, 0xED, 0xC8, 0x14, 0xA6, 0xFF, 0xFF, 0x77, 0x5C, 0xF4, 0xFF, 0x96, 0x00, 0x18, 0xFF, 0x81,
0x00, 0x6B, 0xFF, 0x35, 0x40, 0xF1, 0xAA, 0x00, 0x89, 0x9C, 0x07, 0x00, 0x00, 0x00, 0x00, 0x00,
0x00, 0x00, 0x00, 0x00, 0x22, 0xB9, 0x2C, 0x00, 0x00, 0x00, 0x00, 0x00, 0x00, 0x04, 0x75, 0xF6,
0xFF, 0xA8, 0x00, 0x00, 0x00, 0x00, 0x00, 0x33, 0xCE, 0xFF, 0xFF, 0xD8, 0x40, 0x00, 0x00, 0x00,
0x0A, 0x8C, 0xFC, 0xFF, 0xF7, 0x7E, 0x06, 0x00, 0x00, 0x00, 0x48, 0xDF, 0xFF, 0xFF, 0xBA, 0x24,
0x00, 0x00, 0x00, 0x15, 0xA4, 0xFF, 0xFF, 0xE1, 0x59, 0x00, 0x00, 0x00, 0x00, 0x00, 0xDB, 0xFF,
0xE2, 0x53, 0x01, 0x00, 0x00, 0x00, 0x00, 0x00, 0x00, 0x46, 0xD9, 0xFF, 0xFF, 0xD0, 0x4C, 0x00,
0x00, 0x00, 0x00, 0x00, 0x00, 0x06, 0x7A, 0xF5, 0xFF, 0xFF, 0xB3, 0x22, 0x00, 0x00, 0x00, 0x00,
0x00, 0x00, 0x1E, 0xAD, 0xFF, 0xFF, 0xF7, 0x82, 0x09, 0x00, 0x00, 0x00, 0x00, 0x00, 0x00, 0x46,
0xD9, 0xFF, 0xFF, 0xDF, 0x50, 0x00, 0x00, 0x00, 0x00, 0x00, 0x00, 0x06, 0x79, 0xF5, 0xFF, 0xC8,
0x00, 0x00, 0x00, 0x00, 0x00, 0x00, 0x00, 0x00, 0x1D, 0xAC, 0x4A, 0xF4, 0xFF, 0xFF, 0xFF, 0xFF,
0xFF, 0xFF, 0xFF, 0xFF, 0xFF, 0xFF, 0x10, 0xF4, 0xFF, 0xFF, 0xFF, 0xFF, 0xFF, 0xFF, 0xFF, 0xFF,
0xFF, 0xFF, 0x10, 0x00, 0x00, 0x00, 0x00, 0x00, 0x00, 0x00, 0x00, 0x00, 0x00, 0x00, 0x00, 0x00,
0x00, 0x00, 0x00, 0x00, 0x00, 0x00, 0x00, 0x00, 0x00, 0x00, 0x00, 0xF4, 0xFF, 0xFF, 0xFF, 0xFF,
0xFF, 0xFF, 0xFF, 0xFF, 0xFF, 0xFF, 0x10, 0xF4, 0xFF, 0xFF, 0xFF, 0xFF, 0xFF, 0xFF, 0xFF, 0xFF,
0xFF, 0xFF, 0x10, 0x2C, 0xBC, 0x2A, 0x00, 0x00, 0x00, 0x00, 0x00, 0x00, 0x00, 0x00, 0x00, 0xA9,
0xFF, 0xFA, 0x8B, 0x0C, 0x00, 0x00, 0x00, 0x00, 0x00, 0x00, 0x00, 0x3F, 0xD2, 0xFF, 0xFF, 0xE5,
0x58, 0x00, 0x00, 0x00, 0x00, 0x00, 0x00, 0x00, 0x04, 0x70, 0xF0, 0xFF, 0xFF, 0xBE, 0x2A, 0x00,
0x00, 0x00, 0x00, 0x00, 0x00, 0x00, 0x17, 0xA1, 0xFE, 0xFF, 0xFB, 0x8C, 0x0D, 0x00, 0x00, 0x00,
0x00, 0x00, 0x00, 0x00, 0x3A, 0xC6, 0xFF, 0xFF, 0xE5, 0x59, 0x00, 0x00, 0x00, 0x00, 0x00, 0x00,
0x00, 0x00, 0x2B, 0xCD, 0xFF, 0xF5, 0x06, 0x00, 0x00, 0x00, 0x00, 0x00, 0x19, 0x96, 0xF2, 0xFF,
0xB8, 0x21, 0x00, 0x00, 0x00, 0x00, 0x07, 0x78, 0xF3, 0xFF, 0xEB, 0x5C, 0x00, 0x00, 0x00, 0x00,
0x00, 0x50, 0xDD, 0xFF, 0xFF, 0xA2, 0x13, 0x00, 0x00, 0x00, 0x00, 0x2C, 0xBD, 0xFF, 0xFF, 0xDD,
0x44, 0x00, 0x00, 0x00, 0x00, 0x00, 0x00, 0x8A, 0xFF, 0xFB, 0x8A, 0x09, 0x00, 0x00, 0x00, 0x00,
0x00, 0x00, 0x00, 0x16, 0xC1, 0x31, 0x00, 0x00, 0x00, 0x00, 0x00, 0x00, 0x00, 0x00, 0x00, 0x0B,
0x6B, 0xBD, 0xEA, 0xFA, 0xF1, 0xBE, 0x52, 0x00, 0x00, 0xD5, 0xFF, 0xFF, 0xFF, 0xFF, 0xFF, 0xFF,
0xFF, 0x7C, 0x00, 0x86, 0x9B, 0x43, 0x10, 0x0A, 0x31, 0xB9, 0xFF, 0xFA, 0x18, 0x00, 0x00, 0x00,
0x00, 0x00, 0x00, 0x0D, 0xF3, 0xFF, 0x53, 0x00, 0x00, 0x00, 0x00, 0x00, 0x00, 0x00, 0xD1, 0xFF,
0x54, 0x00, 0x00, 0x00, 0x00, 0x00, 0x00, 0x08, 0xF1, 0xFF, 0x25, 0x00, 0x00, 0x00, 0x00, 0x00,
0x00, 0x87, 0xFF, 0xAF, 0x00, 0x00, 0x00, 0x00, 0x00, 0x00, 0x54, 0xFD, 0xEC, 0x20, 0x00, 0x00,
0x00, 0x00, 0x00, 0x44, 0xFA, 0xF5, 0x38, 0x00, 0x00, 0x00, 0x00, 0x00, 0x1F, 0xF2, 0xF8, 0x43,
0x00, 0x00, 0x00, 0x00, 0x00, 0x00, 0xA7, 0xFF, 0x74, 0x00, 0x00, 0x00, 0x00, 0x00, 0x00, 0x08,
0xF9, 0xE0, 0x03, 0x00, 0x00, 0x00, 0x00, 0x00, 0x00, 0x1C, 0xFF, 0xA7, 0x00, 0x00, 0x00, 0x00,
0x00, 0x00, 0x00, 0x00, 0x00, 0x00, 0x00, 0x00, 0x00, 0x00, 0x00, 0x00, 0x00, 0x00, 0x00, 0x00,
0x00, 0x00, 0x00, 0x00, 0x00, 0x00, 0x00, 0x41, 0xEB, 0xD5, 0x18, 0x00, 0x00, 0x00, 0x00, 0x00,
0x00, 0x95, 0xFF, 0xFF, 0x58, 0x00, 0x00, 0x00, 0x00, 0x00, 0x00, 0x40, 0xEB, 0xD5, 0x18, 0x00,
0x00, 0x00, 0x00, 0x00, 0x00, 0x00, 0x00, 0x00, 0x00, 0x00, 0x12, 0x5D, 0xA4, 0xD4, 0xEA, 0xFA,
0xEB, 0xD6, 0xA2, 0x62, 0x0E, 0x00, 0x00, 0x00, 0x00, 0x00, 0x00, 0x00, 0x00, 0x00, 0x00, 0x00,
0x14, 0x89, 0xF4, 0xFF, 0xFF, 0xFF, 0xFF, 0xFF, 0xFF, 0xFF, 0xFF, 0xFF, 0xF2, 0x8D, 0x0C, 0x00,
0x00, 0x00, 0x00, 0x00, 0x00, 0x00, 0x00, 0x3E, 0xE6, 0xFF, 0xFD, 0xB2, 0x66, 0x2B, 0x12, 0x05,
0x14, 0x30, 0x68, 0xB6, 0xFD, 0xFF, 0xDC, 0x30, 0x00, 0x00, 0x00, 0x00, 0x00, 0x00, 0x57, 0xFC,
0xFF, 0xB3, 0x29, 0x00, 0x00, 0x00, 0x00, 0x00, 0x00, 0x00, 0x00, 0x00, 0x26, 0xBF, 0xFF, 0xEB,
0x2A, 0x00, 0x00, 0x00, 0x00, 0x3B, 0xF8, 0xFE, 0x76, 0x00, 0x00, 0x00, 0x00, 0x00, 0x00, 0x00,
0x00, 0x00, 0x00, 0x00, 0x00, 0x01, 0x9B, 0xFF, 0xD6, 0x05, 0x00, 0x00, 0x07, 0xE0, 0xFF, 0x7A,
0x00, 0x00, 0x00, 0x00, 0x00, 0x54, 0xC3, 0xF2, 0xED, 0x94, 0x2A, 0xE9, 0x2C, 0x00, 0x01, 0xC1,
0xFF, 0x6F, 0x00, 0x00, 0x78, 0xFF, 0xB8, 0x00, 0x00, 0x00, 0x00, 0x06, 0xA6, 0xFF, 0xFF, 0xFF,
0xFF, 0xFF, 0xFE, 0xFA, 0x05, 0x00, 0x00, 0x31, 0xFF, 0xD3, 0x00, 0x01, 0xE7, 0xFD, 0x2C, 0x00,
0x00, 0x00, 0x00, 0xA4, 0xFF, 0xE6, 0x5A, 0x0F, 0x1A, 0x8A, 0xFF, 0xD2, 0x00, 0x00, 0x00, 0x00,
0xD6, 0xFF, 0x23, 0x38, 0xFF, 0xC0, 0x00, 0x00, 0x00, 0x00, 0x58, 0xFF, 0xE5, 0x1D, 0x00, 0x00,
0x00, 0x36, 0xFF, 0xA5, 0x00, 0x00, 0x00, 0x00, 0x9F, 0xFF, 0x47, 0x7C, 0xFF, 0x71, 0x00, 0x00,
0x00, 0x02, 0xDF, 0xFF, 0x4F, 0x00, 0x00, 0x00, 0x00, 0x66, 0xFF, 0x78, 0x00, 0x00, 0x00, 0x00,
0x88, 0xFF, 0x5F, 0x99, 0xFF, 0x48, 0x00, 0x00, 0x00, 0x4B, 0xFF, 0xD5, 0x01, 0x00, 0x00, 0x00,
0x00, 0x96, 0xFF, 0x4B, 0x00, 0x00, 0x00, 0x00, 0x8F, 0xFF, 0x57, 0xB0, 0xFF, 0x30, 0x00, 0x00,
0x00, 0x97, 0xFF, 0x6D, 0x00, 0x00, 0x00, 0x00, 0x00, 0xC7, 0xFF, 0x1E, 0x00, 0x00, 0x00, 0x00,
0xB5, 0xFF, 0x37, 0xB1, 0xFF, 0x37, 0x00, 0x00, 0x00, 0xCD, 0xFF, 0x33, 0x00, 0x00, 0x00, 0x00,
0x2E, 0xFB, 0xF1, 0x00, 0x00, 0x00, 0x00, 0x0F, 0xF4, 0xEF, 0x03, 0x9A, 0xFF, 0x4D, 0x00, 0x00,
0x00, 0xE5, 0xFF, 0x1D, 0x00, 0x00, 0x00, 0x05, 0xC8, 0xFF, 0xCB, 0x00, 0x00, 0x00, 0x00, 0x7F,
0xFF, 0x8E, 0x00, 0x7D, 0xFF, 0x83, 0x00, 0x00, 0x00, 0xDF, 0xFF, 0x38, 0x00, 0x00, 0x00, 0x9A,
0xED, 0xFF, 0xB5, 0x00, 0x00, 0x00, 0x42, 0xF9, 0xED, 0x18, 0x00, 0x37, 0xFF, 0xD1, 0x00, 0x00,
0x00, 0xB5, 0xFF, 0xB7, 0x18, 0x1B, 0xA9, 0xFD, 0x63, 0xFF, 0xD7, 0x0E, 0x20, 0x82, 0xF8, 0xFB,
0x4C, 0x00, 0x00, 0x01, 0xE5, 0xFF, 0x4D, 0x00, 0x00, 0x42, 0xFF, 0xFF, 0xFF, 0xFF, 0xFB, 0x59,
0x0A, 0xFC, 0xFF, 0xFF, 0xFF, 0xFF, 0xEC, 0x4C, 0x00, 0x00, 0x00, 0x00, 0x69, 0xFF, 0xDC, 0x13,
0x00, 0x00, 0x5C, 0xE5, 0xF6, 0xB5, 0x2C, 0x00, 0x00, 0x6C, 0xE6, 0xF6, 0xD6, 0x85, 0x15, 0x00,
0x00, 0x00, 0x00, 0x00, 0x03, 0xCE, 0xFF, 0xC6, 0x12, 0x00, 0x00, 0x00, 0x00, 0x00, 0x00, 0x00,
0x00, 0x00, 0x00, 0x00, 0x00, 0x00, 0x00, 0x00, 0x00, 0x00, 0x00, 0x00, 0x00, 0x1A, 0xE0, 0xFF,
0xE5, 0x50, 0x01, 0x00, 0x00, 0x00, 0x00, 0x00, 0x00, 0x00, 0x00, 0x00, 0x00, 0x00, 0x00, 0x00,
0x00, 0x00, 0x00, 0x00, 0x00, 0x00, 0x21, 0xC9, 0xFF, 0xFF, 0xDA, 0x82, 0x46, 0x1E, 0x0C, 0x0B,
0x2D, 0x6F, 0xA9, 0x00, 0x00, 0x00, 0x00, 0x00, 0x00, 0x00, 0x00, 0x00, 0x00, 0x00, 0x00, 0x04,
0x76, 0xE6, 0xFF, 0xFF, 0xFF, 0xFF, 0xFF, 0xFF, 0xFF, 0xFF, 0xFC, 0x0E, 0x00, 0x00, 0x00, 0x00,
0x00, 0x00, 0x00, 0x00, 0x00, 0x00, 0x00, 0x00, 0x00, 0x06, 0x52, 0x93, 0xCC, 0xE5, 0xF8, 0xF1,
0xD9, 0xA8, 0x4C, 0x01, 0x00, 0x00, 0x00, 0x00, 0x00, 0x00, 0x00, 0x00, 0x00, 0x00, 0x00, 0x00,
0x00, 0x1C, 0xFD, 0x48, 0x00, 0x00, 0x00, 0x00, 0x00, 0x00, 0x00, 0x00, 0x00, 0x00, 0x00, 0x00,
0x7C, 0xFF, 0xAB, 0x00, 0x00, 0x00, 0x00, 0x00, 0x00, 0x00, 0x00, 0x00, 0x00, 0x00, 0x01, 0xDC,
0xFF, 0xF9, 0x13, 0x00, 0x00, 0x00, 0x00, 0x00, 0x00, 0x00, 0x00, 0x00, 0x00, 0x40, 0xFF, 0xCF,
0xFF, 0x6F, 0x00, 0x00, 0x00, 0x00, 0x00, 0x00, 0x00, 0x00, 0x00, 0x00, 0xA2, 0xFF, 0x51, 0xFF,
0xD1, 0x00, 0x00, 0x00, 0x00, 0x00, 0x00, 0x00, 0x00, 0x00, 0x0D, 0xF5, 0xEE, 0x02, 0xE1, 0xFF,
0x34, 0x00, 0x00, 0x00, 0x00, 0x00, 0x00, 0x00, 0x00, 0x66, 0xFF, 0x98, 0x00, 0x89, 0xFF, 0x96,
0x00, 0x00, 0x00, 0x00, 0x00, 0x00, 0x00, 0x00, 0xC8, 0xFF, 0x35, 0x00, 0x25, 0xFF, 0xEF, 0x08,
0x00, 0x00, 0x00, 0x00, 0x00, 0x00, 0x29, 0xFF, 0xD2, 0x00, 0x00, 0x00, 0xC1, 0xFF, 0x5A, 0x00,
0x00, 0x00, 0x00, 0x00, 0x00, 0x8C, 0xFF, 0x6F, 0x00, 0x00, 0x00, 0x5E, 0xFF, 0xBC, 0x00, 0x00,
0x00, 0x00, 0x00, 0x04, 0xE8, 0xF9, 0x13, 0x00, 0x00, 0x00, 0x09, 0xF0, 0xFE, 0x20, 0x00, 0x00,
0x00, 0x00, 0x50, 0xFF, 0xFF, 0xFF, 0xFF, 0xFF, 0xFF, 0xFF, 0xFF, 0xFF, 0x81, 0x00, 0x00, 0x00,
0x00, 0xB2, 0xFF, 0xFF, 0xFF, 0xFF, 0xFF, 0xFF, 0xFF, 0xFF, 0xFF, 0xE1, 0x02, 0x00, 0x00, 0x17,
0xFB, 0xF0, 0x08, 0x00, 0x00, 0x00, 0x00, 0x00, 0x05, 0xEB, 0xFF, 0x45, 0x00, 0x00, 0x76, 0xFF,
0x9C, 0x00, 0x00, 0x00, 0x00, 0x00, 0x00, 0x00, 0x91, 0xFF, 0xA8, 0x00, 0x00, 0xD6, 0xFF, 0x3F,
0x00, 0x00, 0x00, 0x00, 0x00, 0x00, 0x00, 0x32, 0xFF, 0xF8, 0x11, 0x3A, 0xFF, 0xE1, 0x01, 0x00,
0x00, 0x00, 0x00, 0x00, 0x00, 0x00, 0x00, 0xD3, 0xFF, 0x6C, 0x9B, 0xFF, 0x86, 0x00, 0x00, 0x00,
0x00, 0x00, 0x00, 0x00, 0x00, 0x00, 0x74, 0xFF, 0xCE, 0x8D, 0xCD, 0xE3, 0xEE, 0xF8, 0xF9, 0xE4,
0xC5, 0x7C, 0x12, 0x00, 0x00, 0xCC, 0xFF, 0xFF, 0xFF, 0xFF, 0xFF, 0xFF, 0xFF, 0xFF, 0xE5, 0x28,
0x00, 0xCC, 0xFF, 0x70, 0x0C, 0x04, 0x0C, 0x2F, 0x8C, 0xFE, 0xFF, 0xC9, 0x00, 0xCC, 0xFF, 0x60,
0x00, 0x00, 0x00, 0x00, 0x00, 0x78, 0xFF, 0xFF, 0x18, 0xCC, 0xFF, 0x60, 0x00, 0x00, 0x00, 0x00,
0x00, 0x26, 0xFF, 0xFF, 0x23, 0xCC, 0xFF, 0x60, 0x00, 0x00, 0x00, 0x00, 0x00, 0x47, 0xFF, 0xF1,
0x03, 0xCC, 0xFF, 0x60, 0x00, 0x00, 0x00, 0x00, 0x0C, 0xCD, 0xFF, 0x80, 0x00, 0xCC, 0xFF, 0x60,
0x00, 0x03, 0x12, 0x5E, 0xDE, 0xFF, 0x9A, 0x03, 0x00, 0xCC, 0xFF, 0xFF, 0xFF, 0xFF, 0xFF, 0xFF,
0xF3, 0x5B, 0x01, 0x00, 0x00, 0xCC, 0xFF, 0xFF, 0xFF, 0xFF, 0xFF, 0xFF, 0xFF, 0xFF, 0xCB, 0x2A,
0x00, 0xCC, 0xFF, 0x60, 0x00, 0x01, 0x10, 0x2E, 0x74, 0xE4, 0xFF, 0xE4, 0x11, 0xCC, 0xFF, 0x60,
0x00, 0x00, 0x00, 0x00, 0x00, 0x1A, 0xEE, 0xFF, 0x83, 0xCC, 0xFF, 0x60, 0x00, 0x00, 0x00, 0x00,
0x00, 0x00, 0xA1, 0xFF, 0xB2, 0xCC, 0xFF, 0x60, 0x00, 0x00, 0x00, 0x00, 0x00, 0x00, 0xA3, 0xFF,
0xA8, 0xCC, 0xFF, 0x60, 0x00, 0x00, 0x00, 0x00, 0x00, 0x2C, 0xF2, 0xFF, 0x6C, 0xCC, 0xFF, 0x71,
0x09, 0x00, 0x09, 0x26, 0x76, 0xEA, 0xFF, 0xD9, 0x0B, 0xCC, 0xFF, 0xFF, 0xFF, 0xFF, 0xFF, 0xFF,
0xFF, 0xFF, 0xCE, 0x20, 0x00, 0x96, 0xDE, 0xF4, 0xFD, 0xFF, 0xF8, 0xDF, 0xAB, 0x56, 0x02, 0x00,
0x00, 0x00, 0x00, 0x00, 0x00, 0x11, 0x78, 0xC3, 0xEC, 0xFB, 0xF0, 0xCB, 0x82, 0x17, 0x00, 0x00,
0x00, 0x58, 0xF2, 0xFF, 0xFF, 0xFF, 0xFF, 0xFF, 0xFF, 0xFF, 0x76, 0x00, 0x00, 0x65, 0xFF, 0xFF,
0xD2, 0x5E, 0x1C, 0x05, 0x11, 0x41, 0xA7, 0x34, 0x00, 0x2A, 0xFA, 0xFF, 0xA4, 0x06, 0x00, 0x00,
0x00, 0x00, 0x00, 0x00, 0x00, 0x00, 0xAC, 0xFF, 0xD3, 0x07, 0x00, 0x00, 0x00, 0x00, 0x00, 0x00,
0x00, 0x00, 0x0D, 0xFB, 0xFF, 0x58, 0x00, 0x00, 0x00, 0x00, 0x00, 0x00, 0x00, 0x00, 0x00, 0x4D,
0xFF, 0xFC, 0x0E, 0x00, 0x00, 0x00, 0x00, 0x00, 0x00, 0x00, 0x00, 0x00, 0x6F, 0xFF, 0xDA, 0x00,
0x00, 0x00, 0x00, 0x00, 0x00, 0x00, 0x00, 0x00, 0x00, 0x82, 0xFF, 0xC8, 0x00, 0x00, 0x00, 0x00,
0x00, 0x00, 0x00, 0x00, 0x00, 0x00, 0x83, 0xFF, 0xC8, 0x00, 0x00, 0x00, 0x00, 0x00, 0x00, 0x00,
0x00, 0x00, 0x00, 0x71, 0xFF, 0xDE, 0x00, 0x00, 0x00, 0x00, 0x00, 0x00, 0x00, 0x00, 0x00, 0x00,
0x4F, 0xFF, 0xFE, 0x15, 0x00, 0x00, 0x00, 0x00, 0x00, 0x00, 0x00, 0x00, 0x00, 0x11, 0xFD, 0xFF,
0x6B, 0x00, 0x00, 0x00, 0x00, 0x00, 0x00, 0x00, 0x00, 0x00, 0x00, 0xB5, 0xFF, 0xE3, 0x11, 0x00,
0x00, 0x00, 0x00, 0x00, 0x00, 0x00, 0x00, 0x00, 0x38, 0xFD, 0xFF, 0xBE, 0x0E, 0x00, 0x00, 0x00,
0x00, 0x00, 0x00, 0x00, 0x00, 0x00, 0x7E, 0xFF, 0xFF, 0xE4, 0x6F, 0x25, 0x07, 0x0A, 0x33, 0x8B,
0x6F, 0x00, 0x00, 0x00, 0x72, 0xF9, 0xFF, 0xFF, 0xFF, 0xFF, 0xFF, 0xFF, 0xFF, 0xBA, 0x00, 0x00,
0x00, 0x00, 0x1C, 0x86, 0xCB, 0xEE, 0xFA, 0xE7, 0xD0, 0x9C, 0x32, 0xAA, 0xE8, 0xF2, 0xF9, 0xFD,
0xF6, 0xE2, 0xB9, 0x70, 0x0F, 0x00, 0x00, 0x00, 0x00, 0xCC, 0xFF, 0xFF, 0xFF, 0xFF, 0xFF, 0xFF,
0xFF, 0xFF, 0xED, 0x5F, 0x00, 0x00, 0x00, 0xCC, 0xFF, 0x6F, 0x0A, 0x00, 0x09, 0x23, 0x6B, 0xDB,
0xFF, 0xFF, 0x72, 0x00, 0x00, 0xCC, 0xFF, 0x60, 0x00, 0x00, 0x00, 0x00, 0x00, 0x0A, 0xAF, 0xFF,
0xFB, 0x36, 0x00, 0xCC, 0xFF, 0x60, 0x00, 0x00, 0x00, 0x00, 0x00, 0x00, 0x07, 0xD8, 0xFF, 0xB3,
0x00, 0xCC, 0xFF, 0x60, 0x00, 0x00, 0x00, 0x00, 0x00, 0x00, 0x00, 0x5A, 0xFF, 0xFD, 0x14, 0xCC,
0xFF, 0x60, 0x00, 0x00, 0x00, 0x00, 0x00, 0x00, 0x00, 0x0C, 0xFC, 0xFF, 0x4E, 0xCC, 0xFF, 0x60,
0x00, 0x00, 0x00, 0x00, 0x00, 0x00, 0x00, 0x00, 0xD8, 0xFF, 0x73, 0xCC, 0xFF, 0x60, 0x00, 0x00,
0x00, 0x00, 0x00, 0x00, 0x00, 0x00, 0xC2, 0xFF, 0x84, 0xCC, 0xFF, 0x60, 0x00, 0x00, 0x00, 0x00,
0x00, 0x00, 0x00, 0x00, 0xC6, 0xFF, 0x80, 0xCC, 0xFF, 0x60, 0x00, 0x00, 0x00, 0x00, 0x00, 0x00,
0x00, 0x00, 0xDD, 0xFF, 0x6B, 0xCC, 0xFF, 0x60, 0x00, 0x00, 0x00, 0x00, 0x00, 0x00, 0x00, 0x10,
0xFE, 0xFF, 0x3B, 0xCC, 0xFF, 0x60, 0x00, 0x00, 0x00, 0x00, 0x00, 0x00, 0x00, 0x63, 0xFF, 0xF0,
0x08, 0xCC, 0xFF, 0x60, 0x00, 0x00, 0x00, 0x00, 0x00, 0x00, 0x0B, 0xE0, 0xFF, 0x94, 0x00, 0xCC,
0xFF, 0x60, 0x00, 0x00, 0x00, 0x00, 0x00, 0x0E, 0xBA, 0xFF, 0xEC, 0x17, 0x00, 0xCC, 0xFF, 0x6B,
0x09, 0x02, 0x0E, 0x2B, 0x74, 0xE5, 0xFF, 0xF5, 0x44, 0x00, 0x00, 0xCC, 0xFF, 0xFF, 0xFF, 0xFF,
0xFF, 0xFF, 0xFF, 0xFF, 0xD3, 0x37, 0x00, 0x00, 0x00, 0xAB, 0xE5, 0xF1, 0xFA, 0xFE, 0xF1, 0xDA,
0xA7, 0x55, 0x03, 0x00, 0x00, 0x00, 0x00, 0xCC, 0xFF, 0xFF, 0xFF, 0xFF, 0xFF, 0xFF, 0xFF, 0xFF,
0xFF, 0x1C, 0xCC, 0xFF, 0xFF, 0xFF, 0xFF, 0xFF, 0xFF, 0xFF, 0xFF, 0xFF, 0x1C, 0xCC, 0xFF, 0x60,
0x00, 0x00, 0x00, 0x00, 0x00, 0x00, 0x00, 0x00, 0xCC, 0xFF, 0x60, 0x00, 0x00, 0x00, 0x00, 0x00,
0x00, 0x00, 0x00, 0xCC, 0xFF, 0x60, 0x00, 0x00, 0x00, 0x00, 0x00, 0x00, 0x00, 0x00, 0xCC, 0xFF,
0x60, 0x00, 0x00, 0x00, 0x00, 0x00, 0x00, 0x00, 0x00, 0xCC, 0xFF, 0x60, 0x00, 0x00, 0x00, 0x00,
0x00, 0x00, 0x00, 0x00, 0xCC, 0xFF, 0x60, 0x00, 0x00, 0x00, 0x00, 0x00, 0x00, 0x00, 0x00, 0xCC,
0xFF, 0xFF, 0xFF, 0xFF, 0xFF, 0xFF, 0xFF, 0xFF, 0x78, 0x00, 0xCC, 0xFF, 0xFF, 0xFF, 0xFF, 0xFF,
0xFF, 0xFF, 0xFF, 0x78, 0x00, 0xCC, 0xFF, 0x60, 0x00, 0x00, 0x00, 0x00, 0x00, 0x00, 0x00, 0x00,
0xCC, 0xFF, 0x60, 0x00, 0x00, 0x00, 0x00, 0x00, 0x00, 0x00, 0x00, 0xCC, 0xFF, 0x60, 0x00, 0x00,
0x00, 0x00, 0x00, 0x00, 0x00, 0x00, 0xCC, 0xFF, 0x60, 0x00, 0x00, 0x00, 0x00, 0x00, 0x00, 0x00,
0x00, 0xCC, 0xFF, 0x60, 0x00, 0x00, 0x00, 0x00, 0x00, 0x00, 0x00, 0x00, 0xCC, 0xFF, 0x60, 0x00,
0x00, 0x00, 0x00, 0x00, 0x00, 0x00, 0x00, 0xCC, 0xFF, 0xFF, 0xFF, 0xFF, 0xFF, 0xFF, 0xFF, 0xFF,
0xFF, 0x40, 0xCC, 0xFF, 0xFF, 0xFF, 0xFF, 0xFF, 0xFF, 0xFF, 0xFF, 0xFF, 0x40, 0xCC, 0xFF, 0xFF,
0xFF, 0xFF, 0xFF, 0xFF, 0xFF, 0xFF, 0xFF, 0x1C, 0xCC, 0xFF, 0xFF, 0xFF, 0xFF, 0xFF, 0xFF, 0xFF,
0xFF, 0xFF, 0x1C, 0xCC, 0xFF, 0x60, 0x00, 0x00, 0x00, 0x00, 0x00, 0x00, 0x00, 0x00, 0xCC, 0xFF,
0x60, 0x00, 0x00, 0x00, 0x00, 0x00, 0x00, 0x00, 0x00, 0xCC, 0xFF, 0x60, 0x00, 0x00, 0x00, 0x00,
0x00, 0x00, 0x00, 0x00, 0xCC, 0xFF, 0x60, 0x00, 0x00, 0x00, 0x00, 0x00, 0x00, 0x00, 0x00, 0xCC,
0xFF, 0x60, 0x00, 0x00, 0x00, 0x00, 0x00, 0x00, 0x00, 0x00, 0xCC, 0xFF, 0x60, 0x00, 0x00, 0x00,
0x00, 0x00, 0x00, 0x00, 0x00, 0xCC, 0xFF, 0xFF, 0xFF, 0xFF, 0xFF, 0xFF, 0xFF, 0xFF, 0x98, 0x00,
0xCC, 0xFF, 0xFF, 0xFF, 0xFF, 0xFF, 0xFF, 0xFF, 0xFF, 0x98, 0x00, 0xCC, 0xFF, 0x60, 0x00, 0x00,
0x00, 0x00, 0x00, 0x00, 0x00, 0x00, 0xCC, 0xFF, 0x60, 0x00, 0x00, 0x00, 0x00, 0x00, 0x00, 0x00,
0x00, 0xCC, 0xFF, 0x60, 0x00, 0x00, 0x00, 0x00, 0x00, 0x00, 0x00, 0x00, 0xCC, 0xFF, 0x60, 0x00,
0x00, 0x00, 0x00, 0x00, 0x00, 0x00, 0x00, 0xCC, 0xFF, 0x60, 0x00, 0x00, 0x00, 0x00, 0x00, 0x00,
0x00, 0x00, 0xCC, 0xFF, 0x60, 0x00, 0x00, 0x00, 0x00, 0x00, 0x00, 0x00, 0x00, 0xCC, 0xFF, 0x60,
0x00, 0x00, 0x00, 0x00, 0x00, 0x00, 0x00, 0x00, 0xCC, 0xFF, 0x60, 0x00, 0x00, 0x00, 0x00, 0x00,
0x00, 0x00, 0x00, 0x00, 0x00, 0x00, 0x00, 0x08, 0x65, 0xB4, 0xE6, 0xFA, 0xF4, 0xD8, 0x9C, 0x36,
0x00, 0x00, 0x00, 0x00, 0x40, 0xE4, 0xFF, 0xFF, 0xFF, 0xFF, 0xFF, 0xFF, 0xFF, 0xC4, 0x00, 0x00,
0x00, 0x4B, 0xFC, 0xFF, 0xDF, 0x6E, 0x26, 0x07, 0x0A, 0x2F, 0x83, 0x74, 0x00, 0x00, 0x1D, 0xF3,
0xFF, 0xBA, 0x0D, 0x00, 0x00, 0x00, 0x00, 0x00, 0x00, 0x00, 0x00, 0x00, 0x9F, 0xFF, 0xE3, 0x0F,
0x00, 0x00, 0x00, 0x00, 0x00, 0x00, 0x00, 0x00, 0x00, 0x0A, 0xF7, 0xFF, 0x69, 0x00, 0x00, 0x00,
0x00, 0x00, 0x00, 0x00, 0x00, 0x00, 0x00, 0x49, 0xFF, 0xFE, 0x15, 0x00, 0x00, 0x00, 0x00, 0x00,
0x00, 0x00, 0x00, 0x00, 0x00, 0x6D, 0xFF, 0xDD, 0x00, 0x00, 0x00, 0x00, 0x00, 0x00, 0x00, 0x00,
0x00, 0x00, 0x00, 0x82, 0xFF, 0xC9, 0x00, 0x00, 0x00, 0x00, 0x00, 0x00, 0x00, 0x00, 0x00, 0x00,
0x00, 0x84, 0xFF, 0xC7, 0x00, 0x00, 0x00, 0x00, 0xA8, 0xFF, 0xFF, 0xFF, 0xFF, 0xFF, 0x74, 0x72,
0xFF, 0xDA, 0x00, 0x00, 0x00, 0x00, 0xA8, 0xFF, 0xFF, 0xFF, 0xFF, 0xFF, 0x74, 0x50, 0xFF, 0xFD,
0x0E, 0x00, 0x00, 0x00, 0x00, 0x00, 0x00, 0x00, 0x64, 0xFF, 0x74, 0x15, 0xFF, 0xFF, 0x5B, 0x00,
0x00, 0x00, 0x00, 0x00, 0x00, 0x00, 0x64, 0xFF, 0x74, 0x00, 0xBA, 0xFF, 0xD5, 0x07, 0x00, 0x00,
0x00, 0x00, 0x00, 0x00, 0x64, 0xFF, 0x74, 0x00, 0x3E, 0xFE, 0xFF, 0xA7, 0x06, 0x00, 0x00, 0x00,
0x00, 0x00, 0x64, 0xFF, 0x74, 0x00, 0x00, 0x85, 0xFF, 0xFF, 0xD6, 0x63, 0x20, 0x06, 0x10, 0x36,
0xAC, 0xFF, 0x74, 0x00, 0x00, 0x00, 0x79, 0xFA, 0xFF, 0xFF, 0xFF, 0xFF, 0xFF, 0xFF, 0xFF, 0xFE,
0x5C, 0x00, 0x00, 0x00, 0x00, 0x20, 0x88, 0xCA, 0xED, 0xFC, 0xF0, 0xCB, 0x8E, 0x30, 0x00, 0xCC,
0xFF, 0x60, 0x00, 0x00, 0x00, 0x00, 0x00, 0x00, 0x00, 0x00, 0xE4, 0xFF, 0x44, 0xCC, 0xFF, 0x60,
0x00, 0x00, 0x00, 0x00, 0x00, 0x00, 0x00, 0x00, 0xE4, 0xFF, 0x44, 0xCC, 0xFF, 0x60, 0x00, 0x00,
0x00, 0x00, 0x00, 0x00, 0x00, 0x00, 0xE4, 0xFF, 0x44, 0xCC, 0xFF, 0x60, 0x00, 0x00, 0x00, 0x00,
0x00, 0x00, 0x00, 0x00, 0xE4, 0xFF, 0x44, 0xCC, 0xFF, 0x60, 0x00, 0x00, 0x00, 0x00, 0x00, 0x00,
0x00, 0x00, 0xE4, 0xFF, 0x44, 0xCC, 0xFF, 0x60, 0x00, 0x00, 0x00, 0x00, 0x00, 0x00, 0x00, 0x00,
0xE4, 0xFF, 0x44, 0xCC, 0xFF, 0x60, 0x00, 0x00, 0x00, 0x00, 0x00, 0x00, 0x00, 0x00, 0xE4, 0xFF,
0x44, 0xCC, 0xFF, 0x60, 0x00, 0x00, 0x00, 0x00, 0x00, 0x00, 0x00, 0x00, 0xE4, 0xFF, 0x44, 0xCC,
0xFF, 0xFF, 0xFF, 0xFF, 0xFF, 0xFF, 0xFF, 0xFF, 0xFF, 0xFF, 0xFF, 0xFF, 0x44, 0xCC, 0xFF, 0xFF,
0xFF, 0xFF, 0xFF, 0xFF, 0xFF, 0xFF, 0xFF, 0xFF, 0xFF, 0xFF, 0x44, 0xCC, 0xFF, 0x60, 0x00, 0x00,
0x00, 0x00, 0x00, 0x00, 0x00, 0x00, 0xE4, 0xFF, 0x44, 0xCC, 0xFF, 0x60, 0x00, 0x00, 0x00, 0x00,
0x00, 0x00, 0x00, 0x00, 0xE4, 0xFF, 0x44, 0xCC, 0xFF, 0x60, 0x00, 0x00, 0x00, 0x00, 0x00, 0x00,
0x00, 0x00, 0xE4, 0xFF, 0x44, 0xCC, 0xFF, 0x60, 0x00, 0x00, 0x00, 0x00, 0x00, 0x00, 0x00, 0x00,
0xE4, 0xFF, 0x44, 0xCC, 0xFF, 0x60, 0x00, 0x00, 0x00, 0x00, 0x00, 0x00, 0x00, 0x00, 0xE4, 0xFF,
0x44, 0xCC, 0xFF, 0x60, 0x00, 0x00, 0x00, 0x00, 0x00, 0x00, 0x00, 0x00, 0xE4, 0xFF, 0x44, 0xCC,
0xFF, 0x60, 0x00, 0x00, 0x00, 0x00, 0x00, 0x00, 0x00, 0x00, 0xE4, 0xFF, 0x44, 0xCC, 0xFF, 0x60,
0x00, 0x00, 0x00, 0x00, 0x00, 0x00, 0x00, 0x00, 0xE4, 0xFF, 0x44, 0x4C, 0xFF, 0xDC, 0x4C, 0xFF,
0xDC, 0x4C, 0xFF, 0xDC, 0x4C, 0xFF, 0xDC, 0x4C, 0xFF, 0xDC, 0x4C, 0xFF, 0xDC, 0x4C, 0xFF, 0xDC,
0x4C, 0xFF, 0xDC, 0x4C, 0xFF, 0xDC, 0x4C, 0xFF, 0xDC, 0x4C, 0xFF, 0xDC, 0x4C, 0xFF, 0xDC, 0x4C,
0xFF, 0xDC, 0x4C, 0xFF, 0xDC, 0x4C, 0xFF, 0xDC, 0x4C, 0xFF, 0xDC, 0x4C, 0xFF, 0xDC, 0x4C, 0xFF,
0xDC, 0x00, 0x00, 0x00, 0x18, 0xFF, 0xFF, 0x10, 0x00, 0x00, 0x00, 0x18, 0xFF, 0xFF, 0x10, 0x00,
0x00, 0x00, 0x18, 0xFF, 0xFF, 0x10, 0x00, 0x00, 0x00, 0x18, 0xFF, 0xFF, 0x10, 0x00, 0x00, 0x00,
0x18, 0xFF, 0xFF, 0x10, 0x00, 0x00, 0x00, 0x18, 0xFF, 0xFF, 0x10, 0x00, 0x00, 0x00, 0x18, 0xFF,
0xFF, 0x10, 0x00, 0x00, 0x00, 0x18, 0xFF, 0xFF, 0x10, 0x00, 0x00, 0x00, 0x18, 0xFF, 0xFF, 0x10,
0x00, 0x00, 0x00, 0x18, 0xFF, 0xFF, 0x10, 0x00, 0x00, 0x00, 0x18, 0xFF, 0xFF, 0x10, 0x00, 0x00,
0x00, 0x18, 0xFF, 0xFF, 0x10, 0x00, 0x00, 0x00, 0x18, 0xFF, 0xFF, 0x10, 0x00, 0x00, 0x00, 0x1E,
0xFF, 0xFF, 0x0F, 0x00, 0x00, 0x00, 0x3C, 0xFF, 0xF8, 0x01, 0x00, 0x00, 0x13, 0xB0, 0xFF, 0xD2,
0x00, 0x94, 0xFF, 0xFF, 0xFF, 0xFF, 0x5E, 0x00, 0xC9, 0xFF, 0xFC, 0xDB, 0x70, 0x00, 0x00, 0xCC,
0xFF, 0x60, 0x00, 0x00, 0x00, 0x00, 0x00, 0x04, 0xBE, 0xFF, 0xB9, 0x03, 0xCC, 0xFF, 0x60, 0x00,
0x00, 0x00, 0x00, 0x00, 0x8F, 0xFF, 0xDB, 0x11, 0x00, 0xCC, 0xFF, 0x60, 0x00, 0x00, 0x00, 0x00,
0x5A, 0xFF, 0xF2, 0x2A, 0x00, 0x00, 0xCC, 0xFF, 0x60, 0x00, 0x00, 0x00, 0x30, 0xF6, 0xFE, 0x4E,
0x00, 0x00, 0x00, 0xCC, 0xFF, 0x60, 0x00, 0x00, 0x13, 0xDF, 0xFF, 0x7C, 0x00, 0x00, 0x00, 0x00,
0xCC, 0xFF, 0x60, 0x00, 0x03, 0xBC, 0xFF, 0xAB, 0x01, 0x00, 0x00, 0x00, 0x00, 0xCC, 0xFF, 0x60,
0x00, 0x8C, 0xFF, 0xD1, 0x0B, 0x00, 0x00, 0x00, 0x00, 0x00, 0xCC, 0xFF, 0x6E, 0x70, 0xFF, 0xDB,
0x20, 0x00, 0x00, 0x00, 0x00, 0x00, 0x00, 0xCC, 0xFF, 0xFF, 0xFF, 0xFF, 0x53, 0x00, 0x00, 0x00,
0x00, 0x00, 0x00, 0x00, 0xCC, 0xFF, 0xFF, 0xFF, 0xFF, 0xFC, 0x5E, 0x00, 0x00, 0x00, 0x00, 0x00,
0x00, 0xCC, 0xFF, 0x60, 0x19, 0xE4, 0xFF, 0xF7, 0x32, 0x00, 0x00, 0x00, 0x00, 0x00, 0xCC, 0xFF,
0x60, 0x00, 0x34, 0xF6, 0xFF, 0xDE, 0x11, 0x00, 0x00, 0x00, 0x00, 0xCC, 0xFF, 0x60, 0x00, 0x00,
0x57, 0xFF, 0xFF, 0xB3, 0x01, 0x00, 0x00, 0x00, 0xCC, 0xFF, 0x60, 0x00, 0x00, 0x00, 0x83, 0xFF,
0xFF, 0x7A, 0x00, 0x00, 0x00, 0xCC, 0xFF, 0x60, 0x00, 0x00, 0x00, 0x01, 0xAD, 0xFF, 0xFC, 0x43,
0x00, 0x00, 0xCC, 0xFF, 0x60, 0x00, 0x00, 0x00, 0x00, 0x0B, 0xCF, 0xFF, 0xEA, 0x1B, 0x00, 0xCC,
0xFF, 0x60, 0x00, 0x00, 0x00, 0x00, 0x00, 0x1E, 0xE8, 0xFF, 0xC5, 0x05, 0xCC, 0xFF, 0x60, 0x00,
0x00, 0x00, 0x00, 0x00, 0x00, 0x39, 0xF8, 0xFF, 0x91, 0xCC, 0xFF, 0x60, 0x00, 0x00, 0x00, 0x00,
0x00, 0x00, 0x00, 0x00, 0xCC, 0xFF, 0x60, 0x00, 0x00, 0x00, 0x00, 0x00, 0x00, 0x00, 0x00, 0xCC,
0xFF, 0x60, 0x00, 0x00, 0x00, 0x00, 0x00, 0x00, 0x00, 0x00, 0xCC, 0xFF, 0x60, 0x00, 0x00, 0x00,
0x00, 0x00, 0x00, 0x00, 0x00, 0xCC, 0xFF, 0x60, 0x00, 0x00, 0x00, 0x00, 0x00, 0x00, 0x00, 0x00,
0xCC, 0xFF, 0x60, 0x00, 0x00, 0x00, 0x00, 0x00, 0x00, 0x00, 0x00, 0xCC, 0xFF, 0x60, 0x00, 0x00,
0x00, 0x00, 0x00, 0x00, 0x00, 0x00, 0xCC, 0xFF, 0x60, 0x00, 0x00, 0x00, 0x00, 0x00, 0x00, 0x00,
0x00, 0xCC, 0xFF, 0x60, 0x00, 0x00, 0x00, 0x00, 0x00, 0x00, 0x00, 0x00, 0xCC, 0xFF, 0x60, 0x00,
0x00, 0x00, 0x00, 0x00, 0x00, 0x00, 0x00, 0xCC, 0xFF, 0x60, 0x00, 0x00, 0x00, 0x00, 0x00, 0x00,
0x00, 0x00, 0xCC, 0xFF, 0x60, 0x00, 0x00, 0x00, 0x00, 0x00, 0x00, 0x00, 0x00, 0xCC, 0xFF, 0x60,
0x00, 0x00, 0x00, 0x00, 0x00, 0x00, 0x00, 0x00, 0xCC, 0xFF, 0x60, 0x00, 0x00, 0x00, 0x00, 0x00,
0x00, 0x00, 0x00, 0xCC, 0xFF, 0x60, 0x00, 0x00, 0x00, 0x00, 0x00, 0x00, 0x00, 0x00, 0xCC, 0xFF,
0x60, 0x00, 0x00, 0x00, 0x00, 0x00, 0x00, 0x00, 0x00, 0xCC, 0xFF, 0xFF, 0xFF, 0xFF, 0xFF, 0xFF,
0xFF, 0xFF, 0xFF, 0xF8, 0xCC, 0xFF, 0xFF, 0xFF, 0xFF, 0xFF, 0xFF, 0xFF, 0xFF, 0xFF, 0xF8, 0xCC,
0xF9, 0x28, 0x00, 0x00, 0x00, 0x00, 0x00, 0x00, 0x00, 0x00, 0x00, 0x00, 0x00, 0xA1, 0xFF, 0x5C,
0xCC, 0xFF, 0xBF, 0x00, 0x00, 0x00, 0x00, 0x00, 0x00, 0x00, 0x00, 0x00, 0x00, 0x39, 0xFE, 0xFF,
0x5C, 0xCC, 0xFF, 0xFF, 0x5E, 0x00, 0x00, 0x00, 0x00, 0x00, 0x00, 0x00, 0x00, 0x02, 0xCD, 0xFF,
0xFF, 0x5C, 0xCC, 0xF1, 0xE2, 0xEA, 0x11, 0x00, 0x00, 0x00, 0x00, 0x00, 0x00, 0x00, 0x69, 0xFF,
0xCF, 0xFF, 0x5C, 0xCC, 0xFF, 0x90, 0xFF, 0x9A, 0x00, 0x00, 0x00, 0x00, 0x00, 0x00, 0x13, 0xED,
0xD3, 0xAB, 0xFF, 0x5C, 0xCC, 0xFF, 0x52, 0xFD, 0xFE, 0x39, 0x00, 0x00, 0x00, 0x00, 0x00, 0x99,
0xFF, 0x6D, 0xC2, 0xFF, 0x5C, 0xCC, 0xFF, 0x3C, 0x95, 0xFF, 0xD1, 0x04, 0x00, 0x00, 0x00, 0x33,
0xFD, 0xDF, 0x08, 0xCC, 0xFF, 0x5C, 0xCC, 0xFF, 0x3C, 0x10, 0xE9, 0xFF, 0x74, 0x00, 0x00, 0x01,
0xC7, 0xFF, 0x54, 0x00, 0xCC, 0xFF, 0x5C, 0xCC, 0xFF, 0x3C, 0x00, 0x5F, 0xFF, 0xF4, 0x1D, 0x00,
0x61, 0xFF, 0xC2, 0x00, 0x00, 0xCC, 0xFF, 0x5C, 0xCC, 0xFF, 0x3C, 0x00, 0x01, 0xC3, 0xFF, 0xA1,
0x03, 0xE2, 0xFD, 0x32, 0x00, 0x00, 0xCC, 0xFF, 0x5C, 0xCC, 0xFF, 0x3C, 0x00, 0x00, 0x2E, 0xFB,
0xF9, 0x63, 0xFF, 0x9C, 0x00, 0x00, 0x00, 0xCC, 0xFF, 0x5C, 0xCC, 0xFF, 0x3C, 0x00, 0x00, 0x00,
0x8F, 0xFF, 0xF8, 0xF2, 0x17, 0x00, 0x00, 0x00, 0xCC, 0xFF, 0x5C, 0xCC, 0xFF, 0x3C, 0x00, 0x00,
0x00, 0x0E, 0xE6, 0xFF, 0x77, 0x00, 0x00, 0x00, 0x00, 0xCC, 0xFF, 0x5C, 0xCC, 0xFF, 0x3C, 0x00,
0x00, 0x00, 0x00, 0x59, 0xDE, 0x07, 0x00, 0x00, 0x00, 0x00, 0xCC, 0xFF, 0x5C, 0xCC, 0xFF, 0x3C,
0x00, 0x00, 0x00, 0x00, 0x00, 0x00, 0x00, 0x00, 0x00, 0x00, 0x00, 0xCC, 0xFF, 0x5C, 0xCC, 0xFF,
0x3C, 0x00, 0x00, 0x00, 0x00, 0x00, 0x00, 0x00, 0x00, 0x00, 0x00, 0x00, 0xCC, 0xFF, 0x5C, 0xCC,
0xFF, 0x3C, 0x00, 0x00, 0x00, 0x00, 0x00, 0x00, 0x00, 0x00, 0x00, 0x00, 0x00, 0xCC, 0xFF, 0x5C,
0xCC, 0xFF, 0x3C, 0x00, 0x00, 0x00, 0x00, 0x00, 0x00, 0x00, 0x00, 0x00, 0x00, 0x00, 0xCC, 0xFF,
0x5C, 0xCC, 0xB8, 0x01, 0x00, 0x00, 0x00, 0x00, 0x00, 0x00, 0x00, 0x00, 0xBC, 0xFF, 0x48, 0xCC,
0xFF, 0x77, 0x00, 0x00, 0x00, 0x00, 0x00, 0x00, 0x00, 0x00, 0xBC, 0xFF, 0x48, 0xCC, 0xFF, 0xFB,
0x39, 0x00, 0x00, 0x00, 0x00, 0x00, 0x00, 0x00, 0xBC, 0xFF, 0x48, 0xCC, 0xFF, 0xEF, 0xE1, 0x11,
0x00, 0x00, 0x00, 0x00, 0x00, 0x00, 0xBC, 0xFF, 0x48, 0xCC, 0xFF, 0x81, 0xFF, 0xAF, 0x00, 0x00,
0x00, 0x00, 0x00, 0x00, 0xBC, 0xFF, 0x48, 0xCC, 0xFF, 0x2F, 0xDD, 0xFF, 0x6D, 0x00, 0x00, 0x00,
0x00, 0x00, 0xBC, 0xFF, 0x48, 0xCC, 0xFF, 0x3B, 0x47, 0xFE, 0xF8, 0x31, 0x00, 0x00, 0x00, 0x00,
0xBC, 0xFF, 0x48, 0xCC, 0xFF, 0x3C, 0x00, 0x8B, 0xFF, 0xDA, 0x0C, 0x00, 0x00, 0x00, 0xBC, 0xFF,
0x48, 0xCC, 0xFF, 0x3C, 0x00, 0x05, 0xCA, 0xFF, 0xA4, 0x00, 0x00, 0x00, 0xBC, 0xFF, 0x48, 0xCC,
0xFF, 0x3C, 0x00, 0x00, 0x23, 0xF1, 0xFF, 0x62, 0x00, 0x00, 0xBC, 0xFF, 0x48, 0xCC, 0xFF, 0x3C,
0x00, 0x00, 0x00, 0x59, 0xFF, 0xF5, 0x2A, 0x00, 0xBC, 0xFF, 0x48, 0xCC, 0xFF, 0x3C, 0x00, 0x00,
0x00, 0x00, 0x9E, 0xFF, 0xD3, 0x08, 0xBA, 0xFF, 0x48, 0xCC, 0xFF, 0x3C, 0x00, 0x00, 0x00, 0x00,
0x0B, 0xD7, 0xFF, 0x79, 0xA5, 0xFF, 0x48, 0xCC, 0xFF, 0x3C, 0x00, 0x00, 0x00, 0x00, 0x00, 0x2F,
0xF8, 0xF2, 0x9F, 0xFF, 0x48, 0xCC, 0xFF, 0x3C, 0x00, 0x00, 0x00, 0x00, 0x00, 0x00, 0x6C, 0xFF,
0xF8, 0xFF, 0x48, 0xCC, 0xFF, 0x3C, 0x00, 0x00, 0x00, 0x00, 0x00, 0x00, 0x00, 0xB0, 0xFF, 0xFF,
0x48, 0xCC, 0xFF, 0x3C, 0x00, 0x00, 0x00, 0x00, 0x00, 0x00, 0x00, 0x12, 0xE3, 0xFF, 0x48, 0xCC,
0xFF, 0x3C, 0x00, 0x00, 0x00, 0x00, 0x00, 0x00, 0x00, 0x00, 0x3D, 0xFC, 0x48, 0x00, 0x00, 0x00,
0x00, 0x49, 0xA6, 0xE0, 0xF7, 0xF0, 0xD6, 0x90, 0x2A, 0x00, 0x00, 0x00, 0x00, 0x00, 0x00, 0x09,
0xAF, 0xFF, 0xFF, 0xFF, 0xFF, 0xFF, 0xFF, 0xFF, 0xFB, 0x7E, 0x00, 0x00, 0x00, 0x00, 0x00, 0xB6,
0xFF, 0xFC, 0x94, 0x30, 0x09, 0x13, 0x4D, 0xCB, 0xFF, 0xFF, 0x7A, 0x00, 0x00, 0x00, 0x5F, 0xFF,
0xFF, 0x58, 0x00, 0x00, 0x00, 0x00, 0x00, 0x05, 0xB3, 0xFF, 0xFA, 0x28, 0x00, 0x00, 0xCF, 0xFF,
0xA3, 0x00, 0x00, 0x00, 0x00, 0x00, 0x00, 0x00, 0x10, 0xEE, 0xFF, 0x93, 0x00, 0x22, 0xFF, 0xFF,
0x39, 0x00, 0x00, 0x00, 0x00, 0x00, 0x00, 0x00, 0x00, 0x89, 0xFF, 0xE7, 0x00, 0x56, 0xFF, 0xF7,
0x03, 0x00, 0x00, 0x00, 0x00, 0x00, 0x00, 0x00, 0x00, 0x3F, 0xFF, 0xFF, 0x1A, 0x76, 0xFF, 0xD4,
0x00, 0x00, 0x00, 0x00, 0x00, 0x00, 0x00, 0x00, 0x00, 0x10, 0xFF, 0xFF, 0x3D, 0x85, 0xFF, 0xC6,
0x00, 0x00, 0x00, 0x00, 0x00, 0x00, 0x00, 0x00, 0x00, 0x00, 0xFB, 0xFF, 0x4C, 0x85, 0xFF, 0xC6,
0x00, 0x00, 0x00, 0x00, 0x00, 0x00, 0x00, 0x00, 0x00, 0x00, 0xFB, 0xFF, 0x4B, 0x76, 0xFF, 0xDA,
0x00, 0x00, 0x00, 0x00, 0x00, 0x00, 0x00, 0x00, 0x00, 0x0A, 0xFF, 0xFF, 0x3C, 0x56, 0xFF, 0xFC,
0x09, 0x00, 0x00, 0x00, 0x00, 0x00, 0x00, 0x00, 0x00, 0x31, 0xFF, 0xFF, 0x1D, 0x23, 0xFF, 0xFF,
0x4F, 0x00, 0x00, 0x00, 0x00, 0x00, 0x00, 0x00, 0x00, 0x71, 0xFF, 0xE8, 0x00, 0x00, 0xCF, 0xFF,
0xC1, 0x00, 0x00, 0x00, 0x00, 0x00, 0x00, 0x00, 0x05, 0xD7, 0xFF, 0x95, 0x00, 0x00, 0x5D, 0xFF,
0xFF, 0x78, 0x00, 0x00, 0x00, 0x00, 0x00, 0x00, 0x90, 0xFF, 0xFA, 0x29, 0x00, 0x00, 0x00, 0xB5,
0xFF, 0xFF, 0xA4, 0x35, 0x0A, 0x0E, 0x42, 0xB7, 0xFF, 0xFF, 0x7B, 0x00, 0x00, 0x00, 0x00, 0x09,
0xAD, 0xFF, 0xFF, 0xFF, 0xFF, 0xFF, 0xFF, 0xFF, 0xFC, 0x7F, 0x00, 0x00, 0x00, 0x00, 0x00, 0x00,
0x00, 0x49, 0xA7, 0xE0, 0xF7, 0xF2, 0xD7, 0x94, 0x2B, 0x00, 0x00, 0x00, 0x00, 0x8A, 0xCD, 0xEB,
0xF5, 0xFC, 0xEA, 0xD3, 0xA8, 0x53, 0x02, 0x00, 0x00, 0xCC, 0xFF, 0xFF, 0xFF, 0xFF, 0xFF, 0xFF,
0xFF, 0xFF, 0xC6, 0x18, 0x00, 0xCC, 0xFF, 0x6E, 0x08, 0x03, 0x17, 0x41, 0x9C, 0xFC, 0xFF, 0xC6,
0x01, 0xCC, 0xFF, 0x60, 0x00, 0x00, 0x00, 0x00, 0x00, 0x55, 0xFF, 0xFF, 0x45, 0xCC, 0xFF, 0x60,
0x00, 0x00, 0x00, 0x00, 0x00, 0x00, 0xD9, 0xFF, 0x7D, 0xCC, 0xFF, 0x60, 0x00, 0x00, 0x00, 0x00,
0x00, 0x00, 0xC0, 0xFF, 0x8B, 0xCC, 0xFF, 0x60, 0x00, 0x00, 0x00, 0x00, 0x00, 0x02, 0xE4, 0xFF,
0x71, 0xCC, 0xFF, 0x60, 0x00, 0x00, 0x00, 0x00, 0x00, 0x69, 0xFF, 0xFF, 0x25, 0xCC, 0xFF, 0x67,
0x00, 0x03, 0x16, 0x44, 0xA0, 0xFE, 0xFF, 0x97, 0x00, 0xCC, 0xFF, 0xFF, 0xFF, 0xFF, 0xFF, 0xFF,
0xFF, 0xFF, 0x9C, 0x05, 0x00, 0xCC, 0xFF, 0xF5, 0xFC, 0xFE, 0xF1, 0xD0, 0x94, 0x36, 0x00, 0x00,
0x00, 0xCC, 0xFF, 0x60, 0x00, 0x00, 0x00, 0x00, 0x00, 0x00, 0x00, 0x00, 0x00, 0xCC, 0xFF, 0x60,
0x00, 0x00, 0x00, 0x00, 0x00, 0x00, 0x00, 0x00, 0x00, 0xCC, 0xFF, 0x60, 0x00, 0x00, 0x00, 0x00,
0x00, 0x00, 0x00, 0x00, 0x00, 0xCC, 0xFF, 0x60, 0x00, 0x00, 0x00, 0x00, 0x00, 0x00, 0x00, 0x00,
0x00, 0xCC, 0xFF, 0x60, 0x00, 0x00, 0x00, 0x00, 0x00, 0x00, 0x00, 0x00, 0x00, 0xCC, 0xFF, 0x60,
0x00, 0x00, 0x00, 0x00, 0x00, 0x00, 0x00, 0x00, 0x00, 0xCC, 0xFF, 0x60, 0x00, 0x00, 0x00, 0x00,
0x00, 0x00, 0x00, 0x00, 0x00, 0x00, 0x00, 0x00, 0x00, 0x49, 0xA6, 0xE0, 0xF7, 0xF0, 0xD6, 0x90,
0x2A, 0x00, 0x00, 0x00, 0x00, 0x00, 0x00, 0x00, 0x00, 0x09, 0xAF, 0xFF, 0xFF, 0xFF, 0xFF, 0xFF,
0xFF, 0xFF, 0xFB, 0x7E, 0x00, 0x00, 0x00, 0x00, 0x00, 0x00, 0x00, 0xB6, 0xFF, 0xFC, 0x94, 0x30,
0x09, 0x13, 0x4D, 0xCB, 0xFF, 0xFF, 0x7A, 0x00, 0x00, 0x00, 0x00, 0x00, 0x5F, 0xFF, 0xFF, 0x58,
0x00, 0x00, 0x00, 0x00, 0x00, 0x05, 0xB3, 0xFF, 0xFA, 0x28, 0x00, 0x00, 0x00, 0x00, 0xCF, 0xFF,
0xA3, 0x00, 0x00, 0x00, 0x00, 0x00, 0x00, 0x00, 0x10, 0xEE, 0xFF, 0x93, 0x00, 0x00, 0x00, 0x22,
0xFF, 0xFF, 0x39, 0x00, 0x00, 0x00, 0x00, 0x00, 0x00, 0x00, 0x00, 0x89, 0xFF, 0xE7, 0x00, 0x00,
0x00, 0x56, 0xFF, 0xF7, 0x03, 0x00, 0x00, 0x00, 0x00, 0x00, 0x00, 0x00, 0x00, 0x3F, 0xFF, 0xFF,
0x1A, 0x00, 0x00, 0x76, 0xFF, 0xD4, 0x00, 0x00, 0x00, 0x00, 0x00, 0x00, 0x00, 0x00, 0x00, 0x10,
0xFF, 0xFF, 0x3D, 0x00, 0x00, 0x85, 0xFF, 0xC6, 0x00, 0x00, 0x00, 0x00, 0x00, 0x00, 0x00, 0x00,
0x00, 0x00, 0xFB, 0xFF, 0x4C, 0x00, 0x00, 0x85, 0xFF, 0xC6, 0x00, 0x00, 0x00, 0x00, 0x00, 0x00,
0x00, 0x00, 0x00, 0x00, 0xFB, 0xFF, 0x4B, 0x00, 0x00, 0x76, 0xFF, 0xDA, 0x00, 0x00, 0x00, 0x00,
0x00, 0x00, 0x00, 0x00, 0x00, 0x0A, 0xFF, 0xFF, 0x3C, 0x00, 0x00, 0x56, 0xFF, 0xFC, 0x09, 0x00,
0x00, 0x00, 0x00, 0x00, 0x00, 0x00, 0x00, 0x31, 0xFF, 0xFF, 0x1D, 0x00, 0x00, 0x23, 0xFF, 0xFF,
0x4F, 0x00, 0x00, 0x00, 0x00, 0x00, 0x00, 0x00, 0x00, 0x71, 0xFF, 0xE8, 0x00, 0x00, 0x00, 0x00,
0xCF, 0xFF, 0xC1, 0x00, 0x00, 0x00, 0x00, 0x00, 0x00, 0x00, 0x05, 0xD7, 0xFF, 0x95, 0x00, 0x00,
0x00, 0x00, 0x5D, 0xFF, 0xFF, 0x78, 0x00, 0x00, 0x00, 0x00, 0x00, 0x00, 0x90, 0xFF, 0xFA, 0x29,
0x00, 0x00, 0x00, 0x00, 0x00, 0xB5, 0xFF, 0xFF, 0xA4, 0x35, 0x0A, 0x0E, 0x42, 0xB7, 0xFF, 0xFF,
0x7B, 0x00, 0x00, 0x00, 0x00, 0x00, 0x00, 0x09, 0xAD, 0xFF, 0xFF, 0xFF, 0xFF, 0xFF, 0xFF, 0xFF,
0xFC, 0x7F, 0x00, 0x00, 0x00, 0x00, 0x00, 0x00, 0x00, 0x00, 0x00, 0x49, 0xA7, 0xE0, 0xF7, 0xF2,
0xD7, 0x94, 0x2B, 0x00, 0x00, 0x00, 0x00, 0x00, 0x00, 0x00, 0x00, 0x00, 0x00, 0x00, 0x00, 0x00,
0x00, 0x00, 0x00, 0x00, 0x00, 0x00, 0x00, 0x00, 0x00, 0x00, 0x00, 0x00, 0x00, 0x00, 0x00, 0x6A,
0xF5, 0xF5, 0xD0, 0x8F, 0x3E, 0x03, 0x00, 0x00, 0x00, 0x00, 0x00, 0x00, 0x00, 0x00, 0x00, 0x00,
0x00, 0x7C, 0xFF, 0xFF, 0xFF, 0xFF, 0xFF, 0xEB, 0xA1, 0x57, 0x22, 0x08, 0x0C, 0x29, 0x11, 0x00,
0x00, 0x00, 0x00, 0x0F, 0x09, 0x11, 0x43, 0x8D, 0xDC, 0xFF, 0xFF, 0xFF, 0xFF, 0xFF, 0xFF, 0xFF,
0x4C, 0x00, 0x00, 0x00, 0x00, 0x00, 0x00, 0x00, 0x00, 0x00, 0x00, 0x29, 0x72, 0xB6, 0xE4, 0xFA,
0xF8, 0xD8, 0x35, 0x8B, 0xCB, 0xE2, 0xEF, 0xFB, 0xF5, 0xD5, 0x94, 0x27, 0x00, 0x00, 0x00, 0x00,
0xCC, 0xFF, 0xFF, 0xFF, 0xFF, 0xFF, 0xFF, 0xFF, 0xF9, 0x59, 0x00, 0x00, 0x00, 0xCC, 0xFF, 0x71,
0x09, 0x00, 0x18, 0x53, 0xDD, 0xFF, 0xF8, 0x25, 0x00, 0x00, 0xCC, 0xFF, 0x60, 0x00, 0x00, 0x00,
0x00, 0x1C, 0xEF, 0xFF, 0x8C, 0x00, 0x00, 0xCC, 0xFF, 0x60, 0x00, 0x00, 0x00, 0x00, 0x00, 0x9E,
0xFF, 0xBE, 0x00, 0x00, 0xCC, 0xFF, 0x60, 0x00, 0x00, 0x00, 0x00, 0x00, 0x7F, 0xFF, 0xC9, 0x00,
0x00, 0xCC, 0xFF, 0x60, 0x00, 0x00, 0x00, 0x00, 0x00, 0xA3, 0xFF, 0xAE, 0x00, 0x00, 0xCC, 0xFF,
0x60, 0x00, 0x00, 0x00, 0x00, 0x26, 0xF6, 0xFF, 0x67, 0x00, 0x00, 0xCC, 0xFF, 0x60, 0x00, 0x06,
0x26, 0x75, 0xEC, 0xFF, 0xD5, 0x08, 0x00, 0x00, 0xCC, 0xFF, 0xFF, 0xFF, 0xFF, 0xFF, 0xFF, 0xFF,
0xCB, 0x17, 0x00, 0x00, 0x00, 0xCC, 0xFF, 0xC4, 0xC4, 0xEE, 0xFF, 0xF2, 0x5A, 0x05, 0x00, 0x00,
0x00, 0x00, 0xCC, 0xFF, 0x60, 0x00, 0x01, 0xB7, 0xFF, 0xBE, 0x0B, 0x00, 0x00, 0x00, 0x00, 0xCC,
0xFF, 0x60, 0x00, 0x00, 0x17, 0xE9, 0xFF, 0x9A, 0x00, 0x00, 0x00, 0x00, 0xCC, 0xFF, 0x60, 0x00,
0x00, 0x00, 0x4A, 0xFF, 0xFF, 0x4D, 0x00, 0x00, 0x00, 0xCC, 0xFF, 0x60, 0x00, 0x00, 0x00, 0x00,
0x92, 0xFF, 0xE9, 0x16, 0x00, 0x00, 0xCC, 0xFF, 0x60, 0x00, 0x00, 0x00, 0x00, 0x08, 0xD2, 0xFF,
0xB3, 0x00, 0x00, 0xCC, 0xFF, 0x60, 0x00, 0x00, 0x00, 0x00, 0x00, 0x2C, 0xF7, 0xFF, 0x66, 0x00,
0xCC, 0xFF, 0x60, 0x00, 0x00, 0x00, 0x00, 0x00, 0x00, 0x6C, 0xFF, 0xF4, 0x25, 0x00, 0x00, 0x19,
0x88, 0xD0, 0xF2, 0xFC, 0xF1, 0xD3, 0xA3, 0x54, 0x03, 0x00, 0x39, 0xEF, 0xFF, 0xFF, 0xFF, 0xFF,
0xFF, 0xFF, 0xFF, 0xFD, 0x18, 0x05, 0xE1, 0xFF, 0xD2, 0x4B, 0x16, 0x05, 0x16, 0x42, 0x8A, 0xAC,
0x00, 0x3F, 0xFF, 0xF6, 0x15, 0x00, 0x00, 0x00, 0x00, 0x00, 0x00, 0x00, 0x00, 0x54, 0xFF, 0xDA,
0x00, 0x00, 0x00, 0x00, 0x00, 0x00, 0x00, 0x00, 0x00, 0x37, 0xFF, 0xFE, 0x42, 0x00, 0x00, 0x00,
0x00, 0x00, 0x00, 0x00, 0x00, 0x01, 0xD6, 0xFF, 0xF8, 0x77, 0x07, 0x00, 0x00, 0x00, 0x00, 0x00,
0x00, 0x00, 0x2D, 0xEC, 0xFF, 0xFF, 0xE7, 0x79, 0x0F, 0x00, 0x00, 0x00, 0x00, 0x00, 0x00, 0x20,
0xAE, 0xFE, 0xFF, 0xFF, 0xEB, 0x6A, 0x04, 0x00, 0x00, 0x00, 0x00, 0x00, 0x00, 0x30, 0xA9, 0xFC,
0xFF, 0xFF, 0xC6, 0x15, 0x00, 0x00, 0x00, 0x00, 0x00, 0x00, 0x00, 0x1F, 0x9B, 0xFE, 0xFF, 0xC5,
0x02, 0x00, 0x00, 0x00, 0x00, 0x00, 0x00, 0x00, 0x00, 0x55, 0xFE, 0xFF, 0x4E, 0x00, 0x00, 0x00,
0x00, 0x00, 0x00, 0x00, 0x00, 0x00, 0xB7, 0xFF, 0x83, 0x00, 0x00, 0x00, 0x00, 0x00, 0x00, 0x00,
0x00, 0x00, 0x9F, 0xFF, 0x86, 0x00, 0x00, 0x00, 0x00, 0x00, 0x00, 0x00, 0x00, 0x19, 0xE8, 0xFF,
0x54, 0x42, 0xBD, 0x64, 0x2A, 0x0B, 0x06, 0x1D, 0x60, 0xDA, 0xFF, 0xDB, 0x07, 0x9E, 0xFF, 0xFF,
0xFF, 0xFF, 0xFF, 0xFF, 0xFF, 0xFF, 0xDE, 0x27, 0x00, 0x23, 0x7E, 0xBD, 0xE5, 0xF6, 0xFC, 0xEC,
0xC1, 0x6F, 0x0B, 0x00, 0x00, 0x88, 0xFF, 0xFF, 0xFF, 0xFF, 0xFF, 0xFF, 0xFF, 0xFF, 0xFF, 0xFF,
0xFF, 0xFF, 0xF8, 0x88, 0xFF, 0xFF, 0xFF, 0xFF, 0xFF, 0xFF, 0xFF, 0xFF, 0xFF, 0xFF, 0xFF, 0xFF,
0xF8, 0x00, 0x00, 0x00, 0x00, 0x00, 0x00, 0xDC, 0xFF, 0x4C, 0x00, 0x00, 0x00, 0x00, 0x00, 0x00,
0x00, 0x00, 0x00, 0x00, 0x00, 0xDC, 0xFF, 0x4C, 0x00, 0x00, 0x00, 0x00, 0x00, 0x00, 0x00, 0x00,
0x00, 0x00, 0x00, 0xDC, 0xFF, 0x4C, 0x00, 0x00, 0x00, 0x00, 0x00, 0x00, 0x00, 0x00, 0x00, 0x00,
0x00, 0xDC, 0xFF, 0x4C, 0x00, 0x00, 0x00, 0x00, 0x00, 0x00, 0x00, 0x00, 0x00, 0x00, 0x00, 0xDC,
0xFF, 0x4C, 0x00, 0x00, 0x00, 0x00, 0x00, 0x00, 0x00, 0x00, 0x00, 0x00, 0x00, 0xDC, 0xFF, 0x4C,
0x00, 0x00, 0x00, 0x00, 0x00, 0x00, 0x00, 0x00, 0x00, 0x00, 0x00, 0xDC, 0xFF, 0x4C, 0x00, 0x00,
0x00, 0x00, 0x00, 0x00, 0x00, 0x00, 0x00, 0x00, 0x00, 0xDC, 0xFF, 0x4C, 0x00, 0x00, 0x00, 0x00,
0x00, 0x00, 0x00, 0x00, 0x00, 0x00, 0x00, 0xDC, 0xFF, 0x4C, 0x00, 0x00, 0x00, 0x00, 0x00, 0x00,
0x00, 0x00, 0x00, 0x00, 0x00, 0xDC, 0xFF, 0x4C, 0x00, 0x00, 0x00, 0x00, 0x00, 0x00, 0x00, 0x00,
0x00, 0x00, 0x00, 0xDC, 0xFF, 0x4C, 0x00, 0x00, 0x00, 0x00, 0x00, 0x00, 0x00, 0x00, 0x00, 0x00,
0x00, 0xDC, 0xFF, 0x4C, 0x00, 0x00, 0x00, 0x00, 0x00, 0x00, 0x00, 0x00, 0x00, 0x00, 0x00, 0xDC,
0xFF, 0x4C, 0x00, 0x00, 0x00, 0x00, 0x00, 0x00, 0x00, 0x00, 0x00, 0x00, 0x00, 0xDC, 0xFF, 0x4C,
0x00, 0x00, 0x00, 0x00, 0x00, 0x00, 0x00, 0x00, 0x00, 0x00, 0x00, 0xDC, 0xFF, 0x4C, 0x00, 0x00,
0x00, 0x00, 0x00, 0x00, 0x00, 0x00, 0x00, 0x00, 0x00, 0xDC, 0xFF, 0x4C, 0x00, 0x00, 0x00, 0x00,
0x00, 0xCC, 0xFF, 0x60, 0x00, 0x00, 0x00, 0x00, 0x00, 0x00, 0x00, 0x58, 0xFF, 0xBC, 0xCC, 0xFF,
0x60, 0x00, 0x00, 0x00, 0x00, 0x00, 0x00, 0x00, 0x58, 0xFF, 0xBC, 0xCC, 0xFF, 0x60, 0x00, 0x00,
0x00, 0x00, 0x00, 0x00, 0x00, 0x58, 0xFF, 0xBC, 0xCC, 0xFF, 0x60, 0x00, 0x00, 0x00, 0x00, 0x00,
0x00, 0x00, 0x58, 0xFF, 0xBC, 0xCC, 0xFF, 0x60, 0x00, 0x00, 0x00, 0x00, 0x00, 0x00, 0x00, 0x58,
0xFF, 0xBC, 0xCC, 0xFF, 0x60, 0x00, 0x00, 0x00, 0x00, 0x00, 0x00, 0x00, 0x58, 0xFF, 0xBC, 0xCC,
0xFF, 0x60, 0x00, 0x00, 0x00, 0x00, 0x00, 0x00, 0x00, 0x58, 0xFF, 0xBC, 0xCC, 0xFF, 0x60, 0x00,
0x00, 0x00, 0x00, 0x00, 0x00, 0x00, 0x58, 0xFF, 0xBC, 0xCC, 0xFF, 0x60, 0x00, 0x00, 0x00, 0x00,
0x00, 0x00, 0x00, 0x58, 0xFF, 0xBC, 0xCC, 0xFF, 0x60, 0x00, 0x00, 0x00, 0x00, 0x00, 0x00, 0x00,
0x58, 0xFF, 0xBC, 0xCC, 0xFF, 0x60, 0x00, 0x00, 0x00, 0x00, 0x00, 0x00, 0x00, 0x58, 0xFF, 0xBC,
0xCC, 0xFF, 0x64, 0x00, 0x00, 0x00, 0x00, 0x00, 0x00, 0x00, 0x5C, 0xFF, 0xBB, 0xC6, 0xFF, 0x78,
0x00, 0x00, 0x00, 0x00, 0x00, 0x00, 0x00, 0x6E, 0xFF, 0xB0, 0xB0, 0xFF, 0xAF, 0x00, 0x00, 0x00,
0x00, 0x00, 0x00, 0x00, 0x9F, 0xFF, 0x94, 0x75, 0xFF, 0xFA, 0x2C, 0x00, 0x00, 0x00, 0x00, 0x00,
0x17, 0xF1, 0xFF, 0x53, 0x13, 0xEF, 0xFF, 0xE9, 0x64, 0x1C, 0x04, 0x0F, 0x4B, 0xD5, 0xFF, 0xDB,
0x04, 0x00, 0x3F, 0xED, 0xFF, 0xFF, 0xFF, 0xFF, 0xFF, 0xFF, 0xFF, 0xE6, 0x2D, 0x00, 0x00, 0x00,
0x17, 0x7E, 0xC6, 0xED, 0xFB, 0xF3, 0xCE, 0x82, 0x14, 0x00, 0x00, 0xD9, 0xFF, 0x80, 0x00, 0x00,
0x00, 0x00, 0x00, 0x00, 0x00, 0x00, 0x00, 0x87, 0xFF, 0x9E, 0x77, 0xFF, 0xDF, 0x01, 0x00, 0x00,
0x00, 0x00, 0x00, 0x00, 0x00, 0x01, 0xE1, 0xFF, 0x3D, 0x17, 0xFB, 0xFF, 0x42, 0x00, 0x00, 0x00,
0x00, 0x00, 0x00, 0x00, 0x40, 0xFF, 0xDA, 0x00, 0x00, 0xAF, 0xFF, 0xA4, 0x00, 0x00, 0x00, 0x00,
0x00, 0x00, 0x00, 0x9D, 0xFF, 0x79, 0x00, 0x00, 0x4B, 0xFF, 0xF6, 0x0F, 0x00, 0x00, 0x00, 0x00,
0x00, 0x08, 0xF0, 0xFC, 0x1A, 0x00, 0x00, 0x03, 0xE4, 0xFF, 0x66, 0x00, 0x00, 0x00, 0x00, 0x00,
0x56, 0xFF, 0xB6, 0x00, 0x00, 0x00, 0x00, 0x84, 0xFF, 0xC7, 0x00, 0x00, 0x00, 0x00, 0x00, 0xB3,
0xFF, 0x54, 0x00, 0x00, 0x00, 0x00, 0x21, 0xFE, 0xFF, 0x29, 0x00, 0x00, 0x00, 0x14, 0xFA, 0xEC,
0x06, 0x00, 0x00, 0x00, 0x00, 0x00, 0xBC, 0xFF, 0x8A, 0x00, 0x00, 0x00, 0x6C, 0xFF, 0x90, 0x00,
0x00, 0x00, 0x00, 0x00, 0x00, 0x59, 0xFF, 0xE7, 0x04, 0x00, 0x00, 0xC9, 0xFF, 0x2E, 0x00, 0x00,
0x00, 0x00, 0x00, 0x00, 0x07, 0xED, 0xFF, 0x4D, 0x00, 0x25, 0xFF, 0xCD, 0x00, 0x00, 0x00, 0x00,
0x00, 0x00, 0x00, 0x00, 0x91, 0xFF, 0xAE, 0x00, 0x82, 0xFF, 0x6B, 0x00, 0x00, 0x00, 0x00, 0x00,
0x00, 0x00, 0x00, 0x2D, 0xFF, 0xF9, 0x09, 0xD3, 0xF8, 0x11, 0x00, 0x00, 0x00, 0x00, 0x00, 0x00,
0x00, 0x00, 0x00, 0xC9, 0xFF, 0x52, 0xFE, 0xA7, 0x00, 0x00, 0x00, 0x00, 0x00, 0x00, 0x00, 0x00,
0x00, 0x00, 0x66, 0xFF, 0xCB, 0xFF, 0x46, 0x00, 0x00, 0x00, 0x00, 0x00, 0x00, 0x00, 0x00, 0x00,
0x00, 0x0D, 0xF4, 0xFF, 0xE1, 0x02, 0x00, 0x00, 0x00, 0x00, 0x00, 0x00, 0x00, 0x00, 0x00, 0x00,
0x00, 0x9E, 0xFF, 0x82, 0x00, 0x00, 0x00, 0x00, 0x00, 0x00, 0x00, 0x00, 0x00, 0x00, 0x00, 0x00,
0x3A, 0xFE, 0x22, 0x00, 0x00, 0x00, 0x00, 0x00, 0x00, 0xA8, 0xFF, 0xA2, 0x00, 0x00, 0x00, 0x00,
0x00, 0x00, 0x00, 0xC1, 0x98, 0x00, 0x00, 0x00, 0x00, 0x00, 0x00, 0x00, 0xE8, 0xFF, 0x2B, 0x5E,
0xFF, 0xE8, 0x01, 0x00, 0x00, 0x00, 0x00, 0x00, 0x15, 0xFC, 0xE7, 0x02, 0x00, 0x00, 0x00, 0x00,
0x00, 0x2C, 0xFF, 0xE3, 0x00, 0x15, 0xFD, 0xFF, 0x2F, 0x00, 0x00, 0x00, 0x00, 0x00, 0x63, 0xFF,
0xFF, 0x3A, 0x00, 0x00, 0x00, 0x00, 0x00, 0x6F, 0xFF, 0x9B, 0x00, 0x00, 0xCA, 0xFF, 0x76, 0x00,
0x00, 0x00, 0x00, 0x00, 0xB4, 0xDF, 0xFF, 0x8B, 0x00, 0x00, 0x00, 0x00, 0x00, 0xB1, 0xFF, 0x53,
0x00, 0x00, 0x80, 0xFF, 0xBC, 0x00, 0x00, 0x00, 0x00, 0x0C, 0xF8, 0x94, 0xEC, 0xDC, 0x00, 0x00,
0x00, 0x00, 0x03, 0xF0, 0xFB, 0x0F, 0x00, 0x00, 0x36, 0xFF, 0xF8, 0x0A, 0x00, 0x00, 0x00, 0x56,
0xFF, 0x68, 0xC0, 0xFF, 0x2E, 0x00, 0x00, 0x00, 0x37, 0xFF, 0xC3, 0x00, 0x00, 0x00, 0x01, 0xE9,
0xFF, 0x49, 0x00, 0x00, 0x00, 0xA8, 0xFF, 0x2E, 0x86, 0xFF, 0x7F, 0x00, 0x00, 0x00, 0x79, 0xFF,
0x7B, 0x00, 0x00, 0x00, 0x00, 0xA2, 0xFF, 0x8F, 0x00, 0x00, 0x06, 0xF2, 0xDF, 0x00, 0x37, 0xFF,
0xD0, 0x00, 0x00, 0x00, 0xBC, 0xFF, 0x33, 0x00, 0x00, 0x00, 0x00, 0x58, 0xFF, 0xD6, 0x00, 0x00,
0x4A, 0xFF, 0x8F, 0x00, 0x01, 0xE6, 0xFF, 0x21, 0x00, 0x07, 0xF6, 0xE9, 0x01, 0x00, 0x00, 0x00,
0x00, 0x11, 0xFC, 0xFF, 0x1C, 0x00, 0x9B, 0xFF, 0x40, 0x00, 0x00, 0x98, 0xFF, 0x72, 0x00, 0x41,
0xFF, 0xA3, 0x00, 0x00, 0x00, 0x00, 0x00, 0x00, 0xC4, 0xFF, 0x62, 0x02, 0xE9, 0xED, 0x03, 0x00,
0x00, 0x48, 0xFF, 0xC3, 0x00, 0x84, 0xFF, 0x5B, 0x00, 0x00, 0x00, 0x00, 0x00, 0x00, 0x7A, 0xFF,
0xA9, 0x3C, 0xFF, 0xA1, 0x00, 0x00, 0x00, 0x06, 0xF2, 0xFD, 0x17, 0xC5, 0xFE, 0x15, 0x00, 0x00,
0x00, 0x00, 0x00, 0x00, 0x30, 0xFF, 0xDA, 0x71, 0xFF, 0x51, 0x00, 0x00, 0x00, 0x00, 0xA9, 0xFF,
0x4D, 0xF5, 0xCB, 0x00, 0x00, 0x00, 0x00, 0x00, 0x00, 0x00, 0x00, 0xE4, 0xFB, 0x9B, 0xF7, 0x0A,
0x00, 0x00, 0x00, 0x00, 0x5A, 0xFF, 0x93, 0xFF, 0x83, 0x00, 0x00, 0x00, 0x00, 0x00, 0x00, 0x00,
0x00, 0x9C, 0xFF, 0xE1, 0xB2, 0x00, 0x00, 0x00, 0x00, 0x00, 0x0F, 0xFA, 0xE2, 0xFF, 0x3B, 0x00,
0x00, 0x00, 0x00, 0x00, 0x00, 0x00, 0x00, 0x52, 0xFF, 0xFF, 0x62, 0x00, 0x00, 0x00, 0x00, 0x00,
0x00, 0xBB, 0xFF, 0xEF, 0x03, 0x00, 0x00, 0x00, 0x00, 0x00, 0x00, 0x00, 0x00, 0x0D, 0xFA, 0xFD,
0x16, 0x00, 0x00, 0x00, 0x00, 0x00, 0x00, 0x6B, 0xFF, 0xAB, 0x00, 0x00, 0x00, 0x00, 0x00, 0x00,
0x00, 0x00, 0x00, 0x00, 0xBD, 0xC3, 0x00, 0x00, 0x00, 0x00, 0x00, 0x00, 0x00, 0x1C, 0xFF, 0x63,
0x00, 0x00, 0x00, 0x00, 0x00, 0x00, 0x7C, 0xFF, 0xF7, 0x21, 0x00, 0x00, 0x00, 0x00, 0x00, 0x00,
0x00, 0xAA, 0xFF, 0xB6, 0x00, 0x00, 0x06, 0xD6, 0xFF, 0xB3, 0x00, 0x00, 0x00, 0x00, 0x00, 0x00,
0x4D, 0xFF, 0xF1, 0x1C, 0x00, 0x00, 0x00, 0x3D, 0xFE, 0xFF, 0x4E, 0x00, 0x00, 0x00, 0x00, 0x0D,
0xE3, 0xFF, 0x64, 0x00, 0x00, 0x00, 0x00, 0x00, 0x9C, 0xFF, 0xDF, 0x09, 0x00, 0x00, 0x00, 0x94,
0xFF, 0xBB, 0x00, 0x00, 0x00, 0x00, 0x00, 0x00, 0x11, 0xE9, 0xFF, 0x84, 0x00, 0x00, 0x39, 0xFD,
0xF3, 0x1F, 0x00, 0x00, 0x00, 0x00, 0x00, 0x00, 0x00, 0x5C, 0xFF, 0xF9, 0x26, 0x06, 0xD4, 0xFF,
0x69, 0x00, 0x00, 0x00, 0x00, 0x00, 0x00, 0x00, 0x00, 0x00, 0xBB, 0xFF, 0xA9, 0x68, 0xFF, 0xBF,
0x01, 0x00, 0x00, 0x00, 0x00, 0x00, 0x00, 0x00, 0x00, 0x00, 0x24, 0xF7, 0xFC, 0xE0, 0xF4, 0x22,
0x00, 0x00, 0x00, 0x00, 0x00, 0x00, 0x00, 0x00, 0x00, 0x00, 0x00, 0x7F, 0xFF, 0xFF, 0x81, 0x00,
0x00, 0x00, 0x00, 0x00, 0x00, 0x00, 0x00, 0x00, 0x00, 0x00, 0x00, 0xB3, 0xFF, 0xFF, 0xD6, 0x07,
0x00, 0x00, 0x00, 0x00, 0x00, 0x00, 0x00, 0x00, 0x00, 0x00, 0x5D, 0xFF, 0xC3, 0xC9, 0xFF, 0x82,
0x00, 0x00, 0x00, 0x00, 0x00, 0x00, 0x00, 0x00, 0x00, 0x18, 0xED, 0xFF, 0x4F, 0x50, 0xFF, 0xFA,
0x2B, 0x00, 0x00, 0x00, 0x00, 0x00, 0x00, 0x00, 0x00, 0xAF, 0xFF, 0xB0, 0x00, 0x00, 0xB5, 0xFF,
0xC7, 0x02, 0x00, 0x00, 0x00, 0x00, 0x00, 0x00, 0x59, 0xFF, 0xEF, 0x19, 0x00, 0x00, 0x1E, 0xF3,
0xFF, 0x6E, 0x00, 0x00, 0x00, 0x00, 0x00, 0x16, 0xEC, 0xFF, 0x61, 0x00, 0x00, 0x00, 0x00, 0x6F,
0xFF, 0xF3, 0x1E, 0x00, 0x00, 0x00, 0x00, 0xAC, 0xFF, 0xB9, 0x00, 0x00, 0x00, 0x00, 0x00, 0x02,
0xC9, 0xFF, 0xB5, 0x00, 0x00, 0x00, 0x56, 0xFF, 0xF3, 0x1F, 0x00, 0x00, 0x00, 0x00, 0x00, 0x00,
0x2E, 0xFB, 0xFF, 0x5A, 0x00, 0x14, 0xEA, 0xFF, 0x6B, 0x00, 0x00, 0x00, 0x00, 0x00, 0x00, 0x00,
0x00, 0x86, 0xFF, 0xEA, 0x13, 0x85, 0xFF, 0xF0, 0x18, 0x00, 0x00, 0x00, 0x00, 0x00, 0x00, 0x00,
0x47, 0xFF, 0xF4, 0x18, 0x0D, 0xE9, 0xFF, 0xA4, 0x00, 0x00, 0x00, 0x00, 0x00, 0x00, 0x05, 0xD7,
0xFF, 0x80, 0x00, 0x00, 0x69, 0xFF, 0xFF, 0x40, 0x00, 0x00, 0x00, 0x00, 0x00, 0x72, 0xFF, 0xE7,
0x0C, 0x00, 0x00, 0x04, 0xD7, 0xFF, 0xD5, 0x05, 0x00, 0x00, 0x00, 0x16, 0xF0, 0xFF, 0x67, 0x00,
0x00, 0x00, 0x00, 0x4D, 0xFF, 0xFF, 0x76, 0x00, 0x00, 0x00, 0x9D, 0xFF, 0xD6, 0x03, 0x00, 0x00,
0x00, 0x00, 0x00, 0xBE, 0xFF, 0xF4, 0x1D, 0x00, 0x34, 0xFD, 0xFF, 0x4D, 0x00, 0x00, 0x00, 0x00,
0x00, 0x00, 0x32, 0xFE, 0xFF, 0xAD, 0x01, 0xC6, 0xFF, 0xC0, 0x00, 0x00, 0x00, 0x00, 0x00, 0x00,
0x00, 0x00, 0xA3, 0xFF, 0xFF, 0x60, 0xFF, 0xFE, 0x35, 0x00, 0x00, 0x00, 0x00, 0x00, 0x00, 0x00,
0x00, 0x1D, 0xF7, 0xFF, 0xEC, 0xFF, 0xA7, 0x00, 0x00, 0x00, 0x00, 0x00, 0x00, 0x00, 0x00, 0x00,
0x00, 0x87, 0xFF, 0xFF, 0xF9, 0x21, 0x00, 0x00, 0x00, 0x00, 0x00, 0x00, 0x00, 0x00, 0x00, 0x00,
0x0E, 0xEC, 0xFF, 0x90, 0x00, 0x00, 0x00, 0x00, 0x00, 0x00, 0x00, 0x00, 0x00, 0x00, 0x00, 0x00,
0xC8, 0xFF, 0x60, 0x00, 0x00, 0x00, 0x00, 0x00, 0x00, 0x00, 0x00, 0x00, 0x00, 0x00, 0x00, 0xC8,
0xFF, 0x60, 0x00, 0x00, 0x00, 0x00, 0x00, 0x00, 0x00, 0x00, 0x00, 0x00, 0x00, 0x00, 0xC8, 0xFF,
0x60, 0x00, 0x00, 0x00, 0x00, 0x00, 0x00, 0x00, 0x00, 0x00, 0x00, 0x00, 0x00, 0xC8, 0xFF, 0x60,
0x00, 0x00, 0x00, 0x00, 0x00, 0x00, 0x00, 0x00, 0x00, 0x00, 0x00, 0x00, 0xC8, 0xFF, 0x60, 0x00,
0x00, 0x00, 0x00, 0x00, 0x00, 0x00, 0x00, 0x00, 0x00, 0x00, 0x00, 0xC8, 0xFF, 0x60, 0x00, 0x00,
0x00, 0x00, 0x00, 0x00, 0x00, 0x00, 0x00, 0x00, 0x00, 0x00, 0xC8, 0xFF, 0x60, 0x00, 0x00, 0x00,
0x00, 0x00, 0x00, 0x04, 0xFF, 0xFF, 0xFF, 0xFF, 0xFF, 0xFF, 0xFF, 0xFF, 0xFF, 0xFF, 0xFF, 0xFF,
0x34, 0x04, 0xFF, 0xFF, 0xFF, 0xFF, 0xFF, 0xFF, 0xFF, 0xFF, 0xFF, 0xFF, 0xFF, 0xFF, 0x34, 0x00,
0x00, 0x00, 0x00, 0x00, 0x00, 0x00, 0x00, 0x00, 0x00, 0x4E, 0xF7, 0xD5, 0x09, 0x00, 0x00, 0x00,
0x00, 0x00, 0x00, 0x00, 0x00, 0x00, 0x31, 0xF9, 0xF9, 0x30, 0x00, 0x00, 0x00, 0x00, 0x00, 0x00,
0x00, 0x00, 0x00, 0x0A, 0xD7, 0xFF, 0x74, 0x00, 0x00, 0x00, 0x00, 0x00, 0x00, 0x00, 0x00, 0x00,
0x00, 0x97, 0xFF, 0xBE, 0x01, 0x00, 0x00, 0x00, 0x00, 0x00, 0x00, 0x00, 0x00, 0x00, 0x4D, 0xFF,
0xEE, 0x1C, 0x00, 0x00, 0x00, 0x00, 0x00, 0x00, 0x00, 0x00, 0x00, 0x18, 0xEA, 0xFF, 0x55, 0x00,
0x00, 0x00, 0x00, 0x00, 0x00, 0x00, 0x00, 0x00, 0x00, 0xB7, 0xFF, 0xA0, 0x00, 0x00, 0x00, 0x00,
0x00, 0x00, 0x00, 0x00, 0x00, 0x00, 0x6E, 0xFF, 0xDD, 0x0D, 0x00, 0x00, 0x00, 0x00, 0x00, 0x00,
0x00, 0x00, 0x00, 0x2B, 0xF7, 0xFC, 0x39, 0x00, 0x00, 0x00, 0x00, 0x00, 0x00, 0x00, 0x00, 0x00,
0x07, 0xD1, 0xFF, 0x80, 0x00, 0x00, 0x00, 0x00, 0x00, 0x00, 0x00, 0x00, 0x00, 0x00, 0x8E, 0xFF,
0xC7, 0x04, 0x00, 0x00, 0x00, 0x00, 0x00, 0x00, 0x00, 0x00, 0x00, 0x45, 0xFE, 0xF3, 0x23, 0x00,
0x00, 0x00, 0x00, 0x00, 0x00, 0x00, 0x00, 0x00, 0x13, 0xE5, 0xFF, 0x61, 0x00, 0x00, 0x00, 0x00,
0x00, 0x00, 0x00, 0x00, 0x00, 0x00, 0xAE, 0xFE, 0x7A, 0x00, 0x00, 0x00, 0x00, 0x00, 0x00, 0x00,
0x00, 0x00, 0x00, 0x04, 0xFF, 0xFF, 0xFF, 0xFF, 0xFF, 0xFF, 0xFF, 0xFF, 0xFF, 0xFF, 0xFF, 0xFF,
0x34, 0x04, 0xFF, 0xFF, 0xFF, 0xFF, 0xFF, 0xFF, 0xFF, 0xFF, 0xFF, 0xFF, 0xFF, 0xFF, 0x34, 0xCC,
0xFF, 0xFF, 0xFF, 0xEC, 0xCC, 0xFF, 0xFF, 0xFF, 0xEC, 0xCC, 0xFF, 0x3C, 0x00, 0x00, 0xCC, 0xFF,
0x3C, 0x00, 0x00, 0xCC, 0xFF, 0x3C, 0x00, 0x00, 0xCC, 0xFF, 0x3C, 0x00, 0x00, 0xCC, 0xFF, 0x3C,
0x00, 0x00, 0xCC, 0xFF, 0x3C, 0x00, 0x00, 0xCC, 0xFF, 0x3C, 0x00, 0x00, 0xCC, 0xFF, 0x3C, 0x00,
0x00, 0xCC, 0xFF, 0x3C, 0x00, 0x00, 0xCC, 0xFF, 0x3C, 0x00, 0x00, 0xCC, 0xFF, 0x3C, 0x00, 0x00,
0xCC, 0xFF, 0x3C, 0x00, 0x00, 0xCC, 0xFF, 0x3C, 0x00, 0x00, 0xCC, 0xFF, 0x3C, 0x00, 0x00, 0xCC,
0xFF, 0x3C, 0x00, 0x00, 0xCC, 0xFF, 0x3C, 0x00, 0x00, 0xCC, 0xFF, 0x3C, 0x00, 0x00, 0xCC, 0xFF,
0x3C, 0x00, 0x00, 0xCC, 0xFF, 0x3C, 0x00, 0x00, 0xCC, 0xFF, 0x3C, 0x00, 0x00, 0xCC, 0xFF, 0xFF,
0xFF, 0xEC, 0xCC, 0xFF, 0xFF, 0xFF, 0xEC, 0x72, 0xD1, 0x0F, 0x00, 0x00, 0x00, 0x00, 0x00, 0x00,
0x00, 0x00, 0x00, 0x9E, 0xFF, 0x75, 0x00, 0x00, 0x00, 0x00, 0x00, 0x00, 0x00, 0x00, 0x00, 0x2B,
0xFE, 0xE3, 0x05, 0x00, 0x00, 0x00, 0x00, 0x00, 0x00, 0x00, 0x00, 0x00, 0xB6, 0xFF, 0x5C, 0x00,
0x00, 0x00, 0x00, 0x00, 0x00, 0x00, 0x00, 0x00, 0x43, 0xFF, 0xCF, 0x00, 0x00, 0x00, 0x00, 0x00,
0x00, 0x00, 0x00, 0x00, 0x00, 0xCE, 0xFF, 0x43, 0x00, 0x00, 0x00, 0x00, 0x00, 0x00, 0x00, 0x00,
0x00, 0x5B, 0xFF, 0xB7, 0x00, 0x00, 0x00, 0x00, 0x00, 0x00, 0x00, 0x00, 0x00, 0x04, 0xE2, 0xFF,
0x2B, 0x00, 0x00, 0x00, 0x00, 0x00, 0x00, 0x00, 0x00, 0x00, 0x73, 0xFF, 0x9E, 0x00, 0x00, 0x00,
0x00, 0x00, 0x00, 0x00, 0x00, 0x00, 0x0E, 0xF1, 0xF9, 0x18, 0x00, 0x00, 0x00, 0x00, 0x00, 0x00,
0x00, 0x00, 0x00, 0x8C, 0xFF, 0x85, 0x00, 0x00, 0x00, 0x00, 0x00, 0x00, 0x00, 0x00, 0x00, 0x1C,
0xFB, 0xED, 0x0A, 0x00, 0x00, 0x00, 0x00, 0x00, 0x00, 0x00, 0x00, 0x00, 0xA4, 0xFF, 0x6C, 0x00,
0x00, 0x00, 0x00, 0x00, 0x00, 0x00, 0x00, 0x00, 0x31, 0xFF, 0xDD, 0x02, 0x00, 0x00, 0x00, 0x00,
0x00, 0x00, 0x00, 0x00, 0x00, 0xBD, 0xFF, 0x53, 0x00, 0x00, 0x00, 0x00, 0x00, 0x00, 0x00, 0x00,
0x00, 0x49, 0xFF, 0xC6, 0x00, 0x00, 0x00, 0x00, 0x00, 0x00, 0x00, 0x00, 0x00, 0x00, 0xD4, 0xFF,
0x3A, 0x00, 0x00, 0x00, 0x00, 0x00, 0x00, 0x00, 0x00, 0x00, 0x61, 0xFF, 0xAE, 0x00, 0x00, 0x00,
0x00, 0x00, 0x00, 0x00, 0x00, 0x00, 0x06, 0xE6, 0xFD, 0x24, 0x00, 0x00, 0x00, 0x00, 0x00, 0x00,
0x00, 0x00, 0x00, 0x7A, 0xFF, 0x95, 0x00, 0x00, 0x00, 0x00, 0x00, 0x00, 0x00, 0x00, 0x00, 0x11,
0xF4, 0xF5, 0x13, 0x00, 0x00, 0x00, 0x00, 0x00, 0x00, 0x00, 0x00, 0x00, 0x8B, 0xA2, 0x1C, 0x04,
0xFF, 0xFF, 0xFF, 0xFF, 0xB8, 0x04, 0xFF, 0xFF, 0xFF, 0xFF, 0xB8, 0x00, 0x00, 0x00, 0x50, 0xFF,
0xB8, 0x00, 0x00, 0x00, 0x50, 0xFF, 0xB8, 0x00, 0x00, 0x00, 0x50, 0xFF, 0xB8, 0x00, 0x00, 0x00,
0x50, 0xFF, 0xB8, 0x00, 0x00, 0x00, 0x50, 0xFF, 0xB8, 0x00, 0x00, 0x00, 0x50, 0xFF, 0xB8, 0x00,
0x00, 0x00, 0x50, 0xFF, 0xB8, 0x00, 0x00, 0x00, 0x50, 0xFF, 0xB8, 0x00, 0x00, 0x00, 0x50, 0xFF,
0xB8, 0x00, 0x00, 0x00, 0x50, 0xFF, 0xB8, 0x00, 0x00, 0x00, 0x50, 0xFF, 0xB8, 0x00, 0x00, 0x00,
0x50, 0xFF, 0xB8, 0x00, 0x00, 0x00, 0x50, 0xFF, 0xB8, 0x00, 0x00, 0x00, 0x50, 0xFF, 0xB8, 0x00,
0x00, 0x00, 0x50, 0xFF, 0xB8, 0x00, 0x00, 0x00, 0x50, 0xFF, 0xB8, 0x00, 0x00, 0x00, 0x50, 0xFF,
0xB8, 0x00, 0x00, 0x00, 0x50, 0xFF, 0xB8, 0x00, 0x00, 0x00, 0x50, 0xFF, 0xB8, 0x00, 0x00, 0x00,
0x50, 0xFF, 0xB8, 0x04, 0xFF, 0xFF, 0xFF, 0xFF, 0xB8, 0x04, 0xFF, 0xFF, 0xFF, 0xFF, 0xB8, 0x00,
0x00, 0x00, 0x00, 0x45, 0xF9, 0x2D, 0x00, 0x00, 0x00, 0x00, 0x00, 0x00, 0x00, 0x10, 0xE3, 0xFC,
0xC6, 0x01, 0x00, 0x00, 0x00, 0x00, 0x00, 0x00, 0xA6, 0xFC, 0x7B, 0xFF, 0x69, 0x00, 0x00, 0x00,
0x00, 0x00, 0x56, 0xFF, 0xA3, 0x0C, 0xF0, 0xF0, 0x19, 0x00, 0x00, 0x00, 0x19, 0xED, 0xE6, 0x14,
0x00, 0x6D, 0xFF, 0xAA, 0x00, 0x00, 0x00, 0xB6, 0xFE, 0x47, 0x00, 0x00, 0x03, 0xCE, 0xFF, 0x4A,
0x00, 0x68, 0xFF, 0x92, 0x00, 0x00, 0x00, 0x00, 0x37, 0xFE, 0xE0, 0x0B, 0xFF, 0xFF, 0xFF, 0xFF,
0xFF, 0xFF, 0xFF, 0xFF, 0xFF, 0xFF, 0x9C, 0xFF, 0xFF, 0xFF, 0xFF, 0xFF, 0xFF, 0xFF, 0xFF, 0xFF,
0xFF, 0x9C, 0x5A, 0xFF, 0xFF, 0x3D, 0x00, 0x00, 0x9F, 0xFF, 0xA9, 0x00, 0x00, 0x05, 0xBC, 0xFB,
0x1A, 0x00, 0x00, 0x0F, 0xD3, 0x81, 0x02, 0x4A, 0x9A, 0xC9, 0xE0, 0xF7, 0xF3, 0xC7, 0x57, 0x00,
0x00, 0x10, 0xFA, 0xFF, 0xFF, 0xFF, 0xFF, 0xFF, 0xFF, 0xFF, 0x5B, 0x00, 0x00, 0xA6, 0x88, 0x3F,
0x12, 0x06, 0x22, 0xA8, 0xFF, 0xC9, 0x00, 0x00, 0x00, 0x00, 0x00, 0x00, 0x00, 0x00, 0x22, 0xFF,
0xEC, 0x00, 0x00, 0x00, 0x00, 0x00, 0x00, 0x00, 0x00, 0x1A, 0xFF, 0xF3, 0x00, 0x00, 0x0A, 0x6A,
0xB6, 0xD9, 0xED, 0xFE, 0xFA, 0xFF, 0xED, 0x00, 0x19, 0xD8, 0xFF, 0xFF, 0xFF, 0xFF, 0xFF, 0xFF,
0xFF, 0xE6, 0x00, 0xA5, 0xFF, 0xF0, 0x71, 0x2B, 0x0E, 0x02, 0x2A, 0xFF, 0xDF, 0x00, 0xEA, 0xFF,
0x4E, 0x00, 0x00, 0x00, 0x00, 0x24, 0xFF, 0xD8, 0x00, 0xF3, 0xFF, 0x45, 0x00, 0x00, 0x00, 0x00,
0x6B, 0xFF, 0xD1, 0x00, 0xC0, 0xFF, 0xD3, 0x35, 0x08, 0x24, 0x86, 0xFC, 0xFE, 0xD8, 0x00, 0x33,
0xFB, 0xFF, 0xFF, 0xFF, 0xFF, 0xFF, 0x7F, 0xC2, 0xE9, 0x00, 0x00, 0x34, 0xBF, 0xF6, 0xED, 0xBF,
0x51, 0x00, 0x7E, 0xFF, 0x17, 0xFF, 0xFF, 0x14, 0x00, 0x00, 0x00, 0x00, 0x00, 0x00, 0x00, 0x00,
0xFF, 0xFF, 0x14, 0x00, 0x00, 0x00, 0x00, 0x00, 0x00, 0x00, 0x00, 0xFF, 0xFF, 0x14, 0x00, 0x00,
0x00, 0x00, 0x00, 0x00, 0x00, 0x00, 0xFF, 0xFF, 0x14, 0x00, 0x00, 0x00, 0x00, 0x00, 0x00, 0x00,
0x00, 0xFF, 0xFF, 0x14, 0x00, 0x00, 0x00, 0x00, 0x00, 0x00, 0x00, 0x00, 0xFF, 0xFF, 0x1B, 0x77,
0xD4, 0xF8, 0xEF, 0xBB, 0x49, 0x00, 0x00, 0xFF, 0xFF, 0xCD, 0xFF, 0xFF, 0xFF, 0xFF, 0xFF, 0xFF,
0x68, 0x00, 0xFF, 0xFF, 0xFF, 0x8E, 0x21, 0x07, 0x36, 0xD7, 0xFF, 0xF6, 0x17, 0xFF, 0xFF, 0x96,
0x00, 0x00, 0x00, 0x00, 0x16, 0xF6, 0xFF, 0x6B, 0xFF, 0xFF, 0x24, 0x00, 0x00, 0x00, 0x00, 0x00,
0xA5, 0xFF, 0x9F, 0xFF, 0xFF, 0x14, 0x00, 0x00, 0x00, 0x00, 0x00, 0x7C, 0xFF, 0xB8, 0xFF, 0xFF,
0x14, 0x00, 0x00, 0x00, 0x00, 0x00, 0x69, 0xFF, 0xBF, 0xFF, 0xFF, 0x14, 0x00, 0x00, 0x00, 0x00,
0x00, 0x7B, 0xFF, 0xAF, 0xFF, 0xFF, 0x14, 0x00, 0x00, 0x00, 0x00, 0x00, 0xB5, 0xFF, 0x83, 0xFF,
0xFF, 0x14, 0x00, 0x00, 0x00, 0x00, 0x35, 0xFC, 0xFF, 0x36, 0xFF, 0xFF, 0x6A, 0x1D, 0x06, 0x14,
0x63, 0xEE, 0xFF, 0xB2, 0x00, 0xFF, 0xFF, 0xFF, 0xFF, 0xFF, 0xFF, 0xFF, 0xFF, 0xC4, 0x11, 0x00,
0x42, 0x9C, 0xD5, 0xF3, 0xFC, 0xEB, 0xBB, 0x61, 0x04, 0x00, 0x00, 0x00, 0x00, 0x15, 0x8B, 0xD7,
0xF6, 0xF6, 0xD7, 0x83, 0x15, 0x00, 0x27, 0xE5, 0xFF, 0xFF, 0xFF, 0xFF, 0xFF, 0xFF, 0x75, 0x01,
0xCE, 0xFF, 0xE1, 0x52, 0x0E, 0x08, 0x3C, 0xB8, 0x29, 0x42, 0xFF, 0xF9, 0x27, 0x00, 0x00, 0x00,
0x00, 0x00, 0x00, 0x86, 0xFF, 0xB2, 0x00, 0x00, 0x00, 0x00, 0x00, 0x00, 0x00, 0xA8, 0xFF, 0x80,
0x00, 0x00, 0x00, 0x00, 0x00, 0x00, 0x00, 0xB4, 0xFF, 0x75, 0x00, 0x00, 0x00, 0x00, 0x00, 0x00,
0x00, 0xAA, 0xFF, 0x8C, 0x00, 0x00, 0x00, 0x00, 0x00, 0x00, 0x00, 0x8A, 0xFF, 0xC4, 0x00, 0x00,
0x00, 0x00, 0x00, 0x00, 0x00, 0x4E, 0xFF, 0xFF, 0x41, 0x00, 0x00, 0x00, 0x00, 0x00, 0x00, 0x06,
0xDF, 0xFF, 0xEF, 0x66, 0x16, 0x05, 0x2A, 0x91, 0x57, 0x00, 0x3C, 0xF4, 0xFF, 0xFF, 0xFF, 0xFF,
0xFF, 0xFF, 0xB3, 0x00, 0x00, 0x23, 0x9E, 0xE1, 0xF9, 0xEC, 0xCF, 0x98, 0x31, 0x00, 0x00, 0x00,
0x00, 0x00, 0x00, 0x00, 0x00, 0x18, 0xFF, 0xFC, 0x00, 0x00, 0x00, 0x00, 0x00, 0x00, 0x00, 0x00,
0x00, 0x18, 0xFF, 0xFC, 0x00, 0x00, 0x00, 0x00, 0x00, 0x00, 0x00, 0x00, 0x00, 0x18, 0xFF, 0xFC,
0x00, 0x00, 0x00, 0x00, 0x00, 0x00, 0x00, 0x00, 0x00, 0x18, 0xFF, 0xFC, 0x00, 0x00, 0x00, 0x00,
0x00, 0x00, 0x00, 0x00, 0x00, 0x18, 0xFF, 0xFC, 0x00, 0x00, 0x00, 0x0B, 0x77, 0xCB, 0xF1, 0xFC,
0xE8, 0xB8, 0xFF, 0xFC, 0x00, 0x00, 0x1B, 0xD6, 0xFF, 0xFF, 0xFF, 0xFF, 0xFF, 0xFF, 0xFF, 0xFC,
0x00, 0x00, 0xC0, 0xFF, 0xE7, 0x5C, 0x13, 0x03, 0x18, 0x78, 0xFF, 0xFC, 0x00, 0x3B, 0xFF, 0xFB,
0x2C, 0x00, 0x00, 0x00, 0x00, 0x18, 0xFF, 0xFC, 0x00, 0x82, 0xFF, 0xB4, 0x00, 0x00, 0x00, 0x00,
0x00, 0x18, 0xFF, 0xFC, 0x00, 0xA7, 0xFF, 0x81, 0x00, 0x00, 0x00, 0x00, 0x00, 0x18, 0xFF, 0xFC,
0x00, 0xB4, 0xFF, 0x74, 0x00, 0x00, 0x00, 0x00, 0x00, 0x18, 0xFF, 0xFC, 0x00, 0xAC, 0xFF, 0x85,
0x00, 0x00, 0x00, 0x00, 0x00, 0x18, 0xFF, 0xFC, 0x00, 0x91, 0xFF, 0xAE, 0x00, 0x00, 0x00, 0x00,
0x00, 0x25, 0xFF, 0xFC, 0x00, 0x5D, 0xFF, 0xFA, 0x1C, 0x00, 0x00, 0x00, 0x00, 0x82, 0xFF, 0xFD,
0x00, 0x0F, 0xF1, 0xFF, 0xDD, 0x3D, 0x08, 0x19, 0x74, 0xFC, 0xFF, 0xFF, 0x00, 0x00, 0x5E, 0xFE,
0xFF, 0xFF, 0xFF, 0xFF, 0xFF, 0xC4, 0x91, 0xFF, 0x11, 0x00, 0x00, 0x41, 0xB6, 0xEC, 0xF9, 0xDB,
0x80, 0x08, 0x49, 0xFF, 0x30, 0x00, 0x00, 0x13, 0x86, 0xD4, 0xF5, 0xF1, 0xD1, 0x86, 0x0F, 0x00,
0x00, 0x25, 0xE2, 0xFF, 0xFF, 0xFF, 0xFF, 0xFF, 0xFF, 0xD0, 0x09, 0x01, 0xCC, 0xFF, 0xC7, 0x43,
0x11, 0x11, 0x53, 0xE7, 0xFF, 0x74, 0x42, 0xFF, 0xE3, 0x0F, 0x00, 0x00, 0x00, 0x00, 0x58, 0xFF,
0xC5, 0x85, 0xFF, 0x95, 0x00, 0x00, 0x00, 0x00, 0x00, 0x21, 0xFF, 0xE3, 0xA8, 0xFF, 0xFF, 0xFF,
0xFF, 0xFF, 0xFF, 0xFF, 0xFF, 0xFF, 0xE7, 0xB4, 0xFF, 0xFF, 0xFF, 0xFF, 0xFF, 0xFF, 0xFF, 0xFF,
0xFF, 0xD2, 0xA9, 0xFF, 0x81, 0x00, 0x00, 0x00, 0x00, 0x00, 0x00, 0x00, 0x00, 0x86, 0xFF, 0xA9,
0x00, 0x00, 0x00, 0x00, 0x00, 0x00, 0x00, 0x00, 0x44, 0xFF, 0xFA, 0x26, 0x00, 0x00, 0x00, 0x00,
0x00, 0x00, 0x00, 0x01, 0xCE, 0xFF, 0xE1, 0x5C, 0x18, 0x04, 0x18, 0x5B, 0xB9, 0x03, 0x00, 0x27,
0xE5, 0xFF, 0xFF, 0xFF, 0xFF, 0xFF, 0xFF, 0xFF, 0x4A, 0x00, 0x00, 0x14, 0x8A, 0xD6, 0xF5, 0xFA,
0xE6, 0xB9, 0x70, 0x0E, 0x00, 0x00, 0x00, 0x20, 0xAC, 0xEE, 0xFA, 0xEB, 0xB7, 0x07, 0x00, 0x00,
0x02, 0xD8, 0xFF, 0xFF, 0xFF, 0xFF, 0xCE, 0x00, 0x00, 0x00, 0x39, 0xFF, 0xF6, 0x3F, 0x02, 0x00,
0x00, 0x00, 0x00, 0x00, 0x5D, 0xFF, 0xBF, 0x00, 0x00, 0x00, 0x00, 0x00, 0x00, 0x00, 0x67, 0xFF,
0xB1, 0x00, 0x00, 0x00, 0x00, 0x00, 0x6C, 0xFF, 0xFF, 0xFF, 0xFF, 0xFF, 0xFF, 0xFF, 0x24, 0x00,
0x6C, 0xFF, 0xFF, 0xFF, 0xFF, 0xFF, 0xFF, 0xFF, 0x24, 0x00, 0x00, 0x00, 0x68, 0xFF, 0xB0, 0x00,
0x00, 0x00, 0x00, 0x00, 0x00, 0x00, 0x68, 0xFF, 0xB0, 0x00, 0x00, 0x00, 0x00, 0x00, 0x00, 0x00,
0x68, 0xFF, 0xB0, 0x00, 0x00, 0x00, 0x00, 0x00, 0x00, 0x00, 0x68, 0xFF, 0xB0, 0x00, 0x00, 0x00,
0x00, 0x00, 0x00, 0x00, 0x68, 0xFF, 0xB0, 0x00, 0x00, 0x00, 0x00, 0x00, 0x00, 0x00, 0x68, 0xFF,
0xB0, 0x00, 0x00, 0x00, 0x00, 0x00, 0x00, 0x00, 0x68, 0xFF, 0xB0, 0x00, 0x00, 0x00, 0x00, 0x00,
0x00, 0x00, 0x68, 0xFF, 0xB0, 0x00, 0x00, 0x00, 0x00, 0x00, 0x00, 0x00, 0x68, 0xFF, 0xB0, 0x00,
0x00, 0x00, 0x00, 0x00, 0x00, 0x00, 0x68, 0xFF, 0xB0, 0x00, 0x00, 0x00, 0x00, 0x00, 0x00, 0x00,
0x68, 0xFF, 0xB0, 0x00, 0x00, 0x00, 0x00, 0x00, 0x00, 0x00, 0x08, 0x6B, 0xBF, 0xEB, 0xFB, 0xF5,
0xD9, 0xA5, 0x5C, 0x00, 0x18, 0xCF, 0xFF, 0xFF, 0xFF, 0xFF, 0xFF, 0xFF, 0xFF, 0xF4, 0x00, 0xBC,
0xFF, 0xE9, 0x5D, 0x13, 0x06, 0x1B, 0x69, 0xFF, 0xF4, 0x38, 0xFF, 0xFB, 0x2E, 0x00, 0x00, 0x00,
0x00, 0x20, 0xFF, 0xF4, 0x81, 0xFF, 0xB5, 0x00, 0x00, 0x00, 0x00, 0x00, 0x20, 0xFF, 0xF4, 0xA7,
0xFF, 0x81, 0x00, 0x00, 0x00, 0x00, 0x00, 0x20, 0xFF, 0xF4, 0xB4, 0xFF, 0x74, 0x00, 0x00, 0x00,
0x00, 0x00, 0x20, 0xFF, 0xF4, 0xAD, 0xFF, 0x88, 0x00, 0x00, 0x00, 0x00, 0x00, 0x20, 0xFF, 0xF4,
0x92, 0xFF, 0xB1, 0x00, 0x00, 0x00, 0x00, 0x00, 0x2B, 0xFF, 0xF4, 0x5D, 0xFF, 0xFB, 0x1D, 0x00,
0x00, 0x00, 0x00, 0x87, 0xFF, 0xF4, 0x10, 0xF1, 0xFF, 0xD1, 0x3B, 0x07, 0x18, 0x73, 0xFC, 0xFF,
0xF4, 0x00, 0x5F, 0xFE, 0xFF, 0xFF, 0xFF, 0xFF, 0xFF, 0xD4, 0xFF, 0xF4, 0x00, 0x00, 0x44, 0xB8,
0xED, 0xFA, 0xE2, 0x8E, 0x26, 0xFF, 0xF4, 0x00, 0x00, 0x00, 0x00, 0x00, 0x00, 0x00, 0x00, 0x2F,
0xFF, 0xEE, 0x00, 0x00, 0x00, 0x00, 0x00, 0x00, 0x00, 0x00, 0x62, 0xFF, 0xD4, 0x00, 0x15, 0xC3,
0x4C, 0x10, 0x03, 0x14, 0x5A, 0xED, 0xFF, 0x89, 0x00, 0x59, 0xFF, 0xFF, 0xFF, 0xFF, 0xFF, 0xFF,
0xFF, 0xD8, 0x12, 0x00, 0x0D, 0x70, 0xC8, 0xF0, 0xFC, 0xF3, 0xCE, 0x7F, 0x0D, 0x00, 0xFF, 0xFF,
0x14, 0x00, 0x00, 0x00, 0x00, 0x00, 0x00, 0x00, 0x00, 0xFF, 0xFF, 0x14, 0x00, 0x00, 0x00, 0x00,
0x00, 0x00, 0x00, 0x00, 0xFF, 0xFF, 0x14, 0x00, 0x00, 0x00, 0x00, 0x00, 0x00, 0x00, 0x00, 0xFF,
0xFF, 0x14, 0x00, 0x00, 0x00, 0x00, 0x00, 0x00, 0x00, 0x00, 0xFF, 0xFF, 0x14, 0x00, 0x00, 0x00,
0x00, 0x00, 0x00, 0x00, 0x00, 0xFF, 0xFF, 0x14, 0x55, 0xC1, 0xF0, 0xF9, 0xDD, 0x8C, 0x09, 0x00,
0xFF, 0xFF, 0xA6, 0xFF, 0xFF, 0xFF, 0xFF, 0xFF, 0xFF, 0xA8, 0x00, 0xFF, 0xFF, 0xFF, 0xB6, 0x34,
0x08, 0x20, 0xB6, 0xFF, 0xFD, 0x18, 0xFF, 0xFF, 0xB1, 0x02, 0x00, 0x00, 0x00, 0x0E, 0xF8, 0xFF,
0x4B, 0xFF, 0xFF, 0x30, 0x00, 0x00, 0x00, 0x00, 0x00, 0xC4, 0xFF, 0x62, 0xFF, 0xFF, 0x14, 0x00,
0x00, 0x00, 0x00, 0x00, 0xB0, 0xFF, 0x6B, 0xFF, 0xFF, 0x14, 0x00, 0x00, 0x00, 0x00, 0x00, 0xA8,
0xFF, 0x6C, 0xFF, 0xFF, 0x14, 0x00, 0x00, 0x00, 0x00, 0x00, 0xA8, 0xFF, 0x6C, 0xFF, 0xFF, 0x14,
0x00, 0x00, 0x00, 0x00, 0x00, 0xA8, 0xFF, 0x6C, 0xFF, 0xFF, 0x14, 0x00, 0x00, 0x00, 0x00, 0x00,
0xA8, 0xFF, 0x6C, 0xFF, 0xFF, 0x14, 0x00, 0x00, 0x00, 0x00, 0x00, 0xA8, 0xFF, 0x6C, 0xFF, 0xFF,
0x14, 0x00, 0x00, 0x00, 0x00, 0x00, 0xA8, 0xFF, 0x6C, 0xFF, 0xFF, 0x14, 0x00, 0x00, 0x00, 0x00,
0x00, 0xA8, 0xFF, 0x6C, 0x8A, 0xF2, 0x75, 0xF5, 0xFF, 0xE3, 0x93, 0xF4, 0x7E, 0x00, 0x00, 0x00,
0x00, 0x00, 0x00, 0x90, 0xFF, 0x88, 0x90, 0xFF, 0x88, 0x90, 0xFF, 0x88, 0x90, 0xFF, 0x88, 0x90,
0xFF, 0x88, 0x90, 0xFF, 0x88, 0x90, 0xFF, 0x88, 0x90, 0xFF, 0x88, 0x90, 0xFF, 0x88, 0x90, 0xFF,
0x88, 0x90, 0xFF, 0x88, 0x90, 0xFF, 0x88, 0x90, 0xFF, 0x88, 0x00, 0x00, 0x91, 0xF2, 0x6E, 0x00,
0x01, 0xFB, 0xFF, 0xDB, 0x00, 0x00, 0x9A, 0xF4, 0x77, 0x00, 0x00, 0x00, 0x00, 0x00, 0x00, 0x00,
0x00, 0x00, 0x00, 0x00, 0x00, 0x94, 0xFF, 0x80, 0x00, 0x00, 0x94, 0xFF, 0x80, 0x00, 0x00, 0x94,
0xFF, 0x80, 0x00, 0x00, 0x94, 0xFF, 0x80, 0x00, 0x00, 0x94, 0xFF, 0x80, 0x00, 0x00, 0x94, 0xFF,
0x80, 0x00, 0x00, 0x94, 0xFF, 0x80, 0x00, 0x00, 0x94, 0xFF, 0x80, 0x00, 0x00, 0x94, 0xFF, 0x80,
0x00, 0x00, 0x94, 0xFF, 0x80, 0x00, 0x00, 0x94, 0xFF, 0x80, 0x00, 0x00, 0x94, 0xFF, 0x80, 0x00,
0x00, 0x96, 0xFF, 0x80, 0x00, 0x00, 0xA2, 0xFF, 0x7C, 0x00, 0x00, 0xCA, 0xFF, 0x6B, 0x06, 0x5E,
0xFD, 0xFF, 0x3C, 0xC4, 0xFF, 0xFF, 0xD4, 0x02, 0xBF, 0xF5, 0xB6, 0x21, 0x00, 0xFF, 0xFF, 0x14,
0x00, 0x00, 0x00, 0x00, 0x00, 0x00, 0x00, 0x00, 0xFF, 0xFF, 0x14, 0x00, 0x00, 0x00, 0x00, 0x00,
0x00, 0x00, 0x00, 0xFF, 0xFF, 0x14, 0x00, 0x00, 0x00, 0x00, 0x00, 0x00, 0x00, 0x00, 0xFF, 0xFF,
0x14, 0x00, 0x00, 0x00, 0x00, 0x00, 0x00, 0x00, 0x00, 0xFF, 0xFF, 0x14, 0x00, 0x00, 0x00, 0x00,
0x00, 0x00, 0x00, 0x00, 0xFF, 0xFF, 0x14, 0x00, 0x00, 0x00, 0x46, 0xFB, 0xF5, 0x33, 0x00, 0xFF,
0xFF, 0x14, 0x00, 0x00, 0x2C, 0xF1, 0xFD, 0x4E, 0x00, 0x00, 0xFF, 0xFF, 0x14, 0x00, 0x18, 0xE1,
0xFF, 0x6D, 0x00, 0x00, 0x00, 0xFF, 0xFF, 0x14, 0x0A, 0xCB, 0xFF, 0x8F, 0x00, 0x00, 0x00, 0x00,
0xFF, 0xFF, 0x33, 0xB2, 0xFF, 0xA1, 0x02, 0x00, 0x00, 0x00, 0x00, 0xFF, 0xFF, 0xFF, 0xFF, 0xD6,
0x0A, 0x00, 0x00, 0x00, 0x00, 0x00, 0xFF, 0xFF, 0xFF, 0xFF, 0xFF, 0xC8, 0x07, 0x00, 0x00, 0x00,
0x00, 0xFF, 0xFF, 0x14, 0x5C, 0xFF, 0xFF, 0x88, 0x00, 0x00, 0x00, 0x00, 0xFF, 0xFF, 0x14, 0x00,
0xA2, 0xFF, 0xFC, 0x35, 0x00, 0x00, 0x00, 0xFF, 0xFF, 0x14, 0x00, 0x0D, 0xDC, 0xFF, 0xD5, 0x07,
0x00, 0x00, 0xFF, 0xFF, 0x14, 0x00, 0x00, 0x35, 0xFA, 0xFF, 0x86, 0x00, 0x00, 0xFF, 0xFF, 0x14,
0x00, 0x00, 0x00, 0x76, 0xFF, 0xFC, 0x34, 0x00, 0xFF, 0xFF, 0x14, 0x00, 0x00, 0x00, 0x01, 0xBA,
0xFF, 0xD3, 0x06, 0xC4, 0xFF, 0x50, 0x00, 0x00, 0x00, 0xC4, 0xFF, 0x50, 0x00, 0x00, 0x00, 0xC4,
0xFF, 0x50, 0x00, 0x00, 0x00, 0xC4, 0xFF, 0x50, 0x00, 0x00, 0x00, 0xC4, 0xFF, 0x50, 0x00, 0x00,
0x00, 0xC4, 0xFF, 0x50, 0x00, 0x00, 0x00, 0xC4, 0xFF, 0x50, 0x00, 0x00, 0x00, 0xC4, 0xFF, 0x50,
0x00, 0x00, 0x00, 0xC4, 0xFF, 0x50, 0x00, 0x00, 0x00, 0xC4, 0xFF, 0x50, 0x00, 0x00, 0x00, 0xC4,
0xFF, 0x50, 0x00, 0x00, 0x00, 0xC4, 0xFF, 0x50, 0x00, 0x00, 0x00, 0xC4, 0xFF, 0x50, 0x00, 0x00,
0x00, 0xC4, 0xFF, 0x50, 0x00, 0x00, 0x00, 0xC4, 0xFF, 0x55, 0x00, 0x00, 0x00, 0xB7, 0xFF, 0x9F,
0x08, 0x1F, 0x09, 0x82, 0xFF, 0xFF, 0xFF, 0xFF, 0x3A, 0x0C, 0xA4, 0xF0, 0xF0, 0xC7, 0x2F, 0xFF,
0x8E, 0x01, 0x63, 0xCB, 0xF3, 0xF2, 0xBA, 0x29, 0x00, 0x2D, 0xA8, 0xE9, 0xFA, 0xE2, 0x90, 0x08,
0x00, 0xFF, 0xC9, 0xA7, 0xFF, 0xFF, 0xFF, 0xFF, 0xFF, 0xE4, 0x4C, 0xF8, 0xFF, 0xFF, 0xFF, 0xFF,
0xFF, 0x9C, 0x00, 0xFF, 0xFF, 0xFF, 0x87, 0x1C, 0x08, 0x61, 0xFC, 0xFF, 0xFD, 0xDE, 0x47, 0x0C,
0x16, 0xA0, 0xFF, 0xF7, 0x0A, 0xFF, 0xFF, 0x8C, 0x00, 0x00, 0x00, 0x00, 0xAF, 0xFF, 0xFF, 0x30,
0x00, 0x00, 0x00, 0x0B, 0xF6, 0xFF, 0x32, 0xFF, 0xFF, 0x1E, 0x00, 0x00, 0x00, 0x00, 0x76, 0xFF,
0xC9, 0x00, 0x00, 0x00, 0x00, 0x00, 0xD4, 0xFF, 0x47, 0xFF, 0xFF, 0x14, 0x00, 0x00, 0x00, 0x00,
0x66, 0xFF, 0xB4, 0x00, 0x00, 0x00, 0x00, 0x00, 0xC6, 0xFF, 0x4F, 0xFF, 0xFF, 0x14, 0x00, 0x00,
0x00, 0x00, 0x60, 0xFF, 0xB4, 0x00, 0x00, 0x00, 0x00, 0x00, 0xC4, 0xFF, 0x50, 0xFF, 0xFF, 0x14,
0x00, 0x00, 0x00, 0x00, 0x60, 0xFF, 0xB4, 0x00, 0x00, 0x00, 0x00, 0x00, 0xC4, 0xFF, 0x50, 0xFF,
0xFF, 0x14, 0x00, 0x00, 0x00, 0x00, 0x60, 0xFF, 0xB4, 0x00, 0x00, 0x00, 0x00, 0x00, 0xC4, 0xFF,
0x50, 0xFF, 0xFF, 0x14, 0x00, 0x00, 0x00, 0x00, 0x60, 0xFF, 0xB4, 0x00, 0x00, 0x00, 0x00, 0x00,
0xC4, 0xFF, 0x50, 0xFF, 0xFF, 0x14, 0x00, 0x00, 0x00, 0x00, 0x60, 0xFF, 0xB4, 0x00, 0x00, 0x00,
0x00, 0x00, 0xC4, 0xFF, 0x50, 0xFF, 0xFF, 0x14, 0x00, 0x00, 0x00, 0x00, 0x60, 0xFF, 0xB4, 0x00,
0x00, 0x00, 0x00, 0x00, 0xC4, 0xFF, 0x50, 0xFF, 0xFF, 0x14, 0x00, 0x00, 0x00, 0x00, 0x60, 0xFF,
0xB4, 0x00, 0x00, 0x00, 0x00, 0x00, 0xC4, 0xFF, 0x50, 0xFF, 0x8E, 0x01, 0x5E, 0xC3, 0xEF, 0xF9,
0xDA, 0x83, 0x05, 0x00, 0xFF, 0xC9, 0xAB, 0xFF, 0xFF, 0xFF, 0xFF, 0xFF, 0xFF, 0x99, 0x00, 0xFF,
0xFF, 0xFF, 0xA9, 0x2F, 0x0A, 0x2B, 0xBC, 0xFF, 0xFA, 0x12, 0xFF, 0xFF, 0xA4, 0x00, 0x00, 0x00,
0x00, 0x15, 0xFB, 0xFF, 0x47, 0xFF, 0xFF, 0x23, 0x00, 0x00, 0x00, 0x00, 0x00, 0xC9, 0xFF, 0x61,
0xFF, 0xFF, 0x14, 0x00, 0x00, 0x00, 0x00, 0x00, 0xB1, 0xFF, 0x6B, 0xFF, 0xFF, 0x14, 0x00, 0x00,
0x00, 0x00, 0x00, 0xA8, 0xFF, 0x6C, 0xFF, 0xFF, 0x14, 0x00, 0x00, 0x00, 0x00, 0x00, 0xA8, 0xFF,
0x6C, 0xFF, 0xFF, 0x14, 0x00, 0x00, 0x00, 0x00, 0x00, 0xA8, 0xFF, 0x6C, 0xFF, 0xFF, 0x14, 0x00,
0x00, 0x00, 0x00, 0x00, 0xA8, 0xFF, 0x6C, 0xFF, 0xFF, 0x14, 0x00, 0x00, 0x00, 0x00, 0x00, 0xA8,
0xFF, 0x6C, 0xFF, 0xFF, 0x14, 0x00, 0x00, 0x00, 0x00, 0x00, 0xA8, 0xFF, 0x6C, 0xFF, 0xFF, 0x14,
0x00, 0x00, 0x00, 0x00, 0x00, 0xA8, 0xFF, 0x6C, 0x00, 0x00, 0x14, 0x88, 0xD5, 0xF5, 0xF4, 0xD1,
0x7F, 0x0D, 0x00, 0x00, 0x00, 0x25, 0xE3, 0xFF, 0xFF, 0xFF, 0xFF, 0xFF, 0xFF, 0xDC, 0x1D, 0x00,
0x01, 0xCC, 0xFF, 0xD8, 0x46, 0x0A, 0x0E, 0x58, 0xEA, 0xFF, 0xBC, 0x00, 0x41, 0xFF, 0xF7, 0x20,
0x00, 0x00, 0x00, 0x00, 0x43, 0xFF, 0xFF, 0x2F, 0x85, 0xFF, 0xAE, 0x00, 0x00, 0x00, 0x00, 0x00,
0x00, 0xD2, 0xFF, 0x72, 0xA8, 0xFF, 0x80, 0x00, 0x00, 0x00, 0x00, 0x00, 0x00, 0x9E, 0xFF, 0x98,
0xB4, 0xFF, 0x74, 0x00, 0x00, 0x00, 0x00, 0x00, 0x00, 0x85, 0xFF, 0xA3, 0xA9, 0xFF, 0x8B, 0x00,
0x00, 0x00, 0x00, 0x00, 0x00, 0x91, 0xFF, 0x97, 0x86, 0xFF, 0xC0, 0x00, 0x00, 0x00, 0x00, 0x00,
0x00, 0xC0, 0xFF, 0x74, 0x42, 0xFF, 0xFF, 0x38, 0x00, 0x00, 0x00, 0x00, 0x2B, 0xFD, 0xFF, 0x31,
0x01, 0xCD, 0xFF, 0xF0, 0x56, 0x0C, 0x0B, 0x4C, 0xE0, 0xFF, 0xBC, 0x00, 0x00, 0x27, 0xE5, 0xFF,
0xFF, 0xFF, 0xFF, 0xFF, 0xFF, 0xDC, 0x1D, 0x00, 0x00, 0x00, 0x14, 0x8A, 0xD7, 0xF6, 0xF6, 0xD3,
0x82, 0x0F, 0x00, 0x00, 0xC8, 0x6A, 0x0A, 0x81, 0xDA, 0xF9, 0xEE, 0xBC, 0x51, 0x00, 0x00, 0xFF,
0xCA, 0xC7, 0xFF, 0xFF, 0xFF, 0xFF, 0xFF, 0xFF, 0x7C, 0x00, 0xFF, 0xFF, 0xFC, 0x74, 0x19, 0x07,
0x36, 0xD1, 0xFF, 0xFC, 0x24, 0xFF, 0xFF, 0x80, 0x00, 0x00, 0x00, 0x00, 0x0F, 0xF0, 0xFF, 0x7B,
0xFF, 0xFF, 0x20, 0x00, 0x00, 0x00, 0x00, 0x00, 0x97, 0xFF, 0xAB, 0xFF, 0xFF, 0x14, 0x00, 0x00,
0x00, 0x00, 0x00, 0x71, 0xFF, 0xC1, 0xFF, 0xFF, 0x14, 0x00, 0x00, 0x00, 0x00, 0x00, 0x61, 0xFF,
0xC5, 0xFF, 0xFF, 0x14, 0x00, 0x00, 0x00, 0x00, 0x00, 0x78, 0xFF, 0xB2, 0xFF, 0xFF, 0x14, 0x00,
0x00, 0x00, 0x00, 0x00, 0xB7, 0xFF, 0x7F, 0xFF, 0xFF, 0x14, 0x00, 0x00, 0x00, 0x00, 0x3C, 0xFD,
0xFF, 0x2C, 0xFF, 0xFF, 0x81, 0x1C, 0x03, 0x15, 0x67, 0xF0, 0xFF, 0xA6, 0x00, 0xFF, 0xFF, 0xFF,
0xFF, 0xFF, 0xFF, 0xFF, 0xFF, 0xC1, 0x0E, 0x00, 0xFF, 0xFF, 0xAD, 0xE8, 0xFD, 0xF0, 0xC3, 0x64,
0x03, 0x00, 0x00, 0xFF, 0xFF, 0x14, 0x00, 0x00, 0x00, 0x00, 0x00, 0x00, 0x00, 0x00, 0xFF, 0xFF,
0x14, 0x00, 0x00, 0x00, 0x00, 0x00, 0x00, 0x00, 0x00, 0xFF, 0xFF, 0x14, 0x00, 0x00, 0x00, 0x00,
0x00, 0x00, 0x00, 0x00, 0xFF, 0xFF, 0x14, 0x00, 0x00, 0x00, 0x00, 0x00, 0x00, 0x00, 0x00, 0xFF,
0xFF, 0x14, 0x00, 0x00, 0x00, 0x00, 0x00, 0x00, 0x00, 0x00, 0x00, 0x00, 0x07, 0x67, 0xBD, 0xEA,
0xFB, 0xF3, 0xD7, 0xA7, 0x5E, 0x00, 0x16, 0xCC, 0xFF, 0xFF, 0xFF, 0xFF, 0xFF, 0xFF, 0xFF, 0xF4,
0x00, 0xBA, 0xFF, 0xEA, 0x5E, 0x13, 0x06, 0x1A, 0x68, 0xFF, 0xF4, 0x38, 0xFF, 0xFC, 0x30, 0x00,
0x00, 0x00, 0x00, 0x20, 0xFF, 0xF4, 0x81, 0xFF, 0xB6, 0x00, 0x00, 0x00, 0x00, 0x00, 0x20, 0xFF,
0xF4, 0xA7, 0xFF, 0x81, 0x00, 0x00, 0x00, 0x00, 0x00, 0x20, 0xFF, 0xF4, 0xB4, 0xFF, 0x74, 0x00,
0x00, 0x00, 0x00, 0x00, 0x20, 0xFF, 0xF4, 0xAC, 0xFF, 0x88, 0x00, 0x00, 0x00, 0x00, 0x00, 0x20,
0xFF, 0xF4, 0x91, 0xFF, 0xB1, 0x00, 0x00, 0x00, 0x00, 0x00, 0x2C, 0xFF, 0xF4, 0x5C, 0xFF, 0xFB,
0x1D, 0x00, 0x00, 0x00, 0x00, 0x8A, 0xFF, 0xF4, 0x0F, 0xF1, 0xFF, 0xD1, 0x3B, 0x07, 0x19, 0x75,
0xFD, 0xFF, 0xF4, 0x00, 0x5F, 0xFE, 0xFF, 0xFF, 0xFF, 0xFF, 0xFF, 0xD0, 0xFF, 0xF4, 0x00, 0x00,
0x43, 0xB7, 0xED, 0xFA, 0xE1, 0x8A, 0x29, 0xFF, 0xF4, 0x00, 0x00, 0x00, 0x00, 0x00, 0x00, 0x00,
0x00, 0x20, 0xFF, 0xF4, 0x00, 0x00, 0x00, 0x00, 0x00, 0x00, 0x00, 0x00, 0x20, 0xFF, 0xF4, 0x00,
0x00, 0x00, 0x00, 0x00, 0x00, 0x00, 0x00, 0x20, 0xFF, 0xF4, 0x00, 0x00, 0x00, 0x00, 0x00, 0x00,
0x00, 0x00, 0x20, 0xFF, 0xF4, 0x00, 0x00, 0x00, 0x00, 0x00, 0x00, 0x00, 0x00, 0x20, 0xFF, 0xF4,
0xFF, 0x8F, 0x17, 0xAF, 0xF3, 0xF1, 0x66, 0xFF, 0xCD, 0xCD, 0xFF, 0xFF, 0xFF, 0x4E, 0xFF, 0xFF,
0xE1, 0x42, 0x09, 0x1C, 0x0A, 0xFF, 0xFF, 0x4B, 0x00, 0x00, 0x00, 0x00, 0xFF, 0xFF, 0x14, 0x00,
0x00, 0x00, 0x00, 0xFF, 0xFF, 0x14, 0x00, 0x00, 0x00, 0x00, 0xFF, 0xFF, 0x14, 0x00, 0x00, 0x00,
0x00, 0xFF, 0xFF, 0x14, 0x00, 0x00, 0x00, 0x00, 0xFF, 0xFF, 0x14, 0x00, 0x00, 0x00, 0x00, 0xFF,
0xFF, 0x14, 0x00, 0x00, 0x00, 0x00, 0xFF, 0xFF, 0x14, 0x00, 0x00, 0x00, 0x00, 0xFF, 0xFF, 0x14,
0x00, 0x00, 0x00, 0x00, 0xFF, 0xFF, 0x14, 0x00, 0x00, 0x00, 0x00, 0x00, 0x22, 0xA0, 0xDF, 0xFA,
0xEF, 0xC4, 0x6A, 0x0C, 0x16, 0xEC, 0xFF, 0xFF, 0xFF, 0xFF, 0xFF, 0xFF, 0x5C, 0x6C, 0xFF, 0xDE,
0x31, 0x07, 0x12, 0x52, 0xC3, 0x1E, 0x86, 0xFF, 0x94, 0x00, 0x00, 0x00, 0x00, 0x00, 0x00, 0x65,
0xFF, 0xE7, 0x46, 0x00, 0x00, 0x00, 0x00, 0x00, 0x0B, 0xC9, 0xFF, 0xFF, 0xD0, 0x70, 0x0D, 0x00,
0x00, 0x00, 0x0C, 0x91, 0xF4, 0xFF, 0xFF, 0xEF, 0x5A, 0x00, 0x00, 0x00, 0x00, 0x0F, 0x63, 0xCE,
0xFF, 0xFD, 0x4C, 0x00, 0x00, 0x00, 0x00, 0x00, 0x01, 0x94, 0xFF, 0xB2, 0x00, 0x00, 0x00, 0x00,
0x00, 0x00, 0x59, 0xFF, 0xC4, 0x7C, 0x94, 0x3C, 0x0D, 0x08, 0x36, 0xCF, 0xFF, 0x94, 0xD4, 0xFF,
0xFF, 0xFF, 0xFF, 0xFF, 0xFF, 0xEB, 0x1F, 0x3B, 0x9D, 0xD9, 0xF6, 0xFB, 0xE2, 0x9B, 0x1D, 0x00,
0x00, 0x00, 0x5D, 0xC1, 0x5E, 0x00, 0x00, 0x00, 0x00, 0x00, 0x00, 0xB0, 0xFF, 0x64, 0x00, 0x00,
0x00, 0x00, 0x00, 0x00, 0xB0, 0xFF, 0x64, 0x00, 0x00, 0x00, 0x00, 0xB8, 0xFF, 0xFF, 0xFF, 0xFF,
0xFF, 0xFF, 0xF0, 0x00, 0xB8, 0xFF, 0xFF, 0xFF, 0xFF, 0xFF, 0xFF, 0xF0, 0x00, 0x00, 0x00, 0xB0,
0xFF, 0x64, 0x00, 0x00, 0x00, 0x00, 0x00, 0x00, 0xB0, 0xFF, 0x64, 0x00, 0x00, 0x00, 0x00, 0x00,
0x00, 0xB0, 0xFF, 0x64, 0x00, 0x00, 0x00, 0x00, 0x00, 0x00, 0xB0, 0xFF, 0x64, 0x00, 0x00, 0x00,
0x00, 0x00, 0x00, 0xB0, 0xFF, 0x64, 0x00, 0x00, 0x00, 0x00, 0x00, 0x00, 0xB0, 0xFF, 0x64, 0x00,
0x00, 0x00, 0x00, 0x00, 0x00, 0xB0, 0xFF, 0x64, 0x00, 0x00, 0x00, 0x00, 0x00, 0x00, 0xAD, 0xFF,
0x75, 0x00, 0x00, 0x00, 0x00, 0x00, 0x00, 0x99, 0xFF, 0xCA, 0x15, 0x19, 0x9A, 0x2C, 0x00, 0x00,
0x5B, 0xFF, 0xFF, 0xFF, 0xFF, 0xFF, 0x69, 0x00, 0x00, 0x03, 0x87, 0xE4, 0xF9, 0xD8, 0x7E, 0x11,
0x34, 0xFF, 0xE0, 0x00, 0x00, 0x00, 0x00, 0x00, 0x10, 0xFF, 0xFF, 0x04, 0x34, 0xFF, 0xE0, 0x00,
0x00, 0x00, 0x00, 0x00, 0x10, 0xFF, 0xFF, 0x04, 0x34, 0xFF, 0xE0, 0x00, 0x00, 0x00, 0x00, 0x00,
0x10, 0xFF, 0xFF, 0x04, 0x34, 0xFF, 0xE0, 0x00, 0x00, 0x00, 0x00, 0x00, 0x10, 0xFF, 0xFF, 0x04,
0x34, 0xFF, 0xE0, 0x00, 0x00, 0x00, 0x00, 0x00, 0x10, 0xFF, 0xFF, 0x04, 0x34, 0xFF, 0xE0, 0x00,
0x00, 0x00, 0x00, 0x00, 0x10, 0xFF, 0xFF, 0x04, 0x34, 0xFF, 0xE0, 0x00, 0x00, 0x00, 0x00, 0x00,
0x10, 0xFF, 0xFF, 0x04, 0x33, 0xFF, 0xE6, 0x00, 0x00, 0x00, 0x00, 0x00, 0x10, 0xFF, 0xFF, 0x04,
0x2B, 0xFF, 0xF7, 0x00, 0x00, 0x00, 0x00, 0x00, 0x30, 0xFF, 0xFF, 0x04, 0x11, 0xFF, 0xFF, 0x37,
0x00, 0x00, 0x00, 0x04, 0xBF, 0xFF, 0xFF, 0x05, 0x00, 0xD8, 0xFF, 0xD0, 0x31, 0x0B, 0x32, 0xB9,
0xFF, 0xE9, 0xFF, 0x0D, 0x00, 0x62, 0xFF, 0xFF, 0xFF, 0xFF, 0xFF, 0xFF, 0x8D, 0x78, 0xFF, 0x1C,
0x00, 0x00, 0x65, 0xCC, 0xEF, 0xF2, 0xC9, 0x5C, 0x00, 0x3D, 0xFF, 0x3B, 0x8D, 0xFF, 0xD4, 0x00,
0x00, 0x00, 0x00, 0x00, 0x00, 0x23, 0xFE, 0xFB, 0x1A, 0x20, 0xFC, 0xFF, 0x40, 0x00, 0x00, 0x00,
0x00, 0x00, 0x87, 0xFF, 0xA8, 0x00, 0x00, 0xAE, 0xFF, 0xAC, 0x00, 0x00, 0x00, 0x00, 0x04, 0xE6,
0xFF, 0x3B, 0x00, 0x00, 0x3F, 0xFF, 0xFB, 0x1B, 0x00, 0x00, 0x00, 0x50, 0xFF, 0xCE, 0x00, 0x00,
0x00, 0x00, 0xD0, 0xFF, 0x82, 0x00, 0x00, 0x00, 0xB4, 0xFF, 0x61, 0x00, 0x00, 0x00, 0x00, 0x61,
0xFF, 0xE7, 0x05, 0x00, 0x1B, 0xFC, 0xEC, 0x08, 0x00, 0x00, 0x00, 0x00, 0x07, 0xEA, 0xFF, 0x59,
0x00, 0x7D, 0xFF, 0x87, 0x00, 0x00, 0x00, 0x00, 0x00, 0x00, 0x83, 0xFF, 0xC0, 0x00, 0xDB, 0xFC,
0x1E, 0x00, 0x00, 0x00, 0x00, 0x00, 0x00, 0x19, 0xFA, 0xFC, 0x35, 0xFF, 0xAD, 0x00, 0x00, 0x00,
0x00, 0x00, 0x00, 0x00, 0x00, 0xA5, 0xFF, 0xC1, 0xFF, 0x40, 0x00, 0x00, 0x00, 0x00, 0x00, 0x00,
0x00, 0x00, 0x36, 0xFF, 0xFF, 0xD3, 0x00, 0x00, 0x00, 0x00, 0x00, 0x00, 0x00, 0x00, 0x00, 0x00,
0xC7, 0xFF, 0x66, 0x00, 0x00, 0x00, 0x00, 0x00, 0x00, 0x00, 0x00, 0x00, 0x00, 0x58, 0xEF, 0x0A,
0x00, 0x00, 0x00, 0x00, 0x00, 0xA0, 0xFF, 0xA6, 0x00, 0x00, 0x00, 0x00, 0x00, 0x47, 0xFF, 0xA1,
0x00, 0x00, 0x00, 0x00, 0x00, 0x3F, 0xFF, 0xBC, 0x46, 0xFF, 0xF6, 0x0E, 0x00, 0x00, 0x00, 0x00,
0xAD, 0xFF, 0xF8, 0x15, 0x00, 0x00, 0x00, 0x00, 0x93, 0xFF, 0x66, 0x03, 0xE9, 0xFF, 0x62, 0x00,
0x00, 0x00, 0x17, 0xFA, 0xE7, 0xFF, 0x7B, 0x00, 0x00, 0x00, 0x01, 0xE5, 0xFB, 0x14, 0x00, 0x94,
0xFF, 0xC0, 0x00, 0x00, 0x00, 0x79, 0xFF, 0x72, 0xFF, 0xE3, 0x04, 0x00, 0x00, 0x3C, 0xFF, 0xBA,
0x00, 0x00, 0x3B, 0xFF, 0xFE, 0x1F, 0x00, 0x01, 0xDD, 0xFA, 0x0F, 0xE6, 0xFF, 0x54, 0x00, 0x00,
0x91, 0xFF, 0x64, 0x00, 0x00, 0x01, 0xE0, 0xFF, 0x7C, 0x00, 0x45, 0xFF, 0xAC, 0x00, 0x88, 0xFF,
0xC1, 0x00, 0x01, 0xE3, 0xFB, 0x13, 0x00, 0x00, 0x00, 0x88, 0xFF, 0xD9, 0x00, 0xAA, 0xFF, 0x48,
0x00, 0x21, 0xFE, 0xFF, 0x2E, 0x3A, 0xFF, 0xB7, 0x00, 0x00, 0x00, 0x00, 0x2F, 0xFF, 0xFF, 0x29,
0xF7, 0xE2, 0x02, 0x00, 0x00, 0xB8, 0xFF, 0x8A, 0x7F, 0xFF, 0x61, 0x00, 0x00, 0x00, 0x00, 0x00,
0xD5, 0xFF, 0x93, 0xFF, 0x81, 0x00, 0x00, 0x00, 0x50, 0xFF, 0xD1, 0xB3, 0xFA, 0x11, 0x00, 0x00,
0x00, 0x00, 0x00, 0x7C, 0xFF, 0xF4, 0xFD, 0x1F, 0x00, 0x00, 0x00, 0x03, 0xE4, 0xFF, 0xF2, 0xB5,
0x00, 0x00, 0x00, 0x00, 0x00, 0x00, 0x23, 0xFF, 0xFF, 0xB9, 0x00, 0x00, 0x00, 0x00, 0x00, 0x80,
0xFF, 0xFF, 0x5F, 0x00, 0x00, 0x00, 0x00, 0x00, 0x00, 0x00, 0xCA, 0xFF, 0x55, 0x00, 0x00, 0x00,
0x00, 0x00, 0x1B, 0xFC, 0xF9, 0x0F, 0x00, 0x00, 0x00, 0x00, 0x00, 0x00, 0x00, 0x71, 0xEB, 0x06,
0x00, 0x00, 0x00, 0x00, 0x00, 0x00, 0xB0, 0xB3, 0x00, 0x00, 0x00, 0x00, 0x00, 0x9D, 0xFF, 0xE2,
0x11, 0x00, 0x00, 0x00, 0x00, 0x4F, 0xFF, 0xEF, 0x1D, 0x00, 0x0D, 0xDF, 0xFF, 0xAD, 0x00, 0x00,
0x00, 0x1D, 0xED, 0xFF, 0x59, 0x00, 0x00, 0x00, 0x3E, 0xFD, 0xFF, 0x67, 0x00, 0x04, 0xC4, 0xFF,
0xA5, 0x00, 0x00, 0x00, 0x00, 0x00, 0x8D, 0xFF, 0xF6, 0x21, 0x7D, 0xFF, 0xE1, 0x0F, 0x00, 0x00,
0x00, 0x00, 0x00, 0x07, 0xD4, 0xFF, 0xB2, 0xF4, 0xFD, 0x3E, 0x00, 0x00, 0x00, 0x00, 0x00, 0x00,
0x00, 0x32, 0xFA, 0xFF, 0xFF, 0x88, 0x00, 0x00, 0x00, 0x00, 0x00, 0x00, 0x00, 0x00, 0x00, 0xC8,
0xFF, 0xFF, 0x3C, 0x00, 0x00, 0x00, 0x00, 0x00, 0x00, 0x00, 0x00, 0x68, 0xFF, 0xDD, 0xFF, 0xD8,
0x09, 0x00, 0x00, 0x00, 0x00, 0x00, 0x00, 0x26, 0xF5, 0xFB, 0x27, 0xD4, 0xFF, 0x91, 0x00, 0x00,
0x00, 0x00, 0x00, 0x04, 0xCA, 0xFF, 0x85, 0x00, 0x41, 0xFE, 0xFE, 0x42, 0x00, 0x00, 0x00, 0x00,
0x83, 0xFF, 0xCB, 0x05, 0x00, 0x00, 0x8E, 0xFF, 0xE1, 0x0E, 0x00, 0x00, 0x3A, 0xFC, 0xF5, 0x26,
0x00, 0x00, 0x00, 0x07, 0xD4, 0xFF, 0xA0, 0x00, 0x0C, 0xDD, 0xFF, 0x66, 0x00, 0x00, 0x00, 0x00,
0x00, 0x30, 0xF9, 0xFF, 0x50, 0x7C, 0xFF, 0xE1, 0x02, 0x00, 0x00, 0x00, 0x00, 0x00, 0x60, 0xFF,
0xB4, 0x18, 0xFA, 0xFF, 0x44, 0x00, 0x00, 0x00, 0x00, 0x00, 0xAE, 0xFF, 0x5F, 0x00, 0xAB, 0xFF,
0xA5, 0x00, 0x00, 0x00, 0x00, 0x08, 0xF4, 0xF9, 0x0F, 0x00, 0x42, 0xFF, 0xF6, 0x0F, 0x00, 0x00,
0x00, 0x4B, 0xFF, 0xB3, 0x00, 0x00, 0x00, 0xD8, 0xFF, 0x67, 0x00, 0x00, 0x00, 0x9A, 0xFF, 0x5D,
0x00, 0x00, 0x00, 0x71, 0xFF, 0xC7, 0x00, 0x00, 0x01, 0xE6, 0xF8, 0x0F, 0x00, 0x00, 0x00, 0x11,
0xF6, 0xFF, 0x29, 0x00, 0x37, 0xFF, 0xB2, 0x00, 0x00, 0x00, 0x00, 0x00, 0x9F, 0xFF, 0x89, 0x00,
0x85, 0xFF, 0x5C, 0x00, 0x00, 0x00, 0x00, 0x00, 0x37, 0xFF, 0xE3, 0x00, 0xCE, 0xF8, 0x0E, 0x00,
0x00, 0x00, 0x00, 0x00, 0x00, 0xCE, 0xFF, 0x3D, 0xFC, 0xB0, 0x00, 0x00, 0x00, 0x00, 0x00, 0x00,
0x00, 0x65, 0xFF, 0xC3, 0xFF, 0x5B, 0x00, 0x00, 0x00, 0x00, 0x00, 0x00, 0x00, 0x0B, 0xF1, 0xFF,
0xF6, 0x0D, 0x00, 0x00, 0x00, 0x00, 0x00, 0x00, 0x00, 0x00, 0x99, 0xFF, 0xA8, 0x00, 0x00, 0x00,
0x00, 0x00, 0x00, 0x00, 0x00, 0x00, 0xAF, 0xFF, 0x4B, 0x00, 0x00, 0x00, 0x00, 0x00, 0x00, 0x00,
0x00, 0x1C, 0xF9, 0xDD, 0x03, 0x00, 0x00, 0x00, 0x00, 0x00, 0x00, 0x0A, 0x23, 0xC8, 0xFF, 0x6C,
0x00, 0x00, 0x00, 0x00, 0x00, 0x00, 0x00, 0xC3, 0xFF, 0xFF, 0xD3, 0x07, 0x00, 0x00, 0x00, 0x00,
0x00, 0x00, 0x00, 0xD1, 0xF8, 0xBE, 0x1D, 0x00, 0x00, 0x00, 0x00, 0x00, 0x00, 0xE8, 0xFF, 0xFF,
0xFF, 0xFF, 0xFF, 0xFF, 0xFF, 0xFF, 0x58, 0xE8, 0xFF, 0xFF, 0xFF, 0xFF, 0xFF, 0xFF, 0xFF, 0xFF,
0x58, 0x00, 0x00, 0x00, 0x00, 0x00, 0x00, 0x5A, 0xFB, 0xE3, 0x13, 0x00, 0x00, 0x00, 0x00, 0x00,
0x42, 0xFD, 0xFB, 0x3B, 0x00, 0x00, 0x00, 0x00, 0x00, 0x18, 0xE8, 0xFF, 0x75, 0x00, 0x00, 0x00,
0x00, 0x00, 0x03, 0xBE, 0xFF, 0xB4, 0x01, 0x00, 0x00, 0x00, 0x00, 0x00, 0x83, 0xFF, 0xE1, 0x12,
0x00, 0x00, 0x00, 0x00, 0x00, 0x46, 0xFD, 0xFA, 0x38, 0x00, 0x00, 0x00, 0x00, 0x00, 0x1A, 0xEA,
0xFF, 0x72, 0x00, 0x00, 0x00, 0x00, 0x00, 0x03, 0xC2, 0xFF, 0xB1, 0x00, 0x00, 0x00, 0x00, 0x00,
0x00, 0x87, 0xFF, 0xBA, 0x0C, 0x00, 0x00, 0x00, 0x00, 0x00, 0x00, 0xE8, 0xFF, 0xFF, 0xFF, 0xFF,
0xFF, 0xFF, 0xFF, 0xFF, 0x58, 0xE8, 0xFF, 0xFF, 0xFF, 0xFF, 0xFF, 0xFF, 0xFF, 0xFF, 0x58, 0x00,
0x00, 0x00, 0x79, 0xE8, 0xFF, 0xFF, 0x3C, 0x00, 0x00, 0x33, 0xFF, 0xFF, 0xFF, 0xFF, 0x3C, 0x00,
0x00, 0x67, 0xFF, 0xD5, 0x16, 0x00, 0x00, 0x00, 0x00, 0x70, 0xFF, 0x9B, 0x00, 0x00, 0x00, 0x00,
0x00, 0x70, 0xFF, 0x98, 0x00, 0x00, 0x00, 0x00, 0x00, 0x70, 0xFF, 0x98, 0x00, 0x00, 0x00, 0x00,
0x00, 0x70, 0xFF, 0x98, 0x00, 0x00, 0x00, 0x00, 0x00, 0x70, 0xFF, 0x98, 0x00, 0x00, 0x00, 0x00,
0x00, 0x70, 0xFF, 0x98, 0x00, 0x00, 0x00, 0x00, 0x00, 0x89, 0xFF, 0x92, 0x00, 0x00, 0x00, 0x04,
0x3B, 0xEA, 0xFF, 0x61, 0x00, 0x00, 0x00, 0x84, 0xFF, 0xF5, 0x8A, 0x03, 0x00, 0x00, 0x00, 0x84,
0xFF, 0xFC, 0xA3, 0x05, 0x00, 0x00, 0x00, 0x04, 0x39, 0xE9, 0xFF, 0x62, 0x00, 0x00, 0x00, 0x00,
0x00, 0x8A, 0xFF, 0x92, 0x00, 0x00, 0x00, 0x00, 0x00, 0x71, 0xFF, 0x98, 0x00, 0x00, 0x00, 0x00,
0x00, 0x70, 0xFF, 0x98, 0x00, 0x00, 0x00, 0x00, 0x00, 0x70, 0xFF, 0x98, 0x00, 0x00, 0x00, 0x00,
0x00, 0x70, 0xFF, 0x98, 0x00, 0x00, 0x00, 0x00, 0x00, 0x70, 0xFF, 0x98, 0x00, 0x00, 0x00, 0x00,
0x00, 0x70, 0xFF, 0x9B, 0x00, 0x00, 0x00, 0x00, 0x00, 0x68, 0xFF, 0xD5, 0x16, 0x00, 0x00, 0x00,
0x00, 0x38, 0xFF, 0xFF, 0xFF, 0xFF, 0x3C, 0x00, 0x00, 0x00, 0x7F, 0xEA, 0xFF, 0xFF, 0x3C, 0xCC,
0xFC, 0xCC, 0xFC, 0xCC, 0xFC, 0xCC, 0xFC, 0xCC, 0xFC, 0xCC, 0xFC, 0xCC, 0xFC, 0xCC, 0xFC, 0xCC,
0xFC, 0xCC, 0xFC, 0xCC, 0xFC, 0xCC, 0xFC, 0xCC, 0xFC, 0xCC, 0xFC, 0xCC, 0xFC, 0xCC, 0xFC, 0xCC,
0xFC, 0xCC, 0xFC, 0xCC, 0xFC, 0xCC, 0xFC, 0xCC, 0xFC, 0x90, 0xFF, 0xFD, 0xD5, 0x3D, 0x00, 0x00,
0x00, 0x90, 0xFF, 0xFF, 0xFF, 0xE1, 0x00, 0x00, 0x00, 0x00, 0x01, 0x41, 0xFF, 0xFF, 0x13, 0x00,
0x00, 0x00, 0x00, 0x00, 0xEF, 0xFF, 0x1C, 0x00, 0x00, 0x00, 0x00, 0x00, 0xEC, 0xFF, 0x1C, 0x00,
0x00, 0x00, 0x00, 0x00, 0xEC, 0xFF, 0x1C, 0x00, 0x00, 0x00, 0x00, 0x00, 0xEC, 0xFF, 0x1C, 0x00,
0x00, 0x00, 0x00, 0x00, 0xEC, 0xFF, 0x1C, 0x00, 0x00, 0x00, 0x00, 0x00, 0xEC, 0xFF, 0x1C, 0x00,
0x00, 0x00, 0x00, 0x00, 0xE6, 0xFF, 0x34, 0x00, 0x00, 0x00, 0x00, 0x00, 0xB6, 0xFF, 0xB3, 0x1C,
0x00, 0x00, 0x00, 0x00, 0x26, 0xD2, 0xFF, 0xFF, 0x30, 0x00, 0x00, 0x00, 0x22, 0xBF, 0xFF, 0xFF,
0x30, 0x00, 0x00, 0x00, 0xB9, 0xFF, 0xB9, 0x1F, 0x00, 0x00, 0x00, 0x00, 0xE7, 0xFF, 0x34, 0x00,
0x00, 0x00, 0x00, 0x00, 0xEC, 0xFF, 0x1C, 0x00, 0x00, 0x00, 0x00, 0x00, 0xEC, 0xFF, 0x1C, 0x00,
0x00, 0x00, 0x00, 0x00, 0xEC, 0xFF, 0x1C, 0x00, 0x00, 0x00, 0x00, 0x00, 0xEC, 0xFF, 0x1C, 0x00,
0x00, 0x00, 0x00, 0x00, 0xEC, 0xFF, 0x1C, 0x00, 0x00, 0x00, 0x00, 0x00, 0xEF, 0xFF, 0x1C, 0x00,
0x00, 0x00, 0x01, 0x40, 0xFF, 0xFF, 0x13, 0x00, 0x00, 0x90, 0xFF, 0xFF, 0xFF, 0xDF, 0x00, 0x00,
0x00, 0x90, 0xFF, 0xFD, 0xD6, 0x3D, 0x00, 0x00, 0x00, 0x00, 0x11, 0x83, 0xD9, 0xF8, 0xE1, 0xA7,
0x5B, 0x1C, 0x0E, 0x57, 0x9E, 0x00, 0x0A, 0xE4, 0xFF, 0xFF, 0xFF, 0xFF, 0xFF, 0xFF, 0xFF, 0xFF,
0xFF, 0xFE, 0x23, 0x00, 0x92, 0x8B, 0x2E, 0x0A, 0x27, 0x70, 0xBE, 0xEE, 0xF4, 0xB6, 0x3B, 0x00,
0x00, 0x37, 0xE9, 0xE2, 0x21, 0x00, 0x3B, 0xEC, 0xE0, 0x20, 0x00, 0x00, 0x38, 0xE9, 0xE2, 0x22,
0x00, 0x3C, 0xEC, 0xE0, 0x21, 0x00, 0x00, 0x00, 0x00, 0x00, 0x00, 0x00, 0x00, 0x00, 0x00, 0x00,
0x00, 0xCC, 0xFF, 0xFF, 0xFF, 0xFF, 0xFF, 0xFF, 0xFF, 0xFF, 0xFF, 0x1C, 0xCC, 0xFF, 0xFF, 0xFF,
0xFF, 0xFF, 0xFF, 0xFF, 0xFF, 0xFF, 0x1C, 0xCC, 0xFF, 0x60, 0x00, 0x00, 0x00, 0x00, 0x00, 0x00,
0x00, 0x00, 0xCC, 0xFF, 0x60, 0x00, 0x00, 0x00, 0x00, 0x00, 0x00, 0x00, 0x00, 0xCC, 0xFF, 0x60,
0x00, 0x00, 0x00, 0x00, 0x00, 0x00, 0x00, 0x00, 0xCC, 0xFF, 0x60, 0x00, 0x00, 0x00, 0x00, 0x00,
0x00, 0x00, 0x00, 0xCC, 0xFF, 0x60, 0x00, 0x00, 0x00, 0x00, 0x00, 0x00, 0x00, 0x00, 0xCC, 0xFF,
0x60, 0x00, 0x00, 0x00, 0x00, 0x00, 0x00, 0x00, 0x00, 0xCC, 0xFF, 0xFF, 0xFF, 0xFF, 0xFF, 0xFF,
0xFF, 0xFF, 0x78, 0x00, 0xCC, 0xFF, 0xFF, 0xFF, 0xFF, 0xFF, 0xFF, 0xFF, 0xFF, 0x78, 0x00, 0xCC,
0xFF, 0x60, 0x00, 0x00, 0x00, 0x00, 0x00, 0x00, 0x00, 0x00, 0xCC, 0xFF, 0x60, 0x00, 0x00, 0x00,
0x00, 0x00, 0x00, 0x00, 0x00, 0xCC, 0xFF, 0x60, 0x00, 0x00, 0x00, 0x00, 0x00, 0x00, 0x00, 0x00,
0xCC, 0xFF, 0x60, 0x00, 0x00, 0x00, 0x00, 0x00, 0x00, 0x00, 0x00, 0xCC, 0xFF, 0x60, 0x00, 0x00,
0x00, 0x00, 0x00, 0x00, 0x00, 0x00, 0xCC, 0xFF, 0x60, 0x00, 0x00, 0x00, 0x00, 0x00, 0x00, 0x00,
0x00, 0xCC, 0xFF, 0xFF, 0xFF, 0xFF, 0xFF, 0xFF, 0xFF, 0xFF, 0xFF, 0x40, 0xCC, 0xFF, 0xFF, 0xFF,
0xFF, 0xFF, 0xFF, 0xFF, 0xFF, 0xFF, 0x40, 0x88, 0xFF, 0xFF, 0xFF, 0xFF, 0xFF, 0xFF, 0xFF, 0xFF,
0xFF, 0xFF, 0xFF, 0xFF, 0xF8, 0x00, 0x00, 0x00, 0x00, 0x88, 0xFF, 0xFF, 0xFF, 0xFF, 0xFF, 0xFF,
0xFF, 0xFF, 0xFF, 0xFF, 0xFF, 0xFF, 0xF8, 0x00, 0x00, 0x00, 0x00, 0x00, 0x00, 0x00, 0x00, 0x00,
0x00, 0xDC, 0xFF, 0x4C, 0x00, 0x00, 0x00, 0x00, 0x00, 0x00, 0x00, 0x00, 0x00, 0x00, 0x00, 0x00,
0x00, 0x00, 0x00, 0xDC, 0xFF, 0x4C, 0x00, 0x00, 0x00, 0x00, 0x00, 0x00, 0x00, 0x00, 0x00, 0x00,
0x00, 0x00, 0x00, 0x00, 0x00, 0xDC, 0xFF, 0x4C, 0x00, 0x00, 0x00, 0x00, 0x00, 0x00, 0x00, 0x00,
0x00, 0x00, 0x00, 0x00, 0x00, 0x00, 0x00, 0xDC, 0xFF, 0x4C, 0x00, 0x00, 0x00, 0x00, 0x00, 0x00,
0x00, 0x00, 0x00, 0x00, 0x00, 0x00, 0x00, 0x00, 0x00, 0xDC, 0xFF, 0x4C, 0x00, 0x00, 0x00, 0x00,
0x00, 0x00, 0x00, 0x00, 0x00, 0x00, 0x00, 0x00, 0x00, 0x00, 0x00, 0xDC, 0xFF, 0xB3, 0xC3, 0xEB,
0xFB, 0xEE, 0xD0, 0x93, 0x1E, 0x00, 0x00, 0x00, 0x00, 0x00, 0x00, 0x00, 0x00, 0xDC, 0xFF, 0xFF,
0xFF, 0xFF, 0xFF, 0xFF, 0xFF, 0xFF, 0xF1, 0x37, 0x00, 0x00, 0x00, 0x00, 0x00, 0x00, 0x00, 0xDC,
0xFF, 0x95, 0x34, 0x0E, 0x08, 0x22, 0x76, 0xF0, 0xFF, 0xDA, 0x03, 0x00, 0x00, 0x00, 0x00, 0x00,
0x00, 0xDC, 0xFF, 0x4C, 0x00, 0x00, 0x00, 0x00, 0x00, 0x49, 0xFF, 0xFF, 0x3E, 0x00, 0x00, 0x00,
0x00, 0x00, 0x00, 0xDC, 0xFF, 0x4C, 0x00, 0x00, 0x00, 0x00, 0x00, 0x00, 0xE9, 0xFF, 0x68, 0x00,
0x00, 0x00, 0x00, 0x00, 0x00, 0xDC, 0xFF, 0x4C, 0x00, 0x00, 0x00, 0x00, 0x00, 0x00, 0xD9, 0xFF,
0x71, 0x00, 0x00, 0x00, 0x00, 0x00, 0x00, 0xDC, 0xFF, 0x4C, 0x00, 0x00, 0x00, 0x00, 0x00, 0x02,
0xF8, 0xFF, 0x5B, 0x00, 0x00, 0x00, 0x00, 0x00, 0x00, 0xDC, 0xFF, 0x4C, 0x00, 0x00, 0x00, 0x00,
0x00, 0x62, 0xFF, 0xFF, 0x23, 0x00, 0x00, 0x00, 0x00, 0x00, 0x00, 0xDC, 0xFF, 0x4C, 0x06, 0x03,
0x04, 0x24, 0x76, 0xF4, 0xFF, 0xB4, 0x00, 0x00, 0x00, 0x00, 0x00, 0x00, 0x00, 0xDC, 0xFF, 0x4C,
0x68, 0xFF, 0xFF, 0xFF, 0xFF, 0xFF, 0xD2, 0x16, 0x00, 0x00, 0x00, 0x00, 0x00, 0x00, 0x00, 0xDC,
0xFF, 0x4C, 0x62, 0xFD, 0xFD, 0xED, 0xC0, 0x6D, 0x08, 0x00, 0x00, 0x00, 0x00, 0x00, 0x00, 0x00,
0x13, 0xCF, 0xFF, 0xFC, 0x6B, 0x00, 0x00, 0x00, 0x00, 0x15, 0xD2, 0xFF, 0xC0, 0x2E, 0x00, 0x00,
0x00, 0x00, 0x17, 0xD5, 0xE1, 0x56, 0x00, 0x00, 0x00, 0x00, 0x00, 0x00, 0x00, 0x00, 0x00, 0x00,
0x00, 0x00, 0x00, 0xCC, 0xFF, 0xFF, 0xFF, 0xFF, 0xFF, 0xFF, 0xFF, 0xFF, 0xF4, 0xCC, 0xFF, 0xFF,
0xFF, 0xFF, 0xFF, 0xFF, 0xFF, 0xFF, 0xF4, 0xCC, 0xFF, 0x60, 0x00, 0x00, 0x00, 0x00, 0x00, 0x00,
0x00, 0xCC, 0xFF, 0x60, 0x00, 0x00, 0x00, 0x00, 0x00, 0x00, 0x00, 0xCC, 0xFF, 0x60, 0x00, 0x00,
0x00, 0x00, 0x00, 0x00, 0x00, 0xCC, 0xFF, 0x60, 0x00, 0x00, 0x00, 0x00, 0x00, 0x00, 0x00, 0xCC,
0xFF, 0x60, 0x00, 0x00, 0x00, 0x00, 0x00, 0x00, 0x00, 0xCC, 0xFF, 0x60, 0x00, 0x00, 0x00, 0x00,
0x00, 0x00, 0x00, 0xCC, 0xFF, 0x60, 0x00, 0x00, 0x00, 0x00, 0x00, 0x00, 0x00, 0xCC, 0xFF, 0x60,
0x00, 0x00, 0x00, 0x00, 0x00, 0x00, 0x00, 0xCC, 0xFF, 0x60, 0x00, 0x00, 0x00, 0x00, 0x00, 0x00,
0x00, 0xCC, 0xFF, 0x60, 0x00, 0x00, 0x00, 0x00, 0x00, 0x00, 0x00, 0xCC, 0xFF, 0x60, 0x00, 0x00,
0x00, 0x00, 0x00, 0x00, 0x00, 0xCC, 0xFF, 0x60, 0x00, 0x00, 0x00, 0x00, 0x00, 0x00, 0x00, 0xCC,
0xFF, 0x60, 0x00, 0x00, 0x00, 0x00, 0x00, 0x00, 0x00, 0xCC, 0xFF, 0x60, 0x00, 0x00, 0x00, 0x00,
0x00, 0x00, 0x00, 0xCC, 0xFF, 0x60, 0x00, 0x00, 0x00, 0x00, 0x00, 0x00, 0x00, 0xCC, 0xFF, 0x60,
0x00, 0x00, 0x00, 0x00, 0x00, 0x00, 0x00, 0x00, 0x00, 0x00, 0x00, 0x0C, 0x6F, 0xBC, 0xEA, 0xFB,
0xF2, 0xD3, 0x97, 0x33, 0x00, 0x00, 0x00, 0x00, 0x4A, 0xEB, 0xFF, 0xFF, 0xFF, 0xFF, 0xFF, 0xFF,
0xFF, 0xC1, 0x00, 0x00, 0x00, 0x53, 0xFE, 0xFF, 0xDC, 0x66, 0x20, 0x05, 0x0E, 0x39, 0x8B, 0x73,
0x00, 0x00, 0x21, 0xF5, 0xFF, 0xB6, 0x0B, 0x00, 0x00, 0x00, 0x00, 0x00, 0x00, 0x00, 0x00, 0x00,
0xA2, 0xFF, 0xE1, 0x0B, 0x00, 0x00, 0x00, 0x00, 0x00, 0x00, 0x00, 0x00, 0x00, 0x0A, 0xF8, 0xFF,
0x65, 0x00, 0x00, 0x00, 0x00, 0x00, 0x00, 0x00, 0x00, 0x00, 0x00, 0x4A, 0xFF, 0xFD, 0x10, 0x00,
0x00, 0x00, 0x00, 0x00, 0x00, 0x00, 0x00, 0x00, 0x00, 0x6E, 0xFF, 0xDB, 0x00, 0x00, 0x00, 0x00,
0x00, 0x00, 0x00, 0x00, 0x00, 0x00, 0x00, 0x82, 0xFF, 0xFF, 0xFF, 0xFF, 0xFF, 0xFF, 0xFF, 0xFF,
0xFF, 0xB8, 0x00, 0x00, 0x00, 0x83, 0xFF, 0xFF, 0xFF, 0xFF, 0xFF, 0xFF, 0xFF, 0xFF, 0xFF, 0xB8,
0x00, 0x00, 0x00, 0x70, 0xFF, 0xD0, 0x00, 0x00, 0x00, 0x00, 0x00, 0x00, 0x00, 0x00, 0x00, 0x00,
0x00, 0x4D, 0xFF, 0xF5, 0x07, 0x00, 0x00, 0x00, 0x00, 0x00, 0x00, 0x00, 0x00, 0x00, 0x00, 0x0F,
0xFC, 0xFF, 0x53, 0x00, 0x00, 0x00, 0x00, 0x00, 0x00, 0x00, 0x00, 0x00, 0x00, 0x00, 0xAF, 0xFF,
0xD8, 0x0A, 0x00, 0x00, 0x00, 0x00, 0x00, 0x00, 0x00, 0x00, 0x00, 0x00, 0x31, 0xFB, 0xFF, 0xBA,
0x10, 0x00, 0x00, 0x00, 0x00, 0x00, 0x00, 0x00, 0x00, 0x00, 0x00, 0x6F, 0xFF, 0xFF, 0xE5, 0x76,
0x2B, 0x09, 0x08, 0x27, 0x6F, 0x9E, 0x00, 0x00, 0x00, 0x00, 0x61, 0xF4, 0xFF, 0xFF, 0xFF, 0xFF,
0xFF, 0xFF, 0xFF, 0xF7, 0x09, 0x00, 0x00, 0x00, 0x00, 0x14, 0x7B, 0xC3, 0xEB, 0xFA, 0xEA, 0xD5,
0xAC, 0x55, 0x01, 0x00, 0x00, 0x19, 0x88, 0xD0, 0xF2, 0xFC, 0xF1, 0xD3, 0xA3, 0x54, 0x03, 0x00,
0x39, 0xEF, 0xFF, 0xFF, 0xFF, 0xFF, 0xFF, 0xFF, 0xFF, 0xFD, 0x18, 0x05, 0xE1, 0xFF, 0xD2, 0x4B,
0x16, 0x05, 0x16, 0x42, 0x8A, 0xAC, 0x00, 0x3F, 0xFF, 0xF6, 0x15, 0x00, 0x00, 0x00, 0x00, 0x00,
0x00, 0x00, 0x00, 0x54, 0xFF, 0xDA, 0x00, 0x00, 0x00, 0x00, 0x00, 0x00, 0x00, 0x00, 0x00, 0x37,
0xFF, 0xFE, 0x42, 0x00, 0x00, 0x00, 0x00, 0x00, 0x00, 0x00, 0x00, 0x01, 0xD6, 0xFF, 0xF8, 0x77,
0x07, 0x00, 0x00, 0x00, 0x00, 0x00, 0x00, 0x00, 0x2D, 0xEC, 0xFF, 0xFF, 0xE7, 0x79, 0x0F, 0x00,
0x00, 0x00, 0x00, 0x00, 0x00, 0x20, 0xAE, 0xFE, 0xFF, 0xFF, 0xEB, 0x6A, 0x04, 0x00, 0x00, 0x00,
0x00, 0x00, 0x00, 0x30, 0xA9, 0xFC, 0xFF, 0xFF, 0xC6, 0x15, 0x00, 0x00, 0x00, 0x00, 0x00, 0x00,
0x00, 0x1F, 0x9B, 0xFE, 0xFF, 0xC5, 0x02, 0x00, 0x00, 0x00, 0x00, 0x00, 0x00, 0x00, 0x00, 0x55,
0xFE, 0xFF, 0x4E, 0x00, 0x00, 0x00, 0x00, 0x00, 0x00, 0x00, 0x00, 0x00, 0xB7, 0xFF, 0x83, 0x00,
0x00, 0x00, 0x00, 0x00, 0x00, 0x00, 0x00, 0x00, 0x9F, 0xFF, 0x86, 0x00, 0x00, 0x00, 0x00, 0x00,
0x00, 0x00, 0x00, 0x19, 0xE8, 0xFF, 0x54, 0x42, 0xBD, 0x64, 0x2A, 0x0B, 0x06, 0x1D, 0x60, 0xDA,
0xFF, 0xDB, 0x07, 0x9E, 0xFF, 0xFF, 0xFF, 0xFF, 0xFF, 0xFF, 0xFF, 0xFF, 0xDE, 0x27, 0x00, 0x23,
0x7E, 0xBD, 0xE5, 0xF6, 0xFC, 0xEC, 0xC1, 0x6F, 0x0B, 0x00, 0x00, 0x4C, 0xFF, 0xDC, 0x4C, 0xFF,
0xDC, 0x4C, 0xFF, 0xDC, 0x4C, 0xFF, 0xDC, 0x4C, 0xFF, 0xDC, 0x4C, 0xFF, 0xDC, 0x4C, 0xFF, 0xDC,
0x4C, 0xFF, 0xDC, 0x4C, 0xFF, 0xDC, 0x4C, 0xFF, 0xDC, 0x4C, 0xFF, 0xDC, 0x4C, 0xFF, 0xDC, 0x4C,
0xFF, 0xDC, 0x4C, 0xFF, 0xDC, 0x4C, 0xFF, 0xDC, 0x4C, 0xFF, 0xDC, 0x4C, 0xFF, 0xDC, 0x4C, 0xFF,
0xDC, 0x0D, 0xD3, 0xED, 0x3B, 0x8A, 0xF7, 0x89, 0x0E, 0xD5, 0xEE, 0x3D, 0x8C, 0xF8, 0x8C, 0x00,
0x00, 0x00, 0x00, 0x00, 0x00, 0x00, 0x00, 0x00, 0x44, 0xFF, 0xE4, 0x00, 0x00, 0x00, 0x00, 0x44,
0xFF, 0xE4, 0x00, 0x00, 0x00, 0x00, 0x44, 0xFF, 0xE4, 0x00, 0x00, 0x00, 0x00, 0x44, 0xFF, 0xE4,
0x00, 0x00, 0x00, 0x00, 0x44, 0xFF, 0xE4, 0x00, 0x00, 0x00, 0x00, 0x44, 0xFF, 0xE4, 0x00, 0x00,
0x00, 0x00, 0x44, 0xFF, 0xE4, 0x00, 0x00, 0x00, 0x00, 0x44, 0xFF, 0xE4, 0x00, 0x00, 0x00, 0x00,
0x44, 0xFF, 0xE4, 0x00, 0x00, 0x00, 0x00, 0x44, 0xFF, 0xE4, 0x00, 0x00, 0x00, 0x00, 0x44, 0xFF,
0xE4, 0x00, 0x00, 0x00, 0x00, 0x44, 0xFF, 0xE4, 0x00, 0x00, 0x00, 0x00, 0x44, 0xFF, 0xE4, 0x00,
0x00, 0x00, 0x00, 0x44, 0xFF, 0xE4, 0x00, 0x00, 0x00, 0x00, 0x44, 0xFF, 0xE4, 0x00, 0x00, 0x00,
0x00, 0x44, 0xFF, 0xE4, 0x00, 0x00, 0x00, 0x00, 0x44, 0xFF, 0xE4, 0x00, 0x00, 0x00, 0x00, 0x44,
0xFF, 0xE4, 0x00, 0x00, 0x00, 0x00, 0x00, 0x18, 0xFF, 0xFF, 0x10, 0x00, 0x00, 0x00, 0x18, 0xFF,
0xFF, 0x10, 0x00, 0x00, 0x00, 0x18, 0xFF, 0xFF, 0x10, 0x00, 0x00, 0x00, 0x18, 0xFF, 0xFF, 0x10,
0x00, 0x00, 0x00, 0x18, 0xFF, 0xFF, 0x10, 0x00, 0x00, 0x00, 0x18, 0xFF, 0xFF, 0x10, 0x00, 0x00,
0x00, 0x18, 0xFF, 0xFF, 0x10, 0x00, 0x00, 0x00, 0x18, 0xFF, 0xFF, 0x10, 0x00, 0x00, 0x00, 0x18,
0xFF, 0xFF, 0x10, 0x00, 0x00, 0x00, 0x18, 0xFF, 0xFF, 0x10, 0x00, 0x00, 0x00, 0x18, 0xFF, 0xFF,
0x10, 0x00, 0x00, 0x00, 0x18, 0xFF, 0xFF, 0x10, 0x00, 0x00, 0x00, 0x18, 0xFF, 0xFF, 0x10, 0x00,
0x00, 0x00, 0x1E, 0xFF, 0xFF, 0x0F, 0x00, 0x00, 0x00, 0x3C, 0xFF, 0xF8, 0x01, 0x00, 0x00, 0x13,
0xB0, 0xFF, 0xD2, 0x00, 0x94, 0xFF, 0xFF, 0xFF, 0xFF, 0x5E, 0x00, 0xC9, 0xFF, 0xFC, 0xDB, 0x70,
0x00, 0x00, 0x00, 0x00, 0x00, 0x00, 0x00, 0xA1, 0xFF, 0xFF, 0xFF, 0xFF, 0xFF, 0xFF, 0xFF, 0xFF,
0xFF, 0x04, 0x00, 0x00, 0x00, 0x00, 0x00, 0x00, 0x00, 0x00, 0x00, 0x00, 0x00, 0x00, 0x00, 0x00,
0xA9, 0xFF, 0xFF, 0xFF, 0xFF, 0xFF, 0xFF, 0xFF, 0xFF, 0xFF, 0x04, 0x00, 0x00, 0x00, 0x00, 0x00,
0x00, 0x00, 0x00, 0x00, 0x00, 0x00, 0x00, 0x00, 0x00, 0xB1, 0xFF, 0x63, 0x00, 0x00, 0x00, 0x00,
0x24, 0xFF, 0xFF, 0x04, 0x00, 0x00, 0x00, 0x00, 0x00, 0x00, 0x00, 0x00, 0x00, 0x00, 0x00, 0x00,
0x00, 0x00, 0xBB, 0xFF, 0x54, 0x00, 0x00, 0x00, 0x00, 0x24, 0xFF, 0xFF, 0x04, 0x00, 0x00, 0x00,
0x00, 0x00, 0x00, 0x00, 0x00, 0x00, 0x00, 0x00, 0x00, 0x00, 0x00, 0xC8, 0xFF, 0x45, 0x00, 0x00,
0x00, 0x00, 0x24, 0xFF, 0xFF, 0x04, 0x00, 0x00, 0x00, 0x00, 0x00, 0x00, 0x00, 0x00, 0x00, 0x00,
0x00, 0x00, 0x00, 0x00, 0xD5, 0xFF, 0x32, 0x00, 0x00, 0x00, 0x00, 0x24, 0xFF, 0xFF, 0x04, 0x00,
0x00, 0x00, 0x00, 0x00, 0x00, 0x00, 0x00, 0x00, 0x00, 0x00, 0x00, 0x00, 0x00, 0xE8, 0xFF, 0x1F,
0x00, 0x00, 0x00, 0x00, 0x24, 0xFF, 0xFF, 0x04, 0x00, 0x00, 0x00, 0x00, 0x00, 0x00, 0x00, 0x00,
0x00, 0x00, 0x00, 0x00, 0x00, 0x00, 0xFB, 0xFF, 0x08, 0x00, 0x00, 0x00, 0x00, 0x24, 0xFF, 0xFF,
0xD8, 0xEF, 0xFB, 0xE9, 0xD0, 0xA0, 0x40, 0x00, 0x00, 0x00, 0x00, 0x00, 0x00, 0x00, 0x16, 0xFF,
0xEF, 0x00, 0x00, 0x00, 0x00, 0x00, 0x24, 0xFF, 0xFF, 0xFF, 0xFF, 0xFF, 0xFF, 0xFF, 0xFF, 0xFF,
0x9E, 0x02, 0x00, 0x00, 0x00, 0x00, 0x00, 0x33, 0xFF, 0xD3, 0x00, 0x00, 0x00, 0x00, 0x00, 0x24,
0xFF, 0xFF, 0x26, 0x0C, 0x06, 0x1C, 0x55, 0xBE, 0xFF, 0xFF, 0x77, 0x00, 0x00, 0x00, 0x00, 0x00,
0x58, 0xFF, 0xB4, 0x00, 0x00, 0x00, 0x00, 0x00, 0x24, 0xFF, 0xFF, 0x04, 0x00, 0x00, 0x00, 0x00,
0x01, 0xAD, 0xFF, 0xE8, 0x03, 0x00, 0x00, 0x00, 0x00, 0x82, 0xFF, 0x8F, 0x00, 0x00, 0x00, 0x00,
0x00, 0x24, 0xFF, 0xFF, 0x04, 0x00, 0x00, 0x00, 0x00, 0x00, 0x38, 0xFF, 0xFF, 0x1D, 0x00, 0x00,
0x00, 0x00, 0xBC, 0xFF, 0x61, 0x00, 0x00, 0x00, 0x00, 0x00, 0x24, 0xFF, 0xFF, 0x04, 0x00, 0x00,
0x00, 0x00, 0x00, 0x1F, 0xFF, 0xFF, 0x27, 0x00, 0x00, 0x00, 0x0E, 0xF8, 0xFF, 0x29, 0x00, 0x00,
0x00, 0x00, 0x00, 0x24, 0xFF, 0xFF, 0x04, 0x00, 0x00, 0x00, 0x00, 0x00, 0x4B, 0xFF, 0xFC, 0x0C,
0x00, 0x00, 0x00, 0x6F, 0xFF, 0xE1, 0x00, 0x00, 0x00, 0x00, 0x00, 0x00, 0x24, 0xFF, 0xFF, 0x04,
0x00, 0x00, 0x00, 0x00, 0x0B, 0xCD, 0xFF, 0xBA, 0x00, 0x00, 0x06, 0x3F, 0xF0, 0xFF, 0x81, 0x00,
0x00, 0x00, 0x00, 0x00, 0x00, 0x24, 0xFF, 0xFF, 0x17, 0x05, 0x06, 0x23, 0x64, 0xDA, 0xFF, 0xF8,
0x30, 0x00, 0x00, 0xDB, 0xFF, 0xFF, 0xE3, 0x0E, 0x00, 0x00, 0x00, 0x00, 0x00, 0x00, 0x24, 0xFF,
0xFF, 0xFF, 0xFF, 0xFF, 0xFF, 0xFF, 0xFF, 0xE8, 0x44, 0x00, 0x00, 0x01, 0xE0, 0xF7, 0xBD, 0x25,
0x00, 0x00, 0x00, 0x00, 0x00, 0x00, 0x00, 0x16, 0xBF, 0xE2, 0xF4, 0xFD, 0xFA, 0xE7, 0xBB, 0x6F,
0x0F, 0x00, 0x00, 0x00, 0xCC, 0xFF, 0x60, 0x00, 0x00, 0x00, 0x00, 0x00, 0x00, 0x00, 0x00, 0xE4,
0xFF, 0x44, 0x00, 0x00, 0x00, 0x00, 0x00, 0x00, 0x00, 0x00, 0x00, 0xCC, 0xFF, 0x60, 0x00, 0x00,
0x00, 0x00, 0x00, 0x00, 0x00, 0x00, 0xE4, 0xFF, 0x44, 0x00, 0x00, 0x00, 0x00, 0x00, 0x00, 0x00,
0x00, 0x00, 0xCC, 0xFF, 0x60, 0x00, 0x00, 0x00, 0x00, 0x00, 0x00, 0x00, 0x00, 0xE4, 0xFF, 0x44,
0x00, 0x00, 0x00, 0x00, 0x00, 0x00, 0x00, 0x00, 0x00, 0xCC, 0xFF, 0x60, 0x00, 0x00, 0x00, 0x00,
0x00, 0x00, 0x00, 0x00, 0xE4, 0xFF, 0x44, 0x00, 0x00, 0x00, 0x00, 0x00, 0x00, 0x00, 0x00, 0x00,
0xCC, 0xFF, 0x60, 0x00, 0x00, 0x00, 0x00, 0x00, 0x00, 0x00, 0x00, 0xE4, 0xFF, 0x44, 0x00, 0x00,
0x00, 0x00, 0x00, 0x00, 0x00, 0x00, 0x00, 0xCC, 0xFF, 0x60, 0x00, 0x00, 0x00, 0x00, 0x00, 0x00,
0x00, 0x00, 0xE4, 0xFF, 0x44, 0x00, 0x00, 0x00, 0x00, 0x00, 0x00, 0x00, 0x00, 0x00, 0xCC, 0xFF,
0x60, 0x00, 0x00, 0x00, 0x00, 0x00, 0x00, 0x00, 0x00, 0xE4, 0xFF, 0x44, 0x00, 0x00, 0x00, 0x00,
0x00, 0x00, 0x00, 0x00, 0x00, 0xCC, 0xFF, 0x60, 0x00, 0x00, 0x00, 0x00, 0x00, 0x00, 0x00, 0x00,
0xE4, 0xFF, 0xE1, 0xEC, 0xFB, 0xF0, 0xD9, 0xB6, 0x6A, 0x09, 0x00, 0x00, 0xCC, 0xFF, 0xFF, 0xFF,
0xFF, 0xFF, 0xFF, 0xFF, 0xFF, 0xFF, 0xFF, 0xFF, 0xFF, 0xFF, 0xFF, 0xFF, 0xFF, 0xFF, 0xFF, 0xFF,
0xD9, 0x20, 0x00, 0xCC, 0xFF, 0xFF, 0xFF, 0xFF, 0xFF, 0xFF, 0xFF, 0xFF, 0xFF, 0xFF, 0xFF, 0xFF,
0x62, 0x11, 0x04, 0x12, 0x35, 0x8D, 0xFA, 0xFF, 0xC7, 0x00, 0xCC, 0xFF, 0x60, 0x00, 0x00, 0x00,
0x00, 0x00, 0x00, 0x00, 0x00, 0xE4, 0xFF, 0x44, 0x00, 0x00, 0x00, 0x00, 0x00, 0x60, 0xFF, 0xFF,
0x32, 0xCC, 0xFF, 0x60, 0x00, 0x00, 0x00, 0x00, 0x00, 0x00, 0x00, 0x00, 0xE4, 0xFF, 0x44, 0x00,
0x00, 0x00, 0x00, 0x00, 0x03, 0xF1, 0xFF, 0x5E, 0xCC, 0xFF, 0x60, 0x00, 0x00, 0x00, 0x00, 0x00,
0x00, 0x00, 0x00, 0xE4, 0xFF, 0x44, 0x00, 0x00, 0x00, 0x00, 0x00, 0x00, 0xDF, 0xFF, 0x66, 0xCC,
0xFF, 0x60, 0x00, 0x00, 0x00, 0x00, 0x00, 0x00, 0x00, 0x00, 0xE4, 0xFF, 0x44, 0x00, 0x00, 0x00,
0x00, 0x00, 0x0E, 0xF9, 0xFF, 0x4B, 0xCC, 0xFF, 0x60, 0x00, 0x00, 0x00, 0x00, 0x00, 0x00, 0x00,
0x00, 0xE4, 0xFF, 0x44, 0x00, 0x00, 0x00, 0x00, 0x00, 0x8B, 0xFF, 0xF5, 0x0B, 0xCC, 0xFF, 0x60,
0x00, 0x00, 0x00, 0x00, 0x00, 0x00, 0x00, 0x00, 0xE4, 0xFF, 0x56, 0x07, 0x03, 0x19, 0x46, 0xB2,
0xFF, 0xFF, 0x75, 0x00, 0xCC, 0xFF, 0x60, 0x00, 0x00, 0x00, 0x00, 0x00, 0x00, 0x00, 0x00, 0xE4,
0xFF, 0xFF, 0xFF, 0xFF, 0xFF, 0xFF, 0xFF, 0xFC, 0x84, 0x00, 0x00, 0xCC, 0xFF, 0x60, 0x00, 0x00,
0x00, 0x00, 0x00, 0x00, 0x00, 0x00, 0xA9, 0xDF, 0xF5, 0xFF, 0xFD, 0xEF, 0xCC, 0x8E, 0x2B, 0x00,
0x00, 0x00, 0x88, 0xFF, 0xFF, 0xFF, 0xFF, 0xFF, 0xFF, 0xFF, 0xFF, 0xFF, 0xFF, 0xFF, 0xFF, 0xF8,
0x00, 0x00, 0x00, 0x00, 0x88, 0xFF, 0xFF, 0xFF, 0xFF, 0xFF, 0xFF, 0xFF, 0xFF, 0xFF, 0xFF, 0xFF,
0xFF, 0xF8, 0x00, 0x00, 0x00, 0x00, 0x00, 0x00, 0x00, 0x00, 0x00, 0x00, 0xDC, 0xFF, 0x4C, 0x00,
0x00, 0x00, 0x00, 0x00, 0x00, 0x00, 0x00, 0x00, 0x00, 0x00, 0x00, 0x00, 0x00, 0x00, 0xDC, 0xFF,
0x4C, 0x00, 0x00, 0x00, 0x00, 0x00, 0x00, 0x00, 0x00, 0x00, 0x00, 0x00, 0x00, 0x00, 0x00, 0x00,
0xDC, 0xFF, 0x4C, 0x00, 0x00, 0x00, 0x00, 0x00, 0x00, 0x00, 0x00, 0x00, 0x00, 0x00, 0x00, 0x00,
0x00, 0x00, 0xDC, 0xFF, 0x4C, 0x00, 0x00, 0x00, 0x00, 0x00, 0x00, 0x00, 0x00, 0x00, 0x00, 0x00,
0x00, 0x00, 0x00, 0x00, 0xDC, 0xFF, 0x4C, 0x00, 0x00, 0x00, 0x00, 0x00, 0x00, 0x00, 0x00, 0x00,
0x00, 0x00, 0x00, 0x00, 0x00, 0x00, 0xDC, 0xFF, 0x56, 0x63, 0xB3, 0xE6, 0xF9, 0xEA, 0xCA, 0x7A,
0x07, 0x00, 0x00, 0x00, 0x00, 0x00, 0x00, 0x00, 0xDC, 0xFF, 0xFB, 0xFF, 0xFF, 0xFF, 0xFF, 0xFF,
0xFF, 0xFF, 0xBB, 0x01, 0x00, 0x00, 0x00, 0x00, 0x00, 0x00, 0xDC, 0xFF, 0xED, 0x81, 0x36, 0x0E,
0x09, 0x30, 0xB0, 0xFF, 0xFF, 0x4F, 0x00, 0x00, 0x00, 0x00, 0x00, 0x00, 0xDC, 0xFF, 0x4F, 0x00,
0x00, 0x00, 0x00, 0x00, 0x04, 0xD6, 0xFF, 0x98, 0x00, 0x00, 0x00, 0x00, 0x00, 0x00, 0xDC, 0xFF,
0x4C, 0x00, 0x00, 0x00, 0x00, 0x00, 0x00, 0x8B, 0xFF, 0xB4, 0x00, 0x00, 0x00, 0x00, 0x00, 0x00,
0xDC, 0xFF, 0x4C, 0x00, 0x00, 0x00, 0x00, 0x00, 0x00, 0x6E, 0xFF, 0xBC, 0x00, 0x00, 0x00, 0x00,
0x00, 0x00, 0xDC, 0xFF, 0x4C, 0x00, 0x00, 0x00, 0x00, 0x00, 0x00, 0x6C, 0xFF, 0xBC, 0x00, 0x00,
0x00, 0x00, 0x00, 0x00, 0xDC, 0xFF, 0x4C, 0x00, 0x00, 0x00, 0x00, 0x00, 0x00, 0x6C, 0xFF, 0xBC,
0x00, 0x00, 0x00, 0x00, 0x00, 0x00, 0xDC, 0xFF, 0x4C, 0x00, 0x00, 0x00, 0x00, 0x00, 0x00, 0x6C,
0xFF, 0xBC, 0x00, 0x00, 0x00, 0x00, 0x00, 0x00, 0xDC, 0xFF, 0x4C, 0x00, 0x00, 0x00, 0x00, 0x00,
0x00, 0x6C, 0xFF, 0xBC, 0x00, 0x00, 0x00, 0x00, 0x00, 0x00, 0xDC, 0xFF, 0x4C, 0x00, 0x00, 0x00,
0x00, 0x00, 0x00, 0x6C, 0xFF, 0xBC, 0x00, 0x00, 0x00, 0x00, 0x00, 0x13, 0xCF, 0xFF, 0xFC, 0x6B,
0x00, 0x00, 0x00, 0x00, 0x00, 0x00, 0x00, 0x15, 0xD2, 0xFF, 0xC0, 0x2E, 0x00, 0x00, 0x00, 0x00,
0x00, 0x00, 0x00, 0x17, 0xD5, 0xE1, 0x56, 0x00, 0x00, 0x00, 0x00, 0x00, 0x00, 0x00, 0x00, 0x00,
0x00, 0x00, 0x00, 0x00, 0x00, 0x00, 0x00, 0x00, 0x00, 0x00, 0xCC, 0xFF, 0x60, 0x00, 0x00, 0x00,
0x00, 0x00, 0x04, 0xBE, 0xFF, 0xB9, 0x03, 0xCC, 0xFF, 0x60, 0x00, 0x00, 0x00, 0x00, 0x00, 0x8F,
0xFF, 0xDB, 0x11, 0x00, 0xCC, 0xFF, 0x60, 0x00, 0x00, 0x00, 0x00, 0x5A, 0xFF, 0xF2, 0x2A, 0x00,
0x00, 0xCC, 0xFF, 0x60, 0x00, 0x00, 0x00, 0x30, 0xF6, 0xFE, 0x4E, 0x00, 0x00, 0x00, 0xCC, 0xFF,
0x60, 0x00, 0x00, 0x13, 0xDF, 0xFF, 0x7C, 0x00, 0x00, 0x00, 0x00, 0xCC, 0xFF, 0x60, 0x00, 0x03,
0xBC, 0xFF, 0xAB, 0x01, 0x00, 0x00, 0x00, 0x00, 0xCC, 0xFF, 0x60, 0x00, 0x8C, 0xFF, 0xD1, 0x0B,
0x00, 0x00, 0x00, 0x00, 0x00, 0xCC, 0xFF, 0x6E, 0x70, 0xFF, 0xDB, 0x20, 0x00, 0x00, 0x00, 0x00,
0x00, 0x00, 0xCC, 0xFF, 0xFF, 0xFF, 0xFF, 0x53, 0x00, 0x00, 0x00, 0x00, 0x00, 0x00, 0x00, 0xCC,
0xFF, 0xFF, 0xFF, 0xFF, 0xFC, 0x5E, 0x00, 0x00, 0x00, 0x00, 0x00, 0x00, 0xCC, 0xFF, 0x60, 0x19,
0xE4, 0xFF, 0xF7, 0x32, 0x00, 0x00, 0x00, 0x00, 0x00, 0xCC, 0xFF, 0x60, 0x00, 0x34, 0xF6, 0xFF,
0xDE, 0x11, 0x00, 0x00, 0x00, 0x00, 0xCC, 0xFF, 0x60, 0x00, 0x00, 0x57, 0xFF, 0xFF, 0xB3, 0x01,
0x00, 0x00, 0x00, 0xCC, 0xFF, 0x60, 0x00, 0x00, 0x00, 0x83, 0xFF, 0xFF, 0x7A, 0x00, 0x00, 0x00,
0xCC, 0xFF, 0x60, 0x00, 0x00, 0x00, 0x01, 0xAD, 0xFF, 0xFC, 0x43, 0x00, 0x00, 0xCC, 0xFF, 0x60,
0x00, 0x00, 0x00, 0x00, 0x0B, 0xCF, 0xFF, 0xEA, 0x1B, 0x00, 0xCC, 0xFF, 0x60, 0x00, 0x00, 0x00,
0x00, 0x00, 0x1E, 0xE8, 0xFF, 0xC5, 0x05, 0xCC, 0xFF, 0x60, 0x00, 0x00, 0x00, 0x00, 0x00, 0x00,
0x39, 0xF8, 0xFF, 0x91, 0x00, 0x00, 0x00, 0x2E, 0xAD, 0xB2, 0x00, 0x00, 0x00, 0x00, 0xAF, 0xAB,
0x16, 0x00, 0x00, 0x00, 0x00, 0x00, 0x2C, 0xFF, 0xFF, 0x79, 0x11, 0x11, 0x79, 0xFF, 0xEA, 0x03,
0x00, 0x00, 0x00, 0x00, 0x00, 0x00, 0xA7, 0xFF, 0xFF, 0xFF, 0xFF, 0xFF, 0xFF, 0x5D, 0x00, 0x00,
0x00, 0x00, 0x00, 0x00, 0x00, 0x06, 0x6F, 0xCE, 0xF1, 0xEE, 0xC5, 0x4F, 0x00, 0x00, 0x00, 0x00,
0x00, 0x00, 0x00, 0x00, 0x00, 0x00, 0x00, 0x00, 0x00, 0x00, 0x00, 0x00, 0x00, 0x00, 0x00, 0x8F,
0xFF, 0xE3, 0x07, 0x00, 0x00, 0x00, 0x00, 0x00, 0x00, 0x00, 0x12, 0xF9, 0xFF, 0x29, 0x17, 0xF5,
0xFF, 0x69, 0x00, 0x00, 0x00, 0x00, 0x00, 0x00, 0x00, 0x6B, 0xFF, 0xC3, 0x00, 0x00, 0x8A, 0xFF,
0xE2, 0x06, 0x00, 0x00, 0x00, 0x00, 0x00, 0x00, 0xCB, 0xFF, 0x5D, 0x00, 0x00, 0x14, 0xF3, 0xFF,
0x66, 0x00, 0x00, 0x00, 0x00, 0x00, 0x2A, 0xFF, 0xEF, 0x09, 0x00, 0x00, 0x00, 0x85, 0xFF, 0xDF,
0x05, 0x00, 0x00, 0x00, 0x00, 0x8A, 0xFF, 0x92, 0x00, 0x00, 0x00, 0x00, 0x11, 0xF1, 0xFF, 0x63,
0x00, 0x00, 0x00, 0x03, 0xE6, 0xFF, 0x2C, 0x00, 0x00, 0x00, 0x00, 0x00, 0x81, 0xFF, 0xDD, 0x04,
0x00, 0x00, 0x49, 0xFF, 0xC7, 0x00, 0x00, 0x00, 0x00, 0x00, 0x00, 0x0F, 0xEE, 0xFF, 0x60, 0x00,
0x00, 0xA8, 0xFF, 0x61, 0x00, 0x00, 0x00, 0x00, 0x00, 0x00, 0x00, 0x7C, 0xFF, 0xDB, 0x03, 0x10,
0xF7, 0xF1, 0x0A, 0x00, 0x00, 0x00, 0x00, 0x00, 0x00, 0x00, 0x0D, 0xEC, 0xFF, 0x55, 0x5E, 0xFF,
0x96, 0x00, 0x00, 0x00, 0x00, 0x00, 0x00, 0x00, 0x00, 0x00, 0x77, 0xFF, 0xA7, 0x99, 0xFF, 0x30,
0x00, 0x00, 0x00, 0x00, 0x00, 0x00, 0x00, 0x00, 0x00, 0x0B, 0xE9, 0xF0, 0xDA, 0xCA, 0x00, 0x00,
0x00, 0x00, 0x00, 0x00, 0x00, 0x00, 0x00, 0x00, 0x00, 0x72, 0xFF, 0xFF, 0x65, 0x00, 0x00, 0x00,
0x00, 0x00, 0x00, 0x00, 0x00, 0x00, 0x00, 0x00, 0x31, 0xFF, 0xF2, 0x0D, 0x00, 0x00, 0x00, 0x00,
0x00, 0x00, 0x00, 0x00, 0x00, 0x00, 0x00, 0x8B, 0xFF, 0x93, 0x00, 0x00, 0x00, 0x00, 0x00, 0x00,
0x00, 0x00, 0x00, 0x00, 0x00, 0x42, 0xF6, 0xF9, 0x1F, 0x00, 0x00, 0x00, 0x00, 0x00, 0x00, 0x00,
0x00, 0x27, 0xFE, 0xFF, 0xFF, 0xFF, 0x7C, 0x00, 0x00, 0x00, 0x00, 0x00, 0x00, 0x00, 0x00, 0x00,
0x4F, 0xE4, 0xFD, 0xE8, 0x80, 0x01, 0x00, 0x00, 0x00, 0x00, 0x00, 0x00, 0x00, 0xCC, 0xFF, 0x60,
0x00, 0x00, 0x00, 0x00, 0x00, 0x00, 0x00, 0x3C, 0xFF, 0xEC, 0xCC, 0xFF, 0x60, 0x00, 0x00, 0x00,
0x00, 0x00, 0x00, 0x00, 0x3C, 0xFF, 0xEC, 0xCC, 0xFF, 0x60, 0x00, 0x00, 0x00, 0x00, 0x00, 0x00,
0x00, 0x3C, 0xFF, 0xEC, 0xCC, 0xFF, 0x60, 0x00, 0x00, 0x00, 0x00, 0x00, 0x00, 0x00, 0x3C, 0xFF,
0xEC, 0xCC, 0xFF, 0x60, 0x00, 0x00, 0x00, 0x00, 0x00, 0x00, 0x00, 0x3C, 0xFF, 0xEC, 0xCC, 0xFF,
0x60, 0x00, 0x00, 0x00, 0x00, 0x00, 0x00, 0x00, 0x3C, 0xFF, 0xEC, 0xCC, 0xFF, 0x60, 0x00, 0x00,
0x00, 0x00, 0x00, 0x00, 0x00, 0x3C, 0xFF, 0xEC, 0xCC, 0xFF, 0x60, 0x00, 0x00, 0x00, 0x00, 0x00,
0x00, 0x00, 0x3C, 0xFF, 0xEC, 0xCC, 0xFF, 0x60, 0x00, 0x00, 0x00, 0x00, 0x00, 0x00, 0x00, 0x3C,
0xFF, 0xEC, 0xCC, 0xFF, 0x60, 0x00, 0x00, 0x00, 0x00, 0x00, 0x00, 0x00, 0x3C, 0xFF, 0xEC, 0xCC,
0xFF, 0x60, 0x00, 0x00, 0x00, 0x00, 0x00, 0x00, 0x00, 0x3C, 0xFF, 0xEC, 0xCC, 0xFF, 0x60, 0x00,
0x00, 0x00, 0x00, 0x00, 0x00, 0x00, 0x3C, 0xFF, 0xEC, 0xCC, 0xFF, 0x60, 0x00, 0x00, 0x00, 0x00,
0x00, 0x00, 0x00, 0x3C, 0xFF, 0xEC, 0xCC, 0xFF, 0x60, 0x00, 0x00, 0x00, 0x00, 0x00, 0x00, 0x00,
0x3C, 0xFF, 0xEC, 0xCC, 0xFF, 0x60, 0x00, 0x00, 0x00, 0x00, 0x00, 0x00, 0x00, 0x3C, 0xFF, 0xEC,
0xCC, 0xFF, 0x60, 0x00, 0x00, 0x00, 0x00, 0x00, 0x00, 0x00, 0x3C, 0xFF, 0xEC, 0xCC, 0xFF, 0xFF,
0xFF, 0xFF, 0xFF, 0xFF, 0xFF, 0xFF, 0xFF, 0xFF, 0xFF, 0xEC, 0xCC, 0xFF, 0xFF, 0xFF, 0xFF, 0xFF,
0xFF, 0xFF, 0xFF, 0xFF, 0xFF, 0xFF, 0xEC, 0x00, 0x00, 0x00, 0x00, 0x00, 0x8B, 0xFF, 0xA1, 0x00,
0x00, 0x00, 0x00, 0x00, 0x00, 0x00, 0x00, 0x00, 0x00, 0x6F, 0xFF, 0x8D, 0x00, 0x00, 0x00, 0x00,
0x00, 0x00, 0x00, 0x00, 0x00, 0x00, 0x54, 0xFF, 0x79, 0x00, 0x00, 0x00, 0x00, 0x00, 0x00, 0x00,
0x00, 0x00, 0x00, 0x39, 0xFF, 0x65, 0x00, 0x00, 0x00, 0x00, 0x00, 0x00, 0x00, 0x00, 0x00, 0x00,
0x1E, 0xFF, 0x51, 0x00, 0x00, 0x00, 0x00, 0x00, 0x00, 0x00, 0x00, 0x00, 0x00, 0x00, 0x1C, 0xFD,
0x48, 0x00, 0x00, 0x00, 0x00, 0x00, 0x00, 0x00, 0x00, 0x00, 0x00, 0x00, 0x00, 0x7C, 0xFF, 0xAB,
0x00, 0x00, 0x00, 0x00, 0x00, 0x00, 0x00, 0x00, 0x00, 0x00, 0x00, 0x01, 0xDC, 0xFF, 0xF9, 0x13,
0x00, 0x00, 0x00, 0x00, 0x00, 0x00, 0x00, 0x00, 0x00, 0x00, 0x40, 0xFF, 0xCF, 0xFF, 0x6F, 0x00,
0x00, 0x00, 0x00, 0x00, 0x00, 0x00, 0x00, 0x00, 0x00, 0xA2, 0xFF, 0x51, 0xFF, 0xD1, 0x00, 0x00,
0x00, 0x00, 0x00, 0x00, 0x00, 0x00, 0x00, 0x0D, 0xF5, 0xEE, 0x02, 0xE1, 0xFF, 0x34, 0x00, 0x00,
0x00, 0x00, 0x00, 0x00, 0x00, 0x00, 0x66, 0xFF, 0x98, 0x00, 0x89, 0xFF, 0x96, 0x00, 0x00, 0x00,
0x00, 0x00, 0x00, 0x00, 0x00, 0xC8, 0xFF, 0x35, 0x00, 0x25, 0xFF, 0xEF, 0x08, 0x00, 0x00, 0x00,
0x00, 0x00, 0x00, 0x29, 0xFF, 0xD2, 0x00, 0x00, 0x00, 0xC1, 0xFF, 0x5A, 0x00, 0x00, 0x00, 0x00,
0x00, 0x00, 0x8C, 0xFF, 0x6F, 0x00, 0x00, 0x00, 0x5E, 0xFF, 0xBC, 0x00, 0x00, 0x00, 0x00, 0x00,
0x04, 0xE8, 0xF9, 0x13, 0x00, 0x00, 0x00, 0x09, 0xF0, 0xFE, 0x20, 0x00, 0x00, 0x00, 0x00, 0x50,
0xFF, 0xFF, 0xFF, 0xFF, 0xFF, 0xFF, 0xFF, 0xFF, 0xFF, 0x81, 0x00, 0x00, 0x00, 0x00, 0xB2, 0xFF,
0xFF, 0xFF, 0xFF, 0xFF, 0xFF, 0xFF, 0xFF, 0xFF, 0xE1, 0x02, 0x00, 0x00, 0x17, 0xFB, 0xF0, 0x08,
0x00, 0x00, 0x00, 0x00, 0x00, 0x05, 0xEB, 0xFF, 0x45, 0x00, 0x00, 0x76, 0xFF, 0x9C, 0x00, 0x00,
0x00, 0x00, 0x00, 0x00, 0x00, 0x91, 0xFF, 0xA8, 0x00, 0x00, 0xD6, 0xFF, 0x3F, 0x00, 0x00, 0x00,
0x00, 0x00, 0x00, 0x00, 0x32, 0xFF, 0xF8, 0x11, 0x3A, 0xFF, 0xE1, 0x01, 0x00, 0x00, 0x00, 0x00,
0x00, 0x00, 0x00, 0x00, 0xD3, 0xFF, 0x6C, 0x9B, 0xFF, 0x86, 0x00, 0x00, 0x00, 0x00, 0x00, 0x00,
0x00, 0x00, 0x00, 0x74, 0xFF, 0xCE, 0xCC, 0xFF, 0xFF, 0xFF, 0xFF, 0xFF, 0xFF, 0xFF, 0xFF, 0xFF,
0x18, 0x00, 0xCC, 0xFF, 0xFF, 0xFF, 0xFF, 0xFF, 0xFF, 0xFF, 0xFF, 0xFF, 0x18, 0x00, 0xCC, 0xFF,
0x60, 0x00, 0x00, 0x00, 0x00, 0x00, 0x00, 0x00, 0x00, 0x00, 0xCC, 0xFF, 0x60, 0x00, 0x00, 0x00,
0x00, 0x00, 0x00, 0x00, 0x00, 0x00, 0xCC, 0xFF, 0x60, 0x00, 0x00, 0x00, 0x00, 0x00, 0x00, 0x00,
0x00, 0x00, 0xCC, 0xFF, 0x60, 0x00, 0x00, 0x00, 0x00, 0x00, 0x00, 0x00, 0x00, 0x00, 0xCC, 0xFF,
0x60, 0x00, 0x00, 0x00, 0x00, 0x00, 0x00, 0x00, 0x00, 0x00, 0xCC, 0xFF, 0xE1, 0xEA, 0xFA, 0xEB,
0xD2, 0xA9, 0x55, 0x02, 0x00, 0x00, 0xCC, 0xFF, 0xFF, 0xFF, 0xFF, 0xFF, 0xFF, 0xFF, 0xFF, 0xC1,
0x10, 0x00, 0xCC, 0xFF, 0x78, 0x11, 0x04, 0x15, 0x37, 0x9C, 0xFF, 0xFF, 0xA6, 0x00, 0xCC, 0xFF,
0x60, 0x00, 0x00, 0x00, 0x00, 0x00, 0x8A, 0xFF, 0xFC, 0x15, 0xCC, 0xFF, 0x60, 0x00, 0x00, 0x00,
0x00, 0x00, 0x1B, 0xFF, 0xFF, 0x3F, 0xCC, 0xFF, 0x60, 0x00, 0x00, 0x00, 0x00, 0x00, 0x01, 0xFD,
0xFF, 0x47, 0xCC, 0xFF, 0x60, 0x00, 0x00, 0x00, 0x00, 0x00, 0x1E, 0xFF, 0xFF, 0x2A, 0xCC, 0xFF,
0x60, 0x00, 0x00, 0x00, 0x00, 0x00, 0xA7, 0xFF, 0xDD, 0x00, 0xCC, 0xFF, 0x6E, 0x05, 0x00, 0x14,
0x43, 0xB7, 0xFF, 0xFF, 0x53, 0x00, 0xCC, 0xFF, 0xFF, 0xFF, 0xFF, 0xFF, 0xFF, 0xFF, 0xF8, 0x6C,
0x00, 0x00, 0x8D, 0xD4, 0xEB, 0xF9, 0xFE, 0xF2, 0xCD, 0x89, 0x22, 0x00, 0x00, 0x00, 0x8D, 0xCD,
0xE3, 0xEE, 0xF8, 0xF9, 0xE4, 0xC5, 0x7C, 0x12, 0x00, 0x00, 0xCC, 0xFF, 0xFF, 0xFF, 0xFF, 0xFF,
0xFF, 0xFF, 0xFF, 0xE5, 0x28, 0x00, 0xCC, 0xFF, 0x70, 0x0C, 0x04, 0x0C, 0x2F, 0x8C, 0xFE, 0xFF,
0xC9, 0x00, 0xCC, 0xFF, 0x60, 0x00, 0x00, 0x00, 0x00, 0x00, 0x78, 0xFF, 0xFF, 0x18, 0xCC, 0xFF,
0x60, 0x00, 0x00, 0x00, 0x00, 0x00, 0x26, 0xFF, 0xFF, 0x23, 0xCC, 0xFF, 0x60, 0x00, 0x00, 0x00,
0x00, 0x00, 0x47, 0xFF, 0xF1, 0x03, 0xCC, 0xFF, 0x60, 0x00, 0x00, 0x00, 0x00, 0x0C, 0xCD, 0xFF,
0x80, 0x00, 0xCC, 0xFF, 0x60, 0x00, 0x03, 0x12, 0x5E, 0xDE, 0xFF, 0x9A, 0x03, 0x00, 0xCC, 0xFF,
0xFF, 0xFF, 0xFF, 0xFF, 0xFF, 0xF3, 0x5B, 0x01, 0x00, 0x00, 0xCC, 0xFF, 0xFF, 0xFF, 0xFF, 0xFF,
0xFF, 0xFF, 0xFF, 0xCB, 0x2A, 0x00, 0xCC, 0xFF, 0x60, 0x00, 0x01, 0x10, 0x2E, 0x74, 0xE4, 0xFF,
0xE4, 0x11, 0xCC, 0xFF, 0x60, 0x00, 0x00, 0x00, 0x00, 0x00, 0x1A, 0xEE, 0xFF, 0x83, 0xCC, 0xFF,
0x60, 0x00, 0x00, 0x00, 0x00, 0x00, 0x00, 0xA1, 0xFF, 0xB2, 0xCC, 0xFF, 0x60, 0x00, 0x00, 0x00,
0x00, 0x00, 0x00, 0xA3, 0xFF, 0xA8, 0xCC, 0xFF, 0x60, 0x00, 0x00, 0x00, 0x00, 0x00, 0x2C, 0xF2,
0xFF, 0x6C, 0xCC, 0xFF, 0x71, 0x09, 0x00, 0x09, 0x26, 0x76, 0xEA, 0xFF, 0xD9, 0x0B, 0xCC, 0xFF,
0xFF, 0xFF, 0xFF, 0xFF, 0xFF, 0xFF, 0xFF, 0xCE, 0x20, 0x00, 0x96, 0xDE, 0xF4, 0xFD, 0xFF, 0xF8,
0xDF, 0xAB, 0x56, 0x02, 0x00, 0x00, 0xCC, 0xFF, 0xFF, 0xFF, 0xFF, 0xFF, 0xFF, 0xFF, 0xFF, 0xF4,
0xCC, 0xFF, 0xFF, 0xFF, 0xFF, 0xFF, 0xFF, 0xFF, 0xFF, 0xF4, 0xCC, 0xFF, 0x60, 0x00, 0x00, 0x00,
0x00, 0x00, 0x00, 0x00, 0xCC, 0xFF, 0x60, 0x00, 0x00, 0x00, 0x00, 0x00, 0x00, 0x00, 0xCC, 0xFF,
0x60, 0x00, 0x00, 0x00, 0x00, 0x00, 0x00, 0x00, 0xCC, 0xFF, 0x60, 0x00, 0x00, 0x00, 0x00, 0x00,
0x00, 0x00, 0xCC, 0xFF, 0x60, 0x00, 0x00, 0x00, 0x00, 0x00, 0x00, 0x00, 0xCC, 0xFF, 0x60, 0x00,
0x00, 0x00, 0x00, 0x00, 0x00, 0x00, 0xCC, 0xFF, 0x60, 0x00, 0x00, 0x00, 0x00, 0x00, 0x00, 0x00,
0xCC, 0xFF, 0x60, 0x00, 0x00, 0x00, 0x00, 0x00, 0x00, 0x00, 0xCC, 0xFF, 0x60, 0x00, 0x00, 0x00,
0x00, 0x00, 0x00, 0x00, 0xCC, 0xFF, 0x60, 0x00, 0x00, 0x00, 0x00, 0x00, 0x00, 0x00, 0xCC, 0xFF,
0x60, 0x00, 0x00, 0x00, 0x00, 0x00, 0x00, 0x00, 0xCC, 0xFF, 0x60, 0x00, 0x00, 0x00, 0x00, 0x00,
0x00, 0x00, 0xCC, 0xFF, 0x60, 0x00, 0x00, 0x00, 0x00, 0x00, 0x00, 0x00, 0xCC, 0xFF, 0x60, 0x00,
0x00, 0x00, 0x00, 0x00, 0x00, 0x00, 0xCC, 0xFF, 0x60, 0x00, 0x00, 0x00, 0x00, 0x00, 0x00, 0x00,
0xCC, 0xFF, 0x60, 0x00, 0x00, 0x00, 0x00, 0x00, 0x00, 0x00, 0x00, 0x00, 0x00, 0x00, 0x6E, 0xFF,
0xFF, 0xFF, 0xFF, 0xFF, 0xFF, 0xFF, 0xFF, 0xFF, 0x4C, 0x00, 0x00, 0x00, 0x00, 0x00, 0x00, 0x71,
0xFF, 0xFF, 0xFF, 0xFF, 0xFF, 0xFF, 0xFF, 0xFF, 0xFF, 0x4C, 0x00, 0x00, 0x00, 0x00, 0x00, 0x00,
0x77, 0xFF, 0x95, 0x00, 0x00, 0x00, 0x00, 0x00, 0xDC, 0xFF, 0x4C, 0x00, 0x00, 0x00, 0x00, 0x00,
0x00, 0x80, 0xFF, 0x8A, 0x00, 0x00, 0x00, 0x00, 0x00, 0xDC, 0xFF, 0x4C, 0x00, 0x00, 0x00, 0x00,
0x00, 0x00, 0x8F, 0xFF, 0x7E, 0x00, 0x00, 0x00, 0x00, 0x00, 0xDC, 0xFF, 0x4C, 0x00, 0x00, 0x00,
0x00, 0x00, 0x00, 0xA1, 0xFF, 0x6B, 0x00, 0x00, 0x00, 0x00, 0x00, 0xDC, 0xFF, 0x4C, 0x00, 0x00,
0x00, 0x00, 0x00, 0x00, 0xBA, 0xFF, 0x56, 0x00, 0x00, 0x00, 0x00, 0x00, 0xDC, 0xFF, 0x4C, 0x00,
0x00, 0x00, 0x00, 0x00, 0x00, 0xD9, 0xFF, 0x3D, 0x00, 0x00, 0x00, 0x00, 0x00, 0xDC, 0xFF, 0x4C,
0x00, 0x00, 0x00, 0x00, 0x00, 0x02, 0xF8, 0xFF, 0x20, 0x00, 0x00, 0x00, 0x00, 0x00, 0xDC, 0xFF,
0x4C, 0x00, 0x00, 0x00, 0x00, 0x00, 0x1E, 0xFF, 0xFA, 0x04, 0x00, 0x00, 0x00, 0x00, 0x00, 0xDC,
0xFF, 0x4C, 0x00, 0x00, 0x00, 0x00, 0x00, 0x4D, 0xFF, 0xD6, 0x00, 0x00, 0x00, 0x00, 0x00, 0x00,
0xDC, 0xFF, 0x4C, 0x00, 0x00, 0x00, 0x00, 0x00, 0x7D, 0xFF, 0xA7, 0x00, 0x00, 0x00, 0x00, 0x00,
0x00, 0xDC, 0xFF, 0x4C, 0x00, 0x00, 0x00, 0x00, 0x00, 0xBA, 0xFF, 0x70, 0x00, 0x00, 0x00, 0x00,
0x00, 0x00, 0xDC, 0xFF, 0x4C, 0x00, 0x00, 0x00, 0x00, 0x08, 0xF4, 0xFF, 0x2D, 0x00, 0x00, 0x00,
0x00, 0x00, 0x00, 0xDC, 0xFF, 0x4C, 0x00, 0x00, 0x00, 0x00, 0x55, 0xFF, 0xDD, 0x00, 0x00, 0x00,
0x00, 0x00, 0x00, 0x00, 0xDC, 0xFF, 0x4C, 0x00, 0x00, 0x00, 0x00, 0xC3, 0xFF, 0x7B, 0x00, 0x00,
0x00, 0x00, 0x00, 0x00, 0x00, 0xDC, 0xFF, 0x4C, 0x00, 0x00, 0xE0, 0xFF, 0xFF, 0xFF, 0xFF, 0xFF,
0xFF, 0xFF, 0xFF, 0xFF, 0xFF, 0xFF, 0xFF, 0xFF, 0xFF, 0xFF, 0xAC, 0xE0, 0xFF, 0xFF, 0xFF, 0xFF,
0xFF, 0xFF, 0xFF, 0xFF, 0xFF, 0xFF, 0xFF, 0xFF, 0xFF, 0xFF, 0xFF, 0xAC, 0xE0, 0xF6, 0x00, 0x00,
0x00, 0x00, 0x00, 0x00, 0x00, 0x00, 0x00, 0x00, 0x00, 0x00, 0x24, 0xFF, 0xAC, 0xE0, 0xD5, 0x00,
0x00, 0x00, 0x00, 0x00, 0x00, 0x00, 0x00, 0x00, 0x00, 0x00, 0x00, 0x05, 0xFC, 0xAC, 0xE0, 0xB4,
0x00, 0x00, 0x00, 0x00, 0x00, 0x00, 0x00, 0x00, 0x00, 0x00, 0x00, 0x00, 0x00, 0xE1, 0xAC, 0xCC,
0xFF, 0xFF, 0xFF, 0xFF, 0xFF, 0xFF, 0xFF, 0xFF, 0xFF, 0x1C, 0xCC, 0xFF, 0xFF, 0xFF, 0xFF, 0xFF,
0xFF, 0xFF, 0xFF, 0xFF, 0x1C, 0xCC, 0xFF, 0x60, 0x00, 0x00, 0x00, 0x00, 0x00, 0x00, 0x00, 0x00,
0xCC, 0xFF, 0x60, 0x00, 0x00, 0x00, 0x00, 0x00, 0x00, 0x00, 0x00, 0xCC, 0xFF, 0x60, 0x00, 0x00,
0x00, 0x00, 0x00, 0x00, 0x00, 0x00, 0xCC, 0xFF, 0x60, 0x00, 0x00, 0x00, 0x00, 0x00, 0x00, 0x00,
0x00, 0xCC, 0xFF, 0x60, 0x00, 0x00, 0x00, 0x00, 0x00, 0x00, 0x00, 0x00, 0xCC, 0xFF, 0x60, 0x00,
0x00, 0x00, 0x00, 0x00, 0x00, 0x00, 0x00, 0xCC, 0xFF, 0xFF, 0xFF, 0xFF, 0xFF, 0xFF, 0xFF, 0xFF,
0x78, 0x00, 0xCC, 0xFF, 0xFF, 0xFF, 0xFF, 0xFF, 0xFF, 0xFF, 0xFF, 0x78, 0x00, 0xCC, 0xFF, 0x60,
0x00, 0x00, 0x00, 0x00, 0x00, 0x00, 0x00, 0x00, 0xCC, 0xFF, 0x60, 0x00, 0x00, 0x00, 0x00, 0x00,
0x00, 0x00, 0x00, 0xCC, 0xFF, 0x60, 0x00, 0x00, 0x00, 0x00, 0x00, 0x00, 0x00, 0x00, 0xCC, 0xFF,
0x60, 0x00, 0x00, 0x00, 0x00, 0x00, 0x00, 0x00, 0x00, 0xCC, 0xFF, 0x60, 0x00, 0x00, 0x00, 0x00,
0x00, 0x00, 0x00, 0x00, 0xCC, 0xFF, 0x60, 0x00, 0x00, 0x00, 0x00, 0x00, 0x00, 0x00, 0x00, 0xCC,
0xFF, 0xFF, 0xFF, 0xFF, 0xFF, 0xFF, 0xFF, 0xFF, 0xFF, 0x40, 0xCC, 0xFF, 0xFF, 0xFF, 0xFF, 0xFF,
0xFF, 0xFF, 0xFF, 0xFF, 0x40, 0x4A, 0xFE, 0xFC, 0x3F, 0x00, 0x00, 0x00, 0x00, 0x00, 0xB0, 0xFF,
0x64, 0x00, 0x00, 0x00, 0x00, 0x00, 0x99, 0xFF, 0xC7, 0x04, 0x00, 0x8A, 0xFF, 0xE6, 0x16, 0x00,
0x00, 0x00, 0x00, 0xB0, 0xFF, 0x64, 0x00, 0x00, 0x00, 0x00, 0x59, 0xFF, 0xED, 0x1E, 0x00, 0x00,
0x04, 0xC7, 0xFF, 0xBB, 0x02, 0x00, 0x00, 0x00, 0xB0, 0xFF, 0x64, 0x00, 0x00, 0x00, 0x27, 0xF3,
0xFF, 0x4D, 0x00, 0x00, 0x00, 0x00, 0x1F, 0xEE, 0xFF, 0x7F, 0x00, 0x00, 0x00, 0xB0, 0xFF, 0x64,
0x00, 0x00, 0x09, 0xD2, 0xFF, 0x8D, 0x00, 0x00, 0x00, 0x00, 0x00, 0x00, 0x4F, 0xFF, 0xFD, 0x43,
0x00, 0x00, 0xB0, 0xFF, 0x64, 0x00, 0x00, 0x9D, 0xFF, 0xC8, 0x05, 0x00, 0x00, 0x00, 0x00, 0x00,
0x00, 0x00, 0x90, 0xFF, 0xE8, 0x19, 0x00, 0xB0, 0xFF, 0x64, 0x00, 0x5E, 0xFF, 0xEE, 0x1F, 0x00,
0x00, 0x00, 0x00, 0x00, 0x00, 0x00, 0x00, 0x06, 0xCB, 0xFF, 0xBF, 0x03, 0xB0, 0xFF, 0x64, 0x2A,
0xF4, 0xFF, 0x4F, 0x00, 0x00, 0x00, 0x00, 0x00, 0x00, 0x00, 0x00, 0x00, 0x00, 0x1D, 0xC4, 0xFF,
0xFF, 0xFF, 0xFF, 0xD5, 0xF5, 0xFD, 0x54, 0x00, 0x00, 0x00, 0x00, 0x00, 0x00, 0x00, 0x00, 0x00,
0x00, 0x00, 0x00, 0x82, 0xFF, 0xE6, 0xE7, 0xFF, 0xFF, 0xFF, 0xFF, 0xB0, 0x09, 0x00, 0x00, 0x00,
0x00, 0x00, 0x00, 0x00, 0x00, 0x00, 0x00, 0x7D, 0xFF, 0xDC, 0x09, 0xB0, 0xFF, 0x64, 0x24, 0xF6,
0xFF, 0x90, 0x00, 0x00, 0x00, 0x00, 0x00, 0x00, 0x00, 0x00, 0x00, 0x2B, 0xF9, 0xFF, 0x43, 0x00,
0xB0, 0xFF, 0x64, 0x00, 0x77, 0xFF, 0xFD, 0x36, 0x00, 0x00, 0x00, 0x00, 0x00, 0x00, 0x00, 0x03,
0xC9, 0xFF, 0x9E, 0x00, 0x00, 0xB0, 0xFF, 0x64, 0x00, 0x04, 0xCF, 0xFF, 0xD1, 0x05, 0x00, 0x00,
0x00, 0x00, 0x00, 0x00, 0x73, 0xFF, 0xE9, 0x12, 0x00, 0x00, 0xB0, 0xFF, 0x64, 0x00, 0x00, 0x33,
0xFC, 0xFF, 0x7A, 0x00, 0x00, 0x00, 0x00, 0x00, 0x23, 0xF6, 0xFF, 0x57, 0x00, 0x00, 0x00, 0xB0,
0xFF, 0x64, 0x00, 0x00, 0x00, 0x8C, 0xFF, 0xF7, 0x25, 0x00, 0x00, 0x00, 0x01, 0xBF, 0xFF, 0xB4,
0x00, 0x00, 0x00, 0x00, 0xB0, 0xFF, 0x64, 0x00, 0x00, 0x00, 0x0A, 0xDE, 0xFF, 0xBF, 0x00, 0x00,
0x00, 0x67, 0xFF, 0xF3, 0x1D, 0x00, 0x00, 0x00, 0x00, 0xB0, 0xFF, 0x64, 0x00, 0x00, 0x00, 0x00,
0x45, 0xFF, 0xFF, 0x63, 0x00, 0x1C, 0xF1, 0xFF, 0x6D, 0x00, 0x00, 0x00, 0x00, 0x00, 0xB0, 0xFF,
0x64, 0x00, 0x00, 0x00, 0x00, 0x00, 0xA2, 0xFF, 0xEE, 0x17, 0xB4, 0xFF, 0xC7, 0x02, 0x00, 0x00,
0x00, 0x00, 0x00, 0xB0, 0xFF, 0x64, 0x00, 0x00, 0x00, 0x00, 0x00, 0x13, 0xEA, 0xFF, 0xAA, 0x0A,
0x61, 0xA8, 0xD8, 0xF2, 0xFA, 0xE3, 0xC2, 0x72, 0x0A, 0x00, 0x00, 0x4D, 0xFF, 0xFF, 0xFF, 0xFF,
0xFF, 0xFF, 0xFF, 0xFF, 0xD5, 0x15, 0x00, 0x0B, 0xC3, 0x61, 0x24, 0x09, 0x0A, 0x2D, 0x95, 0xFF,
0xFF, 0x9F, 0x00, 0x00, 0x00, 0x00, 0x00, 0x00, 0x00, 0x00, 0x00, 0x99, 0xFF, 0xF3, 0x00, 0x00,
0x00, 0x00, 0x00, 0x00, 0x00, 0x00, 0x00, 0x43, 0xFF, 0xFF, 0x07, 0x00, 0x00, 0x00, 0x00, 0x00,
0x00, 0x00, 0x00, 0x51, 0xFF, 0xDF, 0x00, 0x00, 0x00, 0x00, 0x00, 0x00, 0x00, 0x00, 0x0A, 0xD0,
0xFF, 0x71, 0x00, 0x00, 0x00, 0x00, 0x00, 0x08, 0x24, 0x67, 0xDD, 0xFF, 0x9B, 0x02, 0x00, 0x00,
0x00, 0x64, 0xFF, 0xFF, 0xFF, 0xFF, 0xE8, 0x4A, 0x00, 0x00, 0x00, 0x00, 0x00, 0x64, 0xFF, 0xFF,
0xFF, 0xFF, 0xFF, 0xFA, 0xA8, 0x16, 0x00, 0x00, 0x00, 0x00, 0x00, 0x03, 0x18, 0x3E, 0x8C, 0xF0,
0xFF, 0xDE, 0x0D, 0x00, 0x00, 0x00, 0x00, 0x00, 0x00, 0x00, 0x00, 0x27, 0xF6, 0xFF, 0x6A, 0x00,
0x00, 0x00, 0x00, 0x00, 0x00, 0x00, 0x00, 0x00, 0xB9, 0xFF, 0x94, 0x00, 0x00, 0x00, 0x00, 0x00,
0x00, 0x00, 0x00, 0x00, 0xC6, 0xFF, 0x85, 0x00, 0x00, 0x00, 0x00, 0x00, 0x00, 0x00, 0x00, 0x53,
0xFF, 0xFF, 0x45, 0x6D, 0x9A, 0x47, 0x19, 0x06, 0x0F, 0x35, 0x93, 0xFB, 0xFF, 0xBA, 0x01, 0xB9,
0xFF, 0xFF, 0xFF, 0xFF, 0xFF, 0xFF, 0xFF, 0xFF, 0xB7, 0x0F, 0x00, 0x2C, 0x90, 0xCF, 0xF0, 0xFC,
0xF5, 0xD9, 0xA2, 0x47, 0x00, 0x00, 0x00, 0xCC, 0xFF, 0x60, 0x00, 0x00, 0x00, 0x00, 0x00, 0x00,
0x00, 0x00, 0x2E, 0xF7, 0x80, 0xCC, 0xFF, 0x60, 0x00, 0x00, 0x00, 0x00, 0x00, 0x00, 0x00, 0x0A,
0xD6, 0xFF, 0x80, 0xCC, 0xFF, 0x60, 0x00, 0x00, 0x00, 0x00, 0x00, 0x00, 0x00, 0x9C, 0xFF, 0xFF,
0x80, 0xCC, 0xFF, 0x60, 0x00, 0x00, 0x00, 0x00, 0x00, 0x00, 0x56, 0xFF, 0xF5, 0xFF, 0x80, 0xCC,
0xFF, 0x60, 0x00, 0x00, 0x00, 0x00, 0x00, 0x21, 0xF0, 0xF4, 0xA2, 0xFF, 0x80, 0xCC, 0xFF, 0x60,
0x00, 0x00, 0x00, 0x00, 0x04, 0xC8, 0xFF, 0x8E, 0xA1, 0xFF, 0x80, 0xCC, 0xFF, 0x60, 0x00, 0x00,
0x00, 0x00, 0x88, 0xFF, 0xE5, 0x14, 0xA8, 0xFF, 0x80, 0xCC, 0xFF, 0x60, 0x00, 0x00, 0x00, 0x44,
0xFE, 0xFD, 0x3F, 0x00, 0xA8, 0xFF, 0x80, 0xCC, 0xFF, 0x60, 0x00, 0x00, 0x16, 0xE7, 0xFF, 0x7F,
0x00, 0x00, 0xA8, 0xFF, 0x80, 0xCC, 0xFF, 0x60, 0x00, 0x01, 0xB7, 0xFF, 0xC0, 0x02, 0x00, 0x00,
0xA8, 0xFF, 0x80, 0xCC, 0xFF, 0x60, 0x00, 0x74, 0xFF, 0xEB, 0x1A, 0x00, 0x00, 0x00, 0xA8, 0xFF,
0x80, 0xCC, 0xFF, 0x60, 0x35, 0xFA, 0xFE, 0x4A, 0x00, 0x00, 0x00, 0x00, 0xA8, 0xFF, 0x80, 0xCC,
0xFF, 0x5B, 0xCB, 0xFF, 0x8B, 0x00, 0x00, 0x00, 0x00, 0x00, 0xA8, 0xFF, 0x80, 0xCC, 0xFF, 0x8C,
0xFF, 0xC9, 0x05, 0x00, 0x00, 0x00, 0x00, 0x00, 0xA8, 0xFF, 0x80, 0xCC, 0xFF, 0xEE, 0xF0, 0x21,
0x00, 0x00, 0x00, 0x00, 0x00, 0x00, 0xA8, 0xFF, 0x80, 0xCC, 0xFF, 0xFF, 0x54, 0x00, 0x00, 0x00,
0x00, 0x00, 0x00, 0x00, 0xA8, 0xFF, 0x80, 0xCC, 0xFF, 0x97, 0x00, 0x00, 0x00, 0x00, 0x00, 0x00,
0x00, 0x00, 0xA8, 0xFF, 0x80, 0xCC, 0xD2, 0x08, 0x00, 0x00, 0x00, 0x00, 0x00, 0x00, 0x00, 0x00,
0xA8, 0xFF, 0x80, 0x00, 0x00, 0x2E, 0xAD, 0xB2, 0x00, 0x00, 0x00, 0x00, 0xAF, 0xAB, 0x16, 0x00,
0x00, 0x00, 0x00, 0x2C, 0xFF, 0xFF, 0x79, 0x11, 0x11, 0x79, 0xFF, 0xEA, 0x03, 0x00, 0x00, 0x00,
0x00, 0x00, 0xA7, 0xFF, 0xFF, 0xFF, 0xFF, 0xFF, 0xFF, 0x5D, 0x00, 0x00, 0x00, 0x00, 0x00, 0x00,
0x06, 0x6F, 0xCE, 0xF1, 0xEE, 0xC5, 0x4F, 0x00, 0x00, 0x00, 0x00, 0x00, 0x00, 0x00, 0x00, 0x00,
0x00, 0x00, 0x00, 0x00, 0x00, 0x00, 0x00, 0x00, 0x00, 0xCC, 0xFF, 0x60, 0x00, 0x00, 0x00, 0x00,
0x00, 0x00, 0x00, 0x00, 0x2E, 0xF7, 0x80, 0xCC, 0xFF, 0x60, 0x00, 0x00, 0x00, 0x00, 0x00, 0x00,
0x00, 0x0A, 0xD6, 0xFF, 0x80, 0xCC, 0xFF, 0x60, 0x00, 0x00, 0x00, 0x00, 0x00, 0x00, 0x00, 0x9C,
0xFF, 0xFF, 0x80, 0xCC, 0xFF, 0x60, 0x00, 0x00, 0x00, 0x00, 0x00, 0x00, 0x56, 0xFF, 0xF5, 0xFF,
0x80, 0xCC, 0xFF, 0x60, 0x00, 0x00, 0x00, 0x00, 0x00, 0x21, 0xF0, 0xF4, 0xA2, 0xFF, 0x80, 0xCC,
0xFF, 0x60, 0x00, 0x00, 0x00, 0x00, 0x04, 0xC8, 0xFF, 0x8E, 0xA1, 0xFF, 0x80, 0xCC, 0xFF, 0x60,
0x00, 0x00, 0x00, 0x00, 0x88, 0xFF, 0xE5, 0x14, 0xA8, 0xFF, 0x80, 0xCC, 0xFF, 0x60, 0x00, 0x00,
0x00, 0x44, 0xFE, 0xFD, 0x3F, 0x00, 0xA8, 0xFF, 0x80, 0xCC, 0xFF, 0x60, 0x00, 0x00, 0x16, 0xE7,
0xFF, 0x7F, 0x00, 0x00, 0xA8, 0xFF, 0x80, 0xCC, 0xFF, 0x60, 0x00, 0x01, 0xB7, 0xFF, 0xC0, 0x02,
0x00, 0x00, 0xA8, 0xFF, 0x80, 0xCC, 0xFF, 0x60, 0x00, 0x74, 0xFF, 0xEB, 0x1A, 0x00, 0x00, 0x00,
0xA8, 0xFF, 0x80, 0xCC, 0xFF, 0x60, 0x35, 0xFA, 0xFE, 0x4A, 0x00, 0x00, 0x00, 0x00, 0xA8, 0xFF,
0x80, 0xCC, 0xFF, 0x5B, 0xCB, 0xFF, 0x8B, 0x00, 0x00, 0x00, 0x00, 0x00, 0xA8, 0xFF, 0x80, 0xCC,
0xFF, 0x8C, 0xFF, 0xC9, 0x05, 0x00, 0x00, 0x00, 0x00, 0x00, 0xA8, 0xFF, 0x80, 0xCC, 0xFF, 0xEE,
0xF0, 0x21, 0x00, 0x00, 0x00, 0x00, 0x00, 0x00, 0xA8, 0xFF, 0x80, 0xCC, 0xFF, 0xFF, 0x54, 0x00,
0x00, 0x00, 0x00, 0x00, 0x00, 0x00, 0xA8, 0xFF, 0x80, 0xCC, 0xFF, 0x97, 0x00, 0x00, 0x00, 0x00,
0x00, 0x00, 0x00, 0x00, 0xA8, 0xFF, 0x80, 0xCC, 0xD2, 0x08, 0x00, 0x00, 0x00, 0x00, 0x00, 0x00,
0x00, 0x00, 0xA8, 0xFF, 0x80, 0xCC, 0xFF, 0x60, 0x00, 0x00, 0x00, 0x00, 0x00, 0x04, 0xBE, 0xFF,
0xB9, 0x03, 0xCC, 0xFF, 0x60, 0x00, 0x00, 0x00, 0x00, 0x00, 0x8F, 0xFF, 0xDB, 0x11, 0x00, 0xCC,
0xFF, 0x60, 0x00, 0x00, 0x00, 0x00, 0x5A, 0xFF, 0xF2, 0x2A, 0x00, 0x00, 0xCC, 0xFF, 0x60, 0x00,
0x00, 0x00, 0x30, 0xF6, 0xFE, 0x4E, 0x00, 0x00, 0x00, 0xCC, 0xFF, 0x60, 0x00, 0x00, 0x13, 0xDF,
0xFF, 0x7C, 0x00, 0x00, 0x00, 0x00, 0xCC, 0xFF, 0x60, 0x00, 0x03, 0xBC, 0xFF, 0xAB, 0x01, 0x00,
0x00, 0x00, 0x00, 0xCC, 0xFF, 0x60, 0x00, 0x8C, 0xFF, 0xD1, 0x0B, 0x00, 0x00, 0x00, 0x00, 0x00,
0xCC, 0xFF, 0x6E, 0x70, 0xFF, 0xDB, 0x20, 0x00, 0x00, 0x00, 0x00, 0x00, 0x00, 0xCC, 0xFF, 0xFF,
0xFF, 0xFF, 0x53, 0x00, 0x00, 0x00, 0x00, 0x00, 0x00, 0x00, 0xCC, 0xFF, 0xFF, 0xFF, 0xFF, 0xFC,
0x5E, 0x00, 0x00, 0x00, 0x00, 0x00, 0x00, 0xCC, 0xFF, 0x60, 0x19, 0xE4, 0xFF, 0xF7, 0x32, 0x00,
0x00, 0x00, 0x00, 0x00, 0xCC, 0xFF, 0x60, 0x00, 0x34, 0xF6, 0xFF, 0xDE, 0x11, 0x00, 0x00, 0x00,
0x00, 0xCC, 0xFF, 0x60, 0x00, 0x00, 0x57, 0xFF, 0xFF, 0xB3, 0x01, 0x00, 0x00, 0x00, 0xCC, 0xFF,
0x60, 0x00, 0x00, 0x00, 0x83, 0xFF, 0xFF, 0x7A, 0x00, 0x00, 0x00, 0xCC, 0xFF, 0x60, 0x00, 0x00,
0x00, 0x01, 0xAD, 0xFF, 0xFC, 0x43, 0x00, 0x00, 0xCC, 0xFF, 0x60, 0x00, 0x00, 0x00, 0x00, 0x0B,
0xCF, 0xFF, 0xEA, 0x1B, 0x00, 0xCC, 0xFF, 0x60, 0x00, 0x00, 0x00, 0x00, 0x00, 0x1E, 0xE8, 0xFF,
0xC5, 0x05, 0xCC, 0xFF, 0x60, 0x00, 0x00, 0x00, 0x00, 0x00, 0x00, 0x39, 0xF8, 0xFF, 0x91, 0x00,
0x00, 0x00, 0x00, 0x00, 0xA1, 0xFF, 0xFF, 0xFF, 0xFF, 0xFF, 0xFF, 0xFF, 0xFF, 0xFF, 0x04, 0x00,
0x00, 0x00, 0x00, 0x00, 0xA9, 0xFF, 0xFF, 0xFF, 0xFF, 0xFF, 0xFF, 0xFF, 0xFF, 0xFF, 0x04, 0x00,
0x00, 0x00, 0x00, 0x00, 0xB1, 0xFF, 0x63, 0x00, 0x00, 0x00, 0x00, 0x24, 0xFF, 0xFF, 0x04, 0x00,
0x00, 0x00, 0x00, 0x00, 0xBB, 0xFF, 0x54, 0x00, 0x00, 0x00, 0x00, 0x24, 0xFF, 0xFF, 0x04, 0x00,
0x00, 0x00, 0x00, 0x00, 0xC8, 0xFF, 0x45, 0x00, 0x00, 0x00, 0x00, 0x24, 0xFF, 0xFF, 0x04, 0x00,
0x00, 0x00, 0x00, 0x00, 0xD5, 0xFF, 0x32, 0x00, 0x00, 0x00, 0x00, 0x24, 0xFF, 0xFF, 0x04, 0x00,
0x00, 0x00, 0x00, 0x00, 0xE8, 0xFF, 0x1F, 0x00, 0x00, 0x00, 0x00, 0x24, 0xFF, 0xFF, 0x04, 0x00,
0x00, 0x00, 0x00, 0x00, 0xFB, 0xFF, 0x08, 0x00, 0x00, 0x00, 0x00, 0x24, 0xFF, 0xFF, 0x04, 0x00,
0x00, 0x00, 0x00, 0x16, 0xFF, 0xEF, 0x00, 0x00, 0x00, 0x00, 0x00, 0x24, 0xFF, 0xFF, 0x04, 0x00,
0x00, 0x00, 0x00, 0x33, 0xFF, 0xD3, 0x00, 0x00, 0x00, 0x00, 0x00, 0x24, 0xFF, 0xFF, 0x04, 0x00,
0x00, 0x00, 0x00, 0x58, 0xFF, 0xB4, 0x00, 0x00, 0x00, 0x00, 0x00, 0x24, 0xFF, 0xFF, 0x04, 0x00,
0x00, 0x00, 0x00, 0x82, 0xFF, 0x8F, 0x00, 0x00, 0x00, 0x00, 0x00, 0x24, 0xFF, 0xFF, 0x04, 0x00,
0x00, 0x00, 0x00, 0xBC, 0xFF, 0x61, 0x00, 0x00, 0x00, 0x00, 0x00, 0x24, 0xFF, 0xFF, 0x04, 0x00,
0x00, 0x00, 0x0E, 0xF8, 0xFF, 0x29, 0x00, 0x00, 0x00, 0x00, 0x00, 0x24, 0xFF, 0xFF, 0x04, 0x00,
0x00, 0x00, 0x6F, 0xFF, 0xE1, 0x00, 0x00, 0x00, 0x00, 0x00, 0x00, 0x24, 0xFF, 0xFF, 0x04, 0x00,
0x06, 0x3F, 0xF0, 0xFF, 0x81, 0x00, 0x00, 0x00, 0x00, 0x00, 0x00, 0x24, 0xFF, 0xFF, 0x04, 0x00,
0xDB, 0xFF, 0xFF, 0xE3, 0x0E, 0x00, 0x00, 0x00, 0x00, 0x00, 0x00, 0x24, 0xFF, 0xFF, 0x04, 0x01,
0xE0, 0xF7, 0xBD, 0x25, 0x00, 0x00, 0x00, 0x00, 0x00, 0x00, 0x00, 0x24, 0xFF, 0xFF, 0x04, 0xCC,
0xF9, 0x28, 0x00, 0x00, 0x00, 0x00, 0x00, 0x00, 0x00, 0x00, 0x00, 0x00, 0x00, 0xA1, 0xFF, 0x5C,
0xCC, 0xFF, 0xBF, 0x00, 0x00, 0x00, 0x00, 0x00, 0x00, 0x00, 0x00, 0x00, 0x00, 0x39, 0xFE, 0xFF,
0x5C, 0xCC, 0xFF, 0xFF, 0x5E, 0x00, 0x00, 0x00, 0x00, 0x00, 0x00, 0x00, 0x00, 0x02, 0xCD, 0xFF,
0xFF, 0x5C, 0xCC, 0xF1, 0xE2, 0xEA, 0x11, 0x00, 0x00, 0x00, 0x00, 0x00, 0x00, 0x00, 0x69, 0xFF,
0xCF, 0xFF, 0x5C, 0xCC, 0xFF, 0x90, 0xFF, 0x9A, 0x00, 0x00, 0x00, 0x00, 0x00, 0x00, 0x13, 0xED,
0xD3, 0xAB, 0xFF, 0x5C, 0xCC, 0xFF, 0x52, 0xFD, 0xFE, 0x39, 0x00, 0x00, 0x00, 0x00, 0x00, 0x99,
0xFF, 0x6D, 0xC2, 0xFF, 0x5C, 0xCC, 0xFF, 0x3C, 0x95, 0xFF, 0xD1, 0x04, 0x00, 0x00, 0x00, 0x33,
0xFD, 0xDF, 0x08, 0xCC, 0xFF, 0x5C, 0xCC, 0xFF, 0x3C, 0x10, 0xE9, 0xFF, 0x74, 0x00, 0x00, 0x01,
0xC7, 0xFF, 0x54, 0x00, 0xCC, 0xFF, 0x5C, 0xCC, 0xFF, 0x3C, 0x00, 0x5F, 0xFF, 0xF4, 0x1D, 0x00,
0x61, 0xFF, 0xC2, 0x00, 0x00, 0xCC, 0xFF, 0x5C, 0xCC, 0xFF, 0x3C, 0x00, 0x01, 0xC3, 0xFF, 0xA1,
0x03, 0xE2, 0xFD, 0x32, 0x00, 0x00, 0xCC, 0xFF, 0x5C, 0xCC, 0xFF, 0x3C, 0x00, 0x00, 0x2E, 0xFB,
0xF9, 0x63, 0xFF, 0x9C, 0x00, 0x00, 0x00, 0xCC, 0xFF, 0x5C, 0xCC, 0xFF, 0x3C, 0x00, 0x00, 0x00,
0x8F, 0xFF, 0xF8, 0xF2, 0x17, 0x00, 0x00, 0x00, 0xCC, 0xFF, 0x5C, 0xCC, 0xFF, 0x3C, 0x00, 0x00,
0x00, 0x0E, 0xE6, 0xFF, 0x77, 0x00, 0x00, 0x00, 0x00, 0xCC, 0xFF, 0x5C, 0xCC, 0xFF, 0x3C, 0x00,
0x00, 0x00, 0x00, 0x59, 0xDE, 0x07, 0x00, 0x00, 0x00, 0x00, 0xCC, 0xFF, 0x5C, 0xCC, 0xFF, 0x3C,
0x00, 0x00, 0x00, 0x00, 0x00, 0x00, 0x00, 0x00, 0x00, 0x00, 0x00, 0xCC, 0xFF, 0x5C, 0xCC, 0xFF,
0x3C, 0x00, 0x00, 0x00, 0x00, 0x00, 0x00, 0x00, 0x00, 0x00, 0x00, 0x00, 0xCC, 0xFF, 0x5C, 0xCC,
0xFF, 0x3C, 0x00, 0x00, 0x00, 0x00, 0x00, 0x00, 0x00, 0x00, 0x00, 0x00, 0x00, 0xCC, 0xFF, 0x5C,
0xCC, 0xFF, 0x3C, 0x00, 0x00, 0x00, 0x00, 0x00, 0x00, 0x00, 0x00, 0x00, 0x00, 0x00, 0xCC, 0xFF,
0x5C, 0xCC, 0xFF, 0x60, 0x00, 0x00, 0x00, 0x00, 0x00, 0x00, 0x00, 0x00, 0xE4, 0xFF, 0x44, 0xCC,
0xFF, 0x60, 0x00, 0x00, 0x00, 0x00, 0x00, 0x00, 0x00, 0x00, 0xE4, 0xFF, 0x44, 0xCC, 0xFF, 0x60,
0x00, 0x00, 0x00, 0x00, 0x00, 0x00, 0x00, 0x00, 0xE4, 0xFF, 0x44, 0xCC, 0xFF, 0x60, 0x00, 0x00,
0x00, 0x00, 0x00, 0x00, 0x00, 0x00, 0xE4, 0xFF, 0x44, 0xCC, 0xFF, 0x60, 0x00, 0x00, 0x00, 0x00,
0x00, 0x00, 0x00, 0x00, 0xE4, 0xFF, 0x44, 0xCC, 0xFF, 0x60, 0x00, 0x00, 0x00, 0x00, 0x00, 0x00,
0x00, 0x00, 0xE4, 0xFF, 0x44, 0xCC, 0xFF, 0x60, 0x00, 0x00, 0x00, 0x00, 0x00, 0x00, 0x00, 0x00,
0xE4, 0xFF, 0x44, 0xCC, 0xFF, 0x60, 0x00, 0x00, 0x00, 0x00, 0x00, 0x00, 0x00, 0x00, 0xE4, 0xFF,
0x44, 0xCC, 0xFF, 0xFF, 0xFF, 0xFF, 0xFF, 0xFF, 0xFF, 0xFF, 0xFF, 0xFF, 0xFF, 0xFF, 0x44, 0xCC,
0xFF, 0xFF, 0xFF, 0xFF, 0xFF, 0xFF, 0xFF, 0xFF, 0xFF, 0xFF, 0xFF, 0xFF, 0x44, 0xCC, 0xFF, 0x60,
0x00, 0x00, 0x00, 0x00, 0x00, 0x00, 0x00, 0x00, 0xE4, 0xFF, 0x44, 0xCC, 0xFF, 0x60, 0x00, 0x00,
0x00, 0x00, 0x00, 0x00, 0x00, 0x00, 0xE4, 0xFF, 0x44, 0xCC, 0xFF, 0x60, 0x00, 0x00, 0x00, 0x00,
0x00, 0x00, 0x00, 0x00, 0xE4, 0xFF, 0x44, 0xCC, 0xFF, 0x60, 0x00, 0x00, 0x00, 0x00, 0x00, 0x00,
0x00, 0x00, 0xE4, 0xFF, 0x44, 0xCC, 0xFF, 0x60, 0x00, 0x00, 0x00, 0x00, 0x00, 0x00, 0x00, 0x00,
0xE4, 0xFF, 0x44, 0xCC, 0xFF, 0x60, 0x00, 0x00, 0x00, 0x00, 0x00, 0x00, 0x00, 0x00, 0xE4, 0xFF,
0x44, 0xCC, 0xFF, 0x60, 0x00, 0x00, 0x00, 0x00, 0x00, 0x00, 0x00, 0x00, 0xE4, 0xFF, 0x44, 0xCC,
0xFF, 0x60, 0x00, 0x00, 0x00, 0x00, 0x00, 0x00, 0x00, 0x00, 0xE4, 0xFF, 0x44, 0x00, 0x00, 0x00,
0x00, 0x49, 0xA6, 0xE0, 0xF7, 0xF0, 0xD6, 0x90, 0x2A, 0x00, 0x00, 0x00, 0x00, 0x00, 0x00, 0x09,
0xAF, 0xFF, 0xFF, 0xFF, 0xFF, 0xFF, 0xFF, 0xFF, 0xFB, 0x7E, 0x00, 0x00, 0x00, 0x00, 0x00, 0xB6,
0xFF, 0xFC, 0x94, 0x30, 0x09, 0x13, 0x4D, 0xCB, 0xFF, 0xFF, 0x7A, 0x00, 0x00, 0x00, 0x5F, 0xFF,
0xFF, 0x58, 0x00, 0x00, 0x00, 0x00, 0x00, 0x05, 0xB3, 0xFF, 0xFA, 0x28, 0x00, 0x00, 0xCF, 0xFF,
0xA3, 0x00, 0x00, 0x00, 0x00, 0x00, 0x00, 0x00, 0x10, 0xEE, 0xFF, 0x93, 0x00, 0x22, 0xFF, 0xFF,
0x39, 0x00, 0x00, 0x00, 0x00, 0x00, 0x00, 0x00, 0x00, 0x89, 0xFF, 0xE7, 0x00, 0x56, 0xFF, 0xF7,
0x03, 0x00, 0x00, 0x00, 0x00, 0x00, 0x00, 0x00, 0x00, 0x3F, 0xFF, 0xFF, 0x1A, 0x76, 0xFF, 0xD4,
0x00, 0x00, 0x00, 0x00, 0x00, 0x00, 0x00, 0x00, 0x00, 0x10, 0xFF, 0xFF, 0x3D, 0x85, 0xFF, 0xC6,
0x00, 0x00, 0x00, 0x00, 0x00, 0x00, 0x00, 0x00, 0x00, 0x00, 0xFB, 0xFF, 0x4C, 0x85, 0xFF, 0xC6,
0x00, 0x00, 0x00, 0x00, 0x00, 0x00, 0x00, 0x00, 0x00, 0x00, 0xFB, 0xFF, 0x4B, 0x76, 0xFF, 0xDA,
0x00, 0x00, 0x00, 0x00, 0x00, 0x00, 0x00, 0x00, 0x00, 0x0A, 0xFF, 0xFF, 0x3C, 0x56, 0xFF, 0xFC,
0x09, 0x00, 0x00, 0x00, 0x00, 0x00, 0x00, 0x00, 0x00, 0x31, 0xFF, 0xFF, 0x1D, 0x23, 0xFF, 0xFF,
0x4F, 0x00, 0x00, 0x00, 0x00, 0x00, 0x00, 0x00, 0x00, 0x71, 0xFF, 0xE8, 0x00, 0x00, 0xCF, 0xFF,
0xC1, 0x00, 0x00, 0x00, 0x00, 0x00, 0x00, 0x00, 0x05, 0xD7, 0xFF, 0x95, 0x00, 0x00, 0x5D, 0xFF,
0xFF, 0x78, 0x00, 0x00, 0x00, 0x00, 0x00, 0x00, 0x90, 0xFF, 0xFA, 0x29, 0x00, 0x00, 0x00, 0xB5,
0xFF, 0xFF, 0xA4, 0x35, 0x0A, 0x0E, 0x42, 0xB7, 0xFF, 0xFF, 0x7B, 0x00, 0x00, 0x00, 0x00, 0x09,
0xAD, 0xFF, 0xFF, 0xFF, 0xFF, 0xFF, 0xFF, 0xFF, 0xFC, 0x7F, 0x00, 0x00, 0x00, 0x00, 0x00, 0x00,
0x00, 0x49, 0xA7, 0xE0, 0xF7, 0xF2, 0xD7, 0x94, 0x2B, 0x00, 0x00, 0x00, 0x00, 0xCC, 0xFF, 0xFF,
0xFF, 0xFF, 0xFF, 0xFF, 0xFF, 0xFF, 0xFF, 0xFF, 0xFF, 0xEC, 0xCC, 0xFF, 0xFF, 0xFF, 0xFF, 0xFF,
0xFF, 0xFF, 0xFF, 0xFF, 0xFF, 0xFF, 0xEC, 0xCC, 0xFF, 0x60, 0x00, 0x00, 0x00, 0x00, 0x00, 0x00,
0x00, 0x3C, 0xFF, 0xEC, 0xCC, 0xFF, 0x60, 0x00, 0x00, 0x00, 0x00, 0x00, 0x00, 0x00, 0x3C, 0xFF,
0xEC, 0xCC, 0xFF, 0x60, 0x00, 0x00, 0x00, 0x00, 0x00, 0x00, 0x00, 0x3C, 0xFF, 0xEC, 0xCC, 0xFF,
0x60, 0x00, 0x00, 0x00, 0x00, 0x00, 0x00, 0x00, 0x3C, 0xFF, 0xEC, 0xCC, 0xFF, 0x60, 0x00, 0x00,
0x00, 0x00, 0x00, 0x00, 0x00, 0x3C, 0xFF, 0xEC, 0xCC, 0xFF, 0x60, 0x00, 0x00, 0x00, 0x00, 0x00,
0x00, 0x00, 0x3C, 0xFF, 0xEC, 0xCC, 0xFF, 0x60, 0x00, 0x00, 0x00, 0x00, 0x00, 0x00, 0x00, 0x3C,
0xFF, 0xEC, 0xCC, 0xFF, 0x60, 0x00, 0x00, 0x00, 0x00, 0x00, 0x00, 0x00, 0x3C, 0xFF, 0xEC, 0xCC,
0xFF, 0x60, 0x00, 0x00, 0x00, 0x00, 0x00, 0x00, 0x00, 0x3C, 0xFF, 0xEC, 0xCC, 0xFF, 0x60, 0x00,
0x00, 0x00, 0x00, 0x00, 0x00, 0x00, 0x3C, 0xFF, 0xEC, 0xCC, 0xFF, 0x60, 0x00, 0x00, 0x00, 0x00,
0x00, 0x00, 0x00, 0x3C, 0xFF, 0xEC, 0xCC, 0xFF, 0x60, 0x00, 0x00, 0x00, 0x00, 0x00, 0x00, 0x00,
0x3C, 0xFF, 0xEC, 0xCC, 0xFF, 0x60, 0x00, 0x00, 0x00, 0x00, 0x00, 0x00, 0x00, 0x3C, 0xFF, 0xEC,
0xCC, 0xFF, 0x60, 0x00, 0x00, 0x00, 0x00, 0x00, 0x00, 0x00, 0x3C, 0xFF, 0xEC, 0xCC, 0xFF, 0x60,
0x00, 0x00, 0x00, 0x00, 0x00, 0x00, 0x00, 0x3C, 0xFF, 0xEC, 0xCC, 0xFF, 0x60, 0x00, 0x00, 0x00,
0x00, 0x00, 0x00, 0x00, 0x3C, 0xFF, 0xEC, 0x8A, 0xCD, 0xEB, 0xF5, 0xFC, 0xEA, 0xD3, 0xA8, 0x53,
0x02, 0x00, 0x00, 0xCC, 0xFF, 0xFF, 0xFF, 0xFF, 0xFF, 0xFF, 0xFF, 0xFF, 0xC6, 0x18, 0x00, 0xCC,
0xFF, 0x6E, 0x08, 0x03, 0x17, 0x41, 0x9C, 0xFC, 0xFF, 0xC6, 0x01, 0xCC, 0xFF, 0x60, 0x00, 0x00,
0x00, 0x00, 0x00, 0x55, 0xFF, 0xFF, 0x45, 0xCC, 0xFF, 0x60, 0x00, 0x00, 0x00, 0x00, 0x00, 0x00,
0xD9, 0xFF, 0x7D, 0xCC, 0xFF, 0x60, 0x00, 0x00, 0x00, 0x00, 0x00, 0x00, 0xC0, 0xFF, 0x8B, 0xCC,
0xFF, 0x60, 0x00, 0x00, 0x00, 0x00, 0x00, 0x02, 0xE4, 0xFF, 0x71, 0xCC, 0xFF, 0x60, 0x00, 0x00,
0x00, 0x00, 0x00, 0x69, 0xFF, 0xFF, 0x25, 0xCC, 0xFF, 0x67, 0x00, 0x03, 0x16, 0x44, 0xA0, 0xFE,
0xFF, 0x97, 0x00, 0xCC, 0xFF, 0xFF, 0xFF, 0xFF, 0xFF, 0xFF, 0xFF, 0xFF, 0x9C, 0x05, 0x00, 0xCC,
0xFF, 0xF5, 0xFC, 0xFE, 0xF1, 0xD0, 0x94, 0x36, 0x00, 0x00, 0x00, 0xCC, 0xFF, 0x60, 0x00, 0x00,
0x00, 0x00, 0x00, 0x00, 0x00, 0x00, 0x00, 0xCC, 0xFF, 0x60, 0x00, 0x00, 0x00, 0x00, 0x00, 0x00,
0x00, 0x00, 0x00, 0xCC, 0xFF, 0x60, 0x00, 0x00, 0x00, 0x00, 0x00, 0x00, 0x00, 0x00, 0x00, 0xCC,
0xFF, 0x60, 0x00, 0x00, 0x00, 0x00, 0x00, 0x00, 0x00, 0x00, 0x00, 0xCC, 0xFF, 0x60, 0x00, 0x00,
0x00, 0x00, 0x00, 0x00, 0x00, 0x00, 0x00, 0xCC, 0xFF, 0x60, 0x00, 0x00, 0x00, 0x00, 0x00, 0x00,
0x00, 0x00, 0x00, 0xCC, 0xFF, 0x60, 0x00, 0x00, 0x00, 0x00, 0x00, 0x00, 0x00, 0x00, 0x00, 0x00,
0x00, 0x00, 0x00, 0x11, 0x78, 0xC3, 0xEC, 0xFB, 0xF0, 0xCB, 0x82, 0x17, 0x00, 0x00, 0x00, 0x58,
0xF2, 0xFF, 0xFF, 0xFF, 0xFF, 0xFF, 0xFF, 0xFF, 0x76, 0x00, 0x00, 0x65, 0xFF, 0xFF, 0xD2, 0x5E,
0x1C, 0x05, 0x11, 0x41, 0xA7, 0x34, 0x00, 0x2A, 0xFA, 0xFF, 0xA4, 0x06, 0x00, 0x00, 0x00, 0x00,
0x00, 0x00, 0x00, 0x00, 0xAC, 0xFF, 0xD3, 0x07, 0x00, 0x00, 0x00, 0x00, 0x00, 0x00, 0x00, 0x00,
0x0D, 0xFB, 0xFF, 0x58, 0x00, 0x00, 0x00, 0x00, 0x00, 0x00, 0x00, 0x00, 0x00, 0x4D, 0xFF, 0xFC,
0x0E, 0x00, 0x00, 0x00, 0x00, 0x00, 0x00, 0x00, 0x00, 0x00, 0x6F, 0xFF, 0xDA, 0x00, 0x00, 0x00,
0x00, 0x00, 0x00, 0x00, 0x00, 0x00, 0x00, 0x82, 0xFF, 0xC8, 0x00, 0x00, 0x00, 0x00, 0x00, 0x00,
0x00, 0x00, 0x00, 0x00, 0x83, 0xFF, 0xC8, 0x00, 0x00, 0x00, 0x00, 0x00, 0x00, 0x00, 0x00, 0x00,
0x00, 0x71, 0xFF, 0xDE, 0x00, 0x00, 0x00, 0x00, 0x00, 0x00, 0x00, 0x00, 0x00, 0x00, 0x4F, 0xFF,
0xFE, 0x15, 0x00, 0x00, 0x00, 0x00, 0x00, 0x00, 0x00, 0x00, 0x00, 0x11, 0xFD, 0xFF, 0x6B, 0x00,
0x00, 0x00, 0x00, 0x00, 0x00, 0x00, 0x00, 0x00, 0x00, 0xB5, 0xFF, 0xE3, 0x11, 0x00, 0x00, 0x00,
0x00, 0x00, 0x00, 0x00, 0x00, 0x00, 0x38, 0xFD, 0xFF, 0xBE, 0x0E, 0x00, 0x00, 0x00, 0x00, 0x00,
0x00, 0x00, 0x00, 0x00, 0x7E, 0xFF, 0xFF, 0xE4, 0x6F, 0x25, 0x07, 0x0A, 0x33, 0x8B, 0x6F, 0x00,
0x00, 0x00, 0x72, 0xF9, 0xFF, 0xFF, 0xFF, 0xFF, 0xFF, 0xFF, 0xFF, 0xBA, 0x00, 0x00, 0x00, 0x00,
0x1C, 0x86, 0xCB, 0xEE, 0xFA, 0xE7, 0xD0, 0x9C, 0x32, 0x88, 0xFF, 0xFF, 0xFF, 0xFF, 0xFF, 0xFF,
0xFF, 0xFF, 0xFF, 0xFF, 0xFF, 0xFF, 0xF8, 0x88, 0xFF, 0xFF, 0xFF, 0xFF, 0xFF, 0xFF, 0xFF, 0xFF,
0xFF, 0xFF, 0xFF, 0xFF, 0xF8, 0x00, 0x00, 0x00, 0x00, 0x00, 0x00, 0xDC, 0xFF, 0x4C, 0x00, 0x00,
0x00, 0x00, 0x00, 0x00, 0x00, 0x00, 0x00, 0x00, 0x00, 0xDC, 0xFF, 0x4C, 0x00, 0x00, 0x00, 0x00,
0x00, 0x00, 0x00, 0x00, 0x00, 0x00, 0x00, 0xDC, 0xFF, 0x4C, 0x00, 0x00, 0x00, 0x00, 0x00, 0x00,
0x00, 0x00, 0x00, 0x00, 0x00, 0xDC, 0xFF, 0x4C, 0x00, 0x00, 0x00, 0x00, 0x00, 0x00, 0x00, 0x00,
0x00, 0x00, 0x00, 0xDC, 0xFF, 0x4C, 0x00, 0x00, 0x00, 0x00, 0x00, 0x00, 0x00, 0x00, 0x00, 0x00,
0x00, 0xDC, 0xFF, 0x4C, 0x00, 0x00, 0x00, 0x00, 0x00, 0x00, 0x00, 0x00, 0x00, 0x00, 0x00, 0xDC,
0xFF, 0x4C, 0x00, 0x00, 0x00, 0x00, 0x00, 0x00, 0x00, 0x00, 0x00, 0x00, 0x00, 0xDC, 0xFF, 0x4C,
0x00, 0x00, 0x00, 0x00, 0x00, 0x00, 0x00, 0x00, 0x00, 0x00, 0x00, 0xDC, 0xFF, 0x4C, 0x00, 0x00,
0x00, 0x00, 0x00, 0x00, 0x00, 0x00, 0x00, 0x00, 0x00, 0xDC, 0xFF, 0x4C, 0x00, 0x00, 0x00, 0x00,
0x00, 0x00, 0x00, 0x00, 0x00, 0x00, 0x00, 0xDC, 0xFF, 0x4C, 0x00, 0x00, 0x00, 0x00, 0x00, 0x00,
0x00, 0x00, 0x00, 0x00, 0x00, 0xDC, 0xFF, 0x4C, 0x00, 0x00, 0x00, 0x00, 0x00, 0x00, 0x00, 0x00,
0x00, 0x00, 0x00, 0xDC, 0xFF, 0x4C, 0x00, 0x00, 0x00, 0x00, 0x00, 0x00, 0x00, 0x00, 0x00, 0x00,
0x00, 0xDC, 0xFF, 0x4C, 0x00, 0x00, 0x00, 0x00, 0x00, 0x00, 0x00, 0x00, 0x00, 0x00, 0x00, 0xDC,
0xFF, 0x4C, 0x00, 0x00, 0x00, 0x00, 0x00, 0x00, 0x00, 0x00, 0x00, 0x00, 0x00, 0xDC, 0xFF, 0x4C,
0x00, 0x00, 0x00, 0x00, 0x00, 0x8F, 0xFF, 0xE3, 0x07, 0x00, 0x00, 0x00, 0x00, 0x00, 0x00, 0x00,
0x12, 0xF9, 0xFF, 0x29, 0x17, 0xF5, 0xFF, 0x69, 0x00, 0x00, 0x00, 0x00, 0x00, 0x00, 0x00, 0x6B,
0xFF, 0xC3, 0x00, 0x00, 0x8A, 0xFF, 0xE2, 0x06, 0x00, 0x00, 0x00, 0x00, 0x00, 0x00, 0xCB, 0xFF,
0x5D, 0x00, 0x00, 0x14, 0xF3, 0xFF, 0x66, 0x00, 0x00, 0x00, 0x00, 0x00, 0x2A, 0xFF, 0xEF, 0x09,
0x00, 0x00, 0x00, 0x85, 0xFF, 0xDF, 0x05, 0x00, 0x00, 0x00, 0x00, 0x8A, 0xFF, 0x92, 0x00, 0x00,
0x00, 0x00, 0x11, 0xF1, 0xFF, 0x63, 0x00, 0x00, 0x00, 0x03, 0xE6, 0xFF, 0x2C, 0x00, 0x00, 0x00,
0x00, 0x00, 0x81, 0xFF, 0xDD, 0x04, 0x00, 0x00, 0x49, 0xFF, 0xC7, 0x00, 0x00, 0x00, 0x00, 0x00,
0x00, 0x0F, 0xEE, 0xFF, 0x60, 0x00, 0x00, 0xA8, 0xFF, 0x61, 0x00, 0x00, 0x00, 0x00, 0x00, 0x00,
0x00, 0x7C, 0xFF, 0xDB, 0x03, 0x10, 0xF7, 0xF1, 0x0A, 0x00, 0x00, 0x00, 0x00, 0x00, 0x00, 0x00,
0x0D, 0xEC, 0xFF, 0x55, 0x5E, 0xFF, 0x96, 0x00, 0x00, 0x00, 0x00, 0x00, 0x00, 0x00, 0x00, 0x00,
0x77, 0xFF, 0xA7, 0x99, 0xFF, 0x30, 0x00, 0x00, 0x00, 0x00, 0x00, 0x00, 0x00, 0x00, 0x00, 0x0B,
0xE9, 0xF0, 0xDA, 0xCA, 0x00, 0x00, 0x00, 0x00, 0x00, 0x00, 0x00, 0x00, 0x00, 0x00, 0x00, 0x72,
0xFF, 0xFF, 0x65, 0x00, 0x00, 0x00, 0x00, 0x00, 0x00, 0x00, 0x00, 0x00, 0x00, 0x00, 0x31, 0xFF,
0xF2, 0x0D, 0x00, 0x00, 0x00, 0x00, 0x00, 0x00, 0x00, 0x00, 0x00, 0x00, 0x00, 0x8B, 0xFF, 0x93,
0x00, 0x00, 0x00, 0x00, 0x00, 0x00, 0x00, 0x00, 0x00, 0x00, 0x00, 0x42, 0xF6, 0xF9, 0x1F, 0x00,
0x00, 0x00, 0x00, 0x00, 0x00, 0x00, 0x00, 0x27, 0xFE, 0xFF, 0xFF, 0xFF, 0x7C, 0x00, 0x00, 0x00,
0x00, 0x00, 0x00, 0x00, 0x00, 0x00, 0x4F, 0xE4, 0xFD, 0xE8, 0x80, 0x01, 0x00, 0x00, 0x00, 0x00,
0x00, 0x00, 0x00, 0x00, 0x00, 0x00, 0x00, 0x00, 0x00, 0x00, 0x00, 0xEC, 0xFF, 0x34, 0x00, 0x00,
0x00, 0x00, 0x00, 0x00, 0x00, 0x00, 0x00, 0x00, 0x00, 0x00, 0x00, 0x00, 0x00, 0x00, 0xEC, 0xFF,
0x34, 0x00, 0x00, 0x00, 0x00, 0x00, 0x00, 0x00, 0x00, 0x00, 0x00, 0x00, 0x54, 0xB6, 0xEA, 0xFC,
0xF1, 0xFD, 0xFF, 0xE4, 0xF7, 0xFA, 0xE0, 0x99, 0x22, 0x00, 0x00, 0x00, 0x00, 0x0A, 0xB1, 0xFF,
0xFF, 0xFF, 0xFF, 0xFF, 0xFF, 0xFF, 0xFF, 0xFF, 0xFF, 0xFF, 0xFF, 0xF5, 0x4A, 0x00, 0x00, 0x00,
0xA2, 0xFF, 0xFC, 0x88, 0x24, 0x04, 0x0C, 0xEA, 0xFF, 0x47, 0x05, 0x0B, 0x4B, 0xD8, 0xFF, 0xF3,
0x21, 0x00, 0x34, 0xFF, 0xFF, 0x60, 0x00, 0x00, 0x00, 0x00, 0xE8, 0xFF, 0x30, 0x00, 0x00, 0x00,
0x17, 0xF0, 0xFF, 0x98, 0x00, 0x92, 0xFF, 0xCB, 0x00, 0x00, 0x00, 0x00, 0x00, 0xE8, 0xFF, 0x30,
0x00, 0x00, 0x00, 0x00, 0x80, 0xFF, 0xE9, 0x00, 0xCC, 0xFF, 0x7B, 0x00, 0x00, 0x00, 0x00, 0x00,
0xE8, 0xFF, 0x30, 0x00, 0x00, 0x00, 0x00, 0x2A, 0xFF, 0xFF, 0x1C, 0xE5, 0xFF, 0x56, 0x00, 0x00,
0x00, 0x00, 0x00, 0xE8, 0xFF, 0x30, 0x00, 0x00, 0x00, 0x00, 0x0B, 0xFF, 0xFF, 0x30, 0xE9, 0xFF,
0x52, 0x00, 0x00, 0x00, 0x00, 0x00, 0xE8, 0xFF, 0x30, 0x00, 0x00, 0x00, 0x00, 0x0F, 0xFF, 0xFF,
0x2B, 0xD7, 0xFF, 0x6F, 0x00, 0x00, 0x00, 0x00, 0x00, 0xE8, 0xFF, 0x30, 0x00, 0x00, 0x00, 0x00,
0x33, 0xFF, 0xFF, 0x12, 0xA8, 0xFF, 0xB7, 0x00, 0x00, 0x00, 0x00, 0x00, 0xE8, 0xFF, 0x30, 0x00,
0x00, 0x00, 0x00, 0x85, 0xFF, 0xD4, 0x00, 0x59, 0xFF, 0xFE, 0x47, 0x00, 0x00, 0x00, 0x00, 0xE8,
0xFF, 0x30, 0x00, 0x00, 0x00, 0x29, 0xF3, 0xFF, 0x74, 0x00, 0x04, 0xD5, 0xFF, 0xF5, 0x71, 0x19,
0x01, 0x0D, 0xEB, 0xFF, 0x38, 0x01, 0x16, 0x63, 0xEB, 0xFF, 0xD7, 0x0B, 0x00, 0x00, 0x27, 0xE2,
0xFF, 0xFF, 0xFF, 0xFF, 0xFF, 0xFF, 0xFF, 0xFF, 0xFF, 0xFF, 0xFF, 0xFF, 0xDB, 0x24, 0x00, 0x00,
0x00, 0x00, 0x13, 0x85, 0xD4, 0xF7, 0xFC, 0xEC, 0xFD, 0xFF, 0xEB, 0xFC, 0xF3, 0xCB, 0x77, 0x0B,
0x00, 0x00, 0x00, 0x00, 0x00, 0x00, 0x00, 0x00, 0x00, 0x00, 0x00, 0xEC, 0xFF, 0x34, 0x00, 0x00,
0x00, 0x00, 0x00, 0x00, 0x00, 0x00, 0x00, 0x00, 0x00, 0x00, 0x00, 0x00, 0x00, 0x00, 0xEC, 0xFF,
0x34, 0x00, 0x00, 0x00, 0x00, 0x00, 0x00, 0x00, 0x00, 0x00, 0x7C, 0xFF, 0xF7, 0x21, 0x00, 0x00,
0x00, 0x00, 0x00, 0x00, 0x00, 0xAA, 0xFF, 0xB6, 0x00, 0x00, 0x06, 0xD6, 0xFF, 0xB3, 0x00, 0x00,
0x00, 0x00, 0x00, 0x00, 0x4D, 0xFF, 0xF1, 0x1C, 0x00, 0x00, 0x00, 0x3D, 0xFE, 0xFF, 0x4E, 0x00,
0x00, 0x00, 0x00, 0x0D, 0xE3, 0xFF, 0x64, 0x00, 0x00, 0x00, 0x00, 0x00, 0x9C, 0xFF, 0xDF, 0x09,
0x00, 0x00, 0x00, 0x94, 0xFF, 0xBB, 0x00, 0x00, 0x00, 0x00, 0x00, 0x00, 0x11, 0xE9, 0xFF, 0x84,
0x00, 0x00, 0x39, 0xFD, 0xF3, 0x1F, 0x00, 0x00, 0x00, 0x00, 0x00, 0x00, 0x00, 0x5C, 0xFF, 0xF9,
0x26, 0x06, 0xD4, 0xFF, 0x69, 0x00, 0x00, 0x00, 0x00, 0x00, 0x00, 0x00, 0x00, 0x00, 0xBB, 0xFF,
0xA9, 0x68, 0xFF, 0xBF, 0x01, 0x00, 0x00, 0x00, 0x00, 0x00, 0x00, 0x00, 0x00, 0x00, 0x24, 0xF7,
0xFC, 0xE0, 0xF4, 0x22, 0x00, 0x00, 0x00, 0x00, 0x00, 0x00, 0x00, 0x00, 0x00, 0x00, 0x00, 0x7F,
0xFF, 0xFF, 0x81, 0x00, 0x00, 0x00, 0x00, 0x00, 0x00, 0x00, 0x00, 0x00, 0x00, 0x00, 0x00, 0xB3,
0xFF, 0xFF, 0xD6, 0x07, 0x00, 0x00, 0x00, 0x00, 0x00, 0x00, 0x00, 0x00, 0x00, 0x00, 0x5D, 0xFF,
0xC3, 0xC9, 0xFF, 0x82, 0x00, 0x00, 0x00, 0x00, 0x00, 0x00, 0x00, 0x00, 0x00, 0x18, 0xED, 0xFF,
0x4F, 0x50, 0xFF, 0xFA, 0x2B, 0x00, 0x00, 0x00, 0x00, 0x00, 0x00, 0x00, 0x00, 0xAF, 0xFF, 0xB0,
0x00, 0x00, 0xB5, 0xFF, 0xC7, 0x02, 0x00, 0x00, 0x00, 0x00, 0x00, 0x00, 0x59, 0xFF, 0xEF, 0x19,
0x00, 0x00, 0x1E, 0xF3, 0xFF, 0x6E, 0x00, 0x00, 0x00, 0x00, 0x00, 0x16, 0xEC, 0xFF, 0x61, 0x00,
0x00, 0x00, 0x00, 0x6F, 0xFF, 0xF3, 0x1E, 0x00, 0x00, 0x00, 0x00, 0xAC, 0xFF, 0xB9, 0x00, 0x00,
0x00, 0x00, 0x00, 0x02, 0xC9, 0xFF, 0xB5, 0x00, 0x00, 0x00, 0x56, 0xFF, 0xF3, 0x1F, 0x00, 0x00,
0x00, 0x00, 0x00, 0x00, 0x2E, 0xFB, 0xFF, 0x5A, 0x00, 0x14, 0xEA, 0xFF, 0x6B, 0x00, 0x00, 0x00,
0x00, 0x00, 0x00, 0x00, 0x00, 0x86, 0xFF, 0xEA, 0x13, 0xCC, 0xFF, 0x60, 0x00, 0x00, 0x00, 0x00,
0x00, 0x00, 0x00, 0x70, 0xFF, 0xB8, 0x00, 0x00, 0x00, 0xCC, 0xFF, 0x60, 0x00, 0x00, 0x00, 0x00,
0x00, 0x00, 0x00, 0x70, 0xFF, 0xB8, 0x00, 0x00, 0x00, 0xCC, 0xFF, 0x60, 0x00, 0x00, 0x00, 0x00,
0x00, 0x00, 0x00, 0x70, 0xFF, 0xB8, 0x00, 0x00, 0x00, 0xCC, 0xFF, 0x60, 0x00, 0x00, 0x00, 0x00,
0x00, 0x00, 0x00, 0x70, 0xFF, 0xB8, 0x00, 0x00, 0x00, 0xCC, 0xFF, 0x60, 0x00, 0x00, 0x00, 0x00,
0x00, 0x00, 0x00, 0x70, 0xFF, 0xB8, 0x00, 0x00, 0x00, 0xCC, 0xFF, 0x60, 0x00, 0x00, 0x00, 0x00,
0x00, 0x00, 0x00, 0x70, 0xFF, 0xB8, 0x00, 0x00, 0x00, 0xCC, 0xFF, 0x60, 0x00, 0x00, 0x00, 0x00,
0x00, 0x00, 0x00, 0x70, 0xFF, 0xB8, 0x00, 0x00, 0x00, 0xCC, 0xFF, 0x60, 0x00, 0x00, 0x00, 0x00,
0x00, 0x00, 0x00, 0x70, 0xFF, 0xB8, 0x00, 0x00, 0x00, 0xCC, 0xFF, 0x60, 0x00, 0x00, 0x00, 0x00,
0x00, 0x00, 0x00, 0x70, 0xFF, 0xB8, 0x00, 0x00, 0x00, 0xCC, 0xFF, 0x60, 0x00, 0x00, 0x00, 0x00,
0x00, 0x00, 0x00, 0x70, 0xFF, 0xB8, 0x00, 0x00, 0x00, 0xCC, 0xFF, 0x60, 0x00, 0x00, 0x00, 0x00,
0x00, 0x00, 0x00, 0x70, 0xFF, 0xB8, 0x00, 0x00, 0x00, 0xCC, 0xFF, 0x60, 0x00, 0x00, 0x00, 0x00,
0x00, 0x00, 0x00, 0x70, 0xFF, 0xB8, 0x00, 0x00, 0x00, 0xCC, 0xFF, 0x60, 0x00, 0x00, 0x00, 0x00,
0x00, 0x00, 0x00, 0x70, 0xFF, 0xB8, 0x00, 0x00, 0x00, 0xCC, 0xFF, 0x60, 0x00, 0x00, 0x00, 0x00,
0x00, 0x00, 0x00, 0x70, 0xFF, 0xB8, 0x00, 0x00, 0x00, 0xCC, 0xFF, 0x60, 0x00, 0x00, 0x00, 0x00,
0x00, 0x00, 0x00, 0x70, 0xFF, 0xB8, 0x00, 0x00, 0x00, 0xCC, 0xFF, 0x60, 0x00, 0x00, 0x00, 0x00,
0x00, 0x00, 0x00, 0x70, 0xFF, 0xB8, 0x00, 0x00, 0x00, 0xCC, 0xFF, 0xFF, 0xFF, 0xFF, 0xFF, 0xFF,
0xFF, 0xFF, 0xFF, 0xFF, 0xFF, 0xFF, 0xFF, 0xFF, 0x24, 0xCC, 0xFF, 0xFF, 0xFF, 0xFF, 0xFF, 0xFF,
0xFF, 0xFF, 0xFF, 0xFF, 0xFF, 0xFF, 0xFF, 0xFF, 0x24, 0x00, 0x00, 0x00, 0x00, 0x00, 0x00, 0x00,
0x00, 0x00, 0x00, 0x00, 0x00, 0x00, 0xAC, 0xFF, 0x24, 0x00, 0x00, 0x00, 0x00, 0x00, 0x00, 0x00,
0x00, 0x00, 0x00, 0x00, 0x00, 0x00, 0x8A, 0xFF, 0x24, 0x00, 0x00, 0x00, 0x00, 0x00, 0x00, 0x00,
0x00, 0x00, 0x00, 0x00, 0x00, 0x00, 0x69, 0xFF, 0x24, 0x0C, 0xFF, 0xFF, 0x1C, 0x00, 0x00, 0x00,
0x00, 0x00, 0x00, 0xA4, 0xFF, 0x84, 0x0C, 0xFF, 0xFF, 0x1C, 0x00, 0x00, 0x00, 0x00, 0x00, 0x00,
0xA4, 0xFF, 0x84, 0x0C, 0xFF, 0xFF, 0x1C, 0x00, 0x00, 0x00, 0x00, 0x00, 0x00, 0xA4, 0xFF, 0x84,
0x0C, 0xFF, 0xFF, 0x1C, 0x00, 0x00, 0x00, 0x00, 0x00, 0x00, 0xA4, 0xFF, 0x84, 0x0C, 0xFF, 0xFF,
0x1C, 0x00, 0x00, 0x00, 0x00, 0x00, 0x00, 0xA4, 0xFF, 0x84, 0x0C, 0xFF, 0xFF, 0x1D, 0x00, 0x00,
0x00, 0x00, 0x00, 0x00, 0xA4, 0xFF, 0x84, 0x05, 0xFF, 0xFF, 0x38, 0x00, 0x00, 0x00, 0x00, 0x00,
0x00, 0xA4, 0xFF, 0x84, 0x00, 0xEB, 0xFF, 0x87, 0x00, 0x00, 0x00, 0x00, 0x00, 0x00, 0xA7, 0xFF,
0x84, 0x00, 0xA4, 0xFF, 0xF9, 0x78, 0x1E, 0x05, 0x16, 0x49, 0xA5, 0xFE, 0xFF, 0x84, 0x00, 0x24,
0xED, 0xFF, 0xFF, 0xFF, 0xFF, 0xFF, 0xFF, 0xFF, 0xFB, 0xFF, 0x84, 0x00, 0x00, 0x21, 0x9E, 0xD7,
0xF4, 0xF6, 0xDA, 0x9D, 0x41, 0xA4, 0xFF, 0x84, 0x00, 0x00, 0x00, 0x00, 0x00, 0x00, 0x00, 0x00,
0x00, 0x00, 0xA4, 0xFF, 0x84, 0x00, 0x00, 0x00, 0x00, 0x00, 0x00, 0x00, 0x00, 0x00, 0x00, 0xA4,
0xFF, 0x84, 0x00, 0x00, 0x00, 0x00, 0x00, 0x00, 0x00, 0x00, 0x00, 0x00, 0xA4, 0xFF, 0x84, 0x00,
0x00, 0x00, 0x00, 0x00, 0x00, 0x00, 0x00, 0x00, 0x00, 0xA4, 0xFF, 0x84, 0x00, 0x00, 0x00, 0x00,
0x00, 0x00, 0x00, 0x00, 0x00, 0x00, 0xA4, 0xFF, 0x84, 0x00, 0x00, 0x00, 0x00, 0x00, 0x00, 0x00,
0x00, 0x00, 0x00, 0xA4, 0xFF, 0x84, 0x00, 0x00, 0x00, 0x00, 0x00, 0x00, 0x00, 0x00, 0x00, 0x00,
0xA4, 0xFF, 0x84, 0xCC, 0xFF, 0x60, 0x00, 0x00, 0x00, 0x00, 0x00, 0xAC, 0xFF, 0x7C, 0x00, 0x00,
0x00, 0x00, 0x00, 0x90, 0xFF, 0x98, 0xCC, 0xFF, 0x60, 0x00, 0x00, 0x00, 0x00, 0x00, 0xAC, 0xFF,
0x7C, 0x00, 0x00, 0x00, 0x00, 0x00, 0x90, 0xFF, 0x98, 0xCC, 0xFF, 0x60, 0x00, 0x00, 0x00, 0x00,
0x00, 0xAC, 0xFF, 0x7C, 0x00, 0x00, 0x00, 0x00, 0x00, 0x90, 0xFF, 0x98, 0xCC, 0xFF, 0x60, 0x00,
0x00, 0x00, 0x00, 0x00, 0xAC, 0xFF, 0x7C, 0x00, 0x00, 0x00, 0x00, 0x00, 0x90, 0xFF, 0x98, 0xCC,
0xFF, 0x60, 0x00, 0x00, 0x00, 0x00, 0x00, 0xAC, 0xFF, 0x7C, 0x00, 0x00, 0x00, 0x00, 0x00, 0x90,
0xFF, 0x98, 0xCC, 0xFF, 0x60, 0x00, 0x00, 0x00, 0x00, 0x00, 0xAC, 0xFF, 0x7C, 0x00, 0x00, 0x00,
0x00, 0x00, 0x90, 0xFF, 0x98, 0xCC, 0xFF, 0x60, 0x00, 0x00, 0x00, 0x00, 0x00, 0xAC, 0xFF, 0x7C,
0x00, 0x00, 0x00, 0x00, 0x00, 0x90, 0xFF, 0x98, 0xCC, 0xFF, 0x60, 0x00, 0x00, 0x00, 0x00, 0x00,
0xAC, 0xFF, 0x7C, 0x00, 0x00, 0x00, 0x00, 0x00, 0x90, 0xFF, 0x98, 0xCC, 0xFF, 0x60, 0x00, 0x00,
0x00, 0x00, 0x00, 0xAC, 0xFF, 0x7C, 0x00, 0x00, 0x00, 0x00, 0x00, 0x90, 0xFF, 0x98, 0xCC, 0xFF,
0x60, 0x00, 0x00, 0x00, 0x00, 0x00, 0xAC, 0xFF, 0x7C, 0x00, 0x00, 0x00, 0x00, 0x00, 0x90, 0xFF,
0x98, 0xCC, 0xFF, 0x60, 0x00, 0x00, 0x00, 0x00, 0x00, 0xAC, 0xFF, 0x7C, 0x00, 0x00, 0x00, 0x00,
0x00, 0x90, 0xFF, 0x98, 0xCC, 0xFF, 0x60, 0x00, 0x00, 0x00, 0x00, 0x00, 0xAC, 0xFF, 0x7C, 0x00,
0x00, 0x00, 0x00, 0x00, 0x90, 0xFF, 0x98, 0xCC, 0xFF, 0x60, 0x00, 0x00, 0x00, 0x00, 0x00, 0xAC,
0xFF, 0x7C, 0x00, 0x00, 0x00, 0x00, 0x00, 0x90, 0xFF, 0x98, 0xCC, 0xFF, 0x60, 0x00, 0x00, 0x00,
0x00, 0x00, 0xAC, 0xFF, 0x7C, 0x00, 0x00, 0x00, 0x00, 0x00, 0x90, 0xFF, 0x98, 0xCC, 0xFF, 0x60,
0x00, 0x00, 0x00, 0x00, 0x00, 0xAC, 0xFF, 0x7C, 0x00, 0x00, 0x00, 0x00, 0x00, 0x90, 0xFF, 0x98,
0xCC, 0xFF, 0x60, 0x00, 0x00, 0x00, 0x00, 0x00, 0xAC, 0xFF, 0x7C, 0x00, 0x00, 0x00, 0x00, 0x00,
0x90, 0xFF, 0x98, 0xCC, 0xFF, 0xFF, 0xFF, 0xFF, 0xFF, 0xFF, 0xFF, 0xFF, 0xFF, 0xFF, 0xFF, 0xFF,
0xFF, 0xFF, 0xFF, 0xFF, 0xFF, 0x98, 0xCC, 0xFF, 0xFF, 0xFF, 0xFF, 0xFF, 0xFF, 0xFF, 0xFF, 0xFF,
0xFF, 0xFF, 0xFF, 0xFF, 0xFF, 0xFF, 0xFF, 0xFF, 0x98, 0xCC, 0xFF, 0x60, 0x00, 0x00, 0x00, 0x00,
0x00, 0xAC, 0xFF, 0x7C, 0x00, 0x00, 0x00, 0x00, 0x00, 0x90, 0xFF, 0x98, 0x00, 0x00, 0x00, 0xCC,
0xFF, 0x60, 0x00, 0x00, 0x00, 0x00, 0x00, 0xAC, 0xFF, 0x7C, 0x00, 0x00, 0x00, 0x00, 0x00, 0x90,
0xFF, 0x98, 0x00, 0x00, 0x00, 0xCC, 0xFF, 0x60, 0x00, 0x00, 0x00, 0x00, 0x00, 0xAC, 0xFF, 0x7C,
0x00, 0x00, 0x00, 0x00, 0x00, 0x90, 0xFF, 0x98, 0x00, 0x00, 0x00, 0xCC, 0xFF, 0x60, 0x00, 0x00,
0x00, 0x00, 0x00, 0xAC, 0xFF, 0x7C, 0x00, 0x00, 0x00, 0x00, 0x00, 0x90, 0xFF, 0x98, 0x00, 0x00,
0x00, 0xCC, 0xFF, 0x60, 0x00, 0x00, 0x00, 0x00, 0x00, 0xAC, 0xFF, 0x7C, 0x00, 0x00, 0x00, 0x00,
0x00, 0x90, 0xFF, 0x98, 0x00, 0x00, 0x00, 0xCC, 0xFF, 0x60, 0x00, 0x00, 0x00, 0x00, 0x00, 0xAC,
0xFF, 0x7C, 0x00, 0x00, 0x00, 0x00, 0x00, 0x90, 0xFF, 0x98, 0x00, 0x00, 0x00, 0xCC, 0xFF, 0x60,
0x00, 0x00, 0x00, 0x00, 0x00, 0xAC, 0xFF, 0x7C, 0x00, 0x00, 0x00, 0x00, 0x00, 0x90, 0xFF, 0x98,
0x00, 0x00, 0x00, 0xCC, 0xFF, 0x60, 0x00, 0x00, 0x00, 0x00, 0x00, 0xAC, 0xFF, 0x7C, 0x00, 0x00,
0x00, 0x00, 0x00, 0x90, 0xFF, 0x98, 0x00, 0x00, 0x00, 0xCC, 0xFF, 0x60, 0x00, 0x00, 0x00, 0x00,
0x00, 0xAC, 0xFF, 0x7C, 0x00, 0x00, 0x00, 0x00, 0x00, 0x90, 0xFF, 0x98, 0x00, 0x00, 0x00, 0xCC,
0xFF, 0x60, 0x00, 0x00, 0x00, 0x00, 0x00, 0xAC, 0xFF, 0x7C, 0x00, 0x00, 0x00, 0x00, 0x00, 0x90,
0xFF, 0x98, 0x00, 0x00, 0x00, 0xCC, 0xFF, 0x60, 0x00, 0x00, 0x00, 0x00, 0x00, 0xAC, 0xFF, 0x7C,
0x00, 0x00, 0x00, 0x00, 0x00, 0x90, 0xFF, 0x98, 0x00, 0x00, 0x00, 0xCC, 0xFF, 0x60, 0x00, 0x00,
0x00, 0x00, 0x00, 0xAC, 0xFF, 0x7C, 0x00, 0x00, 0x00, 0x00, 0x00, 0x90, 0xFF, 0x98, 0x00, 0x00,
0x00, 0xCC, 0xFF, 0x60, 0x00, 0x00, 0x00, 0x00, 0x00, 0xAC, 0xFF, 0x7C, 0x00, 0x00, 0x00, 0x00,
0x00, 0x90, 0xFF, 0x98, 0x00, 0x00, 0x00, 0xCC, 0xFF, 0x60, 0x00, 0x00, 0x00, 0x00, 0x00, 0xAC,
0xFF, 0x7C, 0x00, 0x00, 0x00, 0x00, 0x00, 0x90, 0xFF, 0x98, 0x00, 0x00, 0x00, 0xCC, 0xFF, 0x60,
0x00, 0x00, 0x00, 0x00, 0x00, 0xAC, 0xFF, 0x7C, 0x00, 0x00, 0x00, 0x00, 0x00, 0x90, 0xFF, 0x98,
0x00, 0x00, 0x00, 0xCC, 0xFF, 0x60, 0x00, 0x00, 0x00, 0x00, 0x00, 0xAC, 0xFF, 0x7C, 0x00, 0x00,
0x00, 0x00, 0x00, 0x90, 0xFF, 0x98, 0x00, 0x00, 0x00, 0xCC, 0xFF, 0xFF, 0xFF, 0xFF, 0xFF, 0xFF,
0xFF, 0xFF, 0xFF, 0xFF, 0xFF, 0xFF, 0xFF, 0xFF, 0xFF, 0xFF, 0xFF, 0xFF, 0xFF, 0xFF, 0x04, 0xCC,
0xFF, 0xFF, 0xFF, 0xFF, 0xFF, 0xFF, 0xFF, 0xFF, 0xFF, 0xFF, 0xFF, 0xFF, 0xFF, 0xFF, 0xFF, 0xFF,
0xFF, 0xFF, 0xFF, 0xFF, 0x04, 0x00, 0x00, 0x00, 0x00, 0x00, 0x00, 0x00, 0x00, 0x00, 0x00, 0x00,
0x00, 0x00, 0x00, 0x00, 0x00, 0x00, 0x00, 0x00, 0xD4, 0xFF, 0x04, 0x00, 0x00, 0x00, 0x00, 0x00,
0x00, 0x00, 0x00, 0x00, 0x00, 0x00, 0x00, 0x00, 0x00, 0x00, 0x00, 0x00, 0x00, 0x00, 0xB2, 0xFF,
0x04, 0x00, 0x00, 0x00, 0x00, 0x00, 0x00, 0x00, 0x00, 0x00, 0x00, 0x00, 0x00, 0x00, 0x00, 0x00,
0x00, 0x00, 0x00, 0x00, 0x91, 0xFF, 0x04, 0x08, 0xFF, 0xFF, 0xFF, 0xFF, 0xFF, 0xFF, 0x4C, 0x00,
0x00, 0x00, 0x00, 0x00, 0x00, 0x00, 0x00, 0x00, 0x08, 0xFF, 0xFF, 0xFF, 0xFF, 0xFF, 0xFF, 0x4C,
0x00, 0x00, 0x00, 0x00, 0x00, 0x00, 0x00, 0x00, 0x00, 0x00, 0x00, 0x00, 0x00, 0x00, 0xDC, 0xFF,
0x4C, 0x00, 0x00, 0x00, 0x00, 0x00, 0x00, 0x00, 0x00, 0x00, 0x00, 0x00, 0x00, 0x00, 0x00, 0xDC,
0xFF, 0x4C, 0x00, 0x00, 0x00, 0x00, 0x00, 0x00, 0x00, 0x00, 0x00, 0x00, 0x00, 0x00, 0x00, 0x00,
0xDC, 0xFF, 0x4C, 0x00, 0x00, 0x00, 0x00, 0x00, 0x00, 0x00, 0x00, 0x00, 0x00, 0x00, 0x00, 0x00,
0x00, 0xDC, 0xFF, 0x4C, 0x00, 0x00, 0x00, 0x00, 0x00, 0x00, 0x00, 0x00, 0x00, 0x00, 0x00, 0x00,
0x00, 0x00, 0xDC, 0xFF, 0x4C, 0x00, 0x00, 0x00, 0x00, 0x00, 0x00, 0x00, 0x00, 0x00, 0x00, 0x00,
0x00, 0x00, 0x00, 0xDC, 0xFF, 0xE1, 0xE9, 0xFB, 0xF0, 0xD7, 0xB2, 0x61, 0x05, 0x00, 0x00, 0x00,
0x00, 0x00, 0x00, 0x00, 0xDC, 0xFF, 0xFF, 0xFF, 0xFF, 0xFF, 0xFF, 0xFF, 0xFF, 0xD2, 0x1C, 0x00,
0x00, 0x00, 0x00, 0x00, 0x00, 0xDC, 0xFF, 0x67, 0x11, 0x04, 0x16, 0x3E, 0x9A, 0xFD, 0xFF, 0xC6,
0x00, 0x00, 0x00, 0x00, 0x00, 0x00, 0xDC, 0xFF, 0x4C, 0x00, 0x00, 0x00, 0x00, 0x00, 0x63, 0xFF,
0xFF, 0x3B, 0x00, 0x00, 0x00, 0x00, 0x00, 0xDC, 0xFF, 0x4C, 0x00, 0x00, 0x00, 0x00, 0x00, 0x02,
0xEA, 0xFF, 0x6D, 0x00, 0x00, 0x00, 0x00, 0x00, 0xDC, 0xFF, 0x4C, 0x00, 0x00, 0x00, 0x00, 0x00,
0x00, 0xD3, 0xFF, 0x77, 0x00, 0x00, 0x00, 0x00, 0x00, 0xDC, 0xFF, 0x4C, 0x00, 0x00, 0x00, 0x00,
0x00, 0x0A, 0xF4, 0xFF, 0x59, 0x00, 0x00, 0x00, 0x00, 0x00, 0xDC, 0xFF, 0x4C, 0x00, 0x00, 0x00,
0x00, 0x00, 0x9D, 0xFF, 0xF8, 0x12, 0x00, 0x00, 0x00, 0x00, 0x00, 0xDC, 0xFF, 0x5C, 0x07, 0x02,
0x19, 0x47, 0xB8, 0xFF, 0xFF, 0x79, 0x00, 0x00, 0x00, 0x00, 0x00, 0x00, 0xDC, 0xFF, 0xFF, 0xFF,
0xFF, 0xFF, 0xFF, 0xFF, 0xFB, 0x80, 0x00, 0x00, 0x00, 0x00, 0x00, 0x00, 0x00, 0x9B, 0xDA, 0xF0,
0xFB, 0xFD, 0xEE, 0xCA, 0x8A, 0x27, 0x00, 0x00, 0x00, 0xCC, 0xFF, 0x60, 0x00, 0x00, 0x00, 0x00,
0x00, 0x00, 0x00, 0x00, 0x00, 0x00, 0x60, 0xFF, 0xC8, 0xCC, 0xFF, 0x60, 0x00, 0x00, 0x00, 0x00,
0x00, 0x00, 0x00, 0x00, 0x00, 0x00, 0x60, 0xFF, 0xC8, 0xCC, 0xFF, 0x60, 0x00, 0x00, 0x00, 0x00,
0x00, 0x00, 0x00, 0x00, 0x00, 0x00, 0x60, 0xFF, 0xC8, 0xCC, 0xFF, 0x60, 0x00, 0x00, 0x00, 0x00,
0x00, 0x00, 0x00, 0x00, 0x00, 0x00, 0x60, 0xFF, 0xC8, 0xCC, 0xFF, 0x60, 0x00, 0x00, 0x00, 0x00,
0x00, 0x00, 0x00, 0x00, 0x00, 0x00, 0x60, 0xFF, 0xC8, 0xCC, 0xFF, 0x60, 0x00, 0x00, 0x00, 0x00,
0x00, 0x00, 0x00, 0x00, 0x00, 0x00, 0x60, 0xFF, 0xC8, 0xCC, 0xFF, 0x60, 0x00, 0x00, 0x00, 0x00,
0x00, 0x00, 0x00, 0x00, 0x00, 0x00, 0x60, 0xFF, 0xC8, 0xCC, 0xFF, 0xE4, 0xEB, 0xFB, 0xE9, 0xCF,
0x9C, 0x36, 0x00, 0x00, 0x00, 0x00, 0x60, 0xFF, 0xC8, 0xCC, 0xFF, 0xFF, 0xFF, 0xFF, 0xFF, 0xFF,
0xFF, 0xFF, 0x81, 0x00, 0x00, 0x00, 0x60, 0xFF, 0xC8, 0xCC, 0xFF, 0x78, 0x0F, 0x07, 0x1D, 0x5F,
0xCF, 0xFF, 0xFF, 0x4D, 0x00, 0x00, 0x60, 0xFF, 0xC8, 0xCC, 0xFF, 0x60, 0x00, 0x00, 0x00, 0x00,
0x09, 0xD5, 0xFF, 0xB9, 0x00, 0x00, 0x60, 0xFF, 0xC8, 0xCC, 0xFF, 0x60, 0x00, 0x00, 0x00, 0x00,
0x00, 0x6E, 0xFF, 0xE6, 0x00, 0x00, 0x60, 0xFF, 0xC8, 0xCC, 0xFF, 0x60, 0x00, 0x00, 0x00, 0x00,
0x00, 0x56, 0xFF, 0xEF, 0x00, 0x00, 0x60, 0xFF, 0xC8, 0xCC, 0xFF, 0x60, 0x00, 0x00, 0x00, 0x00,
0x00, 0x7B, 0xFF, 0xD5, 0x00, 0x00, 0x60, 0xFF, 0xC8, 0xCC, 0xFF, 0x60, 0x00, 0x00, 0x00, 0x00,
0x18, 0xE6, 0xFF, 0x8D, 0x00, 0x00, 0x60, 0xFF, 0xC8, 0xCC, 0xFF, 0x6F, 0x06, 0x06, 0x26, 0x6F,
0xE6, 0xFF, 0xF1, 0x1A, 0x00, 0x00, 0x60, 0xFF, 0xC8, 0xCC, 0xFF, 0xFF, 0xFF, 0xFF, 0xFF, 0xFF,
0xFF, 0xE8, 0x3B, 0x00, 0x00, 0x00, 0x60, 0xFF, 0xC8, 0x8F, 0xDA, 0xF1, 0xFC, 0xFB, 0xE9, 0xBE,
0x73, 0x10, 0x00, 0x00, 0x00, 0x00, 0x60, 0xFF, 0xC8, 0xCC, 0xFF, 0x60, 0x00, 0x00, 0x00, 0x00,
0x00, 0x00, 0x00, 0x00, 0x00, 0xCC, 0xFF, 0x60, 0x00, 0x00, 0x00, 0x00, 0x00, 0x00, 0x00, 0x00,
0x00, 0xCC, 0xFF, 0x60, 0x00, 0x00, 0x00, 0x00, 0x00, 0x00, 0x00, 0x00, 0x00, 0xCC, 0xFF, 0x60,
0x00, 0x00, 0x00, 0x00, 0x00, 0x00, 0x00, 0x00, 0x00, 0xCC, 0xFF, 0x60, 0x00, 0x00, 0x00, 0x00,
0x00, 0x00, 0x00, 0x00, 0x00, 0xCC, 0xFF, 0x60, 0x00, 0x00, 0x00, 0x00, 0x00, 0x00, 0x00, 0x00,
0x00, 0xCC, 0xFF, 0x60, 0x00, 0x00, 0x00, 0x00, 0x00, 0x00, 0x00, 0x00, 0x00, 0xCC, 0xFF, 0xE3,
0xE7, 0xFA, 0xF1, 0xD9, 0xB7, 0x69, 0x08, 0x00, 0x00, 0xCC, 0xFF, 0xFF, 0xFF, 0xFF, 0xFF, 0xFF,
0xFF, 0xFF, 0xDA, 0x23, 0x00, 0xCC, 0xFF, 0x79, 0x13, 0x04, 0x14, 0x38, 0x91, 0xFA, 0xFF, 0xD0,
0x02, 0xCC, 0xFF, 0x60, 0x00, 0x00, 0x00, 0x00, 0x00, 0x52, 0xFF, 0xFF, 0x47, 0xCC, 0xFF, 0x60,
0x00, 0x00, 0x00, 0x00, 0x00, 0x00, 0xDC, 0xFF, 0x79, 0xCC, 0xFF, 0x60, 0x00, 0x00, 0x00, 0x00,
0x00, 0x00, 0xC3, 0xFF, 0x83, 0xCC, 0xFF, 0x60, 0x00, 0x00, 0x00, 0x00, 0x00, 0x04, 0xEB, 0xFF,
0x65, 0xCC, 0xFF, 0x60, 0x00, 0x00, 0x00, 0x00, 0x00, 0x7C, 0xFF, 0xFC, 0x1A, 0xCC, 0xFF, 0x6F,
0x08, 0x02, 0x18, 0x43, 0xB0, 0xFF, 0xFF, 0x85, 0x00, 0xCC, 0xFF, 0xFF, 0xFF, 0xFF, 0xFF, 0xFF,
0xFF, 0xFD, 0x8A, 0x01, 0x00, 0x8F, 0xD8, 0xEF, 0xFA, 0xFD, 0xF0, 0xCC, 0x8E, 0x2C, 0x00, 0x00,
0x00, 0x28, 0x8A, 0xC8, 0xED, 0xFB, 0xF0, 0xD2, 0x92, 0x2C, 0x00, 0x00, 0x00, 0x00, 0xB1, 0xFF,
0xFF, 0xFF, 0xFF, 0xFF, 0xFF, 0xFF, 0xFE, 0x90, 0x04, 0x00, 0x00, 0x63, 0x93, 0x3B, 0x0F, 0x04,
0x17, 0x50, 0xBE, 0xFF, 0xFF, 0x9C, 0x00, 0x00, 0x00, 0x00, 0x00, 0x00, 0x00, 0x00, 0x00, 0x00,
0x84, 0xFF, 0xFF, 0x4C, 0x00, 0x00, 0x00, 0x00, 0x00, 0x00, 0x00, 0x00, 0x00, 0x00, 0xB6, 0xFF,
0xC3, 0x00, 0x00, 0x00, 0x00, 0x00, 0x00, 0x00, 0x00, 0x00, 0x00, 0x33, 0xFF, 0xFF, 0x16, 0x00,
0x00, 0x00, 0x00, 0x00, 0x00, 0x00, 0x00, 0x00, 0x00, 0xDF, 0xFF, 0x53, 0x00, 0x00, 0x00, 0x00,
0x00, 0x00, 0x00, 0x00, 0x00, 0x00, 0xB0, 0xFF, 0x71, 0x00, 0x00, 0x18, 0xFF, 0xFF, 0xFF, 0xFF,
0xFF, 0xFF, 0xFF, 0xFF, 0xFF, 0x83, 0x00, 0x00, 0x18, 0xFF, 0xFF, 0xFF, 0xFF, 0xFF, 0xFF, 0xFF,
0xFF, 0xFF, 0x81, 0x00, 0x00, 0x00, 0x00, 0x00, 0x00, 0x00, 0x00, 0x00, 0x00, 0xAA, 0xFF, 0x6E,
0x00, 0x00, 0x00, 0x00, 0x00, 0x00, 0x00, 0x00, 0x00, 0x00, 0xD3, 0xFF, 0x4D, 0x00, 0x00, 0x00,
0x00, 0x00, 0x00, 0x00, 0x00, 0x00, 0x27, 0xFF, 0xFB, 0x0E, 0x00, 0x00, 0x00, 0x00, 0x00, 0x00,
0x00, 0x00, 0x00, 0xAD, 0xFF, 0xAE, 0x00, 0x00, 0x00, 0x00, 0x00, 0x00, 0x00, 0x00, 0x01, 0x83,
0xFF, 0xFB, 0x2E, 0x00, 0x63, 0x95, 0x3B, 0x0E, 0x04, 0x1B, 0x56, 0xC4, 0xFF, 0xFF, 0x68, 0x00,
0x00, 0xB0, 0xFF, 0xFF, 0xFF, 0xFF, 0xFF, 0xFF, 0xFF, 0xF1, 0x59, 0x00, 0x00, 0x00, 0x2D, 0x96,
0xD7, 0xF6, 0xF9, 0xE6, 0xB8, 0x70, 0x0F, 0x00, 0x00, 0x00, 0x00, 0xCC, 0xFF, 0x60, 0x00, 0x00,
0x00, 0x00, 0x00, 0x00, 0x52, 0xAF, 0xE4, 0xF9, 0xED, 0xCC, 0x7E, 0x13, 0x00, 0x00, 0x00, 0xCC,
0xFF, 0x60, 0x00, 0x00, 0x00, 0x00, 0x0B, 0xB6, 0xFF, 0xFF, 0xFF, 0xFF, 0xFF, 0xFF, 0xFF, 0xEB,
0x42, 0x00, 0x00, 0xCC, 0xFF, 0x60, 0x00, 0x00, 0x00, 0x00, 0xB2, 0xFF, 0xF9, 0x84, 0x28, 0x07,
0x17, 0x61, 0xE7, 0xFF, 0xF3, 0x28, 0x00, 0xCC, 0xFF, 0x60, 0x00, 0x00, 0x00, 0x52, 0xFF, 0xFE,
0x4B, 0x00, 0x00, 0x00, 0x00, 0x00, 0x1D, 0xEA, 0xFF, 0xB5, 0x00, 0xCC, 0xFF, 0x60, 0x00, 0x00,
0x00, 0xC0, 0xFF, 0xA8, 0x00, 0x00, 0x00, 0x00, 0x00, 0x00, 0x00, 0x62, 0xFF, 0xFE, 0x1C, 0xCC,
0xFF, 0x60, 0x00, 0x00, 0x0D, 0xFB, 0xFF, 0x49, 0x00, 0x00, 0x00, 0x00, 0x00, 0x00, 0x00, 0x07,
0xF6, 0xFF, 0x65, 0xCC, 0xFF, 0x60, 0x00, 0x00, 0x3D, 0xFF, 0xFF, 0x10, 0x00, 0x00, 0x00, 0x00,
0x00, 0x00, 0x00, 0x00, 0xC3, 0xFF, 0x92, 0xCC, 0xFF, 0x60, 0x00, 0x00, 0x5A, 0xFF, 0xEE, 0x00,
0x00, 0x00, 0x00, 0x00, 0x00, 0x00, 0x00, 0x00, 0xAA, 0xFF, 0xB0, 0xCC, 0xFF, 0xFF, 0xFF, 0xFF,
0xFF, 0xFF, 0xE1, 0x00, 0x00, 0x00, 0x00, 0x00, 0x00, 0x00, 0x00, 0x00, 0x93, 0xFF, 0xBD, 0xCC,
0xFF, 0xFF, 0xFF, 0xFF, 0xFF, 0xFF, 0xE7, 0x00, 0x00, 0x00, 0x00, 0x00, 0x00, 0x00, 0x00, 0x00,
0x8E, 0xFF, 0xBC, 0xCC, 0xFF, 0x60, 0x00, 0x00, 0x64, 0xFF, 0xFC, 0x02, 0x00, 0x00, 0x00, 0x00,
0x00, 0x00, 0x00, 0x00, 0x9A, 0xFF, 0xAF, 0xCC, 0xFF, 0x60, 0x00, 0x00, 0x4A, 0xFF, 0xFF, 0x1A,
0x00, 0x00, 0x00, 0x00, 0x00, 0x00, 0x00, 0x00, 0xBB, 0xFF, 0x92, 0xCC, 0xFF, 0x60, 0x00, 0x00,
0x1A, 0xFF, 0xFF, 0x58, 0x00, 0x00, 0x00, 0x00, 0x00, 0x00, 0x00, 0x03, 0xED, 0xFF, 0x63, 0xCC,
0xFF, 0x60, 0x00, 0x00, 0x00, 0xD6, 0xFF, 0xBF, 0x00, 0x00, 0x00, 0x00, 0x00, 0x00, 0x00, 0x4B,
0xFF, 0xFD, 0x1A, 0xCC, 0xFF, 0x60, 0x00, 0x00, 0x00, 0x6D, 0xFF, 0xFF, 0x68, 0x00, 0x00, 0x00,
0x00, 0x00, 0x0F, 0xD6, 0xFF, 0xB1, 0x00, 0xCC, 0xFF, 0x60, 0x00, 0x00, 0x00, 0x04, 0xCD, 0xFF,
0xFE, 0x93, 0x2B, 0x08, 0x13, 0x52, 0xD6, 0xFF, 0xF3, 0x24, 0x00, 0xCC, 0xFF, 0x60, 0x00, 0x00,
0x00, 0x00, 0x16, 0xC9, 0xFF, 0xFF, 0xFF, 0xFF, 0xFF, 0xFF, 0xFF, 0xEE, 0x40, 0x00, 0x00, 0xCC,
0xFF, 0x60, 0x00, 0x00, 0x00, 0x00, 0x00, 0x02, 0x5D, 0xB4, 0xE6, 0xF9, 0xEF, 0xCE, 0x83, 0x14,
0x00, 0x00, 0x00, 0x00, 0x00, 0x00, 0x00, 0x21, 0x86, 0xC7, 0xED, 0xFB, 0xF7, 0xEB, 0xC9, 0x62,
0x00, 0x00, 0x00, 0x65, 0xF9, 0xFF, 0xFF, 0xFF, 0xFF, 0xFF, 0xFF, 0xFF, 0x94, 0x00, 0x00, 0x41,
0xFE, 0xFF, 0xCE, 0x5E, 0x1E, 0x05, 0x09, 0xA0, 0xFF, 0x94, 0x00, 0x00, 0xB8, 0xFF, 0xCF, 0x07,
0x00, 0x00, 0x00, 0x00, 0x94, 0xFF, 0x94, 0x00, 0x00, 0xF0, 0xFF, 0x65, 0x00, 0x00, 0x00, 0x00,
0x00, 0x94, 0xFF, 0x94, 0x00, 0x03, 0xFF, 0xFF, 0x4A, 0x00, 0x00, 0x00, 0x00, 0x00, 0x94, 0xFF,
0x94, 0x00, 0x00, 0xEF, 0xFF, 0x6B, 0x00, 0x00, 0x00, 0x00, 0x00, 0x94, 0xFF, 0x94, 0x00, 0x00,
0xAB, 0xFF, 0xE1, 0x18, 0x00, 0x00, 0x00, 0x00, 0x94, 0xFF, 0x94, 0x00, 0x00, 0x25, 0xF9, 0xFF,
0xDE, 0x65, 0x20, 0x05, 0x00, 0x94, 0xFF, 0x94, 0x00, 0x00, 0x00, 0x4A, 0xEF, 0xFF, 0xFF, 0xFF,
0xFF, 0xFF, 0xFF, 0xFF, 0x94, 0x00, 0x00, 0x00, 0x00, 0x1A, 0x79, 0xF3, 0xFE, 0xD4, 0x98, 0xC1,
0xFF, 0x94, 0x00, 0x00, 0x00, 0x00, 0x14, 0xAF, 0xFF, 0x6C, 0x00, 0x00, 0x94, 0xFF, 0x94, 0x00,
0x00, 0x00, 0x00, 0xB4, 0xFF, 0xC5, 0x02, 0x00, 0x00, 0x94, 0xFF, 0x94, 0x00, 0x00, 0x00, 0x5E,
0xFF, 0xF8, 0x29, 0x00, 0x00, 0x00, 0x94, 0xFF, 0x94, 0x00, 0x00, 0x18, 0xED, 0xFF, 0x7B, 0x00,
0x00, 0x00, 0x00, 0x94, 0xFF, 0x94, 0x00, 0x00, 0xAE, 0xFF, 0xD1, 0x05, 0x00, 0x00, 0x00, 0x00,
0x94, 0xFF, 0x94, 0x00, 0x57, 0xFF, 0xFC, 0x34, 0x00, 0x00, 0x00, 0x00, 0x00, 0x94, 0xFF, 0x94,
0x14, 0xEA, 0xFF, 0x8A, 0x00, 0x00, 0x00, 0x00, 0x00, 0x00, 0x94, 0xFF, 0x94, 0x02, 0x4A, 0x9A,
0xC9, 0xE0, 0xF7, 0xF3, 0xC7, 0x57, 0x00, 0x00, 0x10, 0xFA, 0xFF, 0xFF, 0xFF, 0xFF, 0xFF, 0xFF,
0xFF, 0x5B, 0x00, 0x00, 0xA6, 0x88, 0x3F, 0x12, 0x06, 0x22, 0xA8, 0xFF, 0xC9, 0x00, 0x00, 0x00,
0x00, 0x00, 0x00, 0x00, 0x00, 0x22, 0xFF, 0xEC, 0x00, 0x00, 0x00, 0x00, 0x00, 0x00, 0x00, 0x00,
0x1A, 0xFF, 0xF3, 0x00, 0x00, 0x0A, 0x6A, 0xB6, 0xD9, 0xED, 0xFE, 0xFA, 0xFF, 0xED, 0x00, 0x19,
0xD8, 0xFF, 0xFF, 0xFF, 0xFF, 0xFF, 0xFF, 0xFF, 0xE6, 0x00, 0xA5, 0xFF, 0xF0, 0x71, 0x2B, 0x0E,
0x02, 0x2A, 0xFF, 0xDF, 0x00, 0xEA, 0xFF, 0x4E, 0x00, 0x00, 0x00, 0x00, 0x24, 0xFF, 0xD8, 0x00,
0xF3, 0xFF, 0x45, 0x00, 0x00, 0x00, 0x00, 0x6B, 0xFF, 0xD1, 0x00, 0xC0, 0xFF, 0xD3, 0x35, 0x08,
0x24, 0x86, 0xFC, 0xFE, 0xD8, 0x00, 0x33, 0xFB, 0xFF, 0xFF, 0xFF, 0xFF, 0xFF, 0x7F, 0xC2, 0xE9,
0x00, 0x00, 0x34, 0xBF, 0xF6, 0xED, 0xBF, 0x51, 0x00, 0x7E, 0xFF, 0x17, 0x00, 0x00, 0x00, 0x00,
0x00, 0x00, 0x00, 0x0A, 0x2D, 0x68, 0x7D, 0x00, 0x00, 0x00, 0x00, 0x2A, 0x81, 0xC3, 0xE7, 0xFF,
0xFF, 0xFF, 0xB8, 0x00, 0x00, 0x00, 0x78, 0xFC, 0xFF, 0xFF, 0xFF, 0xF4, 0xD8, 0xA3, 0x34, 0x00,
0x00, 0x51, 0xFF, 0xEF, 0x75, 0x2E, 0x0C, 0x00, 0x00, 0x00, 0x00, 0x00, 0x00, 0xD4, 0xFA, 0x30,
0x00, 0x00, 0x00, 0x00, 0x00, 0x00, 0x00, 0x00, 0x28, 0xFF, 0xA4, 0x00, 0x00, 0x00, 0x00, 0x00,
0x00, 0x00, 0x00, 0x00, 0x61, 0xFF, 0x5D, 0x23, 0xA0, 0xE2, 0xF9, 0xED, 0xB4, 0x39, 0x00, 0x00,
0x88, 0xFF, 0x6B, 0xF3, 0xFF, 0xFF, 0xFF, 0xFF, 0xFF, 0xFB, 0x4F, 0x00, 0xA0, 0xFF, 0xF7, 0xE0,
0x52, 0x10, 0x07, 0x3B, 0xD3, 0xFF, 0xEB, 0x09, 0xAE, 0xFF, 0xFD, 0x2C, 0x00, 0x00, 0x00, 0x00,
0x23, 0xFD, 0xFF, 0x54, 0xB5, 0xFF, 0xB5, 0x00, 0x00, 0x00, 0x00, 0x00, 0x00, 0xBC, 0xFF, 0x89,
0xB2, 0xFF, 0x8A, 0x00, 0x00, 0x00, 0x00, 0x00, 0x00, 0x95, 0xFF, 0x9F, 0xA6, 0xFF, 0x77, 0x00,
0x00, 0x00, 0x00, 0x00, 0x00, 0x84, 0xFF, 0xA0, 0x89, 0xFF, 0x90, 0x00, 0x00, 0x00, 0x00, 0x00,
0x00, 0x96, 0xFF, 0x8F, 0x5B, 0xFF, 0xCB, 0x00, 0x00, 0x00, 0x00, 0x00, 0x00, 0xCA, 0xFF, 0x64,
0x14, 0xFC, 0xFF, 0x3E, 0x00, 0x00, 0x00, 0x00, 0x37, 0xFF, 0xFD, 0x1E, 0x00, 0x9D, 0xFF, 0xEA,
0x56, 0x0D, 0x0C, 0x52, 0xE6, 0xFF, 0xA5, 0x00, 0x00, 0x11, 0xD0, 0xFF, 0xFF, 0xFF, 0xFF, 0xFF,
0xFF, 0xCE, 0x12, 0x00, 0x00, 0x00, 0x09, 0x7B, 0xD1, 0xF4, 0xF5, 0xD0, 0x79, 0x09, 0x00, 0x00,
0xD4, 0xE4, 0xF3, 0xFC, 0xFD, 0xF2, 0xD1, 0x87, 0x10, 0x00, 0xFF, 0xFF, 0xFF, 0xFF, 0xFF, 0xFF,
0xFF, 0xFF, 0xC8, 0x00, 0xFF, 0xFF, 0x1F, 0x03, 0x03, 0x15, 0x65, 0xFF, 0xFF, 0x25, 0xFF, 0xFF,
0x14, 0x00, 0x00, 0x00, 0x02, 0xF2, 0xFF, 0x1C, 0xFF, 0xFF, 0x14, 0x00, 0x02, 0x26, 0xA0, 0xFF,
0xAE, 0x00, 0xFF, 0xFF, 0xFF, 0xFF, 0xFF, 0xFF, 0xFD, 0x89, 0x09, 0x00, 0xFF, 0xFF, 0xFF, 0xFF,
0xFF, 0xFF, 0xFF, 0xE8, 0x75, 0x00, 0xFF, 0xFF, 0x14, 0x00, 0x02, 0x14, 0x5A, 0xF3, 0xFF, 0x56,
0xFF, 0xFF, 0x14, 0x00, 0x00, 0x00, 0x00, 0x7D, 0xFF, 0x9F, 0xFF, 0xFF, 0x14, 0x00, 0x00, 0x00,
0x00, 0x7F, 0xFF, 0xA9, 0xFF, 0xFF, 0x20, 0x02, 0x06, 0x1B, 0x61, 0xF2, 0xFF, 0x74, 0xFF, 0xFF,
0xFF, 0xFF, 0xFF, 0xFF, 0xFF, 0xFF, 0xCE, 0x0B, 0xD6, 0xE9, 0xF6, 0xFD, 0xFA, 0xE7, 0xBC, 0x6C,
0x09, 0x00, 0xFF, 0xFF, 0xFF, 0xFF, 0xFF, 0xFF, 0xFF, 0x98, 0xFF, 0xFF, 0xFF, 0xFF, 0xFF, 0xFF,
0xFF, 0x98, 0xFF, 0xFF, 0x14, 0x00, 0x00, 0x00, 0x00, 0x00, 0xFF, 0xFF, 0x14, 0x00, 0x00, 0x00,
0x00, 0x00, 0xFF, 0xFF, 0x14, 0x00, 0x00, 0x00, 0x00, 0x00, 0xFF, 0xFF, 0x14, 0x00, 0x00, 0x00,
0x00, 0x00, 0xFF, 0xFF, 0x14, 0x00, 0x00, 0x00, 0x00, 0x00, 0xFF, 0xFF, 0x14, 0x00, 0x00, 0x00,
0x00, 0x00, 0xFF, 0xFF, 0x14, 0x00, 0x00, 0x00, 0x00, 0x00, 0xFF, 0xFF, 0x14, 0x00, 0x00, 0x00,
0x00, 0x00, 0xFF, 0xFF, 0x14, 0x00, 0x00, 0x00, 0x00, 0x00, 0xFF, 0xFF, 0x14, 0x00, 0x00, 0x00,
0x00, 0x00, 0xFF, 0xFF, 0x14, 0x00, 0x00, 0x00, 0x00, 0x00, 0x00, 0x00, 0x00, 0x46, 0xFF, 0xFF,
0xFF, 0xFF, 0xFF, 0xFF, 0xFF, 0x98, 0x00, 0x00, 0x00, 0x00, 0x00, 0x51, 0xFF, 0xFF, 0xFF, 0xFF,
0xFF, 0xFF, 0xFF, 0x98, 0x00, 0x00, 0x00, 0x00, 0x00, 0x5D, 0xFF, 0x91, 0x00, 0x00, 0x00, 0x7C,
0xFF, 0x98, 0x00, 0x00, 0x00, 0x00, 0x00, 0x74, 0xFF, 0x7C, 0x00, 0x00, 0x00, 0x7C, 0xFF, 0x98,
0x00, 0x00, 0x00, 0x00, 0x00, 0x8C, 0xFF, 0x63, 0x00, 0x00, 0x00, 0x7C, 0xFF, 0x98, 0x00, 0x00,
0x00, 0x00, 0x00, 0xAF, 0xFF, 0x40, 0x00, 0x00, 0x00, 0x7C, 0xFF, 0x98, 0x00, 0x00, 0x00, 0x00,
0x00, 0xD5, 0xFF, 0x1C, 0x00, 0x00, 0x00, 0x7C, 0xFF, 0x98, 0x00, 0x00, 0x00, 0x00, 0x0B, 0xFC,
0xE6, 0x00, 0x00, 0x00, 0x00, 0x7C, 0xFF, 0x98, 0x00, 0x00, 0x00, 0x00, 0x48, 0xFF, 0xA9, 0x00,
0x00, 0x00, 0x00, 0x7C, 0xFF, 0x98, 0x00, 0x00, 0x00, 0x00, 0x9A, 0xFF, 0x60, 0x00, 0x00, 0x00,
0x00, 0x7C, 0xFF, 0x98, 0x00, 0x00, 0x00, 0x18, 0xF5, 0xEF, 0x0D, 0x00, 0x00, 0x00, 0x00, 0x7C,
0xFF, 0x98, 0x00, 0x00, 0xE0, 0xFF, 0xFF, 0xFF, 0xFF, 0xFF, 0xFF, 0xFF, 0xFF, 0xFF, 0xFF, 0xFF,
0xFF, 0x80, 0xE0, 0xFF, 0xFF, 0xFF, 0xFF, 0xFF, 0xFF, 0xFF, 0xFF, 0xFF, 0xFF, 0xFF, 0xFF, 0x80,
0xE0, 0xDA, 0x00, 0x00, 0x00, 0x00, 0x00, 0x00, 0x00, 0x00, 0x00, 0x3C, 0xFF, 0x80, 0xE0, 0xB9,
0x00, 0x00, 0x00, 0x00, 0x00, 0x00, 0x00, 0x00, 0x00, 0x1A, 0xFF, 0x80, 0xE0, 0x98, 0x00, 0x00,
0x00, 0x00, 0x00, 0x00, 0x00, 0x00, 0x00, 0x01, 0xF7, 0x80, 0x00, 0x00, 0x13, 0x86, 0xD4, 0xF5,
0xF1, 0xD1, 0x86, 0x0F, 0x00, 0x00, 0x25, 0xE2, 0xFF, 0xFF, 0xFF, 0xFF, 0xFF, 0xFF, 0xD0, 0x09,
0x01, 0xCC, 0xFF, 0xC7, 0x43, 0x11, 0x11, 0x53, 0xE7, 0xFF, 0x74, 0x42, 0xFF, 0xE3, 0x0F, 0x00,
0x00, 0x00, 0x00, 0x58, 0xFF, 0xC5, 0x85, 0xFF, 0x95, 0x00, 0x00, 0x00, 0x00, 0x00, 0x21, 0xFF,
0xE3, 0xA8, 0xFF, 0xFF, 0xFF, 0xFF, 0xFF, 0xFF, 0xFF, 0xFF, 0xFF, 0xE7, 0xB4, 0xFF, 0xFF, 0xFF,
0xFF, 0xFF, 0xFF, 0xFF, 0xFF, 0xFF, 0xD2, 0xA9, 0xFF, 0x81, 0x00, 0x00, 0x00, 0x00, 0x00, 0x00,
0x00, 0x00, 0x86, 0xFF, 0xA9, 0x00, 0x00, 0x00, 0x00, 0x00, 0x00, 0x00, 0x00, 0x44, 0xFF, 0xFA,
0x26, 0x00, 0x00, 0x00, 0x00, 0x00, 0x00, 0x00, 0x01, 0xCE, 0xFF, 0xE1, 0x5C, 0x18, 0x04, 0x18,
0x5B, 0xB9, 0x03, 0x00, 0x27, 0xE5, 0xFF, 0xFF, 0xFF, 0xFF, 0xFF, 0xFF, 0xFF, 0x4A, 0x00, 0x00,
0x14, 0x8A, 0xD6, 0xF5, 0xFA, 0xE6, 0xB9, 0x70, 0x0E, 0x67, 0xFF, 0xCD, 0x02, 0x00, 0x00, 0x00,
0x88, 0xFF, 0x7C, 0x00, 0x00, 0x00, 0x13, 0xEA, 0xFC, 0x34, 0x00, 0x03, 0xD2, 0xFF, 0x69, 0x00,
0x00, 0x00, 0x88, 0xFF, 0x7C, 0x00, 0x00, 0x00, 0xA3, 0xFF, 0x8B, 0x00, 0x00, 0x00, 0x42, 0xFF,
0xEE, 0x14, 0x00, 0x00, 0x88, 0xFF, 0x7C, 0x00, 0x00, 0x47, 0xFF, 0xDC, 0x0A, 0x00, 0x00, 0x00,
0x00, 0xB0, 0xFF, 0x9C, 0x00, 0x00, 0x88, 0xFF, 0x7C, 0x00, 0x0B, 0xDF, 0xFF, 0x42, 0x00, 0x00,
0x00, 0x00, 0x00, 0x24, 0xF9, 0xFE, 0x37, 0x00, 0x88, 0xFF, 0x7C, 0x00, 0x90, 0xFF, 0x9C, 0x00,
0x00, 0x00, 0x00, 0x00, 0x00, 0x00, 0x8A, 0xFF, 0xCC, 0x02, 0x88, 0xFF, 0x86, 0x5B, 0xFD, 0xD6,
0x10, 0x00, 0x00, 0x00, 0x00, 0x00, 0x00, 0x00, 0x04, 0x95, 0xFF, 0xFF, 0xFF, 0xFF, 0xFF, 0xFF,
0xFF, 0x4B, 0x00, 0x00, 0x00, 0x00, 0x00, 0x00, 0x00, 0x00, 0x01, 0x92, 0xFF, 0xFF, 0xFF, 0xFF,
0xFF, 0xFF, 0xFF, 0xFB, 0x56, 0x00, 0x00, 0x00, 0x00, 0x00, 0x00, 0x00, 0x7A, 0xFF, 0xEE, 0x42,
0x8E, 0xFF, 0x7C, 0x04, 0xC2, 0xFF, 0xF0, 0x1C, 0x00, 0x00, 0x00, 0x00, 0x00, 0x43, 0xFD, 0xFC,
0x45, 0x00, 0x88, 0xFF, 0x7C, 0x00, 0x1A, 0xE9, 0xFF, 0xBB, 0x01, 0x00, 0x00, 0x00, 0x1C, 0xEA,
0xFF, 0x72, 0x00, 0x00, 0x88, 0xFF, 0x7C, 0x00, 0x00, 0x43, 0xFD, 0xFF, 0x6C, 0x00, 0x00, 0x06,
0xC7, 0xFF, 0xA2, 0x00, 0x00, 0x00, 0x88, 0xFF, 0x7C, 0x00, 0x00, 0x00, 0x7D, 0xFF, 0xF5, 0x26,
0x00, 0x95, 0xFF, 0xCB, 0x08, 0x00, 0x00, 0x00, 0x88, 0xFF, 0x7C, 0x00, 0x00, 0x00, 0x01, 0xB7,
0xFF, 0xC8, 0x03, 0x32, 0x91, 0xD0, 0xF2, 0xFC, 0xED, 0xBD, 0x50, 0x00, 0x00, 0xCF, 0xFF, 0xFF,
0xFF, 0xFF, 0xFF, 0xFF, 0xFF, 0x50, 0x00, 0x79, 0x8C, 0x30, 0x08, 0x0C, 0x36, 0xCD, 0xFF, 0xA7,
0x00, 0x00, 0x00, 0x00, 0x00, 0x00, 0x00, 0x76, 0xFF, 0x94, 0x00, 0x00, 0x00, 0x00, 0x00, 0x0D,
0x54, 0xEA, 0xED, 0x24, 0x00, 0x00, 0x00, 0xC0, 0xFF, 0xFF, 0xFF, 0xD2, 0x25, 0x00, 0x00, 0x00,
0x00, 0xC0, 0xFF, 0xFF, 0xFF, 0xFF, 0xE3, 0x39, 0x00, 0x00, 0x00, 0x00, 0x00, 0x10, 0x38, 0xB4,
0xFF, 0xDE, 0x02, 0x00, 0x00, 0x00, 0x00, 0x00, 0x00, 0x08, 0xF7, 0xFF, 0x1F, 0x00, 0x00, 0x00,
0x00, 0x00, 0x00, 0x0D, 0xFB, 0xFF, 0x22, 0x84, 0x86, 0x2F, 0x0D, 0x0E, 0x3A, 0xBC, 0xFF, 0xDB,
0x01, 0xDD, 0xFF, 0xFF, 0xFF, 0xFF, 0xFF, 0xFF, 0xF2, 0x3B, 0x00, 0x3C, 0xAA, 0xE7, 0xFB, 0xF5,
0xD4, 0x8E, 0x1C, 0x00, 0x00, 0xFF, 0xFF, 0x14, 0x00, 0x00, 0x00, 0x00, 0x00, 0x68, 0xFF, 0x30,
0xFF, 0xFF, 0x14, 0x00, 0x00, 0x00, 0x00, 0x2E, 0xF7, 0xFF, 0x30, 0xFF, 0xFF, 0x14, 0x00, 0x00,
0x00, 0x0B, 0xD8, 0xFF, 0xFF, 0x30, 0xFF, 0xFF, 0x14, 0x00, 0x00, 0x00, 0xA2, 0xFE, 0xF4, 0xFF,
0x30, 0xFF, 0xFF, 0x14, 0x00, 0x00, 0x61, 0xFF, 0x97, 0xDA, 0xFF, 0x30, 0xFF, 0xFF, 0x14, 0x00,
0x29, 0xF5, 0xDF, 0x0F, 0xE3, 0xFF, 0x30, 0xFF, 0xFF, 0x14, 0x09, 0xD3, 0xF8, 0x33, 0x00, 0xE4,
0xFF, 0x30, 0xFF, 0xFF, 0x13, 0x9B, 0xFF, 0x68, 0x00, 0x00, 0xE4, 0xFF, 0x30, 0xFF, 0xFF, 0x54,
0xFF, 0xA5, 0x00, 0x00, 0x00, 0xE4, 0xFF, 0x30, 0xFF, 0xFF, 0xE2, 0xD5, 0x0B, 0x00, 0x00, 0x00,
0xE4, 0xFF, 0x30, 0xFF, 0xFF, 0xF4, 0x29, 0x00, 0x00, 0x00, 0x00, 0xE4, 0xFF, 0x30, 0xFF, 0xFF,
0x59, 0x00, 0x00, 0x00, 0x00, 0x00, 0xE4, 0xFF, 0x30, 0xFF, 0x95, 0x00, 0x00, 0x00, 0x00, 0x00,
0x00, 0xE4, 0xFF, 0x30, 0x00, 0x29, 0xAD, 0x7E, 0x00, 0x00, 0x00, 0x21, 0xD6, 0x51, 0x00, 0x00,
0x36, 0xFF, 0xF4, 0x51, 0x09, 0x2A, 0xC6, 0xFF, 0x54, 0x00, 0x00, 0x00, 0x9E, 0xFF, 0xFF, 0xFF,
0xFF, 0xFF, 0xC1, 0x05, 0x00, 0x00, 0x00, 0x04, 0x70, 0xD3, 0xF6, 0xDE, 0x89, 0x0E, 0x00, 0x00,
0x00, 0x00, 0x00, 0x00, 0x00, 0x00, 0x00, 0x00, 0x00, 0x00, 0x00, 0xFF, 0xFF, 0x14, 0x00, 0x00,
0x00, 0x00, 0x00, 0x68, 0xFF, 0x30, 0xFF, 0xFF, 0x14, 0x00, 0x00, 0x00, 0x00, 0x2E, 0xF7, 0xFF,
0x30, 0xFF, 0xFF, 0x14, 0x00, 0x00, 0x00, 0x0B, 0xD8, 0xFF, 0xFF, 0x30, 0xFF, 0xFF, 0x14, 0x00,
0x00, 0x00, 0xA2, 0xFE, 0xF4, 0xFF, 0x30, 0xFF, 0xFF, 0x14, 0x00, 0x00, 0x61, 0xFF, 0x97, 0xDA,
0xFF, 0x30, 0xFF, 0xFF, 0x14, 0x00, 0x29, 0xF5, 0xDF, 0x0F, 0xE3, 0xFF, 0x30, 0xFF, 0xFF, 0x14,
0x09, 0xD3, 0xF8, 0x33, 0x00, 0xE4, 0xFF, 0x30, 0xFF, 0xFF, 0x13, 0x9B, 0xFF, 0x68, 0x00, 0x00,
0xE4, 0xFF, 0x30, 0xFF, 0xFF, 0x54, 0xFF, 0xA5, 0x00, 0x00, 0x00, 0xE4, 0xFF, 0x30, 0xFF, 0xFF,
0xE2, 0xD5, 0x0B, 0x00, 0x00, 0x00, 0xE4, 0xFF, 0x30, 0xFF, 0xFF, 0xF4, 0x29, 0x00, 0x00, 0x00,
0x00, 0xE4, 0xFF, 0x30, 0xFF, 0xFF, 0x59, 0x00, 0x00, 0x00, 0x00, 0x00, 0xE4, 0xFF, 0x30, 0xFF,
0x95, 0x00, 0x00, 0x00, 0x00, 0x00, 0x00, 0xE4, 0xFF, 0x30, 0xFF, 0xFF, 0x14, 0x00, 0x00, 0x00,
0x19, 0xE9, 0xFD, 0x43, 0x00, 0xFF, 0xFF, 0x14, 0x00, 0x00, 0x02, 0xBD, 0xFF, 0x83, 0x00, 0x00,
0xFF, 0xFF, 0x14, 0x00, 0x00, 0x7D, 0xFF, 0xC2, 0x03, 0x00, 0x00, 0xFF, 0xFF, 0x14, 0x00, 0x3D,
0xFC, 0xEB, 0x1B, 0x00, 0x00, 0x00, 0xFF, 0xFF, 0x14, 0x13, 0xE3, 0xFE, 0x4A, 0x00, 0x00, 0x00,
0x00, 0xFF, 0xFF, 0x37, 0xB8, 0xFF, 0x79, 0x00, 0x00, 0x00, 0x00, 0x00, 0xFF, 0xFF, 0xFF, 0xFF,
0xCF, 0x0F, 0x00, 0x00, 0x00, 0x00, 0x00, 0xFF, 0xFF, 0xFF, 0xFF, 0xFF, 0xDD, 0x17, 0x00, 0x00,
0x00, 0x00, 0xFF, 0xFF, 0x14, 0x4C, 0xFC, 0xFF, 0xBD, 0x02, 0x00, 0x00, 0x00, 0xFF, 0xFF, 0x14,
0x00, 0x6A, 0xFF, 0xFF, 0x83, 0x00, 0x00, 0x00, 0xFF, 0xFF, 0x14, 0x00, 0x00, 0x8C, 0xFF, 0xFE,
0x48, 0x00, 0x00, 0xFF, 0xFF, 0x14, 0x00, 0x00, 0x01, 0xAC, 0xFF, 0xEC, 0x1D, 0x00, 0xFF, 0xFF,
0x14, 0x00, 0x00, 0x00, 0x08, 0xC6, 0xFF, 0xC7, 0x05, 0x00, 0x00, 0x00, 0x00, 0xB0, 0xFF, 0xFF,
0xFF, 0xFF, 0xFF, 0xFF, 0xFF, 0x14, 0x00, 0x00, 0x00, 0x00, 0xB8, 0xFF, 0xFF, 0xFF, 0xFF, 0xFF,
0xFF, 0xFF, 0x14, 0x00, 0x00, 0x00, 0x00, 0xC2, 0xFF, 0x2E, 0x00, 0x00, 0x00, 0xFF, 0xFF, 0x14,
0x00, 0x00, 0x00, 0x00, 0xCF, 0xFF, 0x1D, 0x00, 0x00, 0x00, 0xFF, 0xFF, 0x14, 0x00, 0x00, 0x00,
0x00, 0xE1, 0xFF, 0x0A, 0x00, 0x00, 0x00, 0xFF, 0xFF, 0x14, 0x00, 0x00, 0x00, 0x00, 0xF6, 0xF2,
0x00, 0x00, 0x00, 0x00, 0xFF, 0xFF, 0x14, 0x00, 0x00, 0x00, 0x15, 0xFF, 0xD9, 0x00, 0x00, 0x00,
0x00, 0xFF, 0xFF, 0x14, 0x00, 0x00, 0x00, 0x35, 0xFF, 0xB2, 0x00, 0x00, 0x00, 0x00, 0xFF, 0xFF,
0x14, 0x00, 0x00, 0x00, 0x66, 0xFF, 0x86, 0x00, 0x00, 0x00, 0x00, 0xFF, 0xFF, 0x14, 0x00, 0x00,
0x00, 0xAC, 0xFF, 0x4F, 0x00, 0x00, 0x00, 0x00, 0xFF, 0xFF, 0x14, 0x00, 0x0A, 0x44, 0xFB, 0xF1,
0x0A, 0x00, 0x00, 0x00, 0x00, 0xFF, 0xFF, 0x14, 0x00, 0xEA, 0xFF, 0xFF, 0x84, 0x00, 0x00, 0x00,
0x00, 0x00, 0xFF, 0xFF, 0x14, 0x0C, 0xEB, 0xF6, 0xA0, 0x05, 0x00, 0x00, 0x00, 0x00, 0x00, 0xFF,
0xFF, 0x14, 0xFF, 0xFF, 0x5E, 0x00, 0x00, 0x00, 0x00, 0x00, 0x00, 0x00, 0x9B, 0xFF, 0xC4, 0xFF,
0xFF, 0xEA, 0x12, 0x00, 0x00, 0x00, 0x00, 0x00, 0x32, 0xFD, 0xFF, 0xC4, 0xFF, 0xF9, 0xFF, 0x9B,
0x00, 0x00, 0x00, 0x00, 0x00, 0xC5, 0xF8, 0xFF, 0xC4, 0xFF, 0xC8, 0xDF, 0xFE, 0x3A, 0x00, 0x00,
0x00, 0x5C, 0xFF, 0x9A, 0xFF, 0xC4, 0xFF, 0xDB, 0x74, 0xFF, 0xD2, 0x04, 0x00, 0x0C, 0xE5, 0xEF,
0x44, 0xFF, 0xC4, 0xFF, 0xEB, 0x09, 0xDC, 0xFF, 0x75, 0x00, 0x86, 0xFF, 0x6D, 0x43, 0xFF, 0xC4,
0xFF, 0xEC, 0x00, 0x44, 0xFF, 0xF0, 0x27, 0xF6, 0xCE, 0x03, 0x44, 0xFF, 0xC4, 0xFF, 0xEC, 0x00,
0x00, 0xA2, 0xFF, 0xE6, 0xFE, 0x37, 0x00, 0x44, 0xFF, 0xC4, 0xFF, 0xEC, 0x00, 0x00, 0x14, 0xEB,
0xFF, 0x99, 0x00, 0x00, 0x44, 0xFF, 0xC4, 0xFF, 0xEC, 0x00, 0x00, 0x00, 0x5D, 0xEB, 0x12, 0x00,
0x00, 0x44, 0xFF, 0xC4, 0xFF, 0xEC, 0x00, 0x00, 0x00, 0x00, 0x00, 0x00, 0x00, 0x00, 0x44, 0xFF,
0xC4, 0xFF, 0xEC, 0x00, 0x00, 0x00, 0x00, 0x00, 0x00, 0x00, 0x00, 0x44, 0xFF, 0xC4, 0xFF, 0xEC,
0x00, 0x00, 0x00, 0x00, 0x00, 0x00, 0x00, 0x00, 0x44, 0xFF, 0xC4, 0xFF, 0xFF, 0x14, 0x00, 0x00,
0x00, 0x00, 0x0C, 0xFF, 0xFF, 0x08, 0xFF, 0xFF, 0x14, 0x00, 0x00, 0x00, 0x00, 0x0C, 0xFF, 0xFF,
0x08, 0xFF, 0xFF, 0x14, 0x00, 0x00, 0x00, 0x00, 0x0C, 0xFF, 0xFF, 0x08, 0xFF, 0xFF, 0x14, 0x00,
0x00, 0x00, 0x00, 0x0C, 0xFF, 0xFF, 0x08, 0xFF, 0xFF, 0x14, 0x00, 0x00, 0x00, 0x00, 0x0C, 0xFF,
0xFF, 0x08, 0xFF, 0xFF, 0xFF, 0xFF, 0xFF, 0xFF, 0xFF, 0xFF, 0xFF, 0xFF, 0x08, 0xFF, 0xFF, 0xFF,
0xFF, 0xFF, 0xFF, 0xFF, 0xFF, 0xFF, 0xFF, 0x08, 0xFF, 0xFF, 0x14, 0x00, 0x00, 0x00, 0x00, 0x0C,
0xFF, 0xFF, 0x08, 0xFF, 0xFF, 0x14, 0x00, 0x00, 0x00, 0x00, 0x0C, 0xFF, 0xFF, 0x08, 0xFF, 0xFF,
0x14, 0x00, 0x00, 0x00, 0x00, 0x0C, 0xFF, 0xFF, 0x08, 0xFF, 0xFF, 0x14, 0x00, 0x00, 0x00, 0x00,
0x0C, 0xFF, 0xFF, 0x08, 0xFF, 0xFF, 0x14, 0x00, 0x00, 0x00, 0x00, 0x0C, 0xFF, 0xFF, 0x08, 0xFF,
0xFF, 0x14, 0x00, 0x00, 0x00, 0x00, 0x0C, 0xFF, 0xFF, 0x08, 0x00, 0x00, 0x14, 0x88, 0xD5, 0xF5,
0xF4, 0xD1, 0x7F, 0x0D, 0x00, 0x00, 0x00, 0x25, 0xE3, 0xFF, 0xFF, 0xFF, 0xFF, 0xFF, 0xFF, 0xDC,
0x1D, 0x00, 0x01, 0xCC, 0xFF, 0xD8, 0x46, 0x0A, 0x0E, 0x58, 0xEA, 0xFF, 0xBC, 0x00, 0x41, 0xFF,
0xF7, 0x20, 0x00, 0x00, 0x00, 0x00, 0x43, 0xFF, 0xFF, 0x2F, 0x85, 0xFF, 0xAE, 0x00, 0x00, 0x00,
0x00, 0x00, 0x00, 0xD2, 0xFF, 0x72, 0xA8, 0xFF, 0x80, 0x00, 0x00, 0x00, 0x00, 0x00, 0x00, 0x9E,
0xFF, 0x98, 0xB4, 0xFF, 0x74, 0x00, 0x00, 0x00, 0x00, 0x00, 0x00, 0x85, 0xFF, 0xA3, 0xA9, 0xFF,
0x8B, 0x00, 0x00, 0x00, 0x00, 0x00, 0x00, 0x91, 0xFF, 0x97, 0x86, 0xFF, 0xC0, 0x00, 0x00, 0x00,
0x00, 0x00, 0x00, 0xC0, 0xFF, 0x74, 0x42, 0xFF, 0xFF, 0x38, 0x00, 0x00, 0x00, 0x00, 0x2B, 0xFD,
0xFF, 0x31, 0x01, 0xCD, 0xFF, 0xF0, 0x56, 0x0C, 0x0B, 0x4C, 0xE0, 0xFF, 0xBC, 0x00, 0x00, 0x27,
0xE5, 0xFF, 0xFF, 0xFF, 0xFF, 0xFF, 0xFF, 0xDC, 0x1D, 0x00, 0x00, 0x00, 0x14, 0x8A, 0xD7, 0xF6,
0xF6, 0xD3, 0x82, 0x0F, 0x00, 0x00, 0xFF, 0xFF, 0xFF, 0xFF, 0xFF, 0xFF, 0xFF, 0xFF, 0xFF, 0xE8,
0xFF, 0xFF, 0xFF, 0xFF, 0xFF, 0xFF, 0xFF, 0xFF, 0xFF, 0xE8, 0xFF, 0xFF, 0x14, 0x00, 0x00, 0x00,
0x00, 0x2C, 0xFF, 0xE8, 0xFF, 0xFF, 0x14, 0x00, 0x00, 0x00, 0x00, 0x2C, 0xFF, 0xE8, 0xFF, 0xFF,
0x14, 0x00, 0x00, 0x00, 0x00, 0x2C, 0xFF, 0xE8, 0xFF, 0xFF, 0x14, 0x00, 0x00, 0x00, 0x00, 0x2C,
0xFF, 0xE8, 0xFF, 0xFF, 0x14, 0x00, 0x00, 0x00, 0x00, 0x2C, 0xFF, 0xE8, 0xFF, 0xFF, 0x14, 0x00,
0x00, 0x00, 0x00, 0x2C, 0xFF, 0xE8, 0xFF, 0xFF, 0x14, 0x00, 0x00, 0x00, 0x00, 0x2C, 0xFF, 0xE8,
0xFF, 0xFF, 0x14, 0x00, 0x00, 0x00, 0x00, 0x2C, 0xFF, 0xE8, 0xFF, 0xFF, 0x14, 0x00, 0x00, 0x00,
0x00, 0x2C, 0xFF, 0xE8, 0xFF, 0xFF, 0x14, 0x00, 0x00, 0x00, 0x00, 0x2C, 0xFF, 0xE8, 0xFF, 0xFF,
0x14, 0x00, 0x00, 0x00, 0x00, 0x2C, 0xFF, 0xE8, 0xC8, 0x6A, 0x0A, 0x81, 0xDA, 0xF9, 0xEE, 0xBC,
0x51, 0x00, 0x00, 0xFF, 0xCA, 0xC7, 0xFF, 0xFF, 0xFF, 0xFF, 0xFF, 0xFF, 0x7C, 0x00, 0xFF, 0xFF,
0xFC, 0x74, 0x19, 0x07, 0x36, 0xD1, 0xFF, 0xFC, 0x24, 0xFF, 0xFF, 0x80, 0x00, 0x00, 0x00, 0x00,
0x0F, 0xF0, 0xFF, 0x7B, 0xFF, 0xFF, 0x20, 0x00, 0x00, 0x00, 0x00, 0x00, 0x97, 0xFF, 0xAB, 0xFF,
0xFF, 0x14, 0x00, 0x00, 0x00, 0x00, 0x00, 0x71, 0xFF, 0xC1, 0xFF, 0xFF, 0x14, 0x00, 0x00, 0x00,
0x00, 0x00, 0x61, 0xFF, 0xC5, 0xFF, 0xFF, 0x14, 0x00, 0x00, 0x00, 0x00, 0x00, 0x78, 0xFF, 0xB2,
0xFF, 0xFF, 0x14, 0x00, 0x00, 0x00, 0x00, 0x00, 0xB7, 0xFF, 0x7F, 0xFF, 0xFF, 0x14, 0x00, 0x00,
0x00, 0x00, 0x3C, 0xFD, 0xFF, 0x2C, 0xFF, 0xFF, 0x81, 0x1C, 0x03, 0x15, 0x67, 0xF0, 0xFF, 0xA6,
0x00, 0xFF, 0xFF, 0xFF, 0xFF, 0xFF, 0xFF, 0xFF, 0xFF, 0xC1, 0x0E, 0x00, 0xFF, 0xFF, 0xAD, 0xE8,
0xFD, 0xF0, 0xC3, 0x64, 0x03, 0x00, 0x00, 0xFF, 0xFF, 0x14, 0x00, 0x00, 0x00, 0x00, 0x00, 0x00,
0x00, 0x00, 0xFF, 0xFF, 0x14, 0x00, 0x00, 0x00, 0x00, 0x00, 0x00, 0x00, 0x00, 0xFF, 0xFF, 0x14,
0x00, 0x00, 0x00, 0x00, 0x00, 0x00, 0x00, 0x00, 0xFF, 0xFF, 0x14, 0x00, 0x00, 0x00, 0x00, 0x00,
0x00, 0x00, 0x00, 0xFF, 0xFF, 0x14, 0x00, 0x00, 0x00, 0x00, 0x00, 0x00, 0x00, 0x00, 0x00, 0x00,
0x15, 0x8B, 0xD7, 0xF6, 0xF6, 0xD7, 0x83, 0x15, 0x00, 0x27, 0xE5, 0xFF, 0xFF, 0xFF, 0xFF, 0xFF,
0xFF, 0x75, 0x01, 0xCE, 0xFF, 0xE1, 0x52, 0x0E, 0x08, 0x3C, 0xB8, 0x29, 0x42, 0xFF, 0xF9, 0x27,
0x00, 0x00, 0x00, 0x00, 0x00, 0x00, 0x86, 0xFF, 0xB2, 0x00, 0x00, 0x00, 0x00, 0x00, 0x00, 0x00,
0xA8, 0xFF, 0x80, 0x00, 0x00, 0x00, 0x00, 0x00, 0x00, 0x00, 0xB4, 0xFF, 0x75, 0x00, 0x00, 0x00,
0x00, 0x00, 0x00, 0x00, 0xAA, 0xFF, 0x8C, 0x00, 0x00, 0x00, 0x00, 0x00, 0x00, 0x00, 0x8A, 0xFF,
0xC4, 0x00, 0x00, 0x00, 0x00, 0x00, 0x00, 0x00, 0x4E, 0xFF, 0xFF, 0x41, 0x00, 0x00, 0x00, 0x00,
0x00, 0x00, 0x06, 0xDF, 0xFF, 0xEF, 0x66, 0x16, 0x05, 0x2A, 0x91, 0x57, 0x00, 0x3C, 0xF4, 0xFF,
0xFF, 0xFF, 0xFF, 0xFF, 0xFF, 0xB3, 0x00, 0x00, 0x23, 0x9E, 0xE1, 0xF9, 0xEC, 0xCF, 0x98, 0x31,
0xF4, 0xFF, 0xFF, 0xFF, 0xFF, 0xFF, 0xFF, 0xFF, 0xFF, 0xFF, 0x4C, 0xF4, 0xFF, 0xFF, 0xFF, 0xFF,
0xFF, 0xFF, 0xFF, 0xFF, 0xFF, 0x4C, 0x00, 0x00, 0x00, 0x00, 0xDC, 0xFF, 0x38, 0x00, 0x00, 0x00,
0x00, 0x00, 0x00, 0x00, 0x00, 0xDC, 0xFF, 0x38, 0x00, 0x00, 0x00, 0x00, 0x00, 0x00, 0x00, 0x00,
0xDC, 0xFF, 0x38, 0x00, 0x00, 0x00, 0x00, 0x00, 0x00, 0x00, 0x00, 0xDC, 0xFF, 0x38, 0x00, 0x00,
0x00, 0x00, 0x00, 0x00, 0x00, 0x00, 0xDC, 0xFF, 0x38, 0x00, 0x00, 0x00, 0x00, 0x00, 0x00, 0x00,
0x00, 0xDC, 0xFF, 0x38, 0x00, 0x00, 0x00, 0x00, 0x00, 0x00, 0x00, 0x00, 0xDC, 0xFF, 0x38, 0x00,
0x00, 0x00, 0x00, 0x00, 0x00, 0x00, 0x00, 0xDC, 0xFF, 0x38, 0x00, 0x00, 0x00, 0x00, 0x00, 0x00,
0x00, 0x00, 0xDC, 0xFF, 0x38, 0x00, 0x00, 0x00, 0x00, 0x00, 0x00, 0x00, 0x00, 0xDC, 0xFF, 0x38,
0x00, 0x00, 0x00, 0x00, 0x00, 0x00, 0x00, 0x00, 0xDC, 0xFF, 0x38, 0x00, 0x00, 0x00, 0x00, 0x7C,
0xFF, 0xE1, 0x02, 0x00, 0x00, 0x00, 0x00, 0x00, 0x60, 0xFF, 0xB4, 0x18, 0xFA, 0xFF, 0x44, 0x00,
0x00, 0x00, 0x00, 0x00, 0xAE, 0xFF, 0x5F, 0x00, 0xAB, 0xFF, 0xA5, 0x00, 0x00, 0x00, 0x00, 0x08,
0xF4, 0xF9, 0x0F, 0x00, 0x42, 0xFF, 0xF6, 0x0F, 0x00, 0x00, 0x00, 0x4B, 0xFF, 0xB3, 0x00, 0x00,
0x00, 0xD8, 0xFF, 0x67, 0x00, 0x00, 0x00, 0x9A, 0xFF, 0x5D, 0x00, 0x00, 0x00, 0x71, 0xFF, 0xC7,
0x00, 0x00, 0x01, 0xE6, 0xF8, 0x0F, 0x00, 0x00, 0x00, 0x11, 0xF6, 0xFF, 0x29, 0x00, 0x37, 0xFF,
0xB2, 0x00, 0x00, 0x00, 0x00, 0x00, 0x9F, 0xFF, 0x89, 0x00, 0x85, 0xFF, 0x5C, 0x00, 0x00, 0x00,
0x00, 0x00, 0x37, 0xFF, 0xE3, 0x00, 0xCE, 0xF8, 0x0E, 0x00, 0x00, 0x00, 0x00, 0x00, 0x00, 0xCE,
0xFF, 0x3D, 0xFC, 0xB0, 0x00, 0x00, 0x00, 0x00, 0x00, 0x00, 0x00, 0x65, 0xFF, 0xC3, 0xFF, 0x5B,
0x00, 0x00, 0x00, 0x00, 0x00, 0x00, 0x00, 0x0B, 0xF1, 0xFF, 0xF6, 0x0D, 0x00, 0x00, 0x00, 0x00,
0x00, 0x00, 0x00, 0x00, 0x99, 0xFF, 0xA8, 0x00, 0x00, 0x00, 0x00, 0x00, 0x00, 0x00, 0x00, 0x00,
0xAF, 0xFF, 0x4B, 0x00, 0x00, 0x00, 0x00, 0x00, 0x00, 0x00, 0x00, 0x1C, 0xF9, 0xDD, 0x03, 0x00,
0x00, 0x00, 0x00, 0x00, 0x00, 0x0A, 0x23, 0xC8, 0xFF, 0x6C, 0x00, 0x00, 0x00, 0x00, 0x00, 0x00,
0x00, 0xC3, 0xFF, 0xFF, 0xD3, 0x07, 0x00, 0x00, 0x00, 0x00, 0x00, 0x00, 0x00, 0xD1, 0xF8, 0xBE,
0x1D, 0x00, 0x00, 0x00, 0x00, 0x00, 0x00, 0x00, 0x00, 0x00, 0x00, 0x00, 0x00, 0x24, 0xFF, 0xD4,
0x00, 0x00, 0x00, 0x00, 0x00, 0x00, 0x00, 0x00, 0x00, 0x00, 0x00, 0x00, 0x00, 0x24, 0xFF, 0xD4,
0x00, 0x00, 0x00, 0x00, 0x00, 0x00, 0x00, 0x00, 0x00, 0x00, 0x00, 0x00, 0x00, 0x24, 0xFF, 0xD4,
0x00, 0x00, 0x00, 0x00, 0x00, 0x00, 0x00, 0x00, 0x00, 0x00, 0x00, 0x00, 0x00, 0x24, 0xFF, 0xD4,
0x00, 0x00, 0x00, 0x00, 0x00, 0x00, 0x00, 0x00, 0x00, 0x00, 0x00, 0x00, 0x00, 0x24, 0xFF, 0xD4,
0x00, 0x00, 0x00, 0x00, 0x00, 0x00, 0x00, 0x00, 0x00, 0x2F, 0xA6, 0xE5, 0xFA, 0xF2, 0xFF, 0xFA,
0xF1, 0xFA, 0xE5, 0xA6, 0x2E, 0x00, 0x00, 0x00, 0x4F, 0xF9, 0xFF, 0xFF, 0xFF, 0xFF, 0xFF, 0xFF,
0xFF, 0xFF, 0xFF, 0xFF, 0xF7, 0x43, 0x00, 0x14, 0xEF, 0xFF, 0xB8, 0x2F, 0x05, 0x2B, 0xFF, 0xD0,
0x06, 0x0B, 0x44, 0xD6, 0xFF, 0xDD, 0x01, 0x70, 0xFF, 0xD5, 0x05, 0x00, 0x00, 0x20, 0xFF, 0xCC,
0x00, 0x00, 0x00, 0x29, 0xFE, 0xFF, 0x38, 0xAE, 0xFF, 0x73, 0x00, 0x00, 0x00, 0x20, 0xFF, 0xCC,
0x00, 0x00, 0x00, 0x00, 0xC4, 0xFF, 0x69, 0xCE, 0xFF, 0x46, 0x00, 0x00, 0x00, 0x20, 0xFF, 0xCC,
0x00, 0x00, 0x00, 0x00, 0xA0, 0xFF, 0x7E, 0xD9, 0xFF, 0x3C, 0x00, 0x00, 0x00, 0x20, 0xFF, 0xCC,
0x00, 0x00, 0x00, 0x00, 0x90, 0xFF, 0x82, 0xCF, 0xFF, 0x53, 0x00, 0x00, 0x00, 0x20, 0xFF, 0xCC,
0x00, 0x00, 0x00, 0x00, 0xA3, 0xFF, 0x72, 0xB2, 0xFF, 0x84, 0x00, 0x00, 0x00, 0x20, 0xFF, 0xCC,
0x00, 0x00, 0x00, 0x00, 0xD6, 0xFF, 0x47, 0x7C, 0xFF, 0xE8, 0x0B, 0x00, 0x00, 0x20, 0xFF, 0xCC,
0x00, 0x00, 0x00, 0x3F, 0xFF, 0xF4, 0x0C, 0x22, 0xFA, 0xFF, 0xC0, 0x2F, 0x04, 0x2B, 0xFF, 0xCE,
0x01, 0x0A, 0x4F, 0xE8, 0xFF, 0x8F, 0x00, 0x00, 0x77, 0xFF, 0xFF, 0xFF, 0xFF, 0xFF, 0xFF, 0xFF,
0xFF, 0xFF, 0xFF, 0xFF, 0xC9, 0x0C, 0x00, 0x00, 0x00, 0x54, 0xC4, 0xF4, 0xFD, 0xE6, 0xFF, 0xF8,
0xF0, 0xF8, 0xD8, 0x7E, 0x08, 0x00, 0x00, 0x00, 0x00, 0x00, 0x00, 0x00, 0x00, 0x24, 0xFF, 0xD4,
0x00, 0x00, 0x00, 0x00, 0x00, 0x00, 0x00, 0x00, 0x00, 0x00, 0x00, 0x00, 0x00, 0x24, 0xFF, 0xD4,
0x00, 0x00, 0x00, 0x00, 0x00, 0x00, 0x00, 0x00, 0x00, 0x00, 0x00, 0x00, 0x00, 0x24, 0xFF, 0xD4,
0x00, 0x00, 0x00, 0x00, 0x00, 0x00, 0x00, 0x00, 0x00, 0x00, 0x00, 0x00, 0x00, 0x24, 0xFF, 0xD4,
0x00, 0x00, 0x00, 0x00, 0x00, 0x00, 0x00, 0x00, 0x00, 0x00, 0x00, 0x00, 0x00, 0x24, 0xFF, 0xD4,
0x00, 0x00, 0x00, 0x00, 0x00, 0x00, 0x00, 0x00, 0x9D, 0xFF, 0xE2, 0x11, 0x00, 0x00, 0x00, 0x00,
0x4F, 0xFF, 0xEF, 0x1D, 0x00, 0x0D, 0xDF, 0xFF, 0xAD, 0x00, 0x00, 0x00, 0x1D, 0xED, 0xFF, 0x59,
0x00, 0x00, 0x00, 0x3E, 0xFD, 0xFF, 0x67, 0x00, 0x04, 0xC4, 0xFF, 0xA5, 0x00, 0x00, 0x00, 0x00,
0x00, 0x8D, 0xFF, 0xF6, 0x21, 0x7D, 0xFF, 0xE1, 0x0F, 0x00, 0x00, 0x00, 0x00, 0x00, 0x07, 0xD4,
0xFF, 0xB2, 0xF4, 0xFD, 0x3E, 0x00, 0x00, 0x00, 0x00, 0x00, 0x00, 0x00, 0x32, 0xFA, 0xFF, 0xFF,
0x88, 0x00, 0x00, 0x00, 0x00, 0x00, 0x00, 0x00, 0x00, 0x00, 0xC8, 0xFF, 0xFF, 0x3C, 0x00, 0x00,
0x00, 0x00, 0x00, 0x00, 0x00, 0x00, 0x68, 0xFF, 0xDD, 0xFF, 0xD8, 0x09, 0x00, 0x00, 0x00, 0x00,
0x00, 0x00, 0x26, 0xF5, 0xFB, 0x27, 0xD4, 0xFF, 0x91, 0x00, 0x00, 0x00, 0x00, 0x00, 0x04, 0xCA,
0xFF, 0x85, 0x00, 0x41, 0xFE, 0xFE, 0x42, 0x00, 0x00, 0x00, 0x00, 0x83, 0xFF, 0xCB, 0x05, 0x00,
0x00, 0x8E, 0xFF, 0xE1, 0x0E, 0x00, 0x00, 0x3A, 0xFC, 0xF5, 0x26, 0x00, 0x00, 0x00, 0x07, 0xD4,
0xFF, 0xA0, 0x00, 0x0C, 0xDD, 0xFF, 0x66, 0x00, 0x00, 0x00, 0x00, 0x00, 0x30, 0xF9, 0xFF, 0x50,
0xFF, 0xFF, 0x14, 0x00, 0x00, 0x00, 0x00, 0x48, 0xFF, 0xCC, 0x00, 0x00, 0xFF, 0xFF, 0x14, 0x00,
0x00, 0x00, 0x00, 0x48, 0xFF, 0xCC, 0x00, 0x00, 0xFF, 0xFF, 0x14, 0x00, 0x00, 0x00, 0x00, 0x48,
0xFF, 0xCC, 0x00, 0x00, 0xFF, 0xFF, 0x14, 0x00, 0x00, 0x00, 0x00, 0x48, 0xFF, 0xCC, 0x00, 0x00,
0xFF, 0xFF, 0x14, 0x00, 0x00, 0x00, 0x00, 0x48, 0xFF, 0xCC, 0x00, 0x00, 0xFF, 0xFF, 0x14, 0x00,
0x00, 0x00, 0x00, 0x48, 0xFF, 0xCC, 0x00, 0x00, 0xFF, 0xFF, 0x14, 0x00, 0x00, 0x00, 0x00, 0x48,
0xFF, 0xCC, 0x00, 0x00, 0xFF, 0xFF, 0x14, 0x00, 0x00, 0x00, 0x00, 0x48, 0xFF, 0xCC, 0x00, 0x00,
0xFF, 0xFF, 0x14, 0x00, 0x00, 0x00, 0x00, 0x48, 0xFF, 0xCC, 0x00, 0x00, 0xFF, 0xFF, 0x14, 0x00,
0x00, 0x00, 0x00, 0x48, 0xFF, 0xCC, 0x00, 0x00, 0xFF, 0xFF, 0x14, 0x00, 0x00, 0x00, 0x00, 0x48,
0xFF, 0xCC, 0x00, 0x00, 0xFF, 0xFF, 0xFF, 0xFF, 0xFF, 0xFF, 0xFF, 0xFF, 0xFF, 0xFF, 0xFF, 0xAC,
0xFF, 0xFF, 0xFF, 0xFF, 0xFF, 0xFF, 0xFF, 0xFF, 0xFF, 0xFF, 0xFF, 0xAC, 0x00, 0x00, 0x00, 0x00,
0x00, 0x00, 0x00, 0x00, 0x00, 0x0F, 0xFF, 0xAC, 0x00, 0x00, 0x00, 0x00, 0x00, 0x00, 0x00, 0x00,
0x00, 0x00, 0xEE, 0xAC, 0x00, 0x00, 0x00, 0x00, 0x00, 0x00, 0x00, 0x00, 0x00, 0x00, 0xCD, 0xAC,
0xB8, 0xFF, 0x5C, 0x00, 0x00, 0x00, 0x00, 0x58, 0xFF, 0xBC, 0xB8, 0xFF, 0x5C, 0x00, 0x00, 0x00,
0x00, 0x58, 0xFF, 0xBC, 0xB8, 0xFF, 0x5C, 0x00, 0x00, 0x00, 0x00, 0x58, 0xFF, 0xBC, 0xB8, 0xFF,
0x5C, 0x00, 0x00, 0x00, 0x00, 0x58, 0xFF, 0xBC, 0xB4, 0xFF, 0x66, 0x00, 0x00, 0x00, 0x00, 0x58,
0xFF, 0xBC, 0xA5, 0xFF, 0x90, 0x00, 0x00, 0x00, 0x00, 0x58, 0xFF, 0xBC, 0x77, 0xFF, 0xF0, 0x43,
0x05, 0x10, 0x49, 0xC7, 0xFF, 0xBC, 0x1B, 0xF3, 0xFF, 0xFF, 0xFF, 0xFF, 0xFF, 0xFF, 0xFF, 0xBC,
0x00, 0x3B, 0xBF, 0xEA, 0xFA, 0xE3, 0x9F, 0x81, 0xFF, 0xBC, 0x00, 0x00, 0x00, 0x00, 0x00, 0x00,
0x00, 0x58, 0xFF, 0xBC, 0x00, 0x00, 0x00, 0x00, 0x00, 0x00, 0x00, 0x58, 0xFF, 0xBC, 0x00, 0x00,
0x00, 0x00, 0x00, 0x00, 0x00, 0x58, 0xFF, 0xBC, 0x00, 0x00, 0x00, 0x00, 0x00, 0x00, 0x00, 0x58,
0xFF, 0xBC, 0xFF, 0xFF, 0x14, 0x00, 0x00, 0x00, 0x78, 0xFF, 0x9C, 0x00, 0x00, 0x00, 0x00, 0xF4,
0xFF, 0x24, 0xFF, 0xFF, 0x14, 0x00, 0x00, 0x00, 0x78, 0xFF, 0x9C, 0x00, 0x00, 0x00, 0x00, 0xF4,
0xFF, 0x24, 0xFF, 0xFF, 0x14, 0x00, 0x00, 0x00, 0x78, 0xFF, 0x9C, 0x00, 0x00, 0x00, 0x00, 0xF4,
0xFF, 0x24, 0xFF, 0xFF, 0x14, 0x00, 0x00, 0x00, 0x78, 0xFF, 0x9C, 0x00, 0x00, 0x00, 0x00, 0xF4,
0xFF, 0x24, 0xFF, 0xFF, 0x14, 0x00, 0x00, 0x00, 0x78, 0xFF, 0x9C, 0x00, 0x00, 0x00, 0x00, 0xF4,
0xFF, 0x24, 0xFF, 0xFF, 0x14, 0x00, 0x00, 0x00, 0x78, 0xFF, 0x9C, 0x00, 0x00, 0x00, 0x00, 0xF4,
0xFF, 0x24, 0xFF, 0xFF, 0x14, 0x00, 0x00, 0x00, 0x78, 0xFF, 0x9C, 0x00, 0x00, 0x00, 0x00, 0xF4,
0xFF, 0x24, 0xFF, 0xFF, 0x14, 0x00, 0x00, 0x00, 0x78, 0xFF, 0x9C, 0x00, 0x00, 0x00, 0x00, 0xF4,
0xFF, 0x24, 0xFF, 0xFF, 0x14, 0x00, 0x00, 0x00, 0x78, 0xFF, 0x9C, 0x00, 0x00, 0x00, 0x00, 0xF4,
0xFF, 0x24, 0xFF, 0xFF, 0x14, 0x00, 0x00, 0x00, 0x78, 0xFF, 0x9C, 0x00, 0x00, 0x00, 0x00, 0xF4,
0xFF, 0x24, 0xFF, 0xFF, 0x14, 0x00, 0x00, 0x00, 0x78, 0xFF, 0x9C, 0x00, 0x00, 0x00, 0x00, 0xF4,
0xFF, 0x24, 0xFF, 0xFF, 0xFF, 0xFF, 0xFF, 0xFF, 0xFF, 0xFF, 0xFF, 0xFF, 0xFF, 0xFF, 0xFF, 0xFF,
0xFF, 0x24, 0xFF, 0xFF, 0xFF, 0xFF, 0xFF, 0xFF, 0xFF, 0xFF, 0xFF, 0xFF, 0xFF, 0xFF, 0xFF, 0xFF,
0xFF, 0x24, 0xFF, 0xFF, 0x14, 0x00, 0x00, 0x00, 0x78, 0xFF, 0x9C, 0x00, 0x00, 0x00, 0x00, 0xF4,
0xFF, 0x24, 0x00, 0xFF, 0xFF, 0x14, 0x00, 0x00, 0x00, 0x78, 0xFF, 0x9C, 0x00, 0x00, 0x00, 0x00,
0xF4, 0xFF, 0x24, 0x00, 0xFF, 0xFF, 0x14, 0x00, 0x00, 0x00, 0x78, 0xFF, 0x9C, 0x00, 0x00, 0x00,
0x00, 0xF4, 0xFF, 0x24, 0x00, 0xFF, 0xFF, 0x14, 0x00, 0x00, 0x00, 0x78, 0xFF, 0x9C, 0x00, 0x00,
0x00, 0x00, 0xF4, 0xFF, 0x24, 0x00, 0xFF, 0xFF, 0x14, 0x00, 0x00, 0x00, 0x78, 0xFF, 0x9C, 0x00,
0x00, 0x00, 0x00, 0xF4, 0xFF, 0x24, 0x00, 0xFF, 0xFF, 0x14, 0x00, 0x00, 0x00, 0x78, 0xFF, 0x9C,
0x00, 0x00, 0x00, 0x00, 0xF4, 0xFF, 0x24, 0x00, 0xFF, 0xFF, 0x14, 0x00, 0x00, 0x00, 0x78, 0xFF,
0x9C, 0x00, 0x00, 0x00, 0x00, 0xF4, 0xFF, 0x24, 0x00, 0xFF, 0xFF, 0x14, 0x00, 0x00, 0x00, 0x78,
0xFF, 0x9C, 0x00, 0x00, 0x00, 0x00, 0xF4, 0xFF, 0x24, 0x00, 0xFF, 0xFF, 0x14, 0x00, 0x00, 0x00,
0x78, 0xFF, 0x9C, 0x00, 0x00, 0x00, 0x00, 0xF4, 0xFF, 0x24, 0x00, 0xFF, 0xFF, 0x14, 0x00, 0x00,
0x00, 0x78, 0xFF, 0x9C, 0x00, 0x00, 0x00, 0x00, 0xF4, 0xFF, 0x24, 0x00, 0xFF, 0xFF, 0x14, 0x00,
0x00, 0x00, 0x78, 0xFF, 0x9C, 0x00, 0x00, 0x00, 0x00, 0xF4, 0xFF, 0x24, 0x00, 0xFF, 0xFF, 0xFF,
0xFF, 0xFF, 0xFF, 0xFF, 0xFF, 0xFF, 0xFF, 0xFF, 0xFF, 0xFF, 0xFF, 0xFF, 0xFF, 0xFF, 0xFF, 0xFF,
0xFF, 0xFF, 0xFF, 0xFF, 0xFF, 0xFF, 0xFF, 0xFF, 0xFF, 0xFF, 0xFF, 0xFF, 0xFF, 0xFF, 0xFF, 0x00,
0x00, 0x00, 0x00, 0x00, 0x00, 0x00, 0x00, 0x00, 0x00, 0x00, 0x00, 0x00, 0x00, 0x00, 0xB8, 0xFF,
0x00, 0x00, 0x00, 0x00, 0x00, 0x00, 0x00, 0x00, 0x00, 0x00, 0x00, 0x00, 0x00, 0x00, 0x00, 0x96,
0xFF, 0x00, 0x00, 0x00, 0x00, 0x00, 0x00, 0x00, 0x00, 0x00, 0x00, 0x00, 0x00, 0x00, 0x00, 0x00,
0x75, 0xFF, 0xF8, 0xFF, 0xFF, 0xFF, 0xF8, 0x00, 0x00, 0x00, 0x00, 0x00, 0x00, 0x00, 0x00, 0xF8,
0xFF, 0xFF, 0xFF, 0xF8, 0x00, 0x00, 0x00, 0x00, 0x00, 0x00, 0x00, 0x00, 0x00, 0x00, 0x1C, 0xFF,
0xF8, 0x00, 0x00, 0x00, 0x00, 0x00, 0x00, 0x00, 0x00, 0x00, 0x00, 0x1C, 0xFF, 0xF8, 0x00, 0x00,
0x00, 0x00, 0x00, 0x00, 0x00, 0x00, 0x00, 0x00, 0x1C, 0xFF, 0xF8, 0x00, 0x00, 0x00, 0x00, 0x00,
0x00, 0x00, 0x00, 0x00, 0x00, 0x1C, 0xFF, 0xFE, 0xDF, 0xF7, 0xFB, 0xE7, 0xAF, 0x42, 0x00, 0x00,
0x00, 0x00, 0x1C, 0xFF, 0xFF, 0xFF, 0xFF, 0xFF, 0xFF, 0xFF, 0xFF, 0x66, 0x00, 0x00, 0x00, 0x1C,
0xFF, 0xF9, 0x16, 0x03, 0x11, 0x42, 0xCE, 0xFF, 0xEC, 0x03, 0x00, 0x00, 0x1C, 0xFF, 0xF8, 0x00,
0x00, 0x00, 0x00, 0x25, 0xFF, 0xFF, 0x1C, 0x00, 0x00, 0x1C, 0xFF, 0xF8, 0x00, 0x00, 0x00, 0x00,
0x24, 0xFF, 0xFF, 0x11, 0x00, 0x00, 0x1C, 0xFF, 0xF8, 0x16, 0x05, 0x10, 0x3F, 0xC9, 0xFF, 0xCF,
0x00, 0x00, 0x00, 0x1C, 0xFF, 0xFF, 0xFF, 0xFF, 0xFF, 0xFF, 0xFF, 0xF5, 0x3C, 0x00, 0x00, 0x00,
0x17, 0xE4, 0xF4, 0xFC, 0xFD, 0xF1, 0xD0, 0x8F, 0x21, 0x00, 0x00, 0xFF, 0xFF, 0x14, 0x00, 0x00,
0x00, 0x00, 0x00, 0x00, 0x00, 0x00, 0xEC, 0xFF, 0x28, 0xFF, 0xFF, 0x14, 0x00, 0x00, 0x00, 0x00,
0x00, 0x00, 0x00, 0x00, 0xEC, 0xFF, 0x28, 0xFF, 0xFF, 0x14, 0x00, 0x00, 0x00, 0x00, 0x00, 0x00,
0x00, 0x00, 0xEC, 0xFF, 0x28, 0xFF, 0xFF, 0x14, 0x00, 0x00, 0x00, 0x00, 0x00, 0x00, 0x00, 0x00,
0xEC, 0xFF, 0x28, 0xFF, 0xFF, 0x14, 0x00, 0x00, 0x00, 0x00, 0x00, 0x00, 0x00, 0x00, 0xEC, 0xFF,
0x28, 0xFF, 0xFF, 0xE0, 0xF5, 0xFB, 0xEA, 0xB4, 0x46, 0x00, 0x00, 0x00, 0xEC, 0xFF, 0x28, 0xFF,
0xFF, 0xFF, 0xFF, 0xFF, 0xFF, 0xFF, 0xFF, 0x5E, 0x00, 0x00, 0xEC, 0xFF, 0x28, 0xFF, 0xFF, 0x2B,
0x04, 0x0D, 0x3C, 0xD2, 0xFF, 0xD3, 0x00, 0x00, 0xEC, 0xFF, 0x28, 0xFF, 0xFF, 0x14, 0x00, 0x00,
0x00, 0x40, 0xFF, 0xFA, 0x02, 0x00, 0xEC, 0xFF, 0x28, 0xFF, 0xFF, 0x14, 0x00, 0x00, 0x00, 0x3F,
0xFF, 0xF5, 0x00, 0x00, 0xEC, 0xFF, 0x28, 0xFF, 0xFF, 0x29, 0x06, 0x0D, 0x39, 0xCD, 0xFF, 0xB9,
0x00, 0x00, 0xEC, 0xFF, 0x28, 0xFF, 0xFF, 0xFF, 0xFF, 0xFF, 0xFF, 0xFF, 0xF3, 0x32, 0x00, 0x00,
0xEC, 0xFF, 0x28, 0xDE, 0xEA, 0xF5, 0xFD, 0xF3, 0xD3, 0x93, 0x22, 0x00, 0x00, 0x00, 0xEC, 0xFF,
0x28, 0xFF, 0xFF, 0x14, 0x00, 0x00, 0x00, 0x00, 0x00, 0x00, 0x00, 0xFF, 0xFF, 0x14, 0x00, 0x00,
0x00, 0x00, 0x00, 0x00, 0x00, 0xFF, 0xFF, 0x14, 0x00, 0x00, 0x00, 0x00, 0x00, 0x00, 0x00, 0xFF,
0xFF, 0x14, 0x00, 0x00, 0x00, 0x00, 0x00, 0x00, 0x00, 0xFF, 0xFF, 0x14, 0x00, 0x00, 0x00, 0x00,
0x00, 0x00, 0x00, 0xFF, 0xFF, 0xE0, 0xF5, 0xFB, 0xEB, 0xB9, 0x55, 0x00, 0x00, 0xFF, 0xFF, 0xFF,
0xFF, 0xFF, 0xFF, 0xFF, 0xFF, 0x89, 0x00, 0xFF, 0xFF, 0x2B, 0x04, 0x0D, 0x35, 0xB8, 0xFF, 0xFC,
0x17, 0xFF, 0xFF, 0x14, 0x00, 0x00, 0x00, 0x09, 0xF7, 0xFF, 0x40, 0xFF, 0xFF, 0x14, 0x00, 0x00,
0x00, 0x08, 0xF7, 0xFF, 0x34, 0xFF, 0xFF, 0x29, 0x06, 0x0C, 0x34, 0xB3, 0xFF, 0xED, 0x06, 0xFF,
0xFF, 0xFF, 0xFF, 0xFF, 0xFF, 0xFF, 0xFD, 0x59, 0x00, 0xDE, 0xEA, 0xF5, 0xFD, 0xF3, 0xD6, 0x9B,
0x30, 0x00, 0x00, 0x31, 0x96, 0xD8, 0xF5, 0xF9, 0xE2, 0xA2, 0x2B, 0x00, 0x00, 0xCF, 0xFF, 0xFF,
0xFF, 0xFF, 0xFF, 0xFF, 0xF8, 0x46, 0x00, 0x6C, 0x90, 0x2F, 0x08, 0x15, 0x48, 0xCC, 0xFF, 0xE7,
0x0B, 0x00, 0x00, 0x00, 0x00, 0x00, 0x00, 0x0D, 0xDA, 0xFF, 0x5F, 0x00, 0x00, 0x00, 0x00, 0x00,
0x00, 0x00, 0x7B, 0xFF, 0x9E, 0x00, 0x00, 0xDC, 0xFF, 0xFF, 0xFF, 0xFF, 0xFF, 0xFF, 0xC0, 0x00,
0x00, 0xDC, 0xFF, 0xFF, 0xFF, 0xFF, 0xFF, 0xFF, 0xCB, 0x00, 0x00, 0x00, 0x00, 0x00, 0x00, 0x00,
0x5F, 0xFF, 0xBE, 0x00, 0x00, 0x00, 0x00, 0x00, 0x00, 0x00, 0x94, 0xFF, 0x9A, 0x00, 0x00, 0x00,
0x00, 0x00, 0x00, 0x18, 0xEF, 0xFF, 0x54, 0x78, 0x84, 0x2D, 0x06, 0x0D, 0x4C, 0xD8, 0xFF, 0xD7,
0x04, 0xCE, 0xFF, 0xFF, 0xFF, 0xFF, 0xFF, 0xFF, 0xE6, 0x2C, 0x00, 0x41, 0xA8, 0xD5, 0xF2, 0xF6,
0xD6, 0x89, 0x15, 0x00, 0x00, 0xFF, 0xFF, 0x14, 0x00, 0x00, 0x00, 0x0E, 0x81, 0xD1, 0xF4, 0xF7,
0xD8, 0x87, 0x0F, 0x00, 0x00, 0xFF, 0xFF, 0x14, 0x00, 0x00, 0x12, 0xD7, 0xFF, 0xFF, 0xFF, 0xFF,
0xFF, 0xFF, 0xD8, 0x14, 0x00, 0xFF, 0xFF, 0x14, 0x00, 0x00, 0x9C, 0xFF, 0xEC, 0x58, 0x0F, 0x0A,
0x53, 0xEC, 0xFF, 0x9D, 0x00, 0xFF, 0xFF, 0x14, 0x00, 0x0A, 0xF6, 0xFF, 0x4F, 0x00, 0x00, 0x00,
0x00, 0x5A, 0xFF, 0xF7, 0x0C, 0xFF, 0xFF, 0x14, 0x00, 0x38, 0xFF, 0xEF, 0x03, 0x00, 0x00, 0x00,
0x00, 0x09, 0xF4, 0xFF, 0x3D, 0xFF, 0xFF, 0xFF, 0xFF, 0xFF, 0xFF, 0xC9, 0x00, 0x00, 0x00, 0x00,
0x00, 0x00, 0xD3, 0xFF, 0x5E, 0xFF, 0xFF, 0xFF, 0xFF, 0xFF, 0xFF, 0xC0, 0x00, 0x00, 0x00, 0x00,
0x00, 0x00, 0xC0, 0xFF, 0x68, 0xFF, 0xFF, 0x14, 0x00, 0x3C, 0xFF, 0xD2, 0x00, 0x00, 0x00, 0x00,
0x00, 0x00, 0xC9, 0xFF, 0x5D, 0xFF, 0xFF, 0x14, 0x00, 0x13, 0xFF, 0xF4, 0x0A, 0x00, 0x00, 0x00,
0x00, 0x01, 0xED, 0xFF, 0x3D, 0xFF, 0xFF, 0x14, 0x00, 0x00, 0xE2, 0xFF, 0x64, 0x00, 0x00, 0x00,
0x00, 0x45, 0xFF, 0xF5, 0x0B, 0xFF, 0xFF, 0x14, 0x00, 0x00, 0x7C, 0xFF, 0xF3, 0x61, 0x11, 0x08,
0x47, 0xE3, 0xFF, 0x9A, 0x00, 0xFF, 0xFF, 0x14, 0x00, 0x00, 0x07, 0xC3, 0xFF, 0xFF, 0xFF, 0xFF,
0xFF, 0xFF, 0xD6, 0x13, 0x00, 0xFF, 0xFF, 0x14, 0x00, 0x00, 0x00, 0x08, 0x75, 0xCE, 0xF4, 0xF7,
0xD8, 0x86, 0x0F, 0x00, 0x00, 0x00, 0x00, 0x00, 0x37, 0xA2, 0xDC, 0xF7, 0xF8, 0xE7, 0xC6, 0x5C,
0x00, 0x00, 0x6A, 0xFE, 0xFF, 0xFF, 0xFF, 0xFF, 0xFF, 0xFF, 0x90, 0x00, 0x21, 0xF9, 0xFF, 0xA9,
0x33, 0x0D, 0x0F, 0xA1, 0xFF, 0x90, 0x00, 0x6F, 0xFF, 0xD4, 0x02, 0x00, 0x00, 0x00, 0x88, 0xFF,
0x90, 0x00, 0x89, 0xFF, 0xA4, 0x00, 0x00, 0x00, 0x00, 0x88, 0xFF, 0x90, 0x00, 0x6E, 0xFF, 0xD5,
0x03, 0x00, 0x00, 0x00, 0x88, 0xFF, 0x90, 0x00, 0x1E, 0xF4, 0xFF, 0xAD, 0x2B, 0x02, 0x00, 0x88,
0xFF, 0x90, 0x00, 0x00, 0x47, 0xE8, 0xFF, 0xFF, 0xFA, 0xF2, 0xFE, 0xFF, 0x90, 0x00, 0x00, 0x00,
0x08, 0xBC, 0xFF, 0x82, 0x31, 0x8D, 0xFF, 0x90, 0x00, 0x00, 0x00, 0x9E, 0xFF, 0xA5, 0x00, 0x00,
0x88, 0xFF, 0x90, 0x00, 0x00, 0x72, 0xFF, 0xDA, 0x0C, 0x00, 0x00, 0x88, 0xFF, 0x90, 0x00, 0x46,
0xFC, 0xF8, 0x30, 0x00, 0x00, 0x00, 0x88, 0xFF, 0x90, 0x24, 0xEE, 0xFF, 0x6B, 0x00, 0x00, 0x00,
0x00, 0x88, 0xFF, 0x90, 0x00, 0x00, 0x3A, 0xEE, 0xCE, 0x06, 0x00, 0x3D, 0xEF, 0xCF, 0x08, 0x00,
0x00, 0x3B, 0xEE, 0xCE, 0x06, 0x00, 0x3E, 0xEF, 0xD0, 0x08, 0x00, 0x00, 0x00, 0x00, 0x00, 0x00,
0x00, 0x00, 0x00, 0x00, 0x00, 0x00, 0x00, 0x00, 0x00, 0x00, 0x00, 0x00, 0x00, 0x00, 0x00, 0x00,
0x00, 0x00, 0x13, 0x86, 0xD4, 0xF5, 0xF1, 0xD1, 0x86, 0x0F, 0x00, 0x00, 0x25, 0xE2, 0xFF, 0xFF,
0xFF, 0xFF, 0xFF, 0xFF, 0xD0, 0x09, 0x01, 0xCC, 0xFF, 0xC7, 0x43, 0x11, 0x11, 0x53, 0xE7, 0xFF,
0x74, 0x42, 0xFF, 0xE3, 0x0F, 0x00, 0x00, 0x00, 0x00, 0x58, 0xFF, 0xC5, 0x85, 0xFF, 0x95, 0x00,
0x00, 0x00, 0x00, 0x00, 0x21, 0xFF, 0xE3, 0xA8, 0xFF, 0xFF, 0xFF, 0xFF, 0xFF, 0xFF, 0xFF, 0xFF,
0xFF, 0xE7, 0xB4, 0xFF, 0xFF, 0xFF, 0xFF, 0xFF, 0xFF, 0xFF, 0xFF, 0xFF, 0xD2, 0xA9, 0xFF, 0x81,
0x00, 0x00, 0x00, 0x00, 0x00, 0x00, 0x00, 0x00, 0x86, 0xFF, 0xA9, 0x00, 0x00, 0x00, 0x00, 0x00,
0x00, 0x00, 0x00, 0x44, 0xFF, 0xFA, 0x26, 0x00, 0x00, 0x00, 0x00, 0x00, 0x00, 0x00, 0x01, 0xCE,
0xFF, 0xE1, 0x5C, 0x18, 0x04, 0x18, 0x5B, 0xB9, 0x03, 0x00, 0x27, 0xE5, 0xFF, 0xFF, 0xFF, 0xFF,
0xFF, 0xFF, 0xFF, 0x4A, 0x00, 0x00, 0x14, 0x8A, 0xD6, 0xF5, 0xFA, 0xE6, 0xB9, 0x70, 0x0E, 0x00,
0x00, 0x00, 0xF8, 0xFF, 0x1C, 0x00, 0x00, 0x00, 0x00, 0x00, 0x00, 0x00, 0x00, 0x00, 0x00, 0x00,
0xF8, 0xFF, 0x1C, 0x00, 0x00, 0x00, 0x00, 0x00, 0x00, 0x00, 0x00, 0x0C, 0xFF, 0xFF, 0xFF, 0xFF,
0xFF, 0xFF, 0xFF, 0xFF, 0x44, 0x00, 0x00, 0x00, 0x00, 0x0C, 0xFF, 0xFF, 0xFF, 0xFF, 0xFF, 0xFF,
0xFF, 0xFF, 0x44, 0x00, 0x00, 0x00, 0x00, 0x00, 0x00, 0x00, 0xF8, 0xFF, 0x1C, 0x00, 0x00, 0x00,
0x00, 0x00, 0x00, 0x00, 0x00, 0x00, 0x00, 0x00, 0xF8, 0xFF, 0x1C, 0x00, 0x00, 0x00, 0x00, 0x00,
0x00, 0x00, 0x00, 0x00, 0x00, 0x00, 0xF8, 0xFF, 0x1C, 0x4C, 0xBD, 0xEF, 0xFA, 0xDE, 0x8E, 0x0A,
0x00, 0x00, 0x00, 0x00, 0xF8, 0xFF, 0x9B, 0xFF, 0xFF, 0xFF, 0xFF, 0xFF, 0xFF, 0xAD, 0x00, 0x00,
0x00, 0x00, 0xF8, 0xFF, 0xFF, 0xBB, 0x38, 0x09, 0x1E, 0xAE, 0xFF, 0xFF, 0x1F, 0x00, 0x00, 0x00,
0xF8, 0xFF, 0xBC, 0x04, 0x00, 0x00, 0x00, 0x06, 0xEB, 0xFF, 0x53, 0x00, 0x00, 0x00, 0xF8, 0xFF,
0x3D, 0x00, 0x00, 0x00, 0x00, 0x00, 0xBA, 0xFF, 0x6A, 0x00, 0x00, 0x00, 0xF8, 0xFF, 0x1C, 0x00,
0x00, 0x00, 0x00, 0x00, 0xA7, 0xFF, 0x73, 0x00, 0x00, 0x00, 0xF8, 0xFF, 0x1C, 0x00, 0x00, 0x00,
0x00, 0x00, 0xA0, 0xFF, 0x74, 0x00, 0x00, 0x00, 0xF8, 0xFF, 0x1C, 0x00, 0x00, 0x00, 0x00, 0x00,
0xA0, 0xFF, 0x74, 0x00, 0x00, 0x00, 0xF8, 0xFF, 0x1C, 0x00, 0x00, 0x00, 0x00, 0x00, 0xA0, 0xFF,
0x74, 0x00, 0x00, 0x00, 0xF8, 0xFF, 0x1C, 0x00, 0x00, 0x00, 0x00, 0x00, 0xA0, 0xFF, 0x74, 0x00,
0x00, 0x00, 0xF8, 0xFF, 0x1C, 0x00, 0x00, 0x00, 0x00, 0x00, 0xA0, 0xFF, 0x74, 0x00, 0x00, 0x00,
0xF8, 0xFF, 0x1C, 0x00, 0x00, 0x00, 0x00, 0x00, 0xA1, 0xFF, 0x74, 0x00, 0x00, 0x00, 0x00, 0x00,
0x00, 0x00, 0x00, 0x00, 0x00, 0x00, 0xAA, 0xFF, 0x70, 0x00, 0x00, 0x00, 0x00, 0x00, 0x00, 0x00,
0x00, 0x00, 0x00, 0x00, 0xCD, 0xFF, 0x5F, 0x00, 0x00, 0x00, 0x00, 0x00, 0x00, 0x00, 0x00, 0x00,
0x07, 0x63, 0xFE, 0xFF, 0x2C, 0x00, 0x00, 0x00, 0x00, 0x00, 0x00, 0x00, 0x00, 0x00, 0xD0, 0xFF,
0xFF, 0xAE, 0x00, 0x00, 0x00, 0x00, 0x00, 0x00, 0x00, 0x00, 0x00, 0x00, 0xCB, 0xD3, 0x72, 0x02,
0x00, 0x00, 0x00, 0x00, 0x1C, 0xFD, 0xFF, 0x55, 0x00, 0x00, 0x00, 0x00, 0x7C, 0xFF, 0xAF, 0x00,
0x00, 0x00, 0x00, 0x01, 0xDC, 0xDD, 0x0F, 0x00, 0x00, 0x00, 0x00, 0x3F, 0xF8, 0x31, 0x00, 0x00,
0x00, 0x00, 0x00, 0x00, 0x00, 0x00, 0x00, 0x00, 0x00, 0x00, 0x00, 0x00, 0x00, 0x00, 0x00, 0x00,
0x00, 0xFF, 0xFF, 0xFF, 0xFF, 0xFF, 0xFF, 0xFF, 0x98, 0xFF, 0xFF, 0xFF, 0xFF, 0xFF, 0xFF, 0xFF,
0x98, 0xFF, 0xFF, 0x14, 0x00, 0x00, 0x00, 0x00, 0x00, 0xFF, 0xFF, 0x14, 0x00, 0x00, 0x00, 0x00,
0x00, 0xFF, 0xFF, 0x14, 0x00, 0x00, 0x00, 0x00, 0x00, 0xFF, 0xFF, 0x14, 0x00, 0x00, 0x00, 0x00,
0x00, 0xFF, 0xFF, 0x14, 0x00, 0x00, 0x00, 0x00, 0x00, 0xFF, 0xFF, 0x14, 0x00, 0x00, 0x00, 0x00,
0x00, 0xFF, 0xFF, 0x14, 0x00, 0x00, 0x00, 0x00, 0x00, 0xFF, 0xFF, 0x14, 0x00, 0x00, 0x00, 0x00,
0x00, 0xFF, 0xFF, 0x14, 0x00, 0x00, 0x00, 0x00, 0x00, 0xFF, 0xFF, 0x14, 0x00, 0x00, 0x00, 0x00,
0x00, 0xFF, 0xFF, 0x14, 0x00, 0x00, 0x00, 0x00, 0x00, 0x00, 0x00, 0x03, 0x5F, 0xBD, 0xED, 0xFB,
0xEA, 0xB4, 0x4A, 0x01, 0x00, 0x0D, 0xBE, 0xFF, 0xFF, 0xFF, 0xFF, 0xFF, 0xFF, 0xF7, 0x0A, 0x00,
0xA6, 0xFF, 0xDB, 0x5D, 0x1C, 0x06, 0x1C, 0x72, 0xA0, 0x00, 0x2C, 0xFF, 0xE7, 0x1A, 0x00, 0x00,
0x00, 0x00, 0x00, 0x00, 0x00, 0x7B, 0xFF, 0x8A, 0x00, 0x00, 0x00, 0x00, 0x00, 0x00, 0x00, 0x00,
0xA5, 0xFF, 0xFF, 0xFF, 0xFF, 0xFF, 0xFF, 0xFF, 0x84, 0x00, 0x00, 0xB3, 0xFF, 0xFF, 0xFF, 0xFF,
0xFF, 0xFF, 0xFF, 0x84, 0x00, 0x00, 0xA7, 0xFF, 0x7A, 0x00, 0x00, 0x00, 0x00, 0x00, 0x00, 0x00,
0x00, 0x81, 0xFF, 0xC1, 0x00, 0x00, 0x00, 0x00, 0x00, 0x00, 0x00, 0x00, 0x39, 0xFF, 0xFF, 0x59,
0x00, 0x00, 0x00, 0x00, 0x00, 0x00, 0x00, 0x00, 0xC0, 0xFF, 0xFC, 0x8E, 0x25, 0x05, 0x13, 0x56,
0xB5, 0x01, 0x00, 0x1C, 0xD8, 0xFF, 0xFF, 0xFF, 0xFF, 0xFF, 0xFF, 0xFF, 0x38, 0x00, 0x00, 0x0B,
0x7A, 0xCD, 0xF2, 0xF6, 0xDC, 0xB9, 0x6A, 0x09, 0x00, 0x22, 0xA0, 0xDF, 0xFA, 0xEF, 0xC4, 0x6A,
0x0C, 0x16, 0xEC, 0xFF, 0xFF, 0xFF, 0xFF, 0xFF, 0xFF, 0x5C, 0x6C, 0xFF, 0xDE, 0x31, 0x07, 0x12,
0x52, 0xC3, 0x1E, 0x86, 0xFF, 0x94, 0x00, 0x00, 0x00, 0x00, 0x00, 0x00, 0x65, 0xFF, 0xE7, 0x46,
0x00, 0x00, 0x00, 0x00, 0x00, 0x0B, 0xC9, 0xFF, 0xFF, 0xD0, 0x70, 0x0D, 0x00, 0x00, 0x00, 0x0C,
0x91, 0xF4, 0xFF, 0xFF, 0xEF, 0x5A, 0x00, 0x00, 0x00, 0x00, 0x0F, 0x63, 0xCE, 0xFF, 0xFD, 0x4C,
0x00, 0x00, 0x00, 0x00, 0x00, 0x01, 0x94, 0xFF, 0xB2, 0x00, 0x00, 0x00, 0x00, 0x00, 0x00, 0x59,
0xFF, 0xC4, 0x7C, 0x94, 0x3C, 0x0D, 0x08, 0x36, 0xCF, 0xFF, 0x94, 0xD4, 0xFF, 0xFF, 0xFF, 0xFF,
0xFF, 0xFF, 0xEB, 0x1F, 0x3B, 0x9D, 0xD9, 0xF6, 0xFB, 0xE2, 0x9B, 0x1D, 0x00, 0x8A, 0xF2, 0x75,
0xF5, 0xFF, 0xE3, 0x93, 0xF4, 0x7E, 0x00, 0x00, 0x00, 0x00, 0x00, 0x00, 0x90, 0xFF, 0x88, 0x90,
0xFF, 0x88, 0x90, 0xFF, 0x88, 0x90, 0xFF, 0x88, 0x90, 0xFF, 0x88, 0x90, 0xFF, 0x88, 0x90, 0xFF,
0x88, 0x90, 0xFF, 0x88, 0x90, 0xFF, 0x88, 0x90, 0xFF, 0x88, 0x90, 0xFF, 0x88, 0x90, 0xFF, 0x88,
0x90, 0xFF, 0x88, 0x0C, 0xD5, 0xD4, 0x0B, 0xA3, 0xEB, 0x31, 0x37, 0xFF, 0xFF, 0x36, 0xF7, 0xFF,
0x76, 0x0B, 0xD4, 0xD2, 0x0A, 0xA2, 0xEB, 0x30, 0x00, 0x00, 0x00, 0x00, 0x00, 0x00, 0x00, 0x00,
0x00, 0x00, 0x00, 0x00, 0x00, 0x00, 0x00, 0x00, 0x74, 0xFF, 0xA0, 0x00, 0x00, 0x00, 0x00, 0x74,
0xFF, 0xA0, 0x00, 0x00, 0x00, 0x00, 0x74, 0xFF, 0xA0, 0x00, 0x00, 0x00, 0x00, 0x74, 0xFF, 0xA0,
0x00, 0x00, 0x00, 0x00, 0x74, 0xFF, 0xA0, 0x00, 0x00, 0x00, 0x00, 0x74, 0xFF, 0xA0, 0x00, 0x00,
0x00, 0x00, 0x74, 0xFF, 0xA0, 0x00, 0x00, 0x00, 0x00, 0x74, 0xFF, 0xA0, 0x00, 0x00, 0x00, 0x00,
0x74, 0xFF, 0xA0, 0x00, 0x00, 0x00, 0x00, 0x74, 0xFF, 0xA0, 0x00, 0x00, 0x00, 0x00, 0x74, 0xFF,
0xA0, 0x00, 0x00, 0x00, 0x00, 0x74, 0xFF, 0xA0, 0x00, 0x00, 0x00, 0x00, 0x74, 0xFF, 0xA0, 0x00,
0x00, 0x00, 0x00, 0x91, 0xF2, 0x6E, 0x00, 0x01, 0xFB, 0xFF, 0xDB, 0x00, 0x00, 0x9A, 0xF4, 0x77,
0x00, 0x00, 0x00, 0x00, 0x00, 0x00, 0x00, 0x00, 0x00, 0x00, 0x00, 0x00, 0x94, 0xFF, 0x80, 0x00,
0x00, 0x94, 0xFF, 0x80, 0x00, 0x00, 0x94, 0xFF, 0x80, 0x00, 0x00, 0x94, 0xFF, 0x80, 0x00, 0x00,
0x94, 0xFF, 0x80, 0x00, 0x00, 0x94, 0xFF, 0x80, 0x00, 0x00, 0x94, 0xFF, 0x80, 0x00, 0x00, 0x94,
0xFF, 0x80, 0x00, 0x00, 0x94, 0xFF, 0x80, 0x00, 0x00, 0x94, 0xFF, 0x80, 0x00, 0x00, 0x94, 0xFF,
0x80, 0x00, 0x00, 0x94, 0xFF, 0x80, 0x00, 0x00, 0x96, 0xFF, 0x80, 0x00, 0x00, 0xA2, 0xFF, 0x7C,
0x00, 0x00, 0xCA, 0xFF, 0x6B, 0x06, 0x5E, 0xFD, 0xFF, 0x3C, 0xC4, 0xFF, 0xFF, 0xD4, 0x02, 0xBF,
0xF5, 0xB6, 0x21, 0x00, 0x00, 0x00, 0x00, 0x00, 0xB0, 0xFF, 0xFF, 0xFF, 0xFF, 0xFF, 0xFF, 0xFF,
0x14, 0x00, 0x00, 0x00, 0x00, 0x00, 0x00, 0x00, 0x00, 0x00, 0x00, 0x00, 0xB8, 0xFF, 0xFF, 0xFF,
0xFF, 0xFF, 0xFF, 0xFF, 0x14, 0x00, 0x00, 0x00, 0x00, 0x00, 0x00, 0x00, 0x00, 0x00, 0x00, 0x00,
0xC2, 0xFF, 0x2E, 0x00, 0x00, 0x00, 0xFF, 0xFF, 0x14, 0x00, 0x00, 0x00, 0x00, 0x00, 0x00, 0x00,
0x00, 0x00, 0x00, 0x00, 0xCF, 0xFF, 0x1D, 0x00, 0x00, 0x00, 0xFF, 0xFF, 0x14, 0x00, 0x00, 0x00,
0x00, 0x00, 0x00, 0x00, 0x00, 0x00, 0x00, 0x00, 0xE1, 0xFF, 0x0A, 0x00, 0x00, 0x00, 0xFF, 0xFF,
0x14, 0x00, 0x00, 0x00, 0x00, 0x00, 0x00, 0x00, 0x00, 0x00, 0x00, 0x00, 0xF6, 0xF2, 0x00, 0x00,
0x00, 0x00, 0xFF, 0xFF, 0xE0, 0xF5, 0xFC, 0xEB, 0xB9, 0x55, 0x00, 0x00, 0x00, 0x00, 0x00, 0x15,
0xFF, 0xD9, 0x00, 0x00, 0x00, 0x00, 0xFF, 0xFF, 0xFF, 0xFF, 0xFF, 0xFF, 0xFF, 0xFF, 0x89, 0x00,
0x00, 0x00, 0x00, 0x35, 0xFF, 0xB2, 0x00, 0x00, 0x00, 0x00, 0xFF, 0xFF, 0x2B, 0x04, 0x0D, 0x36,
0xBA, 0xFF, 0xFC, 0x17, 0x00, 0x00, 0x00, 0x66, 0xFF, 0x86, 0x00, 0x00, 0x00, 0x00, 0xFF, 0xFF,
0x14, 0x00, 0x00, 0x00, 0x09, 0xF6, 0xFF, 0x40, 0x00, 0x00, 0x00, 0xAC, 0xFF, 0x4F, 0x00, 0x00,
0x00, 0x00, 0xFF, 0xFF, 0x14, 0x00, 0x00, 0x00, 0x09, 0xF8, 0xFF, 0x34, 0x00, 0x0A, 0x44, 0xFB,
0xF1, 0x0A, 0x00, 0x00, 0x00, 0x00, 0xFF, 0xFF, 0x29, 0x06, 0x0D, 0x35, 0xB7, 0xFF, 0xED, 0x06,
0x00, 0xEA, 0xFF, 0xFF, 0x84, 0x00, 0x00, 0x00, 0x00, 0x00, 0xFF, 0xFF, 0xFF, 0xFF, 0xFF, 0xFF,
0xFF, 0xFD, 0x59, 0x00, 0x0C, 0xEB, 0xF6, 0xA0, 0x05, 0x00, 0x00, 0x00, 0x00, 0x00, 0xDE, 0xEA,
0xF5, 0xFD, 0xF3, 0xD5, 0x9A, 0x30, 0x00, 0x00, 0xFF, 0xFF, 0x14, 0x00, 0x00, 0x00, 0x00, 0x0C,
0xFF, 0xFF, 0x08, 0x00, 0x00, 0x00, 0x00, 0x00, 0x00, 0x00, 0xFF, 0xFF, 0x14, 0x00, 0x00, 0x00,
0x00, 0x0C, 0xFF, 0xFF, 0x08, 0x00, 0x00, 0x00, 0x00, 0x00, 0x00, 0x00, 0xFF, 0xFF, 0x14, 0x00,
0x00, 0x00, 0x00, 0x0C, 0xFF, 0xFF, 0x08, 0x00, 0x00, 0x00, 0x00, 0x00, 0x00, 0x00, 0xFF, 0xFF,
0x14, 0x00, 0x00, 0x00, 0x00, 0x0C, 0xFF, 0xFF, 0x08, 0x00, 0x00, 0x00, 0x00, 0x00, 0x00, 0x00,
0xFF, 0xFF, 0x14, 0x00, 0x00, 0x00, 0x00, 0x0C, 0xFF, 0xFF, 0x08, 0x00, 0x00, 0x00, 0x00, 0x00,
0x00, 0x00, 0xFF, 0xFF, 0xFF, 0xFF, 0xFF, 0xFF, 0xFF, 0xFF, 0xFF, 0xFF, 0xDF, 0xF6, 0xFB, 0xEA,
0xB6, 0x4F, 0x00, 0x00, 0xFF, 0xFF, 0xFF, 0xFF, 0xFF, 0xFF, 0xFF, 0xFF, 0xFF, 0xFF, 0xFF, 0xFF,
0xFF, 0xFF, 0xFF, 0xFF, 0x7D, 0x00, 0xFF, 0xFF, 0x14, 0x00, 0x00, 0x00, 0x00, 0x0C, 0xFF, 0xFF,
0x1F, 0x03, 0x0E, 0x39, 0xBF, 0xFF, 0xF9, 0x0E, 0xFF, 0xFF, 0x14, 0x00, 0x00, 0x00, 0x00, 0x0C,
0xFF, 0xFF, 0x08, 0x00, 0x00, 0x00, 0x10, 0xFC, 0xFF, 0x34, 0xFF, 0xFF, 0x14, 0x00, 0x00, 0x00,
0x00, 0x0C, 0xFF, 0xFF, 0x08, 0x00, 0x00, 0x00, 0x0F, 0xFC, 0xFF, 0x28, 0xFF, 0xFF, 0x14, 0x00,
0x00, 0x00, 0x00, 0x0C, 0xFF, 0xFF, 0x1E, 0x06, 0x0D, 0x37, 0xBB, 0xFF, 0xE5, 0x02, 0xFF, 0xFF,
0x14, 0x00, 0x00, 0x00, 0x00, 0x0C, 0xFF, 0xFF, 0xFF, 0xFF, 0xFF, 0xFF, 0xFF, 0xFA, 0x4F, 0x00,
0xFF, 0xFF, 0x14, 0x00, 0x00, 0x00, 0x00, 0x0A, 0xDF, 0xEA, 0xF6, 0xFD, 0xF3, 0xD4, 0x97, 0x2B,
0x00, 0x00, 0x00, 0x00, 0x00, 0xF8, 0xFF, 0x1C, 0x00, 0x00, 0x00, 0x00, 0x00, 0x00, 0x00, 0x00,
0x00, 0x00, 0x00, 0xF8, 0xFF, 0x1C, 0x00, 0x00, 0x00, 0x00, 0x00, 0x00, 0x00, 0x00, 0x0C, 0xFF,
0xFF, 0xFF, 0xFF, 0xFF, 0xFF, 0xFF, 0xFF, 0x44, 0x00, 0x00, 0x00, 0x00, 0x0C, 0xFF, 0xFF, 0xFF,
0xFF, 0xFF, 0xFF, 0xFF, 0xFF, 0x44, 0x00, 0x00, 0x00, 0x00, 0x00, 0x00, 0x00, 0xF8, 0xFF, 0x1C,
0x00, 0x00, 0x00, 0x00, 0x00, 0x00, 0x00, 0x00, 0x00, 0x00, 0x00, 0xF8, 0xFF, 0x1C, 0x00, 0x00,
0x00, 0x00, 0x00, 0x00, 0x00, 0x00, 0x00, 0x00, 0x00, 0xF8, 0xFF, 0x1C, 0x4C, 0xBD, 0xEF, 0xFA,
0xDE, 0x8C, 0x08, 0x00, 0x00, 0x00, 0x00, 0xF8, 0xFF, 0x9B, 0xFF, 0xFF, 0xFF, 0xFF, 0xFF, 0xFF,
0xA6, 0x00, 0x00, 0x00, 0x00, 0xF8, 0xFF, 0xFF, 0xBB, 0x38, 0x09, 0x1F, 0xB5, 0xFF, 0xFE, 0x1A,
0x00, 0x00, 0x00, 0xF8, 0xFF, 0xBC, 0x04, 0x00, 0x00, 0x00, 0x08, 0xEF, 0xFF, 0x4F, 0x00, 0x00,
0x00, 0xF8, 0xFF, 0x3D, 0x00, 0x00, 0x00, 0x00, 0x00, 0xBD, 0xFF, 0x68, 0x00, 0x00, 0x00, 0xF8,
0xFF, 0x1C, 0x00, 0x00, 0x00, 0x00, 0x00, 0xAA, 0xFF, 0x72, 0x00, 0x00, 0x00, 0xF8, 0xFF, 0x1C,
0x00, 0x00, 0x00, 0x00, 0x00, 0xA0, 0xFF, 0x74, 0x00, 0x00, 0x00, 0xF8, 0xFF, 0x1C, 0x00, 0x00,
0x00, 0x00, 0x00, 0xA0, 0xFF, 0x74, 0x00, 0x00, 0x00, 0xF8, 0xFF, 0x1C, 0x00, 0x00, 0x00, 0x00,
0x00, 0xA0, 0xFF, 0x74, 0x00, 0x00, 0x00, 0xF8, 0xFF, 0x1C, 0x00, 0x00, 0x00, 0x00, 0x00, 0xA0,
0xFF, 0x74, 0x00, 0x00, 0x00, 0xF8, 0xFF, 0x1C, 0x00, 0x00, 0x00, 0x00, 0x00, 0xA0, 0xFF, 0x74,
0x00, 0x00, 0x00, 0xF8, 0xFF, 0x1C, 0x00, 0x00, 0x00, 0x00, 0x00, 0xA0, 0xFF, 0x74, 0x00, 0x00,
0x00, 0x00, 0x1C, 0xFD, 0xFF, 0x55, 0x00, 0x00, 0x00, 0x00, 0x00, 0x00, 0x00, 0x7C, 0xFF, 0xAF,
0x00, 0x00, 0x00, 0x00, 0x00, 0x00, 0x00, 0x01, 0xDC, 0xDD, 0x0F, 0x00, 0x00, 0x00, 0x00, 0x00,
0x00, 0x00, 0x3F, 0xF8, 0x31, 0x00, 0x00, 0x00, 0x00, 0x00, 0x00, 0x00, 0x00, 0x00, 0x00, 0x00,
0x00, 0x00, 0x00, 0x00, 0x00, 0x00, 0x00, 0x00, 0x00, 0x00, 0x00, 0x00, 0x00, 0x00, 0x00, 0x00,
0xFF, 0xFF, 0x14, 0x00, 0x00, 0x00, 0x19, 0xE9, 0xFD, 0x43, 0x00, 0xFF, 0xFF, 0x14, 0x00, 0x00,
0x02, 0xBD, 0xFF, 0x83, 0x00, 0x00, 0xFF, 0xFF, 0x14, 0x00, 0x00, 0x7D, 0xFF, 0xC2, 0x03, 0x00,
0x00, 0xFF, 0xFF, 0x14, 0x00, 0x3D, 0xFC, 0xEB, 0x1B, 0x00, 0x00, 0x00, 0xFF, 0xFF, 0x14, 0x13,
0xE3, 0xFE, 0x4A, 0x00, 0x00, 0x00, 0x00, 0xFF, 0xFF, 0x37, 0xB8, 0xFF, 0x79, 0x00, 0x00, 0x00,
0x00, 0x00, 0xFF, 0xFF, 0xFF, 0xFF, 0xCF, 0x0F, 0x00, 0x00, 0x00, 0x00, 0x00, 0xFF, 0xFF, 0xFF,
0xFF, 0xFF, 0xDD, 0x17, 0x00, 0x00, 0x00, 0x00, 0xFF, 0xFF, 0x14, 0x4C, 0xFC, 0xFF, 0xBD, 0x02,
0x00, 0x00, 0x00, 0xFF, 0xFF, 0x14, 0x00, 0x6A, 0xFF, 0xFF, 0x83, 0x00, 0x00, 0x00, 0xFF, 0xFF,
0x14, 0x00, 0x00, 0x8C, 0xFF, 0xFE, 0x48, 0x00, 0x00, 0xFF, 0xFF, 0x14, 0x00, 0x00, 0x01, 0xAC,
0xFF, 0xEC, 0x1D, 0x00, 0xFF, 0xFF, 0x14, 0x00, 0x00, 0x00, 0x08, 0xC6, 0xFF, 0xC7, 0x05, 0x00,
0x00, 0x29, 0xAD, 0x7E, 0x00, 0x00, 0x00, 0x21, 0xD6, 0x51, 0x00, 0x00, 0x00, 0x36, 0xFF, 0xF4,
0x51, 0x09, 0x2A, 0xC6, 0xFF, 0x54, 0x00, 0x00, 0x00, 0x00, 0x9E, 0xFF, 0xFF, 0xFF, 0xFF, 0xFF,
0xC1, 0x05, 0x00, 0x00, 0x00, 0x00, 0x04, 0x70, 0xD3, 0xF6, 0xDE, 0x89, 0x0E, 0x00, 0x00, 0x00,
0x00, 0x00, 0x00, 0x00, 0x00, 0x00, 0x00, 0x00, 0x00, 0x00, 0x00, 0x7C, 0xFF, 0xE1, 0x02, 0x00,
0x00, 0x00, 0x00, 0x00, 0x60, 0xFF, 0xB4, 0x18, 0xFA, 0xFF, 0x44, 0x00, 0x00, 0x00, 0x00, 0x00,
0xAE, 0xFF, 0x5F, 0x00, 0xAB, 0xFF, 0xA5, 0x00, 0x00, 0x00, 0x00, 0x08, 0xF4, 0xF9, 0x0F, 0x00,
0x42, 0xFF, 0xF6, 0x0F, 0x00, 0x00, 0x00, 0x4B, 0xFF, 0xB3, 0x00, 0x00, 0x00, 0xD8, 0xFF, 0x67,
0x00, 0x00, 0x00, 0x9A, 0xFF, 0x5D, 0x00, 0x00, 0x00, 0x71, 0xFF, 0xC7, 0x00, 0x00, 0x01, 0xE6,
0xF8, 0x0F, 0x00, 0x00, 0x00, 0x11, 0xF6, 0xFF, 0x29, 0x00, 0x37, 0xFF, 0xB2, 0x00, 0x00, 0x00,
0x00, 0x00, 0x9F, 0xFF, 0x89, 0x00, 0x85, 0xFF, 0x5C, 0x00, 0x00, 0x00, 0x00, 0x00, 0x37, 0xFF,
0xE3, 0x00, 0xCE, 0xF8, 0x0E, 0x00, 0x00, 0x00, 0x00, 0x00, 0x00, 0xCE, 0xFF, 0x3D, 0xFC, 0xB0,
0x00, 0x00, 0x00, 0x00, 0x00, 0x00, 0x00, 0x65, 0xFF, 0xC3, 0xFF, 0x5B, 0x00, 0x00, 0x00, 0x00,
0x00, 0x00, 0x00, 0x0B, 0xF1, 0xFF, 0xF6, 0x0D, 0x00, 0x00, 0x00, 0x00, 0x00, 0x00, 0x00, 0x00,
0x99, 0xFF, 0xA8, 0x00, 0x00, 0x00, 0x00, 0x00, 0x00, 0x00, 0x00, 0x00, 0xAF, 0xFF, 0x4B, 0x00,
0x00, 0x00, 0x00, 0x00, 0x00, 0x00, 0x00, 0x1C, 0xF9, 0xDD, 0x03, 0x00, 0x00, 0x00, 0x00, 0x00,
0x00, 0x0A, 0x23, 0xC8, 0xFF, 0x6C, 0x00, 0x00, 0x00, 0x00, 0x00, 0x00, 0x00, 0xC3, 0xFF, 0xFF,
0xD3, 0x07, 0x00, 0x00, 0x00, 0x00, 0x00, 0x00, 0x00, 0xD1, 0xF8, 0xBE, 0x1D, 0x00, 0x00, 0x00,
0x00, 0x00, 0x00, 0xFF, 0xFF, 0x14, 0x00, 0x00, 0x00, 0x00, 0x2C, 0xFF, 0xE8, 0xFF, 0xFF, 0x14,
0x00, 0x00, 0x00, 0x00, 0x2C, 0xFF, 0xE8, 0xFF, 0xFF, 0x14, 0x00, 0x00, 0x00, 0x00, 0x2C, 0xFF,
0xE8, 0xFF, 0xFF, 0x14, 0x00, 0x00, 0x00, 0x00, 0x2C, 0xFF, 0xE8, 0xFF, 0xFF, 0x14, 0x00, 0x00,
0x00, 0x00, 0x2C, 0xFF, 0xE8, 0xFF, 0xFF, 0x14, 0x00, 0x00, 0x00, 0x00, 0x2C, 0xFF, 0xE8, 0xFF,
0xFF, 0x14, 0x00, 0x00, 0x00, 0x00, 0x2C, 0xFF, 0xE8, 0xFF, 0xFF, 0x14, 0x00, 0x00, 0x00, 0x00,
0x2C, 0xFF, 0xE8, 0xFF, 0xFF, 0x14, 0x00, 0x00, 0x00, 0x00, 0x2C, 0xFF, 0xE8, 0xFF, 0xFF, 0x14,
0x00, 0x00, 0x00, 0x00, 0x2C, 0xFF, 0xE8, 0xFF, 0xFF, 0x14, 0x00, 0x00, 0x00, 0x00, 0x2C, 0xFF,
0xE8, 0xFF, 0xFF, 0xFF, 0xFF, 0xFF, 0xFF, 0xFF, 0xFF, 0xFF, 0xE8, 0xFF, 0xFF, 0xFF, 0xFF, 0xFF,
0xFF, 0xFF, 0xFF, 0xFF, 0xE8, 0x00, 0x00, 0x00, 0x1B, 0xFF, 0xFF, 0x11, 0x00, 0x00, 0x00, 0x00,
0x00, 0x00, 0x03, 0xFC, 0xFC, 0x01, 0x00, 0x00, 0x00, 0x00, 0x00, 0x00, 0x00, 0xE4, 0xE9, 0x00,
0x00, 0x00, 0x00, 0x00, 0x00, 0x00, 0x00, 0xC9, 0xD5, 0x00, 0x00, 0x00, 0x00, 0x00, 0x00, 0x00,
0x00, 0xAE, 0xC1, 0x00, 0x00, 0x00, 0x00, 0x00, 0x00, 0x00, 0x20, 0xFF, 0xFF, 0x08, 0x00, 0x00,
0x00, 0x00, 0x00, 0x00, 0x00, 0x00, 0x00, 0x00, 0x00, 0x00, 0x20, 0xFF, 0xFF, 0x08, 0x00, 0x00,
0x00, 0x00, 0x00, 0x00, 0x00, 0x00, 0x00, 0xFF, 0xFF, 0xFF, 0xFF, 0xFF, 0xFF, 0xFF, 0xFF, 0xFF,
0xFF, 0xFF, 0x68, 0x00, 0x00, 0x00, 0x00, 0xFF, 0xFF, 0xFF, 0xFF, 0xFF, 0xFF, 0xFF, 0xFF, 0xFF,
0xFF, 0xFF, 0x68, 0x00, 0x00, 0x00, 0x00, 0x00, 0x00, 0x00, 0x20, 0xFF, 0xFF, 0x08, 0x00, 0x00,
0x00, 0x00, 0x00, 0x00, 0x00, 0x00, 0x00, 0x00, 0x00, 0x00, 0x20, 0xFF, 0xFF, 0x08, 0x00, 0x00,
0x00, 0x00, 0x00, 0x00, 0x00, 0x00, 0x00, 0x00, 0x00, 0x00, 0x20, 0xFF, 0xFF, 0x08, 0x00, 0x00,
0x00, 0x00, 0x00, 0x00, 0x00, 0x00, 0x00, 0x00, 0x00, 0x00, 0x20, 0xFF, 0xFF, 0xDA, 0xF1, 0xFB,
0xE9, 0xD0, 0xA1, 0x42, 0x00, 0x00, 0x00, 0x00, 0x00, 0x00, 0x20, 0xFF, 0xFF, 0xFF, 0xFF, 0xFF,
0xFF, 0xFF, 0xFF, 0xFF, 0xA3, 0x04, 0x00, 0x00, 0x00, 0x00, 0x20, 0xFF, 0xFF, 0x2A, 0x0C, 0x06,
0x1C, 0x52, 0xB9, 0xFF, 0xFF, 0x7D, 0x00, 0x00, 0x00, 0x00, 0x20, 0xFF, 0xFF, 0x08, 0x00, 0x00,
0x00, 0x00, 0x00, 0xA4, 0xFF, 0xEB, 0x04, 0x00, 0x00, 0x00, 0x20, 0xFF, 0xFF, 0x08, 0x00, 0x00,
0x00, 0x00, 0x00, 0x32, 0xFF, 0xFF, 0x21, 0x00, 0x00, 0x00, 0x20, 0xFF, 0xFF, 0x08, 0x00, 0x00,
0x00, 0x00, 0x00, 0x1B, 0xFF, 0xFF, 0x2B, 0x00, 0x00, 0x00, 0x20, 0xFF, 0xFF, 0x08, 0x00, 0x00,
0x00, 0x00, 0x00, 0x47, 0xFF, 0xFD, 0x0F, 0x00, 0x00, 0x00, 0x20, 0xFF, 0xFF, 0x08, 0x00, 0x00,
0x00, 0x00, 0x0A, 0xCA, 0xFF, 0xBD, 0x00, 0x00, 0x00, 0x00, 0x20, 0xFF, 0xFF, 0x1B, 0x05, 0x06,
0x23, 0x63, 0xD8, 0xFF, 0xF9, 0x33, 0x00, 0x00, 0x00, 0x00, 0x20, 0xFF, 0xFF, 0xFF, 0xFF, 0xFF,
0xFF, 0xFF, 0xFF, 0xEA, 0x48, 0x00, 0x00, 0x00, 0x00, 0x00, 0x14, 0xBE, 0xE2, 0xF4, 0xFD, 0xFA,
0xE7, 0xBC, 0x71, 0x10, 0x00, 0x00, 0x00, 0x00, 0x00, 0x24, 0xFF, 0xF0, 0x00, 0x00, 0x00, 0x00,
0x00, 0x00, 0x00, 0x00, 0x00, 0x00, 0x24, 0xFF, 0xF0, 0x00, 0x00, 0x00, 0x00, 0x00, 0x00, 0x00,
0x00, 0x00, 0x00, 0x24, 0xFF, 0xF0, 0x00, 0x00, 0x00, 0x00, 0x00, 0x00, 0x00, 0x00, 0x00, 0x00,
0x24, 0xFF, 0xF0, 0x00, 0x00, 0x00, 0x00, 0x00, 0x00, 0x00, 0x00, 0x00, 0x00, 0x24, 0xFF, 0xF0,
0x00, 0x00, 0x00, 0x00, 0x00, 0x00, 0x00, 0x00, 0xF8, 0xFF, 0xFF, 0xFF, 0xFF, 0xFF, 0xFF, 0xFF,
0xFF, 0x18, 0x00, 0x00, 0x00, 0xF8, 0xFF, 0xFF, 0xFF, 0xFF, 0xFF, 0xFF, 0xFF, 0xFF, 0x18, 0x00,
0x00, 0x00, 0x00, 0x00, 0x24, 0xFF, 0xF0, 0x00, 0x00, 0x00, 0x00, 0x00, 0x00, 0x00, 0x00, 0x00,
0x00, 0x24, 0xFF, 0xF0, 0x00, 0x00, 0x00, 0x00, 0x00, 0x00, 0x00, 0x00, 0x00, 0x00, 0x24, 0xFF,
0xF0, 0x00, 0x00, 0x00, 0x00, 0x00, 0x00, 0x00, 0x00, 0x00, 0x00, 0x24, 0xFF, 0xFD, 0xE0, 0xF7,
0xFB, 0xE7, 0xAF, 0x42, 0x00, 0x00, 0x00, 0x00, 0x24, 0xFF, 0xFF, 0xFF, 0xFF, 0xFF, 0xFF, 0xFF,
0xFF, 0x66, 0x00, 0x00, 0x00, 0x24, 0xFF, 0xF2, 0x15, 0x03, 0x11, 0x42, 0xCE, 0xFF, 0xEC, 0x03,
0x00, 0x00, 0x24, 0xFF, 0xF0, 0x00, 0x00, 0x00, 0x00, 0x25, 0xFF, 0xFF, 0x1C, 0x00, 0x00, 0x24,
0xFF, 0xF0, 0x00, 0x00, 0x00, 0x00, 0x24, 0xFF, 0xFF, 0x11, 0x00, 0x00, 0x24, 0xFF, 0xF1, 0x15,
0x05, 0x10, 0x3F, 0xC9, 0xFF, 0xCF, 0x00, 0x00, 0x00, 0x24, 0xFF, 0xFF, 0xFF, 0xFF, 0xFF, 0xFF,
0xFF, 0xF5, 0x3C, 0x00, 0x00, 0x00, 0x1E, 0xE0, 0xEB, 0xF7, 0xFD, 0xF1, 0xD0, 0x8F, 0x21, 0x00,
0x00, 0x00, 0x00, 0x00, 0x00, 0x49, 0xA6, 0xE0, 0xF7, 0xF0, 0xD6, 0x90, 0x2A, 0x00, 0x00, 0x00,
0x00, 0x00, 0x00, 0x09, 0xAF, 0xFF, 0xFF, 0xFF, 0xFF, 0xFF, 0xFF, 0xFF, 0xFB, 0x7E, 0x00, 0x00,
0x00, 0x00, 0x00, 0xB6, 0xFF, 0xFD, 0x94, 0x31, 0x08, 0x10, 0x4B, 0xC8, 0xFF, 0xFF, 0x7A, 0x00,
0x00, 0x00, 0x5F, 0xFF, 0xFF, 0x58, 0x00, 0x00, 0x00, 0x00, 0x00, 0x04, 0xAA, 0xFF, 0xFA, 0x28,
0x00, 0x00, 0xCF, 0xFF, 0xA3, 0x00, 0x00, 0x00, 0x00, 0x00, 0x00, 0x00, 0x0B, 0xE4, 0xFF, 0x93,
0x00, 0x22, 0xFF, 0xFF, 0x34, 0x00, 0x00, 0x00, 0x00, 0x00, 0x00, 0x00, 0x00, 0x79, 0xFF, 0xE7,
0x00, 0x56, 0xFF, 0xEF, 0x01, 0x00, 0x00, 0x00, 0x00, 0x00, 0x00, 0x00, 0x00, 0x30, 0xFF, 0xFF,
0x1A, 0x76, 0xFF, 0xCF, 0x00, 0x00, 0x00, 0x00, 0x00, 0x00, 0x00, 0x00, 0x00, 0x07, 0xFD, 0xFF,
0x3D, 0x85, 0xFF, 0xFF, 0xFF, 0xFF, 0xFF, 0xFF, 0xFF, 0xFF, 0xFF, 0xFF, 0xFF, 0xFF, 0xFF, 0xFF,
0x4C, 0x85, 0xFF, 0xFF, 0xFF, 0xFF, 0xFF, 0xFF, 0xFF, 0xFF, 0xFF, 0xFF, 0xFF, 0xFF, 0xFF, 0xFF,
0x4B, 0x76, 0xFF, 0xCF, 0x00, 0x00, 0x00, 0x00, 0x00, 0x00, 0x00, 0x00, 0x00, 0x04, 0xFD, 0xFF,
0x3C, 0x56, 0xFF, 0xF2, 0x03, 0x00, 0x00, 0x00, 0x00, 0x00, 0x00, 0x00, 0x00, 0x22, 0xFF, 0xFF,
0x1D, 0x23, 0xFF, 0xFF, 0x3A, 0x00, 0x00, 0x00, 0x00, 0x00, 0x00, 0x00, 0x00, 0x63, 0xFF, 0xE8,
0x00, 0x00, 0xCF, 0xFF, 0xAA, 0x00, 0x00, 0x00, 0x00, 0x00, 0x00, 0x00, 0x00, 0xCB, 0xFF, 0x95,
0x00, 0x00, 0x5D, 0xFF, 0xFF, 0x65, 0x00, 0x00, 0x00, 0x00, 0x00, 0x00, 0x79, 0xFF, 0xFA, 0x29,
0x00, 0x00, 0x00, 0xB5, 0xFF, 0xFF, 0x9E, 0x33, 0x08, 0x0C, 0x3B, 0xA6, 0xFF, 0xFF, 0x7B, 0x00,
0x00, 0x00, 0x00, 0x09, 0xAD, 0xFF, 0xFF, 0xFF, 0xFF, 0xFF, 0xFF, 0xFF, 0xFC, 0x7F, 0x00, 0x00,
0x00, 0x00, 0x00, 0x00, 0x00, 0x49, 0xA7, 0xE0, 0xF7, 0xF2, 0xD7, 0x94, 0x2B, 0x00, 0x00, 0x00,
0x00, 0x00, 0x00, 0x14, 0x88, 0xD5, 0xF5, 0xF4, 0xD1, 0x7F, 0x0D, 0x00, 0x00, 0x00, 0x25, 0xE3,
0xFF, 0xFF, 0xFF, 0xFF, 0xFF, 0xFF, 0xDC, 0x1D, 0x00, 0x01, 0xCC, 0xFF, 0xC3, 0x40, 0x0E, 0x13,
0x4B, 0xD3, 0xFF, 0xBC, 0x00, 0x41, 0xFF, 0xDB, 0x0C, 0x00, 0x00, 0x00, 0x00, 0x19, 0xEE, 0xFF,
0x2F, 0x85, 0xFF, 0x84, 0x00, 0x00, 0x00, 0x00, 0x00, 0x00, 0xA4, 0xFF, 0x72, 0xA8, 0xFF, 0xFF,
0xFF, 0xFF, 0xFF, 0xFF, 0xFF, 0xFF, 0xFF, 0xFF, 0x98, 0xB4, 0xFF, 0xFF, 0xFF, 0xFF, 0xFF, 0xFF,
0xFF, 0xFF, 0xFF, 0xFF, 0xA3, 0xA9, 0xFF, 0x88, 0x00, 0x00, 0x00, 0x00, 0x00, 0x00, 0x91, 0xFF,
0x97, 0x86, 0xFF, 0xBF, 0x00, 0x00, 0x00, 0x00, 0x00, 0x00, 0xC4, 0xFF, 0x74, 0x42, 0xFF, 0xFF,
0x40, 0x00, 0x00, 0x00, 0x00, 0x37, 0xFE, 0xFF, 0x31, 0x01, 0xCD, 0xFF, 0xEB, 0x59, 0x0C, 0x15,
0x60, 0xEB, 0xFF, 0xBC, 0x00, 0x00, 0x27, 0xE5, 0xFF, 0xFF, 0xFF, 0xFF, 0xFF, 0xFF, 0xDC, 0x1D,
0x00, 0x00, 0x00, 0x14, 0x8A, 0xD7, 0xF6, 0xF6, 0xD3, 0x82, 0x0F, 0x00, 0x00, 0xD9, 0xFF, 0x78,
0x00, 0x00, 0x00, 0x00, 0x00, 0x00, 0x00, 0x00, 0x00, 0x5F, 0xDD, 0xF9, 0xE8, 0x71, 0x00, 0x77,
0xFF, 0xD9, 0x00, 0x00, 0x00, 0x00, 0x00, 0x00, 0x00, 0x00, 0x43, 0xFE, 0xFF, 0xFF, 0xFF, 0xE9,
0x02, 0x18, 0xFB, 0xFF, 0x3B, 0x00, 0x00, 0x00, 0x00, 0x00, 0x00, 0x00, 0xCE, 0xFF, 0xA1, 0x11,
0x42, 0x81, 0x00, 0x00, 0xB1, 0xFF, 0x9C, 0x00, 0x00, 0x00, 0x00, 0x00, 0x00, 0x3B, 0xFF, 0xEB,
0x0C, 0x00, 0x00, 0x00, 0x00, 0x00, 0x4D, 0xFF, 0xF2, 0x0A, 0x00, 0x00, 0x00, 0x00, 0x00, 0x97,
0xFF, 0x8C, 0x00, 0x00, 0x00, 0x00, 0x00, 0x00, 0x03, 0xE6, 0xFF, 0x5F, 0x00, 0x00, 0x00, 0x00,
0x02, 0xE9, 0xFF, 0x2F, 0x00, 0x00, 0x00, 0x00, 0x00, 0x00, 0x00, 0x87, 0xFF, 0xC0, 0x00, 0x00,
0x00, 0x00, 0x3D, 0xFF, 0xD7, 0x00, 0x00, 0x00, 0x00, 0x00, 0x00, 0x00, 0x00, 0x24, 0xFE, 0xFE,
0x22, 0x00, 0x00, 0x00, 0x8C, 0xFF, 0x80, 0x00, 0x00, 0x00, 0x00, 0x00, 0x00, 0x00, 0x00, 0x00,
0xC0, 0xFF, 0x83, 0x00, 0x00, 0x00, 0xDB, 0xFF, 0x28, 0x00, 0x00, 0x00, 0x00, 0x00, 0x00, 0x00,
0x00, 0x00, 0x5D, 0xFF, 0xE2, 0x02, 0x00, 0x2A, 0xFF, 0xD0, 0x00, 0x00, 0x00, 0x00, 0x00, 0x00,
0x00, 0x00, 0x00, 0x00, 0x09, 0xF0, 0xFF, 0x45, 0x00, 0x79, 0xFF, 0x79, 0x00, 0x00, 0x00, 0x00,
0x00, 0x00, 0x00, 0x00, 0x00, 0x00, 0x00, 0x96, 0xFF, 0xA7, 0x00, 0xC7, 0xFF, 0x22, 0x00, 0x00,
0x00, 0x00, 0x00, 0x00, 0x00, 0x00, 0x00, 0x00, 0x00, 0x33, 0xFF, 0xF6, 0x10, 0xFD, 0xC9, 0x00,
0x00, 0x00, 0x00, 0x00, 0x00, 0x00, 0x00, 0x00, 0x00, 0x00, 0x00, 0x00, 0xCF, 0xFF, 0x69, 0xFF,
0x72, 0x00, 0x00, 0x00, 0x00, 0x00, 0x00, 0x00, 0x00, 0x00, 0x00, 0x00, 0x00, 0x00, 0x6C, 0xFF,
0xCD, 0xFE, 0x1C, 0x00, 0x00, 0x00, 0x00, 0x00, 0x00, 0x00, 0x00, 0x00, 0x00, 0x00, 0x00, 0x00,
0x11, 0xF7, 0xFF, 0xC2, 0x00, 0x00, 0x00, 0x00, 0x00, 0x00, 0x00, 0x00, 0x00, 0x00, 0x00, 0x00,
0x00, 0x00, 0x00, 0xA5, 0xFF, 0x6B, 0x00, 0x00, 0x00, 0x00, 0x00, 0x00, 0x00, 0x00, 0x00, 0x00,
0x00, 0x00, 0x00, 0x00, 0x00, 0x42, 0xFC, 0x16, 0x00, 0x00, 0x00, 0x00, 0x00, 0x00, 0x00, 0x00,
0x00, 0x85, 0xFF, 0xDB, 0x01, 0x00, 0x00, 0x00, 0x00, 0x00, 0x00, 0x5A, 0xE0, 0xF9, 0x9F, 0x1A,
0xFA, 0xFF, 0x47, 0x00, 0x00, 0x00, 0x00, 0x00, 0x38, 0xFD, 0xFF, 0xFF, 0x95, 0x00, 0xA6, 0xFF,
0xB1, 0x00, 0x00, 0x00, 0x00, 0x00, 0xC3, 0xFF, 0xA1, 0x0E, 0x13, 0x00, 0x37, 0xFF, 0xFD, 0x1E,
0x00, 0x00, 0x00, 0x33, 0xFF, 0xE8, 0x0A, 0x00, 0x00, 0x00, 0x00, 0xC8, 0xFF, 0x86, 0x00, 0x00,
0x00, 0x9B, 0xFF, 0x79, 0x00, 0x00, 0x00, 0x00, 0x00, 0x59, 0xFF, 0xE9, 0x06, 0x00, 0x0F, 0xF5,
0xF6, 0x13, 0x00, 0x00, 0x00, 0x00, 0x00, 0x05, 0xE5, 0xFF, 0x5B, 0x00, 0x6C, 0xFF, 0x9A, 0x00,
0x00, 0x00, 0x00, 0x00, 0x00, 0x00, 0x7B, 0xFF, 0xC1, 0x00, 0xD1, 0xFF, 0x2C, 0x00, 0x00, 0x00,
0x00, 0x00, 0x00, 0x00, 0x14, 0xF7, 0xFD, 0x2F, 0xFF, 0xBC, 0x00, 0x00, 0x00, 0x00, 0x00, 0x00,
0x00, 0x00, 0x00, 0x9D, 0xFF, 0xBD, 0xFF, 0x4D, 0x00, 0x00, 0x00, 0x00, 0x00, 0x00, 0x00, 0x00,
0x00, 0x2E, 0xFF, 0xFF, 0xDB, 0x02, 0x00, 0x00, 0x00, 0x00, 0x00, 0x00, 0x00, 0x00, 0x00, 0x00,
0xBF, 0xFF, 0x6E, 0x00, 0x00, 0x00, 0x00, 0x00, 0x00, 0x00, 0x00, 0x00, 0x00, 0x00, 0x50, 0xF2,
0x0D, 0x00, 0x00, 0x00, 0x00, 0x00, 0x00, 0x00, 0x00, 0x2C, 0xC0, 0xDA, 0x40, 0x09, 0x08, 0x39,
0xD3, 0xC8, 0x19, 0x00, 0x00, 0x00, 0x00, 0x00, 0x00, 0x00, 0x0A, 0xE1, 0xFF, 0xFF, 0xFF, 0xFF,
0xFF, 0xFF, 0xB6, 0x00, 0x00, 0x00, 0x00, 0x00, 0x00, 0x00, 0x00, 0x00, 0x18, 0x91, 0xD9, 0xF4,
0xF3, 0xD6, 0x7E, 0x09, 0x00, 0x00, 0x00, 0x00, 0x00, 0x00, 0x00, 0x00, 0x00, 0x00, 0x00, 0x00,
0x00, 0x00, 0x00, 0x00, 0x00, 0x00, 0x00, 0x00, 0x00, 0x00, 0x00, 0xCC, 0xFF, 0x60, 0x00, 0x00,
0x00, 0x00, 0x00, 0x00, 0x00, 0x00, 0x2E, 0xF7, 0x80, 0x00, 0x00, 0x00, 0xCC, 0xFF, 0x60, 0x00,
0x00, 0x00, 0x00, 0x00, 0x00, 0x00, 0x0A, 0xD6, 0xFF, 0x80, 0x00, 0x00, 0x00, 0xCC, 0xFF, 0x60,
0x00, 0x00, 0x00, 0x00, 0x00, 0x00, 0x00, 0x9C, 0xFF, 0xFF, 0x80, 0x00, 0x00, 0x00, 0xCC, 0xFF,
0x60, 0x00, 0x00, 0x00, 0x00, 0x00, 0x00, 0x56, 0xFF, 0xF5, 0xFF, 0x80, 0x00, 0x00, 0x00, 0xCC,
0xFF, 0x60, 0x00, 0x00, 0x00, 0x00, 0x00, 0x21, 0xF0, 0xF4, 0xA2, 0xFF, 0x80, 0x00, 0x00, 0x00,
0xCC, 0xFF, 0x60, 0x00, 0x00, 0x00, 0x00, 0x04, 0xC8, 0xFF, 0x8E, 0xA1, 0xFF, 0x80, 0x00, 0x00,
0x00, 0xCC, 0xFF, 0x60, 0x00, 0x00, 0x00, 0x00, 0x88, 0xFF, 0xE5, 0x14, 0xA8, 0xFF, 0x80, 0x00,
0x00, 0x00, 0xCC, 0xFF, 0x60, 0x00, 0x00, 0x00, 0x44, 0xFE, 0xFD, 0x3F, 0x00, 0xA8, 0xFF, 0x80,
0x00, 0x00, 0x00, 0xCC, 0xFF, 0x60, 0x00, 0x00, 0x16, 0xE7, 0xFF, 0x7F, 0x00, 0x00, 0xA8, 0xFF,
0x80, 0x00, 0x00, 0x00, 0xCC, 0xFF, 0x60, 0x00, 0x01, 0xB7, 0xFF, 0xC0, 0x02, 0x00, 0x00, 0xA8,
0xFF, 0x80, 0x00, 0x00, 0x00, 0xCC, 0xFF, 0x60, 0x00, 0x74, 0xFF, 0xEB, 0x1A, 0x00, 0x00, 0x00,
0xA8, 0xFF, 0x80, 0x00, 0x00, 0x00, 0xCC, 0xFF, 0x60, 0x35, 0xFA, 0xFE, 0x4A, 0x00, 0x00, 0x00,
0x00, 0xA8, 0xFF, 0x80, 0x00, 0x00, 0x00, 0xCC, 0xFF, 0x5B, 0xCB, 0xFF, 0x8B, 0x00, 0x00, 0x00,
0x00, 0x00, 0xA8, 0xFF, 0x80, 0x00, 0x00, 0x00, 0xCC, 0xFF, 0x8C, 0xFF, 0xC9, 0x05, 0x00, 0x00,
0x00, 0x00, 0x00, 0xA8, 0xFF, 0x80, 0x00, 0x00, 0x00, 0xCC, 0xFF, 0xEE, 0xF0, 0x21, 0x00, 0x00,
0x00, 0x00, 0x00, 0x00, 0xA8, 0xFF, 0x80, 0x00, 0x00, 0x00, 0xCC, 0xFF, 0xFF, 0x54, 0x00, 0x00,
0x00, 0x00, 0x00, 0x00, 0x00, 0xA8, 0xFF, 0x80, 0x00, 0x00, 0x00, 0xCC, 0xFF, 0x97, 0x00, 0x00,
0x00, 0x00, 0x00, 0x00, 0x00, 0x00, 0xA8, 0xFF, 0xFF, 0xFF, 0xFF, 0x26, 0xCC, 0xD2, 0x08, 0x00,
0x00, 0x00, 0x00, 0x00, 0x00, 0x00, 0x00, 0xA8, 0xFF, 0xFF, 0xFF, 0xB1, 0x00, 0x00, 0x00, 0x00,
0x00, 0x00, 0x00, 0x00, 0x00, 0x00, 0x00, 0x00, 0x00, 0x00, 0x9A, 0xFD, 0x2B, 0x00, 0x00, 0x00,
0x00, 0x00, 0x00, 0x00, 0x00, 0x00, 0x00, 0x00, 0x00, 0x00, 0x0A, 0xF1, 0xA0, 0x00, 0x00, 0x00,
0x00, 0x00, 0x00, 0x00, 0x00, 0x00, 0x00, 0x00, 0x00, 0x00, 0x00, 0x5F, 0xF8, 0x1F, 0x00, 0x00,
0x00, 0x58, 0xCF, 0x2C, 0x00, 0x00, 0x00, 0x74, 0xB9, 0x1B, 0x00, 0x00, 0x00, 0x00, 0x7E, 0xFF,
0xCA, 0x2C, 0x09, 0x50, 0xF2, 0xF4, 0x08, 0x00, 0x00, 0x00, 0x00, 0x15, 0xDD, 0xFF, 0xFF, 0xFF,
0xFF, 0xFF, 0x6F, 0x00, 0x00, 0x00, 0x00, 0x00, 0x00, 0x1C, 0x99, 0xE2, 0xF5, 0xCD, 0x5A, 0x00,
0x00, 0x00, 0x00, 0x00, 0x00, 0x00, 0x00, 0x00, 0x00, 0x00, 0x00, 0x00, 0x00, 0x00, 0x00, 0x00,
0x00, 0x00, 0x00, 0x00, 0x00, 0x00, 0x00, 0x00, 0x00, 0x00, 0x00, 0x00, 0x00, 0x00, 0xFF, 0xFF,
0x14, 0x00, 0x00, 0x00, 0x00, 0x00, 0x68, 0xFF, 0x30, 0x00, 0x00, 0xFF, 0xFF, 0x14, 0x00, 0x00,
0x00, 0x00, 0x2E, 0xF7, 0xFF, 0x30, 0x00, 0x00, 0xFF, 0xFF, 0x14, 0x00, 0x00, 0x00, 0x0B, 0xD8,
0xFF, 0xFF, 0x30, 0x00, 0x00, 0xFF, 0xFF, 0x14, 0x00, 0x00, 0x00, 0xA2, 0xFE, 0xF4, 0xFF, 0x30,
0x00, 0x00, 0xFF, 0xFF, 0x14, 0x00, 0x00, 0x61, 0xFF, 0x97, 0xDA, 0xFF, 0x30, 0x00, 0x00, 0xFF,
0xFF, 0x14, 0x00, 0x29, 0xF5, 0xDF, 0x0F, 0xE3, 0xFF, 0x30, 0x00, 0x00, 0xFF, 0xFF, 0x14, 0x09,
0xD3, 0xF8, 0x33, 0x00, 0xE4, 0xFF, 0x30, 0x00, 0x00, 0xFF, 0xFF, 0x13, 0x9B, 0xFF, 0x68, 0x00,
0x00, 0xE4, 0xFF, 0x30, 0x00, 0x00, 0xFF, 0xFF, 0x54, 0xFF, 0xA5, 0x00, 0x00, 0x00, 0xE4, 0xFF,
0x30, 0x00, 0x00, 0xFF, 0xFF, 0xE2, 0xD5, 0x0B, 0x00, 0x00, 0x00, 0xE4, 0xFF, 0x30, 0x00, 0x00,
0xFF, 0xFF, 0xF4, 0x29, 0x00, 0x00, 0x00, 0x00, 0xE4, 0xFF, 0x30, 0x00, 0x00, 0xFF, 0xFF, 0x59,
0x00, 0x00, 0x00, 0x00, 0x00, 0xE4, 0xFF, 0xFF, 0xFF, 0xBE, 0xFF, 0x95, 0x00, 0x00, 0x00, 0x00,
0x00, 0x00, 0xE4, 0xFF, 0xFF, 0xFF, 0x4B, 0x00, 0x00, 0x00, 0x00, 0x00, 0x00, 0x00, 0x00, 0x00,
0x0D, 0xF4, 0xC2, 0x00, 0x00, 0x00, 0x00, 0x00, 0x00, 0x00, 0x00, 0x00, 0x00, 0x64, 0xFF, 0x3A,
0x00, 0x00, 0x00, 0x00, 0x00, 0x00, 0x00, 0x00, 0x00, 0x00, 0xC7, 0xB0, 0x00, 0x00, 0x00, 0x00,
0x00, 0x20, 0xFF, 0xFF, 0x08, 0x00, 0x00, 0x00, 0x00, 0x00, 0x00, 0x00, 0x00, 0x00, 0x00, 0x00,
0x00, 0x20, 0xFF, 0xFF, 0x08, 0x00, 0x00, 0x00, 0x00, 0x00, 0x00, 0x00, 0x00, 0x00, 0xFF, 0xFF,
0xFF, 0xFF, 0xFF, 0xFF, 0xFF, 0xFF, 0xFF, 0xFF, 0xFF, 0x68, 0x00, 0x00, 0x00, 0x00, 0xFF, 0xFF,
0xFF, 0xFF, 0xFF, 0xFF, 0xFF, 0xFF, 0xFF, 0xFF, 0xFF, 0x68, 0x00, 0x00, 0x00, 0x00, 0x00, 0x00,
0x00, 0x20, 0xFF, 0xFF, 0x08, 0x00, 0x00, 0x00, 0x00, 0x00, 0x00, 0x00, 0x00, 0x00, 0x00, 0x00,
0x00, 0x20, 0xFF, 0xFF, 0x08, 0x00, 0x00, 0x00, 0x00, 0x00, 0x00, 0x00, 0x00, 0x00, 0x00, 0x00,
0x00, 0x20, 0xFF, 0xFF, 0x08, 0x00, 0x00, 0x00, 0x00, 0x00, 0x00, 0x00, 0x00, 0x00, 0x00, 0x00,
0x00, 0x20, 0xFF, 0xFF, 0xDA, 0xF1, 0xFB, 0xE9, 0xD0, 0xA1, 0x42, 0x00, 0x00, 0x00, 0x00, 0x00,
0x00, 0x20, 0xFF, 0xFF, 0xFF, 0xFF, 0xFF, 0xFF, 0xFF, 0xFF, 0xFF, 0xA3, 0x04, 0x00, 0x00, 0x00,
0x00, 0x20, 0xFF, 0xFF, 0x2A, 0x0C, 0x06, 0x1C, 0x52, 0xB9, 0xFF, 0xFF, 0x7D, 0x00, 0x00, 0x00,
0x00, 0x20, 0xFF, 0xFF, 0x08, 0x00, 0x00, 0x00, 0x00, 0x00, 0xA4, 0xFF, 0xEB, 0x04, 0x00, 0x00,
0x00, 0x20, 0xFF, 0xFF, 0x08, 0x00, 0x00, 0x00, 0x00, 0x00, 0x32, 0xFF, 0xFF, 0x21, 0x00, 0x00,
0x00, 0x20, 0xFF, 0xFF, 0x08, 0x00, 0x00, 0x00, 0x00, 0x00, 0x1B, 0xFF, 0xFF, 0x2B, 0x00, 0x00,
0x00, 0x20, 0xFF, 0xFF, 0x08, 0x00, 0x00, 0x00, 0x00, 0x00, 0x47, 0xFF, 0xFD, 0x0F, 0x00, 0x00,
0x00, 0x20, 0xFF, 0xFF, 0x08, 0x00, 0x00, 0x00, 0x00, 0x0A, 0xCA, 0xFF, 0xBD, 0x00, 0x00, 0x00,
0x00, 0x20, 0xFF, 0xFF, 0x1B, 0x05, 0x06, 0x23, 0x63, 0xD8, 0xFF, 0xF9, 0x33, 0x00, 0x00, 0x00,
0x00, 0x20, 0xFF, 0xFF, 0xFF, 0xFF, 0xFF, 0xFF, 0xFF, 0xFF, 0xEA, 0x48, 0x00, 0x00, 0x00, 0x00,
0x00, 0x14, 0xBE, 0xE2, 0xF4, 0xFD, 0xFA, 0xE7, 0xBC, 0x71, 0x10, 0x00, 0x00, 0x00, 0x00, 0x00,
0x24, 0xFF, 0xF0, 0x00, 0x00, 0x00, 0x00, 0x00, 0x00, 0x00, 0x00, 0x00, 0x00, 0x24, 0xFF, 0xF0,
0x00, 0x00, 0x00, 0x00, 0x00, 0x00, 0x00, 0x00, 0x00, 0x00, 0x24, 0xFF, 0xF0, 0x00, 0x00, 0x00,
0x00, 0x00, 0x00, 0x00, 0x00, 0x00, 0x00, 0x24, 0xFF, 0xF0, 0x00, 0x00, 0x00, 0x00, 0x00, 0x00,
0x00, 0x00, 0x00, 0x00, 0x24, 0xFF, 0xF0, 0x00, 0x00, 0x00, 0x00, 0x00, 0x00, 0x00, 0x00, 0xF8,
0xFF, 0xFF, 0xFF, 0xFF, 0xFF, 0xFF, 0xFF, 0xFF, 0x18, 0x00, 0x00, 0x00, 0xF8, 0xFF, 0xFF, 0xFF,
0xFF, 0xFF, 0xFF, 0xFF, 0xFF, 0x18, 0x00, 0x00, 0x00, 0x00, 0x00, 0x24, 0xFF, 0xF0, 0x00, 0x00,
0x00, 0x00, 0x00, 0x00, 0x00, 0x00, 0x00, 0x00, 0x24, 0xFF, 0xF0, 0x00, 0x00, 0x00, 0x00, 0x00,
0x00, 0x00, 0x00, 0x00, 0x00, 0x24, 0xFF, 0xF0, 0x00, 0x00, 0x00, 0x00, 0x00, 0x00, 0x00, 0x00,
0x00, 0x00, 0x24, 0xFF, 0xFD, 0xE0, 0xF7, 0xFB, 0xE7, 0xAF, 0x42, 0x00, 0x00, 0x00, 0x00, 0x24,
0xFF, 0xFF, 0xFF, 0xFF, 0xFF, 0xFF, 0xFF, 0xFF, 0x66, 0x00, 0x00, 0x00, 0x24, 0xFF, 0xF2, 0x15,
0x03, 0x11, 0x42, 0xCE, 0xFF, 0xEC, 0x03, 0x00, 0x00, 0x24, 0xFF, 0xF0, 0x00, 0x00, 0x00, 0x00,
0x25, 0xFF, 0xFF, 0x1C, 0x00, 0x00, 0x24, 0xFF, 0xF0, 0x00, 0x00, 0x00, 0x00, 0x24, 0xFF, 0xFF,
0x11, 0x00, 0x00, 0x24, 0xFF, 0xF1, 0x15, 0x05, 0x10, 0x3F, 0xC9, 0xFF, 0xCF, 0x00, 0x00, 0x00,
0x24, 0xFF, 0xFF, 0xFF, 0xFF, 0xFF, 0xFF, 0xFF, 0xF5, 0x3C, 0x00, 0x00, 0x00, 0x1E, 0xE0, 0xEB,
0xF7, 0xFD, 0xF1, 0xD0, 0x8F, 0x21, 0x00, 0x00, 0x8A, 0xCD, 0xEB, 0xF5, 0xFC, 0xEA, 0xD3, 0xA8,
0x53, 0x02, 0x00, 0x00, 0xCC, 0xFF, 0xFF, 0xFF, 0xFF, 0xFF, 0xFF, 0xFF, 0xFF, 0xC7, 0x18, 0x00,
0xCC, 0xFF, 0x6E, 0x08, 0x03, 0x17, 0x41, 0x9C, 0xFC, 0xFF, 0xC8, 0x01, 0xCC, 0xFF, 0x60, 0x00,
0x00, 0x00, 0x00, 0x00, 0x55, 0xFF, 0xFF, 0x47, 0xCC, 0xFF, 0x60, 0x00, 0x00, 0x00, 0x00, 0x00,
0x00, 0xD8, 0xFF, 0x7D, 0xCC, 0xFF, 0x60, 0x00, 0x00, 0x00, 0x00, 0x00, 0x00, 0xC0, 0xFF, 0x8A,
0xCC, 0xFF, 0x60, 0x00, 0x3B, 0xC8, 0x11, 0x00, 0x02, 0xE5, 0xFF, 0x6D, 0xCC, 0xFF, 0x60, 0x00,
0x0D, 0xD9, 0xB4, 0x01, 0x72, 0xFF, 0xFC, 0x21, 0xCC, 0xFF, 0x67, 0x00, 0x00, 0x3E, 0xFD, 0xCD,
0xFF, 0xFF, 0x8C, 0x00, 0xCC, 0xFF, 0xFF, 0xFF, 0xFF, 0xFF, 0xFF, 0xFF, 0xFC, 0x89, 0x01, 0x00,
0xCC, 0xFF, 0xF5, 0xFC, 0xFE, 0xF0, 0xCC, 0xE6, 0xDC, 0x06, 0x00, 0x00, 0xCC, 0xFF, 0x60, 0x00,
0x00, 0x00, 0x00, 0x4B, 0xFF, 0x7C, 0x00, 0x00, 0xCC, 0xFF, 0x60, 0x00, 0x00, 0x00, 0x00, 0x00,
0xB2, 0xF6, 0x20, 0x00, 0xCC, 0xFF, 0x60, 0x00, 0x00, 0x00, 0x00, 0x00, 0x21, 0xB5, 0x13, 0x00,
0xCC, 0xFF, 0x60, 0x00, 0x00, 0x00, 0x00, 0x00, 0x00, 0x00, 0x00, 0x00, 0xCC, 0xFF, 0x60, 0x00,
0x00, 0x00, 0x00, 0x00, 0x00, 0x00, 0x00, 0x00, 0xCC, 0xFF, 0x60, 0x00, 0x00, 0x00, 0x00, 0x00,
0x00, 0x00, 0x00, 0x00, 0xCC, 0xFF, 0x60, 0x00, 0x00, 0x00, 0x00, 0x00, 0x00, 0x00, 0x00, 0x00,
0xFF, 0x87, 0x02, 0x70, 0xD5, 0xF8, 0xEE, 0xBC, 0x51, 0x00, 0x00, 0xFF, 0xB8, 0xA0, 0xFF, 0xFF,
0xFF, 0xFF, 0xFF, 0xFF, 0x7C, 0x00, 0xFF, 0xFE, 0xFC, 0x74, 0x19, 0x07, 0x33, 0xC0, 0xFF, 0xFC,
0x24, 0xFF, 0xFF, 0x80, 0x00, 0x00, 0x00, 0x00, 0x0D, 0xEF, 0xFF, 0x7B, 0xFF, 0xFF, 0x20, 0x00,
0x00, 0x00, 0x00, 0x00, 0x96, 0xFF, 0xAB, 0xFF, 0xFF, 0x14, 0x00, 0x00, 0x00, 0x00, 0x00, 0x71,
0xFF, 0xC1, 0xFF, 0xFF, 0x14, 0x00, 0x00, 0x00, 0x00, 0x00, 0x62, 0xFF, 0xC5, 0xFF, 0xFF, 0x14,
0x00, 0x00, 0x00, 0x00, 0x00, 0x7A, 0xFF, 0xB1, 0xFF, 0xFF, 0x14, 0x00, 0x10, 0xB6, 0x1F, 0x00,
0xBC, 0xFF, 0x81, 0xFF, 0xFF, 0x14, 0x00, 0x08, 0xD0, 0xC2, 0x42, 0xFF, 0xFF, 0x30, 0xFF, 0xFF,
0x7B, 0x19, 0x03, 0x34, 0xFB, 0xFB, 0xFF, 0xA7, 0x00, 0xFF, 0xFF, 0xFF, 0xFF, 0xFF, 0xFF, 0xFF,
0xFF, 0xD5, 0x0B, 0x00, 0xFF, 0xFF, 0xA0, 0xE5, 0xFC, 0xF0, 0xC2, 0xB9, 0xFB, 0x50, 0x00, 0xFF,
0xFF, 0x14, 0x00, 0x00, 0x00, 0x00, 0x03, 0x9F, 0x7F, 0x00, 0xFF, 0xFF, 0x14, 0x00, 0x00, 0x00,
0x00, 0x00, 0x00, 0x00, 0x00, 0xFF, 0xFF, 0x14, 0x00, 0x00, 0x00, 0x00, 0x00, 0x00, 0x00, 0x00,
0xFF, 0xFF, 0x14, 0x00, 0x00, 0x00, 0x00, 0x00, 0x00, 0x00, 0x00, 0xFF, 0xFF, 0x14, 0x00, 0x00,
0x00, 0x00, 0x00, 0x00, 0x00, 0x00, 0x00, 0x00, 0x00, 0x00, 0x00, 0x00, 0x00, 0x00, 0x92, 0xF4,
0x00, 0x00, 0x00, 0x00, 0x00, 0x00, 0x00, 0x00, 0xB4, 0xF4, 0x00, 0x00, 0x00, 0x00, 0x00, 0x00,
0x00, 0x00, 0xD7, 0xF4, 0xCC, 0xFF, 0xFF, 0xFF, 0xFF, 0xFF, 0xFF, 0xFF, 0xFF, 0xF4, 0xCC, 0xFF,
0xFF, 0xFF, 0xFF, 0xFF, 0xFF, 0xFF, 0xFF, 0xF4, 0xCC, 0xFF, 0x60, 0x00, 0x00, 0x00, 0x00, 0x00,
0x00, 0x00, 0xCC, 0xFF, 0x60, 0x00, 0x00, 0x00, 0x00, 0x00, 0x00, 0x00, 0xCC, 0xFF, 0x60, 0x00,
0x00, 0x00, 0x00, 0x00, 0x00, 0x00, 0xCC, 0xFF, 0x60, 0x00, 0x00, 0x00, 0x00, 0x00, 0x00, 0x00,
0xCC, 0xFF, 0x60, 0x00, 0x00, 0x00, 0x00, 0x00, 0x00, 0x00, 0xCC, 0xFF, 0x60, 0x00, 0x00, 0x00,
0x00, 0x00, 0x00, 0x00, 0xCC, 0xFF, 0x60, 0x00, 0x00, 0x00, 0x00, 0x00, 0x00, 0x00, 0xCC, 0xFF,
0x60, 0x00, 0x00, 0x00, 0x00, 0x00, 0x00, 0x00, 0xCC, 0xFF, 0x60, 0x00, 0x00, 0x00, 0x00, 0x00,
0x00, 0x00, 0xCC, 0xFF, 0x60, 0x00, 0x00, 0x00, 0x00, 0x00, 0x00, 0x00, 0xCC, 0xFF, 0x60, 0x00,
0x00, 0x00, 0x00, 0x00, 0x00, 0x00, 0xCC, 0xFF, 0x60, 0x00, 0x00, 0x00, 0x00, 0x00, 0x00, 0x00,
0xCC, 0xFF, 0x60, 0x00, 0x00, 0x00, 0x00, 0x00, 0x00, 0x00, 0xCC, 0xFF, 0x60, 0x00, 0x00, 0x00,
0x00, 0x00, 0x00, 0x00, 0xCC, 0xFF, 0x60, 0x00, 0x00, 0x00, 0x00, 0x00, 0x00, 0x00, 0xCC, 0xFF,
0x60, 0x00, 0x00, 0x00, 0x00, 0x00, 0x00, 0x00, 0x00, 0x00, 0x00, 0x00, 0x00, 0x00, 0xEE, 0x98,
0x00, 0x00, 0x00, 0x00, 0x00, 0x12, 0xFF, 0x98, 0x00, 0x00, 0x00, 0x00, 0x00, 0x36, 0xFF, 0x98,
0xFF, 0xFF, 0xFF, 0xFF, 0xFF, 0xFF, 0xFF, 0x98, 0xFF, 0xFF, 0xFF, 0xFF, 0xFF, 0xFF, 0xFF, 0x98,
0xFF, 0xFF, 0x14, 0x00, 0x00, 0x00, 0x00, 0x00, 0xFF, 0xFF, 0x14, 0x00, 0x00, 0x00, 0x00, 0x00,
0xFF, 0xFF, 0x14, 0x00, 0x00, 0x00, 0x00, 0x00, 0xFF, 0xFF, 0x14, 0x00, 0x00, 0x00, 0x00, 0x00,
0xFF, 0xFF, 0x14, 0x00, 0x00, 0x00, 0x00, 0x00, 0xFF, 0xFF, 0x14, 0x00, 0x00, 0x00, 0x00, 0x00,
0xFF, 0xFF, 0x14, 0x00, 0x00, 0x00, 0x00, 0x00, 0xFF, 0xFF, 0x14, 0x00, 0x00, 0x00, 0x00, 0x00,
0xFF, 0xFF, 0x14, 0x00, 0x00, 0x00, 0x00, 0x00, 0xFF, 0xFF, 0x14, 0x00, 0x00, 0x00, 0x00, 0x00,
0xFF, 0xFF, 0x14, 0x00, 0x00, 0x00, 0x00, 0x00, 0x00, 0x00, 0x40, 0xFF, 0xFF, 0xFF, 0xFF, 0xFF,
0xFF, 0xFF, 0xFF, 0xFF, 0x80, 0x00, 0x00, 0x40, 0xFF, 0xFF, 0xFF, 0xFF, 0xFF, 0xFF, 0xFF, 0xFF,
0xFF, 0x80, 0x00, 0x00, 0x40, 0xFF, 0xE8, 0x00, 0x00, 0x00, 0x00, 0x00, 0x00, 0x00, 0x00, 0x00,
0x00, 0x40, 0xFF, 0xE8, 0x00, 0x00, 0x00, 0x00, 0x00, 0x00, 0x00, 0x00, 0x00, 0x00, 0x40, 0xFF,
0xE8, 0x00, 0x00, 0x00, 0x00, 0x00, 0x00, 0x00, 0x00, 0x00, 0x00, 0x40, 0xFF, 0xE8, 0x00, 0x00,
0x00, 0x00, 0x00, 0x00, 0x00, 0x00, 0x00, 0x00, 0x40, 0xFF, 0xE8, 0x00, 0x00, 0x00, 0x00, 0x00,
0x00, 0x00, 0x00, 0x00, 0x00, 0x40, 0xFF, 0xE8, 0x00, 0x00, 0x00, 0x00, 0x00, 0x00, 0x00, 0x00,
0xBC, 0xFF, 0xFF, 0xFF, 0xFF, 0xFF, 0xFF, 0xFF, 0xFF, 0xFF, 0x80, 0x00, 0x00, 0xBC, 0xFF, 0xFF,
0xFF, 0xFF, 0xFF, 0xFF, 0xFF, 0xFF, 0xFF, 0x80, 0x00, 0x00, 0x00, 0x00, 0x40, 0xFF, 0xE8, 0x00,
0x00, 0x00, 0x00, 0x00, 0x00, 0x00, 0x00, 0x00, 0x00, 0x40, 0xFF, 0xE8, 0x00, 0x00, 0x00, 0x00,
0x00, 0x00, 0x00, 0x00, 0x00, 0x00, 0x40, 0xFF, 0xE8, 0x00, 0x00, 0x00, 0x00, 0x00, 0x00, 0x00,
0x00, 0x00, 0x00, 0x40, 0xFF, 0xE8, 0x00, 0x00, 0x00, 0x00, 0x00, 0x00, 0x00, 0x00, 0x00, 0x00,
0x40, 0xFF, 0xE8, 0x00, 0x00, 0x00, 0x00, 0x00, 0x00, 0x00, 0x00, 0x00, 0x00, 0x40, 0xFF, 0xE8,
0x00, 0x00, 0x00, 0x00, 0x00, 0x00, 0x00, 0x00, 0x00, 0x00, 0x40, 0xFF, 0xE8, 0x00, 0x00, 0x00,
0x00, 0x00, 0x00, 0x00, 0x00, 0x00, 0x00, 0x40, 0xFF, 0xE8, 0x00, 0x00, 0x00, 0x00, 0x00, 0x00,
0x00, 0x00, 0x00, 0x00, 0xA8, 0xFF, 0xFF, 0xFF, 0xFF, 0xFF, 0xFF, 0xF0, 0x00, 0x00, 0xA8, 0xFF,
0xFF, 0xFF, 0xFF, 0xFF, 0xFF, 0xF0, 0x00, 0x00, 0xA8, 0xFF, 0x6C, 0x00, 0x00, 0x00, 0x00, 0x00,
0x00, 0x00, 0xA8, 0xFF, 0x6C, 0x00, 0x00, 0x00, 0x00, 0x00, 0x00, 0x00, 0xA8, 0xFF, 0x6C, 0x00,
0x00, 0x00, 0x00, 0x00, 0x00, 0x00, 0xA8, 0xFF, 0x6C, 0x00, 0x00, 0x00, 0x00, 0x00, 0xFF, 0xFF,
0xFF, 0xFF, 0xFF, 0xFF, 0xFF, 0xFF, 0xD0, 0x00, 0xFF, 0xFF, 0xFF, 0xFF, 0xFF, 0xFF, 0xFF, 0xFF,
0xD0, 0x00, 0x00, 0x00, 0xA8, 0xFF, 0x6C, 0x00, 0x00, 0x00, 0x00, 0x00, 0x00, 0x00, 0xA8, 0xFF,
0x6C, 0x00, 0x00, 0x00, 0x00, 0x00, 0x00, 0x00, 0xA8, 0xFF, 0x6C, 0x00, 0x00, 0x00, 0x00, 0x00,
0x00, 0x00, 0xA8, 0xFF, 0x6C, 0x00, 0x00, 0x00, 0x00, 0x00, 0x00, 0x00, 0xA8, 0xFF, 0x6C, 0x00,
0x00, 0x00, 0x00, 0x00, 0xCC, 0xFF, 0xFF, 0xFF, 0xFF, 0xFF, 0xFF, 0xFF, 0xFF, 0xF4, 0x00, 0x00,
0xCC, 0xFF, 0xFF, 0xFF, 0xFF, 0xFF, 0xFF, 0xFF, 0xFF, 0xF4, 0x00, 0x00, 0xCC, 0xFF, 0x60, 0x00,
0x00, 0x00, 0x00, 0x00, 0x00, 0x00, 0x00, 0x00, 0xCC, 0xFF, 0x60, 0x00, 0x00, 0x00, 0x00, 0x00,
0x00, 0x00, 0x00, 0x00, 0xCC, 0xFF, 0x60, 0x00, 0x00, 0x00, 0x00, 0x00, 0x00, 0x00, 0x00, 0x00,
0xCC, 0xFF, 0x60, 0x00, 0x00, 0x00, 0x00, 0x00, 0x00, 0x00, 0x00, 0x00, 0xCC, 0xFF, 0x60, 0x00,
0x00, 0x00, 0x00, 0x00, 0x00, 0x00, 0x00, 0x00, 0xCC, 0xFF, 0x60, 0x00, 0x00, 0x00, 0x00, 0x00,
0x00, 0x00, 0x00, 0x00, 0xCC, 0xFF, 0xB2, 0xBA, 0xE8, 0xFA, 0xF6, 0xD2, 0x83, 0x0F, 0x00, 0x00,
0xCC, 0xFF, 0xFF, 0xFF, 0xFF, 0xFF, 0xFF, 0xFF, 0xFF, 0xDD, 0x1A, 0x00, 0xCC, 0xFF, 0xAB, 0x3C,
0x10, 0x09, 0x29, 0x84, 0xFC, 0xFF, 0xB7, 0x00, 0xCC, 0xFF, 0x60, 0x00, 0x00, 0x00, 0x00, 0x00,
0x79, 0xFF, 0xFF, 0x26, 0xCC, 0xFF, 0x60, 0x00, 0x00, 0x00, 0x00, 0x00, 0x09, 0xF7, 0xFF, 0x65,
0xCC, 0xFF, 0x60, 0x00, 0x00, 0x00, 0x00, 0x00, 0x00, 0xCC, 0xFF, 0x7E, 0xCC, 0xFF, 0x60, 0x00,
0x00, 0x00, 0x00, 0x00, 0x00, 0xC0, 0xFF, 0x86, 0xCC, 0xFF, 0x60, 0x00, 0x00, 0x00, 0x00, 0x00,
0x00, 0xCF, 0xFF, 0x76, 0xCC, 0xFF, 0x60, 0x00, 0x00, 0x00, 0x00, 0x00, 0x0B, 0xF8, 0xFF, 0x4E,
0xCC, 0xFF, 0x60, 0x00, 0x00, 0x00, 0x00, 0x00, 0x73, 0xFF, 0xF7, 0x12, 0x00, 0x00, 0x00, 0x05,
0x04, 0x01, 0x1B, 0x7A, 0xFB, 0xFF, 0x91, 0x00, 0x00, 0x00, 0x00, 0x54, 0xFF, 0xFF, 0xFF, 0xFF,
0xFF, 0xBB, 0x09, 0x00, 0x00, 0x00, 0x00, 0x4F, 0xFC, 0xFD, 0xEC, 0xBC, 0x60, 0x03, 0x00, 0x00,
0xFF, 0xFF, 0xFF, 0xFF, 0xFF, 0xFF, 0xFF, 0x90, 0x00, 0x00, 0x00, 0xFF, 0xFF, 0xFF, 0xFF, 0xFF,
0xFF, 0xFF, 0x90, 0x00, 0x00, 0x00, 0xFF, 0xFF, 0x14, 0x00, 0x00, 0x00, 0x00, 0x00, 0x00, 0x00,
0x00, 0xFF, 0xFF, 0x14, 0x00, 0x00, 0x00, 0x00, 0x00, 0x00, 0x00, 0x00, 0xFF, 0xFF, 0x14, 0x00,
0x00, 0x00, 0x00, 0x00, 0x00, 0x00, 0x00, 0xFF, 0xFF, 0x14, 0x00, 0x00, 0x00, 0x00, 0x00, 0x00,
0x00, 0x00, 0xFF, 0xFF, 0xA6, 0xDA, 0xF6, 0xFA, 0xE1, 0x9C, 0x23, 0x00, 0x00, 0xFF, 0xFF, 0xFF,
0xFF, 0xFF, 0xFF, 0xFF, 0xFF, 0xF2, 0x32, 0x00, 0xFF, 0xFF, 0x6A, 0x27, 0x0A, 0x1E, 0x67, 0xEC,
0xFF, 0xD0, 0x01, 0xFF, 0xFF, 0x14, 0x00, 0x00, 0x00, 0x00, 0x31, 0xFD, 0xFF, 0x32, 0xFF, 0xFF,
0x14, 0x00, 0x00, 0x00, 0x00, 0x00, 0xC4, 0xFF, 0x65, 0xFF, 0xFF, 0x14, 0x00, 0x00, 0x00, 0x00,
0x00, 0xA0, 0xFF, 0x76, 0xFF, 0xFF, 0x14, 0x00, 0x00, 0x00, 0x00, 0x00, 0xAA, 0xFF, 0x6F, 0x00,
0x00, 0x00, 0x00, 0x00, 0x00, 0x00, 0x00, 0xCF, 0xFF, 0x55, 0x00, 0x00, 0x00, 0x00, 0x00, 0x00,
0x00, 0x38, 0xFF, 0xFF, 0x1E, 0x00, 0x00, 0x00, 0x07, 0x00, 0x0C, 0x4D, 0xE1, 0xFF, 0xB9, 0x00,
0x00, 0x00, 0x00, 0xFC, 0xFF, 0xFF, 0xFF, 0xFF, 0xE3, 0x21, 0x00, 0x00, 0x00, 0x00, 0xF4, 0xFF,
0xF5, 0xD4, 0x88, 0x15, 0x00, 0x00, 0x55, 0xFF, 0xFC, 0x33, 0x00, 0x00, 0x00, 0x00, 0x00, 0xB0,
0xFF, 0x64, 0x00, 0x00, 0x00, 0x00, 0x00, 0x8D, 0xFF, 0xD0, 0x05, 0x00, 0x00, 0xAC, 0xFF, 0xD2,
0x06, 0x00, 0x00, 0x00, 0x00, 0xB0, 0xFF, 0x64, 0x00, 0x00, 0x00, 0x00, 0x39, 0xFD, 0xFA, 0x30,
0x00, 0x00, 0x00, 0x17, 0xED, 0xFF, 0x81, 0x00, 0x00, 0x00, 0x00, 0xB0, 0xFF, 0x64, 0x00, 0x00,
0x00, 0x08, 0xD8, 0xFF, 0x7E, 0x00, 0x00, 0x00, 0x00, 0x00, 0x5D, 0xFF, 0xFA, 0x2F, 0x00, 0x00,
0x00, 0xB0, 0xFF, 0x64, 0x00, 0x00, 0x00, 0x8B, 0xFF, 0xCE, 0x04, 0x00, 0x00, 0x00, 0x00, 0x00,
0x00, 0xB4, 0xFF, 0xCF, 0x04, 0x00, 0x00, 0xB0, 0xFF, 0x64, 0x00, 0x00, 0x37, 0xFC, 0xF9, 0x2D,
0x00, 0x00, 0x00, 0x00, 0x00, 0x00, 0x00, 0x1B, 0xF0, 0xFF, 0x7C, 0x00, 0x00, 0xB0, 0xFF, 0x64,
0x00, 0x07, 0xD6, 0xFF, 0x7B, 0x00, 0x00, 0x00, 0x00, 0x00, 0x00, 0x00, 0x00, 0x00, 0x65, 0xFF,
0xF9, 0x2C, 0x00, 0xB0, 0xFF, 0x64, 0x00, 0x89, 0xFF, 0xCB, 0x04, 0x00, 0x00, 0x00, 0x00, 0x00,
0x00, 0x00, 0x00, 0x00, 0x00, 0xBC, 0xFF, 0xCB, 0x03, 0xB0, 0xFF, 0x64, 0x36, 0xFC, 0xF6, 0x2B,
0x00, 0x00, 0x00, 0x00, 0x00, 0x00, 0x00, 0x00, 0x00, 0x00, 0x00, 0x1B, 0xCC, 0xFF, 0xFF, 0xFF,
0xFF, 0xDE, 0xFA, 0xFD, 0x3E, 0x00, 0x00, 0x00, 0x00, 0x00, 0x00, 0x00, 0x00, 0x00, 0x00, 0x00,
0x00, 0x00, 0x7B, 0xFF, 0xED, 0xEB, 0xFF, 0xFF, 0xFF, 0xFF, 0xD1, 0x1B, 0x00, 0x00, 0x00, 0x00,
0x00, 0x00, 0x00, 0x00, 0x00, 0x00, 0x00, 0x89, 0xFF, 0xD7, 0x0A, 0xB0, 0xFF, 0x64, 0x20, 0xF0,
0xFF, 0xC0, 0x02, 0x00, 0x00, 0x00, 0x00, 0x00, 0x00, 0x00, 0x00, 0x00, 0x48, 0xFE, 0xF8, 0x30,
0x00, 0xB0, 0xFF, 0x64, 0x00, 0x58, 0xFF, 0xFF, 0x78, 0x00, 0x00, 0x00, 0x00, 0x00, 0x00, 0x00,
0x00, 0x18, 0xE9, 0xFF, 0x6F, 0x00, 0x00, 0xB0, 0xFF, 0x64, 0x00, 0x00, 0xA1, 0xFF, 0xFA, 0x33,
0x00, 0x00, 0x00, 0x00, 0x00, 0x00, 0x01, 0xBB, 0xFF, 0xB6, 0x01, 0x00, 0x00, 0xB0, 0xFF, 0x64,
0x00, 0x00, 0x0C, 0xDB, 0xFF, 0xD8, 0x0A, 0x00, 0x00, 0x00, 0x00, 0x00, 0x79, 0xFF, 0xE8, 0x16,
0x00, 0x00, 0x00, 0xB0, 0xFF, 0x64, 0x00, 0x00, 0x00, 0x35, 0xFA, 0xFF, 0x97, 0x00, 0x00, 0x00,
0x00, 0x38, 0xFB, 0xFE, 0x47, 0x00, 0x00, 0x00, 0x00, 0xB0, 0xFF, 0x64, 0x00, 0x00, 0x00, 0x00,
0x79, 0xFF, 0xFF, 0x4D, 0x00, 0x00, 0x0F, 0xDF, 0xFF, 0x8C, 0x00, 0x00, 0x00, 0x00, 0x00, 0xB0,
0xFF, 0x64, 0x00, 0x00, 0x00, 0x00, 0x02, 0xBE, 0xFF, 0xFF, 0xFF, 0x28, 0xA9, 0xFF, 0xCE, 0x06,
0x00, 0x00, 0x00, 0x00, 0x00, 0xB0, 0xFF, 0x64, 0x00, 0x00, 0x00, 0x00, 0x00, 0x1B, 0xEC, 0xFF,
0xFF, 0x28, 0x00, 0x00, 0x00, 0x00, 0x00, 0x00, 0x00, 0x00, 0x00, 0x00, 0x00, 0x00, 0x00, 0x00,
0x00, 0x00, 0x00, 0x00, 0x00, 0xAC, 0xFF, 0x28, 0x00, 0x00, 0x00, 0x00, 0x00, 0x00, 0x00, 0x00,
0x00, 0x00, 0x00, 0x00, 0x00, 0x00, 0x00, 0x00, 0x00, 0x00, 0x00, 0x8A, 0xFF, 0x28, 0x00, 0x00,
0x00, 0x00, 0x00, 0x00, 0x00, 0x00, 0x00, 0x00, 0x00, 0x00, 0x00, 0x00, 0x00, 0x00, 0x00, 0x00,
0x00, 0x69, 0xFF, 0x28, 0x60, 0xFF, 0xCD, 0x02, 0x00, 0x00, 0x00, 0x88, 0xFF, 0x7C, 0x00, 0x00,
0x00, 0x11, 0xE9, 0xFC, 0x34, 0x00, 0x00, 0xBE, 0xFF, 0x69, 0x00, 0x00, 0x00, 0x88, 0xFF, 0x7C,
0x00, 0x00, 0x00, 0x98, 0xFF, 0x8D, 0x00, 0x00, 0x00, 0x26, 0xF8, 0xEE, 0x14, 0x00, 0x00, 0x88,
0xFF, 0x7C, 0x00, 0x00, 0x37, 0xFD, 0xDE, 0x0A, 0x00, 0x00, 0x00, 0x00, 0x7E, 0xFF, 0x9C, 0x00,
0x00, 0x88, 0xFF, 0x7C, 0x00, 0x03, 0xCE, 0xFF, 0x45, 0x00, 0x00, 0x00, 0x00, 0x00, 0x06, 0xD6,
0xFE, 0x37, 0x00, 0x88, 0xFF, 0x7C, 0x00, 0x70, 0xFF, 0xA1, 0x00, 0x00, 0x00, 0x00, 0x00, 0x00,
0x00, 0x32, 0xE6, 0xCC, 0x02, 0x88, 0xFF, 0x7C, 0x1F, 0xF2, 0xDB, 0x13, 0x00, 0x00, 0x00, 0x00,
0x00, 0x00, 0x00, 0x00, 0x4D, 0xFF, 0xF9, 0xE8, 0xFF, 0xE7, 0xFB, 0xFF, 0x4C, 0x00, 0x00, 0x00,
0x00, 0x00, 0x00, 0x00, 0x00, 0x27, 0xF4, 0xE8, 0x16, 0x88, 0xFF, 0x7C, 0x05, 0xD2, 0xFC, 0x5E,
0x00, 0x00, 0x00, 0x00, 0x00, 0x00, 0x04, 0xCB, 0xFF, 0x55, 0x00, 0x88, 0xFF, 0x7C, 0x00, 0x36,
0xFD, 0xF5, 0x29, 0x00, 0x00, 0x00, 0x00, 0x00, 0x84, 0xFF, 0xB0, 0x00, 0x00, 0x88, 0xFF, 0x7C,
0x00, 0x00, 0x92, 0xFF, 0xD1, 0x07, 0x00, 0x00, 0x00, 0x3A, 0xFC, 0xF0, 0x1A, 0x00, 0x00, 0x88,
0xFF, 0x7C, 0x00, 0x00, 0x0C, 0xE2, 0xFF, 0x93, 0x00, 0x00, 0x0D, 0xDD, 0xFF, 0x64, 0x00, 0x00,
0x00, 0x88, 0xFF, 0x7C, 0x00, 0x00, 0x00, 0x4C, 0xFF, 0xFF, 0xFF, 0xE4, 0x9E, 0xFF, 0xBE, 0x00,
0x00, 0x00, 0x00, 0x88, 0xFF, 0x7C, 0x00, 0x00, 0x00, 0x00, 0xA9, 0xFF, 0xFF, 0xE4, 0x00, 0x00,
0x00, 0x00, 0x00, 0x00, 0x00, 0x00, 0x00, 0x00, 0x00, 0x00, 0x00, 0x00, 0x00, 0x00, 0xD8, 0xE4,
0x00, 0x00, 0x00, 0x00, 0x00, 0x00, 0x00, 0x00, 0x00, 0x00, 0x00, 0x00, 0x00, 0x00, 0x00, 0x00,
0xB6, 0xE4, 0x00, 0x00, 0x00, 0x00, 0x00, 0x00, 0x00, 0x00, 0x00, 0x00, 0x00, 0x00, 0x00, 0x00,
0x00, 0x00, 0x95, 0xE4, 0x0A, 0x61, 0xA8, 0xD8, 0xF2, 0xFA, 0xE3, 0xC2, 0x72, 0x0A, 0x00, 0x00,
0x4D, 0xFF, 0xFF, 0xFF, 0xFF, 0xFF, 0xFF, 0xFF, 0xFF, 0xD5, 0x15, 0x00, 0x0B, 0xC3, 0x61, 0x24,
0x09, 0x0A, 0x2D, 0x95, 0xFF, 0xFF, 0x9F, 0x00, 0x00, 0x00, 0x00, 0x00, 0x00, 0x00, 0x00, 0x00,
0x99, 0xFF, 0xF3, 0x00, 0x00, 0x00, 0x00, 0x00, 0x00, 0x00, 0x00, 0x00, 0x43, 0xFF, 0xFF, 0x07,
0x00, 0x00, 0x00, 0x00, 0x00, 0x00, 0x00, 0x00, 0x51, 0xFF, 0xDE, 0x00, 0x00, 0x00, 0x00, 0x00,
0x00, 0x00, 0x00, 0x0A, 0xD0, 0xFF, 0x6E, 0x00, 0x00, 0x00, 0x00, 0x00, 0x08, 0x24, 0x67, 0xDD,
0xFF, 0x97, 0x02, 0x00, 0x00, 0x00, 0x64, 0xFF, 0xFF, 0xFF, 0xFF, 0xEA, 0x4A, 0x00, 0x00, 0x00,
0x00, 0x00, 0x64, 0xFF, 0xFF, 0xFF, 0xFF, 0xFF, 0xFC, 0xAD, 0x19, 0x00, 0x00, 0x00, 0x00, 0x00,
0x03, 0x18, 0x3F, 0x8F, 0xF1, 0xFF, 0xE0, 0x0E, 0x00, 0x00, 0x00, 0x00, 0x00, 0x00, 0x00, 0x00,
0x29, 0xF7, 0xFF, 0x6B, 0x00, 0x00, 0x00, 0x00, 0x00, 0x00, 0x00, 0x00, 0x00, 0xB9, 0xFF, 0x95,
0x00, 0x00, 0x00, 0x00, 0x00, 0x00, 0x00, 0x00, 0x00, 0xC6, 0xFF, 0x87, 0x00, 0x00, 0x00, 0x00,
0x00, 0x00, 0x00, 0x00, 0x4F, 0xFE, 0xFF, 0x47, 0x6D, 0x97, 0x44, 0x17, 0x05, 0x0F, 0x34, 0x91,
0xFA, 0xFF, 0xBD, 0x01, 0xB9, 0xFF, 0xFF, 0xFF, 0xFF, 0xFF, 0xFF, 0xFF, 0xFF, 0xB8, 0x0F, 0x00,
0x2B, 0x98, 0xDB, 0xFA, 0xFF, 0xFD, 0xDE, 0xA5, 0x47, 0x00, 0x00, 0x00, 0x00, 0x00, 0x00, 0x58,
0xFF, 0xC6, 0x00, 0x00, 0x00, 0x00, 0x00, 0x00, 0x00, 0x00, 0x00, 0x3F, 0xFF, 0xB3, 0x00, 0x00,
0x00, 0x00, 0x00, 0x00, 0x00, 0x00, 0x00, 0x26, 0xFF, 0xA1, 0x00, 0x00, 0x00, 0x00, 0x00, 0x00,
0x00, 0x00, 0x00, 0x0D, 0xFF, 0x8F, 0x00, 0x00, 0x00, 0x00, 0x00, 0x00, 0x00, 0x00, 0x00, 0x00,
0xF4, 0x7D, 0x00, 0x00, 0x00, 0x00, 0x00, 0x00, 0x32, 0x91, 0xD0, 0xF2, 0xFC, 0xED, 0xBD, 0x50,
0x00, 0x00, 0xCF, 0xFF, 0xFF, 0xFF, 0xFF, 0xFF, 0xFF, 0xFF, 0x50, 0x00, 0x79, 0x8C, 0x30, 0x08,
0x0C, 0x36, 0xCD, 0xFF, 0xA7, 0x00, 0x00, 0x00, 0x00, 0x00, 0x00, 0x00, 0x76, 0xFF, 0x92, 0x00,
0x00, 0x00, 0x00, 0x00, 0x0D, 0x54, 0xEA, 0xEA, 0x21, 0x00, 0x00, 0x00, 0xC0, 0xFF, 0xFF, 0xFF,
0xD0, 0x22, 0x00, 0x00, 0x00, 0x00, 0xC0, 0xFF, 0xFF, 0xFF, 0xFF, 0xE6, 0x3B, 0x00, 0x00, 0x00,
0x00, 0x00, 0x10, 0x38, 0xB4, 0xFF, 0xDF, 0x02, 0x00, 0x00, 0x00, 0x00, 0x00, 0x00, 0x08, 0xF7,
0xFF, 0x1F, 0x00, 0x00, 0x00, 0x00, 0x00, 0x00, 0x0D, 0xFB, 0xFF, 0x19, 0x84, 0x86, 0x2F, 0x0D,
0x0E, 0x3A, 0xBC, 0xFF, 0xD5, 0x00, 0xDD, 0xFF, 0xFF, 0xFF, 0xFF, 0xFF, 0xFF, 0xEE, 0x38, 0x00,
0x43, 0xB4, 0xEE, 0xFF, 0xFF, 0xDD, 0x8E, 0x1D, 0x00, 0x00, 0x00, 0x00, 0x00, 0xE4, 0xFF, 0x39,
0x00, 0x00, 0x00, 0x00, 0x00, 0x00, 0x00, 0xCB, 0xFF, 0x27, 0x00, 0x00, 0x00, 0x00, 0x00, 0x00,
0x00, 0xB2, 0xFF, 0x15, 0x00, 0x00, 0x00, 0x00, 0x00, 0x00, 0x00, 0x99, 0xFF, 0x04, 0x00, 0x00,
0x00, 0x00, 0x00, 0x00, 0x00, 0x80, 0xF1, 0x00, 0x00, 0x00, 0x00, 0x00, 0xCC, 0xFF, 0x60, 0x00,
0x00, 0x00, 0x00, 0x00, 0x04, 0xBE, 0xFF, 0xB9, 0x03, 0x00, 0xCC, 0xFF, 0x60, 0x00, 0x00, 0x00,
0x00, 0x00, 0x8F, 0xFF, 0xDB, 0x11, 0x00, 0x00, 0xCC, 0xFF, 0x60, 0x00, 0x00, 0x00, 0x00, 0x5A,
0xFF, 0xF2, 0x2A, 0x00, 0x00, 0x00, 0xCC, 0xFF, 0x60, 0x00, 0x00, 0x00, 0x30, 0xF6, 0xFE, 0x4E,
0x00, 0x00, 0x00, 0x00, 0xCC, 0xFF, 0x60, 0x00, 0x00, 0x13, 0xDF, 0xFF, 0x7C, 0x00, 0x00, 0x00,
0x00, 0x00, 0xCC, 0xFF, 0x60, 0x00, 0x03, 0xBC, 0xFF, 0xAB, 0x01, 0x00, 0x00, 0x00, 0x00, 0x00,
0xCC, 0xFF, 0x60, 0x00, 0x8C, 0xFF, 0xD1, 0x0B, 0x00, 0x00, 0x00, 0x00, 0x00, 0x00, 0xCC, 0xFF,
0x6E, 0x70, 0xFF, 0xDB, 0x20, 0x00, 0x00, 0x00, 0x00, 0x00, 0x00, 0x00, 0xCC, 0xFF, 0xFF, 0xFF,
0xFF, 0x54, 0x00, 0x00, 0x00, 0x00, 0x00, 0x00, 0x00, 0x00, 0xCC, 0xFF, 0xFF, 0xFF, 0xFF, 0xFD,
0x61, 0x00, 0x00, 0x00, 0x00, 0x00, 0x00, 0x00, 0xCC, 0xFF, 0x60, 0x19, 0xE4, 0xFF, 0xF8, 0x34,
0x00, 0x00, 0x00, 0x00, 0x00, 0x00, 0xCC, 0xFF, 0x60, 0x00, 0x34, 0xF6, 0xFF, 0xE0, 0x13, 0x00,
0x00, 0x00, 0x00, 0x00, 0xCC, 0xFF, 0x60, 0x00, 0x00, 0x57, 0xFF, 0xFF, 0xB8, 0x02, 0x00, 0x00,
0x00, 0x00, 0xCC, 0xFF, 0x60, 0x00, 0x00, 0x00, 0x83, 0xFF, 0xFF, 0x80, 0x00, 0x00, 0x00, 0x00,
0xCC, 0xFF, 0x60, 0x00, 0x00, 0x00, 0x01, 0xAD, 0xFF, 0xFD, 0x48, 0x00, 0x00, 0x00, 0xCC, 0xFF,
0x60, 0x00, 0x00, 0x00, 0x00, 0x0B, 0xCF, 0xFF, 0xEC, 0x1F, 0x00, 0x00, 0xCC, 0xFF, 0x60, 0x00,
0x00, 0x00, 0x00, 0x00, 0x1E, 0xE8, 0xFF, 0xFF, 0xFF, 0xC0, 0xCC, 0xFF, 0x60, 0x00, 0x00, 0x00,
0x00, 0x00, 0x00, 0x39, 0xF8, 0xFF, 0xFF, 0xC0, 0x00, 0x00, 0x00, 0x00, 0x00, 0x00, 0x00, 0x00,
0x00, 0x00, 0x00, 0x14, 0xFF, 0xC0, 0x00, 0x00, 0x00, 0x00, 0x00, 0x00, 0x00, 0x00, 0x00, 0x00,
0x00, 0x00, 0xF2, 0xC0, 0x00, 0x00, 0x00, 0x00, 0x00, 0x00, 0x00, 0x00, 0x00, 0x00, 0x00, 0x00,
0xD1, 0xC0, 0xFF, 0xFF, 0x14, 0x00, 0x00, 0x00, 0x19, 0xE9, 0xFD, 0x43, 0x00, 0xFF, 0xFF, 0x14,
0x00, 0x00, 0x02, 0xBD, 0xFF, 0x83, 0x00, 0x00, 0xFF, 0xFF, 0x14, 0x00, 0x00, 0x7D, 0xFF, 0xC2,
0x03, 0x00, 0x00, 0xFF, 0xFF, 0x14, 0x00, 0x3D, 0xFC, 0xEB, 0x1B, 0x00, 0x00, 0x00, 0xFF, 0xFF,
0x14, 0x13, 0xE3, 0xFE, 0x4A, 0x00, 0x00, 0x00, 0x00, 0xFF, 0xFF, 0x37, 0xB8, 0xFF, 0x79, 0x00,
0x00, 0x00, 0x00, 0x00, 0xFF, 0xFF, 0xFF, 0xFF, 0xD0, 0x12, 0x00, 0x00, 0x00, 0x00, 0x00, 0xFF,
0xFF, 0xFF, 0xFF, 0xFF, 0xE4, 0x1E, 0x00, 0x00, 0x00, 0x00, 0xFF, 0xFF, 0x14, 0x4C, 0xFC, 0xFF,
0xCD, 0x09, 0x00, 0x00, 0x00, 0xFF, 0xFF, 0x14, 0x00, 0x6A, 0xFF, 0xFF, 0xA3, 0x00, 0x00, 0x00,
0xFF, 0xFF, 0x14, 0x00, 0x00, 0x8C, 0xFF, 0xFF, 0x71, 0x00, 0x00, 0xFF, 0xFF, 0x14, 0x00, 0x00,
0x01, 0xAC, 0xFF, 0xFF, 0xFF, 0xE4, 0xFF, 0xFF, 0x14, 0x00, 0x00, 0x00, 0x08, 0xC6, 0xFF, 0xFF,
0xE4, 0x00, 0x00, 0x00, 0x00, 0x00, 0x00, 0x00, 0x00, 0x00, 0xD5, 0xE4, 0x00, 0x00, 0x00, 0x00,
0x00, 0x00, 0x00, 0x00, 0x00, 0xB5, 0xE4, 0x00, 0x00, 0x00, 0x00, 0x00, 0x00, 0x00, 0x00, 0x00,
0x94, 0xE4, 0xCC, 0xFF, 0x60, 0x00, 0x00, 0x00, 0x00, 0x00, 0x00, 0x00, 0x00, 0xB4, 0xFF, 0xC0,
0x02, 0xCC, 0xFF, 0x60, 0x00, 0x00, 0x00, 0x00, 0x00, 0x00, 0x00, 0x70, 0xFF, 0xEC, 0x1B, 0x00,
0xCC, 0xFF, 0x60, 0x00, 0x00, 0x00, 0x00, 0x00, 0x00, 0x31, 0xF8, 0xFF, 0x4F, 0x00, 0x00, 0xCC,
0xFF, 0x60, 0x00, 0x00, 0x00, 0x00, 0x00, 0x0B, 0xD8, 0xFF, 0x94, 0x00, 0x00, 0x00, 0xCC, 0xFF,
0x60, 0x00, 0x00, 0x00, 0x00, 0x00, 0x9F, 0xFF, 0xD2, 0x08, 0x00, 0x00, 0x00, 0xCC, 0xFF, 0x60,
0x3C, 0xFF, 0x7C, 0x00, 0x59, 0xFF, 0xF5, 0x2A, 0x00, 0x00, 0x00, 0x00, 0xCC, 0xFF, 0x60, 0x3C,
0xFF, 0x7C, 0x21, 0xF1, 0xFF, 0x65, 0x00, 0x00, 0x00, 0x00, 0x00, 0xCC, 0xFF, 0x63, 0x4B, 0xFF,
0xA7, 0xCA, 0xFF, 0xA6, 0x00, 0x00, 0x00, 0x00, 0x00, 0x00, 0xCC, 0xFF, 0xFF, 0xFF, 0xFF, 0xFF,
0xFF, 0xBF, 0x03, 0x00, 0x00, 0x00, 0x00, 0x00, 0x00, 0xCC, 0xFF, 0xFF, 0xFF, 0xFF, 0xFF, 0xFF,
0xFF, 0x8D, 0x00, 0x00, 0x00, 0x00, 0x00, 0x00, 0xCC, 0xFF, 0x60, 0x3C, 0xFF, 0x7C, 0x78, 0xFF,
0xFF, 0x63, 0x00, 0x00, 0x00, 0x00, 0x00, 0xCC, 0xFF, 0x60, 0x3C, 0xFF, 0x7C, 0x01, 0xB4, 0xFF,
0xF5, 0x2A, 0x00, 0x00, 0x00, 0x00, 0xCC, 0xFF, 0x60, 0x3C, 0xFF, 0x7C, 0x00, 0x12, 0xE1, 0xFF,
0xD3, 0x08, 0x00, 0x00, 0x00, 0xCC, 0xFF, 0x60, 0x00, 0x00, 0x00, 0x00, 0x00, 0x38, 0xFA, 0xFF,
0x98, 0x00, 0x00, 0x00, 0xCC, 0xFF, 0x60, 0x00, 0x00, 0x00, 0x00, 0x00, 0x00, 0x72, 0xFF, 0xFF,
0x54, 0x00, 0x00, 0xCC, 0xFF, 0x60, 0x00, 0x00, 0x00, 0x00, 0x00, 0x00, 0x00, 0xAF, 0xFF, 0xF0,
0x20, 0x00, 0xCC, 0xFF, 0x60, 0x00, 0x00, 0x00, 0x00, 0x00, 0x00, 0x00, 0x10, 0xDE, 0xFF, 0xC8,
0x04, 0xCC, 0xFF, 0x60, 0x00, 0x00, 0x00, 0x00, 0x00, 0x00, 0x00, 0x00, 0x34, 0xF9, 0xFF, 0x89,
0xFF, 0xFF, 0x14, 0x00, 0x00, 0x00, 0x00, 0x00, 0x41, 0xFF, 0xE3, 0x0B, 0xFF, 0xFF, 0x14, 0x00,
0x00, 0x00, 0x00, 0x05, 0xD6, 0xFF, 0x54, 0x00, 0xFF, 0xFF, 0x14, 0x00, 0x00, 0x00, 0x00, 0x77,
0xFF, 0xB9, 0x00, 0x00, 0xFF, 0xFF, 0x14, 0xAC, 0xF8, 0x00, 0x1C, 0xF4, 0xF9, 0x25, 0x00, 0x00,
0xFF, 0xFF, 0x14, 0xAC, 0xF8, 0x00, 0xAC, 0xFF, 0x84, 0x00, 0x00, 0x00, 0xFF, 0xFF, 0x1E, 0xB5,
0xFA, 0x70, 0xFF, 0xC4, 0x09, 0x00, 0x00, 0x00, 0xFF, 0xFF, 0xFF, 0xFF, 0xFF, 0xFF, 0xF9, 0x36,
0x00, 0x00, 0x00, 0x00, 0xFF, 0xFF, 0xFF, 0xFF, 0xFF, 0xFF, 0xFF, 0xF8, 0x44, 0x00, 0x00, 0x00,
0xFF, 0xFF, 0x14, 0xAC, 0xF8, 0x0E, 0xDE, 0xFF, 0xDE, 0x0A, 0x00, 0x00, 0xFF, 0xFF, 0x14, 0xAC,
0xF8, 0x00, 0x38, 0xFB, 0xFF, 0x8A, 0x00, 0x00, 0xFF, 0xFF, 0x14, 0xAC, 0xF8, 0x00, 0x00, 0x7D,
0xFF, 0xFB, 0x30, 0x00, 0xFF, 0xFF, 0x14, 0x00, 0x00, 0x00, 0x00, 0x02, 0xC1, 0xFF, 0xCA, 0x02,
0xFF, 0xFF, 0x14, 0x00, 0x00, 0x00, 0x00, 0x00, 0x1D, 0xEE, 0xFF, 0x6F, 0x00, 0x00, 0x00, 0x64,
0xFF, 0xC4, 0x00, 0x00, 0x00, 0x00, 0x00, 0x00, 0x4A, 0xFE, 0xF5, 0x2F, 0x00, 0x00, 0x00, 0x00,
0x64, 0xFF, 0xC4, 0x00, 0x00, 0x00, 0x00, 0x00, 0x19, 0xEA, 0xFF, 0x58, 0x00, 0x00, 0xFF, 0xFF,
0xFF, 0xFF, 0xFF, 0xFF, 0xFF, 0xFF, 0xF0, 0x00, 0x01, 0xBB, 0xFF, 0x8A, 0x00, 0x00, 0x00, 0xFF,
0xFF, 0xFF, 0xFF, 0xFF, 0xFF, 0xFF, 0xFF, 0xF0, 0x00, 0x78, 0xFF, 0xBA, 0x03, 0x00, 0x00, 0x00,
0x00, 0x00, 0x00, 0x64, 0xFF, 0xC4, 0x00, 0x00, 0x00, 0x36, 0xFA, 0xDD, 0x12, 0x00, 0x00, 0x00,
0x00, 0x00, 0x00, 0x00, 0x64, 0xFF, 0xC4, 0x00, 0x00, 0x0E, 0xDD, 0xF4, 0x2E, 0x00, 0x00, 0x00,
0x00, 0x00, 0x00, 0x00, 0x00, 0x64, 0xFF, 0xC4, 0x00, 0x00, 0xA5, 0xFF, 0x56, 0x00, 0x00, 0x00,
0x00, 0x00, 0x00, 0x00, 0x00, 0x00, 0x64, 0xFF, 0xC4, 0x00, 0x60, 0xFD, 0x77, 0x00, 0x00, 0x00,
0x00, 0x00, 0x00, 0x00, 0x00, 0x00, 0x00, 0x64, 0xFF, 0xFE, 0xD4, 0xF4, 0xBB, 0x07, 0x00, 0x00,
0x00, 0x00, 0x00, 0x00, 0x00, 0x00, 0x00, 0x00, 0x64, 0xFF, 0xFF, 0xFF, 0xFF, 0xFF, 0xC6, 0x08,
0x00, 0x00, 0x00, 0x00, 0x00, 0x00, 0x00, 0x00, 0x00, 0x64, 0xFF, 0xC4, 0x00, 0x8C, 0xFF, 0xFF,
0x9C, 0x00, 0x00, 0x00, 0x00, 0x00, 0x00, 0x00, 0x00, 0x00, 0x64, 0xFF, 0xC4, 0x00, 0x02, 0xB7,
0xFF, 0xFF, 0x60, 0x00, 0x00, 0x00, 0x00, 0x00, 0x00, 0x00, 0x00, 0x64, 0xFF, 0xC4, 0x00, 0x00,
0x0F, 0xD8, 0xFF, 0xF6, 0x2E, 0x00, 0x00, 0x00, 0x00, 0x00, 0x00, 0x00, 0x64, 0xFF, 0xC4, 0x00,
0x00, 0x00, 0x27, 0xF0, 0xFF, 0xDA, 0x0E, 0x00, 0x00, 0x00, 0x00, 0x00, 0x00, 0x64, 0xFF, 0xC4,
0x00, 0x00, 0x00, 0x00, 0x48, 0xFD, 0xFF, 0xAC, 0x00, 0x00, 0x00, 0x00, 0x00, 0x00, 0x64, 0xFF,
0xC4, 0x00, 0x00, 0x00, 0x00, 0x00, 0x74, 0xFF, 0xFF, 0x71, 0x00, 0x00, 0x00, 0x00, 0x00, 0x64,
0xFF, 0xC4, 0x00, 0x00, 0x00, 0x00, 0x00, 0x00, 0xA2, 0xFF, 0xFA, 0x3A, 0x00, 0x00, 0x00, 0x00,
0x64, 0xFF, 0xC4, 0x00, 0x00, 0x00, 0x00, 0x00, 0x00, 0x08, 0xC9, 0xFF, 0xE4, 0x15, 0x00, 0x00,
0x00, 0xF4, 0xFF, 0x24, 0x00, 0x00, 0x00, 0x00, 0x00, 0x00, 0x00, 0x00, 0x00, 0x00, 0x00, 0xF4,
0xFF, 0x24, 0x00, 0x00, 0x00, 0x00, 0x00, 0x00, 0x00, 0x00, 0x0C, 0xFF, 0xFF, 0xFF, 0xFF, 0xFF,
0xFF, 0xFF, 0xFF, 0x44, 0x00, 0x00, 0x00, 0x00, 0x0C, 0xFF, 0xFF, 0xFF, 0xFF, 0xFF, 0xFF, 0xFF,
0xFF, 0x44, 0x00, 0x00, 0x00, 0x00, 0x00, 0x00, 0x00, 0xF4, 0xFF, 0x24, 0x00, 0x00, 0x00, 0x00,
0x00, 0x00, 0x00, 0x00, 0x00, 0x00, 0x00, 0xF4, 0xFF, 0x24, 0x00, 0x00, 0x00, 0x27, 0xF5, 0xFE,
0x47, 0x00, 0x00, 0x00, 0x00, 0xF4, 0xFF, 0x24, 0x00, 0x00, 0x04, 0xCB, 0xFF, 0x8B, 0x00, 0x00,
0x00, 0x00, 0x00, 0xF4, 0xFF, 0x24, 0x00, 0x00, 0x83, 0xFF, 0xCB, 0x05, 0x00, 0x00, 0x00, 0x00,
0x00, 0xF4, 0xFF, 0x24, 0x00, 0x38, 0xFC, 0xF2, 0x23, 0x00, 0x00, 0x00, 0x00, 0x00, 0x00, 0xF4,
0xFF, 0x24, 0x0B, 0xDB, 0xFF, 0x5A, 0x00, 0x00, 0x00, 0x00, 0x00, 0x00, 0x00, 0xF4, 0xFF, 0x37,
0x9F, 0xFF, 0x8D, 0x00, 0x00, 0x00, 0x00, 0x00, 0x00, 0x00, 0x00, 0xF4, 0xFF, 0xFF, 0xFF, 0xE0,
0x16, 0x00, 0x00, 0x00, 0x00, 0x00, 0x00, 0x00, 0x00, 0xF4, 0xFF, 0xFF, 0xFF, 0xFF, 0xE4, 0x1D,
0x00, 0x00, 0x00, 0x00, 0x00, 0x00, 0x00, 0xF4, 0xFF, 0x24, 0x42, 0xFA, 0xFF, 0xC7, 0x05, 0x00,
0x00, 0x00, 0x00, 0x00, 0x00, 0xF4, 0xFF, 0x24, 0x00, 0x5F, 0xFF, 0xFF, 0x91, 0x00, 0x00, 0x00,
0x00, 0x00, 0x00, 0xF4, 0xFF, 0x24, 0x00, 0x00, 0x80, 0xFF, 0xFF, 0x55, 0x00, 0x00, 0x00, 0x00,
0x00, 0xF4, 0xFF, 0x24, 0x00, 0x00, 0x00, 0xA1, 0xFF, 0xF2, 0x26, 0x00, 0x00, 0x00, 0x00, 0xF4,
0xFF, 0x24, 0x00, 0x00, 0x00, 0x05, 0xBD, 0xFF, 0xD3, 0x0A, 0xFF, 0xFF, 0xFF, 0xFF, 0xFF, 0xFF,
0x58, 0x00, 0x00, 0x00, 0x00, 0x00, 0x04, 0xC5, 0xFF, 0xB9, 0x02, 0xFF, 0xFF, 0xFF, 0xFF, 0xFF,
0xFF, 0x58, 0x00, 0x00, 0x00, 0x00, 0x00, 0x8E, 0xFF, 0xE0, 0x13, 0x00, 0x00, 0x00, 0x00, 0x00,
0xD0, 0xFF, 0x58, 0x00, 0x00, 0x00, 0x00, 0x51, 0xFF, 0xF8, 0x34, 0x00, 0x00, 0x00, 0x00, 0x00,
0x00, 0xD0, 0xFF, 0x58, 0x00, 0x00, 0x00, 0x23, 0xF0, 0xFF, 0x64, 0x00, 0x00, 0x00, 0x00, 0x00,
0x00, 0x00, 0xD0, 0xFF, 0x58, 0x00, 0x00, 0x08, 0xCF, 0xFF, 0x9D, 0x00, 0x00, 0x00, 0x00, 0x00,
0x00, 0x00, 0x00, 0xD0, 0xFF, 0x58, 0x00, 0x00, 0x9C, 0xFF, 0xCD, 0x08, 0x00, 0x00, 0x00, 0x00,
0x00, 0x00, 0x00, 0x00, 0xD0, 0xFF, 0x58, 0x00, 0x5E, 0xFF, 0xED, 0x20, 0x00, 0x00, 0x00, 0x00,
0x00, 0x00, 0x00, 0x00, 0x00, 0xD0, 0xFF, 0x58, 0x2C, 0xF5, 0xFB, 0x47, 0x00, 0x00, 0x00, 0x00,
0x00, 0x00, 0x00, 0x00, 0x00, 0x00, 0xD0, 0xFF, 0xCB, 0xF4, 0xFF, 0x4C, 0x00, 0x00, 0x00, 0x00,
0x00, 0x00, 0x00, 0x00, 0x00, 0x00, 0x00, 0xD0, 0xFF, 0xFF, 0xFF, 0xFF, 0xD4, 0x22, 0x00, 0x00,
0x00, 0x00, 0x00, 0x00, 0x00, 0x00, 0x00, 0x00, 0xD0, 0xFF, 0x58, 0x20, 0xEA, 0xFF, 0xD6, 0x0D,
0x00, 0x00, 0x00, 0x00, 0x00, 0x00, 0x00, 0x00, 0x00, 0xD0, 0xFF, 0x58, 0x00, 0x3D, 0xF9, 0xFF,
0xAF, 0x01, 0x00, 0x00, 0x00, 0x00, 0x00, 0x00, 0x00, 0x00, 0xD0, 0xFF, 0x58, 0x00, 0x00, 0x62,
0xFF, 0xFF, 0x7F, 0x00, 0x00, 0x00, 0x00, 0x00, 0x00, 0x00, 0x00, 0xD0, 0xFF, 0x58, 0x00, 0x00,
0x00, 0x8F, 0xFF, 0xFE, 0x4E, 0x00, 0x00, 0x00, 0x00, 0x00, 0x00, 0x00, 0xD0, 0xFF, 0x58, 0x00,
0x00, 0x00, 0x03, 0xB7, 0xFF, 0xF2, 0x29, 0x00, 0x00, 0x00, 0x00, 0x00, 0x00, 0xD0, 0xFF, 0x58,
0x00, 0x00, 0x00, 0x00, 0x0F, 0xD7, 0xFF, 0xD9, 0x0F, 0x00, 0x00, 0x00, 0x00, 0x00, 0xD0, 0xFF,
0x58, 0x00, 0x00, 0x00, 0x00, 0x00, 0x24, 0xED, 0xFF, 0xB4, 0x02, 0x00, 0x00, 0x00, 0x00, 0xD0,
0xFF, 0x58, 0x00, 0x00, 0x00, 0x00, 0x00, 0x00, 0x43, 0xFB, 0xFF, 0x85, 0xF8, 0xFF, 0xFF, 0xFF,
0xF8, 0x00, 0x00, 0x00, 0x00, 0x29, 0xF5, 0xF5, 0x29, 0xF8, 0xFF, 0xFF, 0xFF, 0xF8, 0x00, 0x00,
0x00, 0x09, 0xD3, 0xFF, 0x65, 0x00, 0x00, 0x00, 0x1C, 0xFF, 0xF8, 0x00, 0x00, 0x00, 0x9C, 0xFF,
0xAB, 0x00, 0x00, 0x00, 0x00, 0x1C, 0xFF, 0xF8, 0x00, 0x00, 0x59, 0xFF, 0xE1, 0x10, 0x00, 0x00,
0x00, 0x00, 0x1C, 0xFF, 0xF8, 0x00, 0x24, 0xF2, 0xFC, 0x3C, 0x00, 0x00, 0x00, 0x00, 0x00, 0x1C,
0xFF, 0xF8, 0x2C, 0xCE, 0xFF, 0x74, 0x00, 0x00, 0x00, 0x00, 0x00, 0x00, 0x1C, 0xFF, 0xFF, 0xFF,
0xFF, 0xB4, 0x01, 0x00, 0x00, 0x00, 0x00, 0x00, 0x00, 0x1C, 0xFF, 0xFF, 0xFF, 0xFF, 0xFF, 0xB1,
0x04, 0x00, 0x00, 0x00, 0x00, 0x00, 0x1C, 0xFF, 0xF8, 0x00, 0x69, 0xFF, 0xFF, 0x8D, 0x00, 0x00,
0x00, 0x00, 0x00, 0x1C, 0xFF, 0xF8, 0x00, 0x00, 0x8B, 0xFF, 0xFF, 0x56, 0x00, 0x00, 0x00, 0x00,
0x1C, 0xFF, 0xF8, 0x00, 0x00, 0x01, 0xAA, 0xFF, 0xF3, 0x2A, 0x00, 0x00, 0x00, 0x1C, 0xFF, 0xF8,
0x00, 0x00, 0x00, 0x08, 0xC5, 0xFF, 0xD8, 0x0E, 0x00, 0x00, 0x1C, 0xFF, 0xF8, 0x00, 0x00, 0x00,
0x00, 0x14, 0xDB, 0xFF, 0xAE, 0xCC, 0xFF, 0x60, 0x00, 0x00, 0x00, 0x00, 0x00, 0x00, 0x00, 0x00,
0xE4, 0xFF, 0x44, 0x00, 0x00, 0xCC, 0xFF, 0x60, 0x00, 0x00, 0x00, 0x00, 0x00, 0x00, 0x00, 0x00,
0xE4, 0xFF, 0x44, 0x00, 0x00, 0xCC, 0xFF, 0x60, 0x00, 0x00, 0x00, 0x00, 0x00, 0x00, 0x00, 0x00,
0xE4, 0xFF, 0x44, 0x00, 0x00, 0xCC, 0xFF, 0x60, 0x00, 0x00, 0x00, 0x00, 0x00, 0x00, 0x00, 0x00,
0xE4, 0xFF, 0x44, 0x00, 0x00, 0xCC, 0xFF, 0x60, 0x00, 0x00, 0x00, 0x00, 0x00, 0x00, 0x00, 0x00,
0xE4, 0xFF, 0x44, 0x00, 0x00, 0xCC, 0xFF, 0x60, 0x00, 0x00, 0x00, 0x00, 0x00, 0x00, 0x00, 0x00,
0xE4, 0xFF, 0x44, 0x00, 0x00, 0xCC, 0xFF, 0x60, 0x00, 0x00, 0x00, 0x00, 0x00, 0x00, 0x00, 0x00,
0xE4, 0xFF, 0x44, 0x00, 0x00, 0xCC, 0xFF, 0x60, 0x00, 0x00, 0x00, 0x00, 0x00, 0x00, 0x00, 0x00,
0xE4, 0xFF, 0x44, 0x00, 0x00, 0xCC, 0xFF, 0xFF, 0xFF, 0xFF, 0xFF, 0xFF, 0xFF, 0xFF, 0xFF, 0xFF,
0xFF, 0xFF, 0x44, 0x00, 0x00, 0xCC, 0xFF, 0xFF, 0xFF, 0xFF, 0xFF, 0xFF, 0xFF, 0xFF, 0xFF, 0xFF,
0xFF, 0xFF, 0x44, 0x00, 0x00, 0xCC, 0xFF, 0x60, 0x00, 0x00, 0x00, 0x00, 0x00, 0x00, 0x00, 0x00,
0xE4, 0xFF, 0x44, 0x00, 0x00, 0xCC, 0xFF, 0x60, 0x00, 0x00, 0x00, 0x00, 0x00, 0x00, 0x00, 0x00,
0xE4, 0xFF, 0x44, 0x00, 0x00, 0xCC, 0xFF, 0x60, 0x00, 0x00, 0x00, 0x00, 0x00, 0x00, 0x00, 0x00,
0xE4, 0xFF, 0x44, 0x00, 0x00, 0xCC, 0xFF, 0x60, 0x00, 0x00, 0x00, 0x00, 0x00, 0x00, 0x00, 0x00,
0xE4, 0xFF, 0x44, 0x00, 0x00, 0xCC, 0xFF, 0x60, 0x00, 0x00, 0x00, 0x00, 0x00, 0x00, 0x00, 0x00,
0xE4, 0xFF, 0x44, 0x00, 0x00, 0xCC, 0xFF, 0x60, 0x00, 0x00, 0x00, 0x00, 0x00, 0x00, 0x00, 0x00,
0xE4, 0xFF, 0x44, 0x00, 0x00, 0xCC, 0xFF, 0x60, 0x00, 0x00, 0x00, 0x00, 0x00, 0x00, 0x00, 0x00,
0xE4, 0xFF, 0xFF, 0xFF, 0xA8, 0xCC, 0xFF, 0x60, 0x00, 0x00, 0x00, 0x00, 0x00, 0x00, 0x00, 0x00,
0xE4, 0xFF, 0xFF, 0xFF, 0xA8, 0x00, 0x00, 0x00, 0x00, 0x00, 0x00, 0x00, 0x00, 0x00, 0x00, 0x00,
0x00, 0x00, 0x30, 0xFF, 0xA8, 0x00, 0x00, 0x00, 0x00, 0x00, 0x00, 0x00, 0x00, 0x00, 0x00, 0x00,
0x00, 0x00, 0x0E, 0xFF, 0xA8, 0x00, 0x00, 0x00, 0x00, 0x00, 0x00, 0x00, 0x00, 0x00, 0x00, 0x00,
0x00, 0x00, 0x00, 0xED, 0xA8, 0xFF, 0xFF, 0x14, 0x00, 0x00, 0x00, 0x00, 0x0C, 0xFF, 0xFF, 0x08,
0x00, 0xFF, 0xFF, 0x14, 0x00, 0x00, 0x00, 0x00, 0x0C, 0xFF, 0xFF, 0x08, 0x00, 0xFF, 0xFF, 0x14,
0x00, 0x00, 0x00, 0x00, 0x0C, 0xFF, 0xFF, 0x08, 0x00, 0xFF, 0xFF, 0x14, 0x00, 0x00, 0x00, 0x00,
0x0C, 0xFF, 0xFF, 0x08, 0x00, 0xFF, 0xFF, 0x14, 0x00, 0x00, 0x00, 0x00, 0x0C, 0xFF, 0xFF, 0x08,
0x00, 0xFF, 0xFF, 0xFF, 0xFF, 0xFF, 0xFF, 0xFF, 0xFF, 0xFF, 0xFF, 0x08, 0x00, 0xFF, 0xFF, 0xFF,
0xFF, 0xFF, 0xFF, 0xFF, 0xFF, 0xFF, 0xFF, 0x08, 0x00, 0xFF, 0xFF, 0x14, 0x00, 0x00, 0x00, 0x00,
0x0C, 0xFF, 0xFF, 0x08, 0x00, 0xFF, 0xFF, 0x14, 0x00, 0x00, 0x00, 0x00, 0x0C, 0xFF, 0xFF, 0x08,
0x00, 0xFF, 0xFF, 0x14, 0x00, 0x00, 0x00, 0x00, 0x0C, 0xFF, 0xFF, 0x08, 0x00, 0xFF, 0xFF, 0x14,
0x00, 0x00, 0x00, 0x00, 0x0C, 0xFF, 0xFF, 0x08, 0x00, 0xFF, 0xFF, 0x14, 0x00, 0x00, 0x00, 0x00,
0x0C, 0xFF, 0xFF, 0xFF, 0xF0, 0xFF, 0xFF, 0x14, 0x00, 0x00, 0x00, 0x00, 0x0C, 0xFF, 0xFF, 0xFF,
0xF0, 0x00, 0x00, 0x00, 0x00, 0x00, 0x00, 0x00, 0x00, 0x00, 0x00, 0xCC, 0xF0, 0x00, 0x00, 0x00,
0x00, 0x00, 0x00, 0x00, 0x00, 0x00, 0x00, 0xAA, 0xF0, 0x00, 0x00, 0x00, 0x00, 0x00, 0x00, 0x00,
0x00, 0x00, 0x00, 0x89, 0xF0, 0xCC, 0xFF, 0x60, 0x00, 0x00, 0x00, 0x00, 0x00, 0x00, 0x00, 0x00,
0xE4, 0xFF, 0xFF, 0xFF, 0xFF, 0xFF, 0xFF, 0xFF, 0xFF, 0xDC, 0xCC, 0xFF, 0x60, 0x00, 0x00, 0x00,
0x00, 0x00, 0x00, 0x00, 0x00, 0xE4, 0xFF, 0xFF, 0xFF, 0xFF, 0xFF, 0xFF, 0xFF, 0xFF, 0xDC, 0xCC,
0xFF, 0x60, 0x00, 0x00, 0x00, 0x00, 0x00, 0x00, 0x00, 0x00, 0xE4, 0xFF, 0x44, 0x00, 0x00, 0x00,
0x00, 0x00, 0x00, 0x00, 0xCC, 0xFF, 0x60, 0x00, 0x00, 0x00, 0x00, 0x00, 0x00, 0x00, 0x00, 0xE4,
0xFF, 0x44, 0x00, 0x00, 0x00, 0x00, 0x00, 0x00, 0x00, 0xCC, 0xFF, 0x60, 0x00, 0x00, 0x00, 0x00,
0x00, 0x00, 0x00, 0x00, 0xE4, 0xFF, 0x44, 0x00, 0x00, 0x00, 0x00, 0x00, 0x00, 0x00, 0xCC, 0xFF,
0x60, 0x00, 0x00, 0x00, 0x00, 0x00, 0x00, 0x00, 0x00, 0xE4, 0xFF, 0x44, 0x00, 0x00, 0x00, 0x00,
0x00, 0x00, 0x00, 0xCC, 0xFF, 0x60, 0x00, 0x00, 0x00, 0x00, 0x00, 0x00, 0x00, 0x00, 0xE4, 0xFF,
0x44, 0x00, 0x00, 0x00, 0x00, 0x00, 0x00, 0x00, 0xCC, 0xFF, 0x60, 0x00, 0x00, 0x00, 0x00, 0x00,
0x00, 0x00, 0x00, 0xE4, 0xFF, 0x44, 0x00, 0x00, 0x00, 0x00, 0x00, 0x00, 0x00, 0xCC, 0xFF, 0xFF,
0xFF, 0xFF, 0xFF, 0xFF, 0xFF, 0xFF, 0xFF, 0xFF, 0xFF, 0xFF, 0x44, 0x00, 0x00, 0x00, 0x00, 0x00,
0x00, 0x00, 0xCC, 0xFF, 0xFF, 0xFF, 0xFF, 0xFF, 0xFF, 0xFF, 0xFF, 0xFF, 0xFF, 0xFF, 0xFF, 0x44,
0x00, 0x00, 0x00, 0x00, 0x00, 0x00, 0x00, 0xCC, 0xFF, 0x60, 0x00, 0x00, 0x00, 0x00, 0x00, 0x00,
0x00, 0x00, 0xE4, 0xFF, 0x44, 0x00, 0x00, 0x00, 0x00, 0x00, 0x00, 0x00, 0xCC, 0xFF, 0x60, 0x00,
0x00, 0x00, 0x00, 0x00, 0x00, 0x00, 0x00, 0xE4, 0xFF, 0x44, 0x00, 0x00, 0x00, 0x00, 0x00, 0x00,
0x00, 0xCC, 0xFF, 0x60, 0x00, 0x00, 0x00, 0x00, 0x00, 0x00, 0x00, 0x00, 0xE4, 0xFF, 0x44, 0x00,
0x00, 0x00, 0x00, 0x00, 0x00, 0x00, 0xCC, 0xFF, 0x60, 0x00, 0x00, 0x00, 0x00, 0x00, 0x00, 0x00,
0x00, 0xE4, 0xFF, 0x44, 0x00, 0x00, 0x00, 0x00, 0x00, 0x00, 0x00, 0xCC, 0xFF, 0x60, 0x00, 0x00,
0x00, 0x00, 0x00, 0x00, 0x00, 0x00, 0xE4, 0xFF, 0x44, 0x00, 0x00, 0x00, 0x00, 0x00, 0x00, 0x00,
0xCC, 0xFF, 0x60, 0x00, 0x00, 0x00, 0x00, 0x00, 0x00, 0x00, 0x00, 0xE4, 0xFF, 0x44, 0x00, 0x00,
0x00, 0x00, 0x00, 0x00, 0x00, 0xCC, 0xFF, 0x60, 0x00, 0x00, 0x00, 0x00, 0x00, 0x00, 0x00, 0x00,
0xE4, 0xFF, 0x44, 0x00, 0x00, 0x00, 0x00, 0x00, 0x00, 0x00, 0xCC, 0xFF, 0x60, 0x00, 0x00, 0x00,
0x00, 0x00, 0x00, 0x00, 0x00, 0xE4, 0xFF, 0x44, 0x00, 0x00, 0x00, 0x00, 0x00, 0x00, 0x00, 0xFF,
0xFF, 0x14, 0x00, 0x00, 0x00, 0x00, 0x0C, 0xFF, 0xFF, 0xFF, 0xFF, 0xFF, 0xFF, 0xFF, 0x8C, 0xFF,
0xFF, 0x14, 0x00, 0x00, 0x00, 0x00, 0x0C, 0xFF, 0xFF, 0xFF, 0xFF, 0xFF, 0xFF, 0xFF, 0x8C, 0xFF,
0xFF, 0x14, 0x00, 0x00, 0x00, 0x00, 0x0C, 0xFF, 0xFF, 0x08, 0x00, 0x00, 0x00, 0x00, 0x00, 0xFF,
0xFF, 0x14, 0x00, 0x00, 0x00, 0x00, 0x0C, 0xFF, 0xFF, 0x08, 0x00, 0x00, 0x00, 0x00, 0x00, 0xFF,
0xFF, 0x14, 0x00, 0x00, 0x00, 0x00, 0x0C, 0xFF, 0xFF, 0x08, 0x00, 0x00, 0x00, 0x00, 0x00, 0xFF,
0xFF, 0xFF, 0xFF, 0xFF, 0xFF, 0xFF, 0xFF, 0xFF, 0xFF, 0x08, 0x00, 0x00, 0x00, 0x00, 0x00, 0xFF,
0xFF, 0xFF, 0xFF, 0xFF, 0xFF, 0xFF, 0xFF, 0xFF, 0xFF, 0x08, 0x00, 0x00, 0x00, 0x00, 0x00, 0xFF,
0xFF, 0x14, 0x00, 0x00, 0x00, 0x00, 0x0C, 0xFF, 0xFF, 0x08, 0x00, 0x00, 0x00, 0x00, 0x00, 0xFF,
0xFF, 0x14, 0x00, 0x00, 0x00, 0x00, 0x0C, 0xFF, 0xFF, 0x08, 0x00, 0x00, 0x00, 0x00, 0x00, 0xFF,
0xFF, 0x14, 0x00, 0x00, 0x00, 0x00, 0x0C, 0xFF, 0xFF, 0x08, 0x00, 0x00, 0x00, 0x00, 0x00, 0xFF,
0xFF, 0x14, 0x00, 0x00, 0x00, 0x00, 0x0C, 0xFF, 0xFF, 0x08, 0x00, 0x00, 0x00, 0x00, 0x00, 0xFF,
0xFF, 0x14, 0x00, 0x00, 0x00, 0x00, 0x0C, 0xFF, 0xFF, 0x08, 0x00, 0x00, 0x00, 0x00, 0x00, 0xFF,
0xFF, 0x14, 0x00, 0x00, 0x00, 0x00, 0x0C, 0xFF, 0xFF, 0x08, 0x00, 0x00, 0x00, 0x00, 0x00, 0xCC,
0xFF, 0xFF, 0xFF, 0xFF, 0xFF, 0xFF, 0xFF, 0xFF, 0xFF, 0xFF, 0xFF, 0xEC, 0x00, 0x00, 0x00, 0x00,
0x00, 0x00, 0x00, 0x00, 0x00, 0x00, 0xCC, 0xFF, 0xFF, 0xFF, 0xFF, 0xFF, 0xFF, 0xFF, 0xFF, 0xFF,
0xFF, 0xFF, 0xEC, 0x00, 0x00, 0x00, 0x00, 0x00, 0x00, 0x00, 0x00, 0x00, 0x00, 0xCC, 0xFF, 0x60,
0x00, 0x00, 0x00, 0x00, 0x00, 0x00, 0x00, 0x3C, 0xFF, 0xEC, 0x00, 0x00, 0x00, 0x00, 0x00, 0x00,
0x00, 0x00, 0x00, 0x00, 0xCC, 0xFF, 0x60, 0x00, 0x00, 0x00, 0x00, 0x00, 0x00, 0x00, 0x3C, 0xFF,
0xEC, 0x00, 0x00, 0x00, 0x00, 0x00, 0x00, 0x00, 0x00, 0x00, 0x00, 0xCC, 0xFF, 0x60, 0x00, 0x00,
0x00, 0x00, 0x00, 0x00, 0x00, 0x3C, 0xFF, 0xEC, 0x00, 0x00, 0x00, 0x00, 0x00, 0x00, 0x00, 0x00,
0x00, 0x00, 0xCC, 0xFF, 0x60, 0x00, 0x00, 0x00, 0x00, 0x00, 0x00, 0x00, 0x3C, 0xFF, 0xEC, 0x00,
0x00, 0x00, 0x00, 0x00, 0x00, 0x00, 0x00, 0x00, 0x00, 0xCC, 0xFF, 0x60, 0x00, 0x00, 0x00, 0x00,
0x00, 0x00, 0x00, 0x3C, 0xFF, 0xEC, 0x00, 0x00, 0x00, 0x00, 0x00, 0x00, 0x00, 0x00, 0x00, 0x00,
0xCC, 0xFF, 0x60, 0x00, 0x00, 0x00, 0x00, 0x00, 0x00, 0x00, 0x3C, 0xFF, 0xEC, 0x00, 0x00, 0x00,
0x00, 0x00, 0x00, 0x00, 0x00, 0x00, 0x00, 0xCC, 0xFF, 0x60, 0x00, 0x00, 0x00, 0x00, 0x00, 0x00,
0x00, 0x3C, 0xFF, 0xF4, 0x97, 0xD2, 0xF3, 0xFC, 0xEA, 0xB6, 0x4E, 0x00, 0x00, 0x00, 0xCC, 0xFF,
0x60, 0x00, 0x00, 0x00, 0x00, 0x00, 0x00, 0x00, 0x3C, 0xFF, 0xFF, 0xFF, 0xFF, 0xFF, 0xFF, 0xFF,
0xFF, 0xFF, 0x8F, 0x00, 0x00, 0xCC, 0xFF, 0x60, 0x00, 0x00, 0x00, 0x00, 0x00, 0x00, 0x00, 0x3C,
0xFF, 0xF7, 0x63, 0x24, 0x07, 0x15, 0x42, 0xC4, 0xFF, 0xFF, 0x4D, 0x00, 0xCC, 0xFF, 0x60, 0x00,
0x00, 0x00, 0x00, 0x00, 0x00, 0x00, 0x3C, 0xFF, 0xEC, 0x00, 0x00, 0x00, 0x00, 0x00, 0x0A, 0xD9,
0xFF, 0xBA, 0x00, 0xCC, 0xFF, 0x60, 0x00, 0x00, 0x00, 0x00, 0x00, 0x00, 0x00, 0x3C, 0xFF, 0xEC,
0x00, 0x00, 0x00, 0x00, 0x00, 0x00, 0x6C, 0xFF, 0xF7, 0x02, 0xCC, 0xFF, 0x60, 0x00, 0x00, 0x00,
0x00, 0x00, 0x00, 0x00, 0x3C, 0xFF, 0xEC, 0x00, 0x00, 0x00, 0x00, 0x00, 0x00, 0x38, 0xFF, 0xFF,
0x12, 0xCC, 0xFF, 0x60, 0x00, 0x00, 0x00, 0x00, 0x00, 0x00, 0x00, 0x3C, 0xFF, 0xEC, 0x00, 0x00,
0x00, 0x00, 0x00, 0x00, 0x2C, 0xFF, 0xFF, 0x1A, 0xCC, 0xFF, 0x60, 0x00, 0x00, 0x00, 0x00, 0x00,
0x00, 0x00, 0x3C, 0xFF, 0xEC, 0x00, 0x00, 0x00, 0x00, 0x00, 0x00, 0x3C, 0xFF, 0xFF, 0x0A, 0xCC,
0xFF, 0x60, 0x00, 0x00, 0x00, 0x00, 0x00, 0x00, 0x00, 0x3C, 0xFF, 0xEC, 0x00, 0x00, 0x00, 0x00,
0x00, 0x00, 0x70, 0xFF, 0xE2, 0x00, 0xCC, 0xFF, 0x60, 0x00, 0x00, 0x00, 0x00, 0x00, 0x00, 0x00,
0x3C, 0xFF, 0xEC, 0x00, 0x00, 0x00, 0x00, 0x00, 0x09, 0xDA, 0xFF, 0x9C, 0x00, 0x00, 0x00, 0x00,
0x00, 0x00, 0x00, 0x00, 0x00, 0x00, 0x00, 0x00, 0x00, 0x00, 0x00, 0x09, 0x01, 0x08, 0x3A, 0xC4,
0xFF, 0xF8, 0x2A, 0x00, 0x00, 0x00, 0x00, 0x00, 0x00, 0x00, 0x00, 0x00, 0x00, 0x00, 0x00, 0x00,
0x00, 0x00, 0xC8, 0xFF, 0xFF, 0xFF, 0xFF, 0xF9, 0x5A, 0x00, 0x00, 0x00, 0x00, 0x00, 0x00, 0x00,
0x00, 0x00, 0x00, 0x00, 0x00, 0x00, 0x00, 0x00, 0x00, 0xC0, 0xFF, 0xF7, 0xDC, 0x9A, 0x29, 0x00,
0x00, 0x00, 0xFF, 0xFF, 0xFF, 0xFF, 0xFF, 0xFF, 0xFF, 0xFF, 0xFF, 0xE8, 0x00, 0x00, 0x00, 0x00,
0x00, 0x00, 0x00, 0x00, 0x00, 0xFF, 0xFF, 0xFF, 0xFF, 0xFF, 0xFF, 0xFF, 0xFF, 0xFF, 0xE8, 0x00,
0x00, 0x00, 0x00, 0x00, 0x00, 0x00, 0x00, 0x00, 0xFF, 0xFF, 0x14, 0x00, 0x00, 0x00, 0x00, 0x2C,
0xFF, 0xE8, 0x00, 0x00, 0x00, 0x00, 0x00, 0x00, 0x00, 0x00, 0x00, 0xFF, 0xFF, 0x14, 0x00, 0x00,
0x00, 0x00, 0x2C, 0xFF, 0xE8, 0x00, 0x00, 0x00, 0x00, 0x00, 0x00, 0x00, 0x00, 0x00, 0xFF, 0xFF,
0x14, 0x00, 0x00, 0x00, 0x00, 0x2C, 0xFF, 0xE8, 0x00, 0x00, 0x00, 0x00, 0x00, 0x00, 0x00, 0x00,
0x00, 0xFF, 0xFF, 0x14, 0x00, 0x00, 0x00, 0x00, 0x2C, 0xFF, 0xE8, 0x00, 0x00, 0x00, 0x00, 0x00,
0x00, 0x00, 0x00, 0x00, 0xFF, 0xFF, 0x14, 0x00, 0x00, 0x00, 0x00, 0x2C, 0xFF, 0xF2, 0x9E, 0xDD,
0xF8, 0xF8, 0xD7, 0x86, 0x0F, 0x00, 0x00, 0xFF, 0xFF, 0x14, 0x00, 0x00, 0x00, 0x00, 0x2C, 0xFF,
0xFF, 0xFF, 0xFF, 0xFF, 0xFF, 0xFF, 0xFF, 0xDB, 0x15, 0x00, 0xFF, 0xFF, 0x14, 0x00, 0x00, 0x00,
0x00, 0x2C, 0xFF, 0xF4, 0x53, 0x22, 0x09, 0x25, 0x80, 0xF8, 0xFF, 0x9E, 0x00, 0xFF, 0xFF, 0x14,
0x00, 0x00, 0x00, 0x00, 0x2C, 0xFF, 0xE8, 0x00, 0x00, 0x00, 0x00, 0x00, 0x60, 0xFF, 0xF6, 0x07,
0xFF, 0xFF, 0x14, 0x00, 0x00, 0x00, 0x00, 0x2C, 0xFF, 0xE8, 0x00, 0x00, 0x00, 0x00, 0x00, 0x04,
0xF3, 0xFF, 0x31, 0xFF, 0xFF, 0x14, 0x00, 0x00, 0x00, 0x00, 0x2C, 0xFF, 0xE8, 0x00, 0x00, 0x00,
0x00, 0x00, 0x00, 0xD3, 0xFF, 0x42, 0xFF, 0xFF, 0x14, 0x00, 0x00, 0x00, 0x00, 0x2C, 0xFF, 0xE8,
0x00, 0x00, 0x00, 0x00, 0x00, 0x00, 0xDD, 0xFF, 0x3B, 0x00, 0x00, 0x00, 0x00, 0x00, 0x00, 0x00,
0x00, 0x00, 0x00, 0x00, 0x00, 0x00, 0x00, 0x00, 0x07, 0xFA, 0xFF, 0x22, 0x00, 0x00, 0x00, 0x00,
0x00, 0x00, 0x00, 0x00, 0x00, 0x00, 0x00, 0x00, 0x00, 0x00, 0x00, 0x6A, 0xFF, 0xE9, 0x01, 0x00,
0x00, 0x00, 0x00, 0x00, 0x00, 0x00, 0x00, 0x00, 0x00, 0x02, 0x04, 0x00, 0x13, 0x63, 0xF3, 0xFF,
0x87, 0x00, 0x00, 0x00, 0x00, 0x00, 0x00, 0x00, 0x00, 0x00, 0x00, 0x00, 0x28, 0xFF, 0xFF, 0xFF,
0xFF, 0xFF, 0xCA, 0x0A, 0x00, 0x00, 0x00, 0x00, 0x00, 0x00, 0x00, 0x00, 0x00, 0x00, 0x00, 0x25,
0xFA, 0xFE, 0xF1, 0xC9, 0x75, 0x09, 0x00, 0x00, 0x00, 0x00, 0x00, 0x00, 0x2D, 0x91, 0xD4, 0xF0,
0x2B, 0x00, 0x00, 0x00, 0x00, 0x00, 0x00, 0x00, 0x00, 0x00, 0x00, 0x00, 0x00, 0x01, 0x8B, 0xFD,
0xFF, 0xFF, 0xFF, 0x2C, 0x2A, 0xA2, 0xE5, 0xF9, 0xE7, 0xAF, 0x41, 0x00, 0x00, 0x00, 0x00, 0x00,
0x95, 0xFF, 0xFF, 0xB1, 0x43, 0x10, 0x57, 0xFA, 0xFF, 0xFF, 0xFF, 0xFF, 0xFF, 0xFF, 0x7D, 0x00,
0x00, 0x00, 0x45, 0xFF, 0xFF, 0x7B, 0x00, 0x00, 0x2D, 0xFA, 0xFF, 0xC1, 0x34, 0x07, 0x28, 0xAD,
0xFF, 0xFF, 0x44, 0x00, 0x00, 0xBD, 0xFF, 0xBD, 0x00, 0x00, 0x00, 0xB5, 0xFF, 0xD3, 0x09, 0x00,
0x00, 0x00, 0x03, 0xD0, 0xFF, 0xBE, 0x00, 0x17, 0xFF, 0xFF, 0x4A, 0x00, 0x00, 0x1A, 0xFE, 0xFF,
0x54, 0x00, 0x00, 0x00, 0x00, 0x00, 0x6B, 0xFF, 0xFD, 0x0C, 0x4F, 0xFF, 0xFA, 0x08, 0x00, 0x00,
0x56, 0xFF, 0xF9, 0x07, 0x00, 0x00, 0x00, 0x00, 0x00, 0x29, 0xFF, 0xFF, 0x35, 0x73, 0xFF, 0xD7,
0x00, 0x00, 0x00, 0x7B, 0xFF, 0xD1, 0x00, 0x00, 0x00, 0x00, 0x00, 0x00, 0x0F, 0xFF, 0xFF, 0x46,
0x84, 0xFF, 0xC6, 0x00, 0x00, 0x00, 0x8A, 0xFF, 0xBE, 0x00, 0x00, 0x00, 0x00, 0x00, 0x00, 0x07,
0xFF, 0xFF, 0x41, 0x83, 0xFF, 0xCB, 0x00, 0x00, 0x00, 0x7B, 0xFF, 0xC9, 0x00, 0x00, 0x00, 0x00,
0x00, 0x00, 0x1F, 0xFF, 0xFF, 0x2A, 0x70, 0xFF, 0xE9, 0x00, 0x00, 0x00, 0x5E, 0xFF, 0xEB, 0x00,
0x00, 0x00, 0x00, 0x00, 0x00, 0x57, 0xFF, 0xF3, 0x04, 0x46, 0xFF, 0xFF, 0x2A, 0x00, 0x00, 0x23,
0xFF, 0xFF, 0x3B, 0x00, 0x00, 0x00, 0x00, 0x00, 0xB8, 0xFF, 0x9F, 0x00, 0x0C, 0xF9, 0xFF, 0x91,
0x00, 0x00, 0x00, 0xCC, 0xFF, 0xA5, 0x00, 0x00, 0x00, 0x00, 0x27, 0xFE, 0xFF, 0x3C, 0x00, 0x00,
0xA0, 0xFF, 0xFA, 0x30, 0x00, 0x00, 0x53, 0xFF, 0xFF, 0x4A, 0x00, 0x00, 0x05, 0xC2, 0xFF, 0xB9,
0x00, 0x00, 0x00, 0x24, 0xF4, 0xFF, 0xE5, 0x29, 0x00, 0x00, 0xAF, 0xFF, 0xED, 0x3B, 0x0C, 0xAF,
0xFF, 0xE1, 0x18, 0x00, 0x00, 0x00, 0x00, 0x59, 0xFC, 0xFF, 0xF6, 0x83, 0x29, 0x12, 0xB2, 0xFF,
0xFD, 0xE9, 0xFF, 0xC6, 0x2C, 0x4E, 0xBC, 0x01, 0x00, 0x00, 0x00, 0x49, 0xE5, 0xFF, 0xFF, 0xFF,
0xFF, 0xFB, 0xFF, 0xFF, 0xFF, 0xFF, 0xFF, 0xFF, 0xFF, 0xFF, 0x3A, 0x00, 0x00, 0x00, 0x00, 0x0A,
0x6B, 0xB9, 0xE5, 0xF9, 0xE9, 0xC0, 0x5C, 0x5E, 0xC4, 0xED, 0xF9, 0xDF, 0x85, 0x0B, 0x00, 0x00,
0x12, 0x84, 0xD2, 0xF3, 0x00, 0x1A, 0x9F, 0xE7, 0xF8, 0xD9, 0x79, 0x05, 0x00, 0x00, 0x00, 0x24,
0xE2, 0xFF, 0xFF, 0xFF, 0x17, 0xE4, 0xFF, 0xFF, 0xFF, 0xFF, 0xFF, 0xA8, 0x00, 0x00, 0x00, 0xC9,
0xFF, 0xDC, 0x4B, 0x0C, 0x9F, 0xFF, 0xDA, 0x2A, 0x0A, 0x85, 0xFF, 0xFF, 0x41, 0x00, 0x40, 0xFF,
0xF8, 0x22, 0x00, 0x0A, 0xF7, 0xFF, 0x3B, 0x00, 0x00, 0x00, 0xCB, 0xFF, 0x8E, 0x00, 0x84, 0xFF,
0xAF, 0x00, 0x00, 0x34, 0xFF, 0xEE, 0x02, 0x00, 0x00, 0x00, 0x7D, 0xFF, 0xAE, 0x00, 0xA8, 0xFF,
0x7F, 0x00, 0x00, 0x4D, 0xFF, 0xD3, 0x00, 0x00, 0x00, 0x00, 0x68, 0xFF, 0xC1, 0x00, 0xB4, 0xFF,
0x76, 0x00, 0x00, 0x57, 0xFF, 0xD2, 0x00, 0x00, 0x00, 0x00, 0x83, 0xFF, 0xA7, 0x00, 0xA6, 0xFF,
0x93, 0x00, 0x00, 0x3B, 0xFF, 0xF2, 0x05, 0x00, 0x00, 0x00, 0xBF, 0xFF, 0x5F, 0x00, 0x7C, 0xFF,
0xCB, 0x00, 0x00, 0x05, 0xEB, 0xFF, 0x55, 0x00, 0x00, 0x32, 0xFF, 0xE8, 0x07, 0x00, 0x2E, 0xFF,
0xFF, 0x58, 0x00, 0x00, 0x74, 0xFF, 0xE5, 0x1B, 0x16, 0xD9, 0xFD, 0x45, 0x00, 0x00, 0x00, 0xAD,
0xFF, 0xFA, 0x7E, 0x20, 0x06, 0xA5, 0xFF, 0xE5, 0xEA, 0xF8, 0x5D, 0x2C, 0xA2, 0x02, 0x00, 0x12,
0xC9, 0xFF, 0xFF, 0xFF, 0xFF, 0xFF, 0xFF, 0xFF, 0xFF, 0xFF, 0xFF, 0xFF, 0xFF, 0x3D, 0x00, 0x00,
0x06, 0x6C, 0xC5, 0xF0, 0xF7, 0xDE, 0xA7, 0x3D, 0x8F, 0xDB, 0xF9, 0xE0, 0x8D, 0x0F, 0x00, 0x00,
0x00, 0x00, 0x11, 0x78, 0xC3, 0xEC, 0xFB, 0xF0, 0xCB, 0x82, 0x17, 0x00, 0x00, 0x00, 0x58, 0xF2,
0xFF, 0xFF, 0xFF, 0xFF, 0xFF, 0xFF, 0xFF, 0x76, 0x00, 0x00, 0x65, 0xFF, 0xFF, 0xD2, 0x5E, 0x1C,
0x05, 0x11, 0x41, 0xA7, 0x34, 0x00, 0x2A, 0xFA, 0xFF, 0xA5, 0x06, 0x00, 0x00, 0x00, 0x00, 0x00,
0x00, 0x00, 0x00, 0xAC, 0xFF, 0xD4, 0x07, 0x00, 0x00, 0x00, 0x00, 0x00, 0x00, 0x00, 0x00, 0x0D,
0xFB, 0xFF, 0x5A, 0x00, 0x00, 0x00, 0x00, 0x00, 0x00, 0x00, 0x00, 0x00, 0x4D, 0xFF, 0xFC, 0x0E,
0x00, 0x00, 0x00, 0x00, 0x00, 0x00, 0x00, 0x00, 0x00, 0x6F, 0xFF, 0xDA, 0x00, 0x00, 0x00, 0x00,
0x00, 0x00, 0x00, 0x00, 0x00, 0x00, 0x82, 0xFF, 0xC8, 0x00, 0x00, 0x00, 0x00, 0x00, 0x00, 0x00,
0x00, 0x00, 0x00, 0x85, 0xFF, 0xC8, 0x00, 0x00, 0x00, 0x00, 0x00, 0x00, 0x00, 0x00, 0x00, 0x00,
0x74, 0xFF, 0xDD, 0x00, 0x00, 0x00, 0x00, 0x00, 0x00, 0x00, 0x00, 0x00, 0x00, 0x50, 0xFF, 0xFE,
0x14, 0x00, 0x00, 0x00, 0x00, 0x00, 0x00, 0x00, 0x00, 0x00, 0x18, 0xFE, 0xFF, 0x69, 0x00, 0x00,
0x00, 0x00, 0x00, 0x00, 0x00, 0x00, 0x00, 0x00, 0xBA, 0xFF, 0xE1, 0x0F, 0x00, 0x00, 0x00, 0x00,
0x00, 0x00, 0x00, 0x00, 0x00, 0x3D, 0xFE, 0xFF, 0xBB, 0x0D, 0x00, 0x00, 0x00, 0x00, 0x00, 0x00,
0x00, 0x00, 0x00, 0x87, 0xFF, 0xFF, 0xE1, 0x6C, 0x24, 0x07, 0x0A, 0x30, 0x88, 0x6E, 0x00, 0x00,
0x00, 0x7C, 0xFA, 0xFF, 0xFF, 0xFF, 0xFF, 0xFF, 0xFF, 0xFF, 0xBA, 0x00, 0x00, 0x00, 0x00, 0x23,
0x88, 0xCC, 0xFF, 0xFF, 0xF3, 0xD4, 0xA2, 0x36, 0x00, 0x00, 0x00, 0x00, 0x00, 0x00, 0x03, 0xFD,
0xFF, 0x1A, 0x00, 0x00, 0x00, 0x00, 0x00, 0x00, 0x00, 0x00, 0x00, 0x00, 0xE9, 0xFF, 0x08, 0x00,
0x00, 0x00, 0x00, 0x00, 0x00, 0x00, 0x00, 0x00, 0x00, 0xD1, 0xF5, 0x00, 0x00, 0x00, 0x00, 0x00,
0x00, 0x00, 0x00, 0x00, 0x00, 0x00, 0xB9, 0xE3, 0x00, 0x00, 0x00, 0x00, 0x00, 0x00, 0x00, 0x00,
0x00, 0x00, 0x00, 0xA0, 0xD1, 0x00, 0x00, 0x00, 0x00, 0x00, 0x00, 0x15, 0x8A, 0xD7, 0xF6, 0xF6,
0xD7, 0x83, 0x15, 0x00, 0x26, 0xE4, 0xFF, 0xFF, 0xFF, 0xFF, 0xFF, 0xFF, 0x75, 0x01, 0xCC, 0xFF,
0xE1, 0x52, 0x0E, 0x08, 0x3C, 0xB8, 0x29, 0x41, 0xFF, 0xF9, 0x27, 0x00, 0x00, 0x00, 0x00, 0x00,
0x00, 0x84, 0xFF, 0xB2, 0x00, 0x00, 0x00, 0x00, 0x00, 0x00, 0x00, 0xA8, 0xFF, 0x80, 0x00, 0x00,
0x00, 0x00, 0x00, 0x00, 0x00, 0xB3, 0xFF, 0x75, 0x00, 0x00, 0x00, 0x00, 0x00, 0x00, 0x00, 0xA1,
0xFF, 0x8C, 0x00, 0x00, 0x00, 0x00, 0x00, 0x00, 0x00, 0x89, 0xFF, 0xC4, 0x00, 0x00, 0x00, 0x00,
0x00, 0x00, 0x00, 0x56, 0xFF, 0xFF, 0x41, 0x00, 0x00, 0x00, 0x00, 0x00, 0x00, 0x09, 0xE5, 0xFF,
0xEF, 0x66, 0x16, 0x05, 0x2A, 0x91, 0x57, 0x00, 0x43, 0xF7, 0xFF, 0xFF, 0xFF, 0xFF, 0xFF, 0xFF,
0xB3, 0x00, 0x00, 0x2E, 0xAA, 0xED, 0xFF, 0xFF, 0xDA, 0x9C, 0x2E, 0x00, 0x00, 0x00, 0x00, 0x20,
0xFF, 0xFC, 0x01, 0x00, 0x00, 0x00, 0x00, 0x00, 0x00, 0x07, 0xFF, 0xEB, 0x00, 0x00, 0x00, 0x00,
0x00, 0x00, 0x00, 0x00, 0xEE, 0xD9, 0x00, 0x00, 0x00, 0x00, 0x00, 0x00, 0x00, 0x00, 0xD5, 0xC7,
0x00, 0x00, 0x00, 0x00, 0x00, 0x00, 0x00, 0x00, 0xBC, 0xB5, 0x00, 0x00, 0x00, 0x88, 0xFF, 0xFF,
0xFF, 0xFF, 0xFF, 0xFF, 0xFF, 0xFF, 0xFF, 0xFF, 0xFF, 0xFF, 0xF8, 0x88, 0xFF, 0xFF, 0xFF, 0xFF,
0xFF, 0xFF, 0xFF, 0xFF, 0xFF, 0xFF, 0xFF, 0xFF, 0xF8, 0x00, 0x00, 0x00, 0x00, 0x00, 0x00, 0xDC,
0xFF, 0x4C, 0x00, 0x00, 0x00, 0x00, 0x00, 0x00, 0x00, 0x00, 0x00, 0x00, 0x00, 0xDC, 0xFF, 0x4C,
0x00, 0x00, 0x00, 0x00, 0x00, 0x00, 0x00, 0x00, 0x00, 0x00, 0x00, 0xDC, 0xFF, 0x4C, 0x00, 0x00,
0x00, 0x00, 0x00, 0x00, 0x00, 0x00, 0x00, 0x00, 0x00, 0xDC, 0xFF, 0x4C, 0x00, 0x00, 0x00, 0x00,
0x00, 0x00, 0x00, 0x00, 0x00, 0x00, 0x00, 0xDC, 0xFF, 0x4C, 0x00, 0x00, 0x00, 0x00, 0x00, 0x00,
0x00, 0x00, 0x00, 0x00, 0x00, 0xDC, 0xFF, 0x4C, 0x00, 0x00, 0x00, 0x00, 0x00, 0x00, 0x00, 0x00,
0x00, 0x00, 0x00, 0xDC, 0xFF, 0x4C, 0x00, 0x00, 0x00, 0x00, 0x00, 0x00, 0x00, 0x00, 0x00, 0x00,
0x00, 0xDC, 0xFF, 0x4C, 0x00, 0x00, 0x00, 0x00, 0x00, 0x00, 0x00, 0x00, 0x00, 0x00, 0x00, 0xDC,
0xFF, 0x4C, 0x00, 0x00, 0x00, 0x00, 0x00, 0x00, 0x00, 0x00, 0x00, 0x00, 0x00, 0xDC, 0xFF, 0x4C,
0x00, 0x00, 0x00, 0x00, 0x00, 0x00, 0x00, 0x00, 0x00, 0x00, 0x00, 0xDC, 0xFF, 0x4C, 0x00, 0x00,
0x00, 0x00, 0x00, 0x00, 0x00, 0x00, 0x00, 0x00, 0x00, 0xDC, 0xFF, 0x4C, 0x00, 0x00, 0x00, 0x00,
0x00, 0x00, 0x00, 0x00, 0x00, 0x00, 0x00, 0xDC, 0xFF, 0x4C, 0x00, 0x00, 0x00, 0x00, 0x00, 0x00,
0x00, 0x00, 0x00, 0x00, 0x00, 0xDC, 0xFF, 0x4C, 0x00, 0x00, 0x00, 0x00, 0x00, 0x00, 0x00, 0x00,
0x00, 0x00, 0x00, 0xDC, 0xFF, 0xFF, 0xFF, 0xB0, 0x00, 0x00, 0x00, 0x00, 0x00, 0x00, 0x00, 0x00,
0x00, 0xDC, 0xFF, 0xFF, 0xFF, 0xB0, 0x00, 0x00, 0x00, 0x00, 0x00, 0x00, 0x00, 0x00, 0x00, 0x00,
0x00, 0x28, 0xFF, 0xB0, 0x00, 0x00, 0x00, 0x00, 0x00, 0x00, 0x00, 0x00, 0x00, 0x00, 0x00, 0x07,
0xFE, 0xB0, 0x00, 0x00, 0x00, 0x00, 0x00, 0x00, 0x00, 0x00, 0x00, 0x00, 0x00, 0x00, 0xE5, 0xB0,
0x00, 0x00, 0x00, 0xF4, 0xFF, 0xFF, 0xFF, 0xFF, 0xFF, 0xFF, 0xFF, 0xFF, 0xFF, 0x4C, 0xF4, 0xFF,
0xFF, 0xFF, 0xFF, 0xFF, 0xFF, 0xFF, 0xFF, 0xFF, 0x4C, 0x00, 0x00, 0x00, 0x00, 0xDC, 0xFF, 0x38,
0x00, 0x00, 0x00, 0x00, 0x00, 0x00, 0x00, 0x00, 0xDC, 0xFF, 0x38, 0x00, 0x00, 0x00, 0x00, 0x00,
0x00, 0x00, 0x00, 0xDC, 0xFF, 0x38, 0x00, 0x00, 0x00, 0x00, 0x00, 0x00, 0x00, 0x00, 0xDC, 0xFF,
0x38, 0x00, 0x00, 0x00, 0x00, 0x00, 0x00, 0x00, 0x00, 0xDC, 0xFF, 0x38, 0x00, 0x00, 0x00, 0x00,
0x00, 0x00, 0x00, 0x00, 0xDC, 0xFF, 0x38, 0x00, 0x00, 0x00, 0x00, 0x00, 0x00, 0x00, 0x00, 0xDC,
0xFF, 0x38, 0x00, 0x00, 0x00, 0x00, 0x00, 0x00, 0x00, 0x00, 0xDC, 0xFF, 0x38, 0x00, 0x00, 0x00,
0x00, 0x00, 0x00, 0x00, 0x00, 0xDC, 0xFF, 0x38, 0x00, 0x00, 0x00, 0x00, 0x00, 0x00, 0x00, 0x00,
0xDC, 0xFF, 0xFF, 0xFF, 0x24, 0x00, 0x00, 0x00, 0x00, 0x00, 0x00, 0xDC, 0xFF, 0xFF, 0xFF, 0x24,
0x00, 0x00, 0x00, 0x00, 0x00, 0x00, 0x00, 0x00, 0x98, 0xFF, 0x24, 0x00, 0x00, 0x00, 0x00, 0x00,
0x00, 0x00, 0x00, 0x76, 0xFF, 0x24, 0x00, 0x00, 0x00, 0x00, 0x00, 0x00, 0x00, 0x00, 0x55, 0xFF,
0x24, 0x00, 0x00, 0x85, 0xFF, 0xF0, 0x18, 0x00, 0x00, 0x00, 0x00, 0x00, 0x00, 0x00, 0x47, 0xFF,
0xF4, 0x18, 0x0D, 0xE9, 0xFF, 0xA4, 0x00, 0x00, 0x00, 0x00, 0x00, 0x00, 0x05, 0xD7, 0xFF, 0x80,
0x00, 0x00, 0x69, 0xFF, 0xFF, 0x40, 0x00, 0x00, 0x00, 0x00, 0x00, 0x72, 0xFF, 0xE7, 0x0C, 0x00,
0x00, 0x04, 0xD7, 0xFF, 0xD5, 0x05, 0x00, 0x00, 0x00, 0x16, 0xF0, 0xFF, 0x67, 0x00, 0x00, 0x00,
0x00, 0x4D, 0xFF, 0xFF, 0x76, 0x00, 0x00, 0x00, 0x9D, 0xFF, 0xD6, 0x03, 0x00, 0x00, 0x00, 0x00,
0x00, 0xBE, 0xFF, 0xF4, 0x1D, 0x00, 0x34, 0xFD, 0xFF, 0x4D, 0x00, 0x00, 0x00, 0x00, 0x00, 0x00,
0x32, 0xFE, 0xFF, 0xAD, 0x01, 0xC6, 0xFF, 0xC0, 0x00, 0x00, 0x00, 0x00, 0x00, 0x00, 0x00, 0x00,
0xA3, 0xFF, 0xFF, 0x60, 0xFF, 0xFE, 0x35, 0x00, 0x00, 0x00, 0x00, 0x00, 0x00, 0x00, 0x00, 0x1D,
0xF7, 0xFF, 0xEC, 0xFF, 0xA7, 0x00, 0x00, 0x00, 0x00, 0x00, 0x00, 0x00, 0x00, 0x00, 0x00, 0x87,
0xFF, 0xFF, 0xF9, 0x21, 0x00, 0x00, 0x00, 0x00, 0x00, 0x00, 0x00, 0x00, 0x00, 0x00, 0x0E, 0xEC,
0xFF, 0x90, 0x00, 0x00, 0x00, 0x00, 0x00, 0x00, 0x00, 0x00, 0x00, 0x00, 0x00, 0x00, 0xC8, 0xFF,
0x60, 0x00, 0x00, 0x00, 0x00, 0x00, 0x00, 0x00, 0x00, 0x00, 0x00, 0x00, 0x00, 0xC8, 0xFF, 0x60,
0x00, 0x00, 0x00, 0x00, 0x00, 0x00, 0x00, 0x00, 0x00, 0x00, 0x00, 0x00, 0xC8, 0xFF, 0x60, 0x00,
0x00, 0x00, 0x00, 0x00, 0x00, 0x00, 0x00, 0x00, 0x00, 0x00, 0x00, 0xC8, 0xFF, 0x60, 0x00, 0x00,
0x00, 0x00, 0x00, 0x00, 0x00, 0x00, 0x00, 0x00, 0x00, 0x00, 0xC8, 0xFF, 0x60, 0x00, 0x00, 0x00,
0x00, 0x00, 0x00, 0x00, 0x00, 0x00, 0x00, 0x00, 0x00, 0xC8, 0xFF, 0x60, 0x00, 0x00, 0x00, 0x00,
0x00, 0x00, 0x00, 0x00, 0x00, 0x00, 0x00, 0x00, 0xC8, 0xFF, 0x60, 0x00, 0x00, 0x00, 0x00, 0x00,
0x00, 0x8A, 0xFF, 0xD9, 0x01, 0x00, 0x00, 0x00, 0x00, 0x00, 0x19, 0xFD, 0xFF, 0x24, 0x25, 0xFE,
0xFF, 0x42, 0x00, 0x00, 0x00, 0x00, 0x00, 0x75, 0xFF, 0xC2, 0x00, 0x00, 0xBE, 0xFF, 0xA9, 0x00,
0x00, 0x00, 0x00, 0x00, 0xD2, 0xFF, 0x61, 0x00, 0x00, 0x58, 0xFF, 0xFA, 0x17, 0x00, 0x00, 0x00,
0x30, 0xFF, 0xF4, 0x0C, 0x00, 0x00, 0x06, 0xEB, 0xFF, 0x78, 0x00, 0x00, 0x00, 0x8E, 0xFF, 0xA0,
0x00, 0x00, 0x00, 0x00, 0x8D, 0xFF, 0xDE, 0x01, 0x00, 0x03, 0xE7, 0xFF, 0x3F, 0x00, 0x00, 0x00,
0x00, 0x27, 0xFF, 0xFF, 0x47, 0x00, 0x49, 0xFF, 0xDD, 0x01, 0x00, 0x00, 0x00, 0x00, 0x00, 0xC1,
0xFF, 0xAE, 0x00, 0xA6, 0xFF, 0x7E, 0x00, 0x00, 0x00, 0x00, 0x00, 0x00, 0x5C, 0xFF, 0xF7, 0x0B,
0xEE, 0xFE, 0x1F, 0x00, 0x00, 0x00, 0x00, 0x00, 0x00, 0x08, 0xED, 0xFF, 0x79, 0xFF, 0xBC, 0x00,
0x00, 0x00, 0x00, 0x00, 0x00, 0x00, 0x00, 0x90, 0xFF, 0xEF, 0xFF, 0x5B, 0x00, 0x00, 0x00, 0x00,
0x00, 0x00, 0x00, 0x00, 0x2B, 0xFF, 0xFF, 0xF1, 0x09, 0x00, 0x00, 0x00, 0x00, 0x00, 0x00, 0x00,
0x00, 0x00, 0xC5, 0xFF, 0x9B, 0x00, 0x00, 0x00, 0x00, 0x00, 0x00, 0x00, 0x00, 0x00, 0x00, 0xA0,
0xFF, 0x78, 0x00, 0x00, 0x00, 0x00, 0x00, 0x00, 0x00, 0x00, 0x00, 0x00, 0xA0, 0xFF, 0x78, 0x00,
0x00, 0x00, 0x00, 0x00, 0x00, 0x00, 0x00, 0x00, 0x00, 0xA0, 0xFF, 0x78, 0x00, 0x00, 0x00, 0x00,
0x00, 0x00, 0x00, 0x00, 0x00, 0x00, 0xA0, 0xFF, 0x78, 0x00, 0x00, 0x00, 0x00, 0x00, 0x00, 0x00,
0x00, 0x00, 0x00, 0xA0, 0xFF, 0x78, 0x00, 0x00, 0x00, 0x00, 0x00, 0x88, 0xFF, 0xEF, 0x11, 0x00,
0x00, 0x00, 0x00, 0x00, 0x00, 0x00, 0x3E, 0xFF, 0xF5, 0x19, 0x10, 0xED, 0xFF, 0x8B, 0x00, 0x00,
0x00, 0x00, 0x00, 0x00, 0x00, 0xC4, 0xFF, 0x87, 0x00, 0x00, 0x75, 0xFF, 0xF8, 0x1E, 0x00, 0x00,
0x00, 0x00, 0x00, 0x4A, 0xFF, 0xEE, 0x10, 0x00, 0x00, 0x08, 0xE2, 0xFF, 0xA0, 0x00, 0x00, 0x00,
0x00, 0x01, 0xCE, 0xFF, 0x76, 0x00, 0x00, 0x00, 0x00, 0x62, 0xFF, 0xFD, 0x2E, 0x00, 0x00, 0x00,
0x56, 0xFF, 0xE4, 0x09, 0x00, 0x00, 0x00, 0x00, 0x03, 0xD5, 0xFF, 0xB6, 0x00, 0x00, 0x03, 0xD7,
0xFF, 0x65, 0x00, 0x00, 0x00, 0x00, 0x00, 0x00, 0x4F, 0xFF, 0xFF, 0x40, 0x00, 0x61, 0xFF, 0xD9,
0x04, 0x00, 0x00, 0x00, 0x00, 0x00, 0x00, 0x00, 0xC5, 0xFF, 0xCA, 0x05, 0xE0, 0xFF, 0x55, 0x00,
0x00, 0x00, 0x00, 0x00, 0x00, 0x00, 0x00, 0x3C, 0xFF, 0xFF, 0x6F, 0xFF, 0xCB, 0x01, 0x00, 0x00,
0x00, 0x00, 0x00, 0x00, 0x00, 0x00, 0x00, 0xB2, 0xFF, 0xEE, 0xFF, 0x44, 0x00, 0x00, 0x00, 0x00,
0x00, 0x00, 0x00, 0x00, 0x00, 0x00, 0x2B, 0xFD, 0xFF, 0xBC, 0x00, 0x00, 0x00, 0x00, 0x00, 0x00,
0x00, 0x00, 0xB0, 0xFF, 0xFF, 0xFF, 0xFF, 0xFF, 0xFF, 0xFF, 0xFF, 0xFF, 0x44, 0x00, 0x00, 0x00,
0x00, 0xB0, 0xFF, 0xFF, 0xFF, 0xFF, 0xFF, 0xFF, 0xFF, 0xFF, 0xFF, 0x44, 0x00, 0x00, 0x00, 0x00,
0x00, 0x00, 0x00, 0x00, 0xC8, 0xFF, 0x60, 0x00, 0x00, 0x00, 0x00, 0x00, 0x00, 0x00, 0x00, 0x00,
0x00, 0x00, 0x00, 0xC8, 0xFF, 0x60, 0x00, 0x00, 0x00, 0x00, 0x00, 0x00, 0x00, 0x00, 0x00, 0x00,
0x00, 0x00, 0xC8, 0xFF, 0x60, 0x00, 0x00, 0x00, 0x00, 0x00, 0x00, 0x00, 0x00, 0x00, 0x00, 0x00,
0x00, 0xC8, 0xFF, 0x60, 0x00, 0x00, 0x00, 0x00, 0x00, 0x00, 0x00, 0x00, 0x00, 0x00, 0x00, 0x00,
0xC8, 0xFF, 0x60, 0x00, 0x00, 0x00, 0x00, 0x00, 0x00, 0x8A, 0xFF, 0xD7, 0x00, 0x00, 0x00, 0x00,
0x00, 0x00, 0x17, 0xFC, 0xFF, 0x24, 0x26, 0xFF, 0xFF, 0x38, 0x00, 0x00, 0x00, 0x00, 0x00, 0x6B,
0xFF, 0xC4, 0x00, 0x00, 0xC1, 0xFF, 0x98, 0x00, 0x00, 0x00, 0x00, 0x00, 0xC3, 0xFF, 0x64, 0x00,
0x00, 0x5C, 0xFF, 0xF0, 0x08, 0x00, 0x00, 0x00, 0x1B, 0xFE, 0xF6, 0x0E, 0x00, 0x00, 0x08, 0xEE,
0xFF, 0x59, 0x00, 0x00, 0x00, 0x72, 0xFF, 0xA5, 0x00, 0x00, 0x00, 0x00, 0x93, 0xFF, 0xBA, 0x00,
0x00, 0x00, 0xC9, 0xFF, 0x45, 0x00, 0x00, 0x00, 0x00, 0x2E, 0xFF, 0xFD, 0x1C, 0x00, 0x20, 0xFF,
0xE3, 0x02, 0x00, 0x00, 0x00, 0x00, 0x00, 0xCA, 0xFF, 0x7A, 0x00, 0x78, 0xFF, 0x86, 0x00, 0x00,
0x00, 0x00, 0x00, 0x00, 0x65, 0xFF, 0xD6, 0x00, 0xC9, 0xFF, 0x26, 0x00, 0x00, 0x00, 0x00, 0x00,
0x00, 0x0C, 0xF3, 0xFF, 0x27, 0xFB, 0xC6, 0x00, 0x00, 0x00, 0x00, 0x00, 0x00, 0x00, 0x00, 0x9C,
0xFF, 0xA1, 0xFF, 0x67, 0x00, 0x00, 0x00, 0x00, 0x00, 0x00, 0x00, 0x00, 0x37, 0xFF, 0xFC, 0xF7,
0x10, 0x00, 0x00, 0x00, 0x00, 0x00, 0x00, 0x00, 0x00, 0x00, 0xD2, 0xFF, 0xA7, 0x00, 0x00, 0x00,
0x00, 0x00, 0x00, 0x00, 0xD0, 0xFF, 0xFF, 0xFF, 0xFF, 0xFF, 0xFF, 0xFF, 0x80, 0x00, 0x00, 0x00,
0x00, 0xD0, 0xFF, 0xFF, 0xFF, 0xFF, 0xFF, 0xFF, 0xFF, 0x80, 0x00, 0x00, 0x00, 0x00, 0x00, 0x00,
0x00, 0xA0, 0xFF, 0x78, 0x00, 0x00, 0x00, 0x00, 0x00, 0x00, 0x00, 0x00, 0x00, 0x00, 0xA0, 0xFF,
0x78, 0x00, 0x00, 0x00, 0x00, 0x00, 0x00, 0x00, 0x00, 0x00, 0x00, 0xA0, 0xFF, 0x78, 0x00, 0x00,
0x00, 0x00, 0x00, 0x00, 0x7D, 0xFF, 0xF7, 0x21, 0x00, 0x00, 0x00, 0x00, 0x00, 0x00, 0x00, 0xAA,
0xFF, 0xB7, 0x00, 0x00, 0x00, 0x06, 0xD6, 0xFF, 0xB3, 0x00, 0x00, 0x00, 0x00, 0x00, 0x00, 0x4D,
0xFF, 0xF1, 0x1D, 0x00, 0x00, 0x00, 0x00, 0x3D, 0xFE, 0xFF, 0x4E, 0x00, 0x00, 0x00, 0x00, 0x0D,
0xE3, 0xFF, 0x65, 0x00, 0x00, 0x00, 0x00, 0x00, 0x00, 0x9D, 0xFF, 0xDF, 0x09, 0x00, 0x00, 0x00,
0x94, 0xFF, 0xBC, 0x00, 0x00, 0x00, 0x00, 0x00, 0x00, 0x00, 0x12, 0xEA, 0xFF, 0x84, 0x00, 0x00,
0x39, 0xFD, 0xF3, 0x20, 0x00, 0x00, 0x00, 0x00, 0x00, 0x00, 0x00, 0x00, 0x5D, 0xFF, 0xF9, 0x26,
0x06, 0xD4, 0xFF, 0x6B, 0x00, 0x00, 0x00, 0x00, 0x00, 0x00, 0x00, 0x00, 0x00, 0x00, 0xBC, 0xFF,
0xA9, 0x68, 0xFF, 0xC0, 0x01, 0x00, 0x00, 0x00, 0x00, 0x00, 0x00, 0x00, 0x00, 0x00, 0x00, 0x25,
0xF8, 0xFC, 0xE0, 0xF5, 0x24, 0x00, 0x00, 0x00, 0x00, 0x00, 0x00, 0x00, 0x00, 0x00, 0x00, 0x00,
0x00, 0x80, 0xFF, 0xFF, 0x82, 0x00, 0x00, 0x00, 0x00, 0x00, 0x00, 0x00, 0x00, 0x00, 0x00, 0x00,
0x00, 0x00, 0xB0, 0xFF, 0xFF, 0xD6, 0x07, 0x00, 0x00, 0x00, 0x00, 0x00, 0x00, 0x00, 0x00, 0x00,
0x00, 0x00, 0x5B, 0xFF, 0xC3, 0xC9, 0xFF, 0x84, 0x00, 0x00, 0x00, 0x00, 0x00, 0x00, 0x00, 0x00,
0x00, 0x00, 0x17, 0xEC, 0xFF, 0x4F, 0x50, 0xFF, 0xFA, 0x2F, 0x00, 0x00, 0x00, 0x00, 0x00, 0x00,
0x00, 0x00, 0x00, 0xAE, 0xFF, 0xB0, 0x00, 0x00, 0xB5, 0xFF, 0xCD, 0x03, 0x00, 0x00, 0x00, 0x00,
0x00, 0x00, 0x00, 0x58, 0xFF, 0xEF, 0x19, 0x00, 0x00, 0x1E, 0xF3, 0xFF, 0x77, 0x00, 0x00, 0x00,
0x00, 0x00, 0x00, 0x16, 0xEB, 0xFF, 0x61, 0x00, 0x00, 0x00, 0x00, 0x6F, 0xFF, 0xF7, 0x26, 0x00,
0x00, 0x00, 0x00, 0x00, 0xAB, 0xFF, 0xB9, 0x00, 0x00, 0x00, 0x00, 0x00, 0x02, 0xC9, 0xFF, 0xC2,
0x01, 0x00, 0x00, 0x00, 0x56, 0xFF, 0xF3, 0x1F, 0x00, 0x00, 0x00, 0x00, 0x00, 0x00, 0x2E, 0xFB,
0xFF, 0xFF, 0xFF, 0x9C, 0x14, 0xEA, 0xFF, 0x6B, 0x00, 0x00, 0x00, 0x00, 0x00, 0x00, 0x00, 0x00,
0x86, 0xFF, 0xFF, 0xFF, 0x9C, 0x00, 0x00, 0x00, 0x00, 0x00, 0x00, 0x00, 0x00, 0x00, 0x00, 0x00,
0x00, 0x00, 0x00, 0x38, 0xFF, 0x9C, 0x00, 0x00, 0x00, 0x00, 0x00, 0x00, 0x00, 0x00, 0x00, 0x00,
0x00, 0x00, 0x00, 0x00, 0x16, 0xFF, 0x9C, 0x00, 0x00, 0x00, 0x00, 0x00, 0x00, 0x00, 0x00, 0x00,
0x00, 0x00, 0x00, 0x00, 0x00, 0x00, 0xF4, 0x9C, 0x00, 0x9D, 0xFF, 0xE1, 0x0E, 0x00, 0x00, 0x00,
0x00, 0x4A, 0xFF, 0xEF, 0x1D, 0x00, 0x00, 0x0D, 0xDF, 0xFF, 0xA0, 0x00, 0x00, 0x00, 0x15, 0xE8,
0xFF, 0x59, 0x00, 0x00, 0x00, 0x00, 0x3E, 0xFD, 0xFF, 0x51, 0x00, 0x00, 0xB1, 0xFF, 0xA5, 0x00,
0x00, 0x00, 0x00, 0x00, 0x00, 0x8D, 0xFF, 0xEA, 0x12, 0x61, 0xFF, 0xE1, 0x0F, 0x00, 0x00, 0x00,
0x00, 0x00, 0x00, 0x07, 0xD4, 0xFF, 0x8A, 0xE5, 0xFD, 0x3E, 0x00, 0x00, 0x00, 0x00, 0x00, 0x00,
0x00, 0x00, 0x32, 0xFA, 0xFF, 0xFF, 0x88, 0x00, 0x00, 0x00, 0x00, 0x00, 0x00, 0x00, 0x00, 0x00,
0x00, 0xC8, 0xFF, 0xFF, 0x3E, 0x00, 0x00, 0x00, 0x00, 0x00, 0x00, 0x00, 0x00, 0x00, 0x68, 0xFF,
0xDD, 0xFF, 0xDC, 0x0D, 0x00, 0x00, 0x00, 0x00, 0x00, 0x00, 0x00, 0x26, 0xF5, 0xFB, 0x27, 0xD4,
0xFF, 0xA0, 0x00, 0x00, 0x00, 0x00, 0x00, 0x00, 0x04, 0xCA, 0xFF, 0x85, 0x00, 0x41, 0xFE, 0xFF,
0x56, 0x00, 0x00, 0x00, 0x00, 0x00, 0x83, 0xFF, 0xCB, 0x05, 0x00, 0x00, 0x8E, 0xFF, 0xEF, 0x1D,
0x00, 0x00, 0x00, 0x3A, 0xFC, 0xF5, 0x26, 0x00, 0x00, 0x00, 0x07, 0xD4, 0xFF, 0xFF, 0xFF, 0x64,
0x0C, 0xDD, 0xFF, 0x66, 0x00, 0x00, 0x00, 0x00, 0x00, 0x30, 0xF9, 0xFF, 0xFF, 0x64, 0x00, 0x00,
0x00, 0x00, 0x00, 0x00, 0x00, 0x00, 0x00, 0x00, 0x00, 0x58, 0xFF, 0x64, 0x00, 0x00, 0x00, 0x00,
0x00, 0x00, 0x00, 0x00, 0x00, 0x00, 0x00, 0x36, 0xFF, 0x64, 0x00, 0x00, 0x00, 0x00, 0x00, 0x00,
0x00, 0x00, 0x00, 0x00, 0x00, 0x15, 0xFF, 0x64, 0x88, 0xFF, 0xFF, 0xFF, 0xFF, 0xFF, 0xFF, 0xFF,
0xFF, 0xFF, 0xFF, 0xFF, 0xFF, 0x08, 0x00, 0x00, 0x84, 0xFF, 0xA4, 0x00, 0x00, 0x00, 0x88, 0xFF,
0xFF, 0xFF, 0xFF, 0xFF, 0xFF, 0xFF, 0xFF, 0xFF, 0xFF, 0xFF, 0xFF, 0x08, 0x00, 0x00, 0x84, 0xFF,
0xA4, 0x00, 0x00, 0x00, 0x00, 0x00, 0x00, 0x00, 0x00, 0x00, 0xDC, 0xFF, 0x4C, 0x00, 0x00, 0x00,
0x00, 0x00, 0x00, 0x00, 0x84, 0xFF, 0xA4, 0x00, 0x00, 0x00, 0x00, 0x00, 0x00, 0x00, 0x00, 0x00,
0xDC, 0xFF, 0x4C, 0x00, 0x00, 0x00, 0x00, 0x00, 0x00, 0x00, 0x84, 0xFF, 0xA4, 0x00, 0x00, 0x00,
0x00, 0x00, 0x00, 0x00, 0x00, 0x00, 0xDC, 0xFF, 0x4C, 0x00, 0x00, 0x00, 0x00, 0x00, 0x00, 0x00,
0x84, 0xFF, 0xA4, 0x00, 0x00, 0x00, 0x00, 0x00, 0x00, 0x00, 0x00, 0x00, 0xDC, 0xFF, 0x4C, 0x00,
0x00, 0x00, 0x00, 0x00, 0x00, 0x00, 0x84, 0xFF, 0xA4, 0x00, 0x00, 0x00, 0x00, 0x00, 0x00, 0x00,
0x00, 0x00, 0xDC, 0xFF, 0x4C, 0x00, 0x00, 0x00, 0x00, 0x00, 0x00, 0x00, 0x84, 0xFF, 0xA4, 0x00,
0x00, 0x00, 0x00, 0x00, 0x00, 0x00, 0x00, 0x00, 0xDC, 0xFF, 0x4C, 0x00, 0x00, 0x00, 0x00, 0x00,
0x00, 0x00, 0x84, 0xFF, 0xA4, 0x00, 0x00, 0x00, 0x00, 0x00, 0x00, 0x00, 0x00, 0x00, 0xDC, 0xFF,
0x4C, 0x00, 0x00, 0x00, 0x00, 0x00, 0x00, 0x00, 0x84, 0xFF, 0xA4, 0x00, 0x00, 0x00, 0x00, 0x00,
0x00, 0x00, 0x00, 0x00, 0xDC, 0xFF, 0x4C, 0x00, 0x00, 0x00, 0x00, 0x00, 0x00, 0x00, 0x84, 0xFF,
0xA4, 0x00, 0x00, 0x00, 0x00, 0x00, 0x00, 0x00, 0x00, 0x00, 0xDC, 0xFF, 0x4C, 0x00, 0x00, 0x00,
0x00, 0x00, 0x00, 0x00, 0x84, 0xFF, 0xA4, 0x00, 0x00, 0x00, 0x00, 0x00, 0x00, 0x00, 0x00, 0x00,
0xDC, 0xFF, 0x4C, 0x00, 0x00, 0x00, 0x00, 0x00, 0x00, 0x00, 0x84, 0xFF, 0xA4, 0x00, 0x00, 0x00,
0x00, 0x00, 0x00, 0x00, 0x00, 0x00, 0xDC, 0xFF, 0x4C, 0x00, 0x00, 0x00, 0x00, 0x00, 0x00, 0x00,
0x84, 0xFF, 0xA4, 0x00, 0x00, 0x00, 0x00, 0x00, 0x00, 0x00, 0x00, 0x00, 0xDC, 0xFF, 0x4C, 0x00,
0x00, 0x00, 0x00, 0x00, 0x00, 0x00, 0x84, 0xFF, 0xA4, 0x00, 0x00, 0x00, 0x00, 0x00, 0x00, 0x00,
0x00, 0x00, 0xDC, 0xFF, 0x4C, 0x00, 0x00, 0x00, 0x00, 0x00, 0x00, 0x00, 0x84, 0xFF, 0xA4, 0x00,
0x00, 0x00, 0x00, 0x00, 0x00, 0x00, 0x00, 0x00, 0xDC, 0xFF, 0x4C, 0x00, 0x00, 0x00, 0x00, 0x00,
0x00, 0x00, 0x84, 0xFF, 0xA4, 0x00, 0x00, 0x00, 0x00, 0x00, 0x00, 0x00, 0x00, 0x00, 0xDC, 0xFF,
0xFF, 0xFF, 0xFF, 0xFF, 0xFF, 0xFF, 0xFF, 0xFF, 0xFF, 0xFF, 0xFF, 0xFF, 0xFF, 0x08, 0x00, 0x00,
0x00, 0x00, 0x00, 0x00, 0xDC, 0xFF, 0xFF, 0xFF, 0xFF, 0xFF, 0xFF, 0xFF, 0xFF, 0xFF, 0xFF, 0xFF,
0xFF, 0xFF, 0xFF, 0x08, 0x00, 0x00, 0x00, 0x00, 0x00, 0x00, 0x00, 0x00, 0x00, 0x00, 0x00, 0x00,
0x00, 0x00, 0x00, 0x00, 0x00, 0x00, 0x00, 0xC8, 0xFF, 0x08, 0x00, 0x00, 0x00, 0x00, 0x00, 0x00,
0x00, 0x00, 0x00, 0x00, 0x00, 0x00, 0x00, 0x00, 0x00, 0x00, 0x00, 0x00, 0x00, 0xA6, 0xFF, 0x08,
0x00, 0x00, 0x00, 0x00, 0x00, 0x00, 0x00, 0x00, 0x00, 0x00, 0x00, 0x00, 0x00, 0x00, 0x00, 0x00,
0x00, 0x00, 0x00, 0x85, 0xFF, 0x08, 0xF4, 0xFF, 0xFF, 0xFF, 0xFF, 0xFF, 0xFF, 0xFF, 0xFF, 0xFF,
0x1C, 0x24, 0xFF, 0xF0, 0x00, 0x00, 0xF4, 0xFF, 0xFF, 0xFF, 0xFF, 0xFF, 0xFF, 0xFF, 0xFF, 0xFF,
0x1C, 0x24, 0xFF, 0xF0, 0x00, 0x00, 0x00, 0x00, 0x00, 0x00, 0xDC, 0xFF, 0x38, 0x00, 0x00, 0x00,
0x00, 0x24, 0xFF, 0xF0, 0x00, 0x00, 0x00, 0x00, 0x00, 0x00, 0xDC, 0xFF, 0x38, 0x00, 0x00, 0x00,
0x00, 0x24, 0xFF, 0xF0, 0x00, 0x00, 0x00, 0x00, 0x00, 0x00, 0xDC, 0xFF, 0x38, 0x00, 0x00, 0x00,
0x00, 0x24, 0xFF, 0xF0, 0x00, 0x00, 0x00, 0x00, 0x00, 0x00, 0xDC, 0xFF, 0x38, 0x00, 0x00, 0x00,
0x00, 0x24, 0xFF, 0xF0, 0x00, 0x00, 0x00, 0x00, 0x00, 0x00, 0xDC, 0xFF, 0x38, 0x00, 0x00, 0x00,
0x00, 0x24, 0xFF, 0xF0, 0x00, 0x00, 0x00, 0x00, 0x00, 0x00, 0xDC, 0xFF, 0x38, 0x00, 0x00, 0x00,
0x00, 0x24, 0xFF, 0xF0, 0x00, 0x00, 0x00, 0x00, 0x00, 0x00, 0xDC, 0xFF, 0x38, 0x00, 0x00, 0x00,
0x00, 0x24, 0xFF, 0xF0, 0x00, 0x00, 0x00, 0x00, 0x00, 0x00, 0xDC, 0xFF, 0x38, 0x00, 0x00, 0x00,
0x00, 0x24, 0xFF, 0xF0, 0x00, 0x00, 0x00, 0x00, 0x00, 0x00, 0xDC, 0xFF, 0x38, 0x00, 0x00, 0x00,
0x00, 0x24, 0xFF, 0xF0, 0x00, 0x00, 0x00, 0x00, 0x00, 0x00, 0xDC, 0xFF, 0xFF, 0xFF, 0xFF, 0xFF,
0xFF, 0xFF, 0xFF, 0xFF, 0xFF, 0xD0, 0x00, 0x00, 0x00, 0x00, 0xDC, 0xFF, 0xFF, 0xFF, 0xFF, 0xFF,
0xFF, 0xFF, 0xFF, 0xFF, 0xFF, 0xD0, 0x00, 0x00, 0x00, 0x00, 0x00, 0x00, 0x00, 0x00, 0x00, 0x00,
0x00, 0x00, 0x00, 0x00, 0xEC, 0xD0, 0x00, 0x00, 0x00, 0x00, 0x00, 0x00, 0x00, 0x00, 0x00, 0x00,
0x00, 0x00, 0x00, 0x00, 0xCA, 0xD0, 0x00, 0x00, 0x00, 0x00, 0x00, 0x00, 0x00, 0x00, 0x00, 0x00,
0x00, 0x00, 0x00, 0x00, 0xA9, 0xD0, 0x0C, 0xFF, 0xFF, 0x1C, 0x00, 0x00, 0x00, 0x00, 0x00, 0x00,
0xA4, 0xFF, 0x84, 0x00, 0x00, 0x0C, 0xFF, 0xFF, 0x1C, 0x00, 0x00, 0x00, 0x00, 0x00, 0x00, 0xA4,
0xFF, 0x84, 0x00, 0x00, 0x0C, 0xFF, 0xFF, 0x1C, 0x00, 0x00, 0x00, 0x00, 0x00, 0x00, 0xA4, 0xFF,
0x84, 0x00, 0x00, 0x0C, 0xFF, 0xFF, 0x1C, 0x00, 0x00, 0x00, 0x00, 0x00, 0x00, 0xA4, 0xFF, 0x84,
0x00, 0x00, 0x0C, 0xFF, 0xFF, 0x1C, 0x00, 0x00, 0x00, 0x00, 0x00, 0x00, 0xA4, 0xFF, 0x84, 0x00,
0x00, 0x0C, 0xFF, 0xFF, 0x1D, 0x00, 0x00, 0x00, 0x00, 0x00, 0x00, 0xA4, 0xFF, 0x84, 0x00, 0x00,
0x05, 0xFF, 0xFF, 0x38, 0x00, 0x00, 0x00, 0x00, 0x00, 0x00, 0xA4, 0xFF, 0x84, 0x00, 0x00, 0x00,
0xEB, 0xFF, 0x87, 0x00, 0x00, 0x00, 0x00, 0x00, 0x00, 0xA7, 0xFF, 0x84, 0x00, 0x00, 0x00, 0xA4,
0xFF, 0xF9, 0x78, 0x1E, 0x05, 0x16, 0x49, 0xA5, 0xFE, 0xFF, 0x84, 0x00, 0x00, 0x00, 0x24, 0xED,
0xFF, 0xFF, 0xFF, 0xFF, 0xFF, 0xFF, 0xFF, 0xF4, 0xFF, 0x84, 0x00, 0x00, 0x00, 0x00, 0x21, 0x9E,
0xD7, 0xF4, 0xF5, 0xD6, 0x94, 0x32, 0xA4, 0xFF, 0x84, 0x00, 0x00, 0x00, 0x00, 0x00, 0x00, 0x00,
0x00, 0x00, 0x00, 0x00, 0x00, 0xA4, 0xFF, 0x84, 0x00, 0x00, 0x00, 0x00, 0x00, 0x00, 0x00, 0x00,
0x00, 0x00, 0x00, 0x00, 0xA4, 0xFF, 0x84, 0x00, 0x00, 0x00, 0x00, 0x00, 0x00, 0x00, 0x00, 0x00,
0x00, 0x00, 0x00, 0xA4, 0xFF, 0x84, 0x00, 0x00, 0x00, 0x00, 0x00, 0x00, 0x00, 0x00, 0x00, 0x00,
0x00, 0x00, 0xA4, 0xFF, 0x84, 0x00, 0x00, 0x00, 0x00, 0x00, 0x00, 0x00, 0x00, 0x00, 0x00, 0x00,
0x00, 0xA4, 0xFF, 0x84, 0x00, 0x00, 0x00, 0x00, 0x00, 0x00, 0x00, 0x00, 0x00, 0x00, 0x00, 0x00,
0xA4, 0xFF, 0xFF, 0xFF, 0xE8, 0x00, 0x00, 0x00, 0x00, 0x00, 0x00, 0x00, 0x00, 0x00, 0x00, 0xA4,
0xFF, 0xFF, 0xFF, 0xE8, 0x00, 0x00, 0x00, 0x00, 0x00, 0x00, 0x00, 0x00, 0x00, 0x00, 0x00, 0x00,
0x00, 0xEC, 0xE8, 0x00, 0x00, 0x00, 0x00, 0x00, 0x00, 0x00, 0x00, 0x00, 0x00, 0x00, 0x00, 0x00,
0xCA, 0xE8, 0x00, 0x00, 0x00, 0x00, 0x00, 0x00, 0x00, 0x00, 0x00, 0x00, 0x00, 0x00, 0x00, 0xA9,
0xE8, 0xB8, 0xFF, 0x5C, 0x00, 0x00, 0x00, 0x00, 0x58, 0xFF, 0xBC, 0x00, 0x00, 0xB8, 0xFF, 0x5C,
0x00, 0x00, 0x00, 0x00, 0x58, 0xFF, 0xBC, 0x00, 0x00, 0xB8, 0xFF, 0x5C, 0x00, 0x00, 0x00, 0x00,
0x58, 0xFF, 0xBC, 0x00, 0x00, 0xB8, 0xFF, 0x5C, 0x00, 0x00, 0x00, 0x00, 0x58, 0xFF, 0xBC, 0x00,
0x00, 0xB4, 0xFF, 0x66, 0x00, 0x00, 0x00, 0x00, 0x58, 0xFF, 0xBC, 0x00, 0x00, 0xA5, 0xFF, 0x90,
0x00, 0x00, 0x00, 0x00, 0x58, 0xFF, 0xBC, 0x00, 0x00, 0x77, 0xFF, 0xEF, 0x40, 0x04, 0x10, 0x49,
0xC7, 0xFF, 0xBC, 0x00, 0x00, 0x1B, 0xF3, 0xFF, 0xFF, 0xFF, 0xFF, 0xFF, 0xFF, 0xFF, 0xBC, 0x00,
0x00, 0x00, 0x3B, 0xBF, 0xEA, 0xF9, 0xE1, 0x9A, 0x7C, 0xFF, 0xBC, 0x00, 0x00, 0x00, 0x00, 0x00,
0x00, 0x00, 0x00, 0x00, 0x58, 0xFF, 0xBC, 0x00, 0x00, 0x00, 0x00, 0x00, 0x00, 0x00, 0x00, 0x00,
0x58, 0xFF, 0xBC, 0x00, 0x00, 0x00, 0x00, 0x00, 0x00, 0x00, 0x00, 0x00, 0x58, 0xFF, 0xFF, 0xFF,
0xA8, 0x00, 0x00, 0x00, 0x00, 0x00, 0x00, 0x00, 0x58, 0xFF, 0xFF, 0xFF, 0xA8, 0x00, 0x00, 0x00,
0x00, 0x00, 0x00, 0x00, 0x00, 0x00, 0x0F, 0xFF, 0xA8, 0x00, 0x00, 0x00, 0x00, 0x00, 0x00, 0x00,
0x00, 0x00, 0x00, 0xEE, 0xA8, 0x00, 0x00, 0x00, 0x00, 0x00, 0x00, 0x00, 0x00, 0x00, 0x00, 0xCD,
0xA8, 0x0C, 0xFF, 0xFF, 0x1C, 0x00, 0x00, 0x00, 0x00, 0x00, 0x00, 0x70, 0xFF, 0xBC, 0x0C, 0xFF,
0xFF, 0x1C, 0x00, 0x00, 0x00, 0x00, 0x00, 0x00, 0x70, 0xFF, 0xBC, 0x0C, 0xFF, 0xFF, 0x1C, 0x00,
0x00, 0x00, 0x00, 0x00, 0x00, 0x70, 0xFF, 0xBC, 0x0C, 0xFF, 0xFF, 0x1C, 0x00, 0x00, 0x00, 0x00,
0x00, 0x00, 0x70, 0xFF, 0xBC, 0x0C, 0xFF, 0xFF, 0x1C, 0x00, 0x00, 0x00, 0x00, 0x00, 0x00, 0x70,
0xFF, 0xBC, 0x0C, 0xFF, 0xFF, 0x1D, 0x00, 0x00, 0x00, 0x00, 0x00, 0x00, 0x70, 0xFF, 0xBC, 0x05,
0xFF, 0xFF, 0x37, 0x00, 0x00, 0xF4, 0xC4, 0x00, 0x00, 0x70, 0xFF, 0xBC, 0x00, 0xED, 0xFF, 0x86,
0x00, 0x00, 0xF4, 0xC4, 0x00, 0x00, 0x74, 0xFF, 0xBC, 0x00, 0xA8, 0xFF, 0xF9, 0x75, 0x1C, 0xF4,
0xCC, 0x4B, 0x9A, 0xF9, 0xFF, 0xBC, 0x00, 0x26, 0xEF, 0xFF, 0xFF, 0xFF, 0xFF, 0xFF, 0xFF, 0xFF,
0xF3, 0xFF, 0xBC, 0x00, 0x00, 0x22, 0x9C, 0xD5, 0xF1, 0xFF, 0xF2, 0x9B, 0x47, 0x70, 0xFF, 0xBC,
0x00, 0x00, 0x00, 0x00, 0x00, 0x00, 0xF4, 0xC4, 0x00, 0x00, 0x70, 0xFF, 0xBC, 0x00, 0x00, 0x00,
0x00, 0x00, 0x00, 0xF4, 0xC4, 0x00, 0x00, 0x70, 0xFF, 0xBC, 0x00, 0x00, 0x00, 0x00, 0x00, 0x00,
0xF4, 0xC4, 0x00, 0x00, 0x70, 0xFF, 0xBC, 0x00, 0x00, 0x00, 0x00, 0x00, 0x00, 0x00, 0x00, 0x00,
0x00, 0x70, 0xFF, 0xBC, 0x00, 0x00, 0x00, 0x00, 0x00, 0x00, 0x00, 0x00, 0x00, 0x00, 0x70, 0xFF,
0xBC, 0x00, 0x00, 0x00, 0x00, 0x00, 0x00, 0x00, 0x00, 0x00, 0x00, 0x70, 0xFF, 0xBC, 0x00, 0x00,
0x00, 0x00, 0x00, 0x00, 0x00, 0x00, 0x00, 0x00, 0x70, 0xFF, 0xBC, 0xB8, 0xFF, 0x5C, 0x00, 0x00,
0x00, 0x00, 0x28, 0xFF, 0xEC, 0xB8, 0xFF, 0x5C, 0x00, 0x00, 0x00, 0x00, 0x28, 0xFF, 0xEC, 0xB8,
0xFF, 0x5C, 0x00, 0x00, 0x00, 0x00, 0x28, 0xFF, 0xEC, 0xB8, 0xFF, 0x5C, 0x00, 0x00, 0x00, 0x00,
0x28, 0xFF, 0xEC, 0xB4, 0xFF, 0x65, 0x00, 0xAC, 0xF8, 0x00, 0x28, 0xFF, 0xEC, 0xA5, 0xFF, 0x8B,
0x00, 0xAC, 0xF8, 0x00, 0x28, 0xFF, 0xEC, 0x77, 0xFF, 0xEF, 0x46, 0xAF, 0xF8, 0x44, 0xB1, 0xFF,
0xEC, 0x1B, 0xF2, 0xFF, 0xFF, 0xFF, 0xFF, 0xFF, 0xFF, 0xFF, 0xEC, 0x00, 0x37, 0xBA, 0xE6, 0xFE,
0xFE, 0xAC, 0x64, 0xFF, 0xEC, 0x00, 0x00, 0x00, 0x00, 0xAC, 0xF8, 0x00, 0x28, 0xFF, 0xEC, 0x00,
0x00, 0x00, 0x00, 0xAC, 0xF8, 0x00, 0x28, 0xFF, 0xEC, 0x00, 0x00, 0x00, 0x00, 0xAC, 0xF8, 0x00,
0x28, 0xFF, 0xEC, 0x00, 0x00, 0x00, 0x00, 0x00, 0x00, 0x00, 0x28, 0xFF, 0xEC, 0xCC, 0xFF, 0x60,
0x00, 0x00, 0x00, 0x00, 0x00, 0x00, 0x00, 0x00, 0x00, 0xCC, 0xFF, 0x60, 0x00, 0x00, 0x00, 0x00,
0x00, 0x00, 0x00, 0x00, 0x00, 0xCC, 0xFF, 0x60, 0x00, 0x00, 0x00, 0x00, 0x00, 0x00, 0x00, 0x00,
0x00, 0xCC, 0xFF, 0x60, 0x00, 0x00, 0x00, 0x00, 0x00, 0x00, 0x00, 0x00, 0x00, 0xCC, 0xFF, 0x60,
0x00, 0x00, 0x00, 0x00, 0x00, 0x00, 0x00, 0x00, 0x00, 0xCC, 0xFF, 0x60, 0x00, 0x00, 0x00, 0x00,
0x00, 0x00, 0x00, 0x00, 0x00, 0xCC, 0xFF, 0x60, 0x00, 0x00, 0x00, 0x00, 0x00, 0x00, 0x00, 0x00,
0x00, 0xCC, 0xFF, 0x67, 0x5C, 0xAF, 0xE4, 0xF9, 0xEC, 0xCD, 0x83, 0x0C, 0x00, 0xCC, 0xFF, 0xFB,
0xFF, 0xFF, 0xFF, 0xFF, 0xFF, 0xFF, 0xFF, 0xCA, 0x06, 0xCC, 0xFF, 0xFF, 0xD1, 0x5B, 0x19, 0x08,
0x2B, 0xA3, 0xFF, 0xFF, 0x64, 0xCC, 0xFF, 0xA9, 0x04, 0x00, 0x00, 0x00, 0x00, 0x01, 0xC8, 0xFF,
0xAD, 0xCC, 0xFF, 0x60, 0x00, 0x00, 0x00, 0x00, 0x00, 0x00, 0x7A, 0xFF, 0xC8, 0xCC, 0xFF, 0x60,
0x00, 0x00, 0x00, 0x00, 0x00, 0x00, 0x5E, 0xFF, 0xD0, 0xCC, 0xFF, 0x60, 0x00, 0x00, 0x00, 0x00,
0x00, 0x00, 0x5C, 0xFF, 0xD0, 0xCC, 0xFF, 0x60, 0x00, 0x00, 0x00, 0x00, 0x00, 0x00, 0x5C, 0xFF,
0xD0, 0xCC, 0xFF, 0x60, 0x00, 0x00, 0x00, 0x00, 0x00, 0x00, 0x5C, 0xFF, 0xD0, 0xCC, 0xFF, 0x60,
0x00, 0x00, 0x00, 0x00, 0x00, 0x00, 0x5C, 0xFF, 0xD0, 0xCC, 0xFF, 0x60, 0x00, 0x00, 0x00, 0x00,
0x00, 0x00, 0x5C, 0xFF, 0xD0, 0xFF, 0xFF, 0x14, 0x00, 0x00, 0x00, 0x00, 0x00, 0x00, 0x00, 0x00,
0xFF, 0xFF, 0x14, 0x00, 0x00, 0x00, 0x00, 0x00, 0x00, 0x00, 0x00, 0xFF, 0xFF, 0x14, 0x00, 0x00,
0x00, 0x00, 0x00, 0x00, 0x00, 0x00, 0xFF, 0xFF, 0x14, 0x00, 0x00, 0x00, 0x00, 0x00, 0x00, 0x00,
0x00, 0xFF, 0xFF, 0x14, 0x00, 0x00, 0x00, 0x00, 0x00, 0x00, 0x00, 0x00, 0xFF, 0xFF, 0x14, 0x55,
0xC1, 0xF0, 0xF9, 0xDD, 0x8C, 0x09, 0x00, 0xFF, 0xFF, 0xA6, 0xFF, 0xFF, 0xFF, 0xFF, 0xFF, 0xFF,
0xA8, 0x00, 0xFF, 0xFF, 0xFF, 0xB6, 0x34, 0x08, 0x20, 0xB6, 0xFF, 0xFD, 0x18, 0xFF, 0xFF, 0xB1,
0x02, 0x00, 0x00, 0x00, 0x0E, 0xF8, 0xFF, 0x4B, 0xFF, 0xFF, 0x30, 0x00, 0x00, 0x00, 0x00, 0x00,
0xC4, 0xFF, 0x62, 0xFF, 0xFF, 0x14, 0x00, 0x00, 0x00, 0x00, 0x00, 0xB0, 0xFF, 0x6B, 0xFF, 0xFF,
0x14, 0x00, 0x00, 0x00, 0x00, 0x00, 0xA8, 0xFF, 0x6C, 0xFF, 0xFF, 0x14, 0x00, 0x00, 0x00, 0x00,
0x00, 0xA8, 0xFF, 0x6C, 0xFF, 0xFF, 0x14, 0x00, 0x00, 0x00, 0x00, 0x00, 0xA8, 0xFF, 0x6C, 0xFF,
0xFF, 0x14, 0x00, 0x00, 0x00, 0x00, 0x00, 0xA8, 0xFF, 0x6C, 0xFF, 0xFF, 0x14, 0x00, 0x00, 0x00,
0x00, 0x00, 0xA8, 0xFF, 0x6C, 0xFF, 0xFF, 0x14, 0x00, 0x00, 0x00, 0x00, 0x00, 0xA8, 0xFF, 0x6C,
0xFF, 0xFF, 0x14, 0x00, 0x00, 0x00, 0x00, 0x00, 0xA8, 0xFF, 0x6C, 0x00, 0x00, 0x00, 0x00, 0x00,
0x00, 0x00, 0x00, 0x25, 0x93, 0xD6, 0xF2, 0xF7, 0xDF, 0xA4, 0x3A, 0x00, 0x00, 0x00, 0x00, 0x00,
0x00, 0x00, 0x00, 0x00, 0x00, 0x6A, 0xFA, 0xFF, 0xFF, 0xFF, 0xFF, 0xFF, 0xFF, 0xFF, 0x89, 0x00,
0x00, 0x00, 0x00, 0x00, 0x00, 0x00, 0x00, 0x58, 0xFF, 0xFF, 0xB2, 0x3F, 0x0E, 0x09, 0x34, 0xA5,
0xFF, 0xFF, 0x69, 0x00, 0x00, 0x00, 0x00, 0x00, 0x00, 0x0B, 0xED, 0xFF, 0x96, 0x00, 0x00, 0x00,
0x00, 0x00, 0x00, 0x8D, 0xFF, 0xEC, 0x08, 0x00, 0x00, 0x00, 0x00, 0x00, 0x67, 0xFF, 0xE4, 0x08,
0x00, 0x00, 0x00, 0x00, 0x00, 0x00, 0x07, 0xE9, 0xFF, 0x50, 0x96, 0xFF, 0x61, 0x00, 0x00, 0xB1,
0xFF, 0x85, 0x00, 0x00, 0x00, 0x00, 0x00, 0x00, 0x00, 0x00, 0xA0, 0xFF, 0x86, 0xEE, 0xFF, 0x17,
0x00, 0x00, 0xE5, 0xFF, 0x46, 0x00, 0x00, 0x00, 0x00, 0x00, 0x00, 0x00, 0x00, 0x81, 0xFF, 0x9E,
0xDE, 0xFF, 0x78, 0x05, 0x04, 0xFD, 0xFF, 0x25, 0x00, 0x00, 0x00, 0x00, 0x00, 0x00, 0x00, 0x00,
0x89, 0xFF, 0xA5, 0x84, 0xFF, 0xFF, 0xFB, 0xF2, 0xFF, 0xFF, 0xFF, 0xFF, 0xFF, 0xFF, 0xFF, 0xFF,
0xFF, 0xFF, 0xFF, 0xFF, 0xFF, 0x91, 0x05, 0x84, 0xDB, 0xFA, 0xFF, 0xFF, 0xFF, 0xFF, 0xFF, 0xFF,
0xFF, 0xFF, 0xFF, 0xFF, 0xFF, 0xFF, 0xFF, 0xFF, 0x7B, 0x00, 0x00, 0x00, 0x00, 0x05, 0xFE, 0xFF,
0x2F, 0x00, 0x00, 0x00, 0x00, 0x00, 0x00, 0x00, 0x00, 0x00, 0x00, 0x00, 0x00, 0x00, 0x00, 0x00,
0x00, 0xE8, 0xFF, 0x56, 0x00, 0x00, 0x00, 0x00, 0x00, 0x00, 0x00, 0x00, 0x00, 0x00, 0x00, 0x00,
0x00, 0x00, 0x00, 0x00, 0xB6, 0xFF, 0x9C, 0x00, 0x00, 0x00, 0x00, 0x00, 0x00, 0x00, 0x00, 0x00,
0x00, 0x00, 0x00, 0x00, 0x00, 0x00, 0x00, 0x6B, 0xFF, 0xF6, 0x1A, 0x00, 0x00, 0x00, 0x00, 0x00,
0x00, 0x00, 0x00, 0x00, 0x00, 0x00, 0x00, 0x00, 0x00, 0x00, 0x0A, 0xE8, 0xFF, 0xC5, 0x10, 0x00,
0x00, 0x00, 0x00, 0x00, 0x00, 0x00, 0x00, 0x00, 0x00, 0x00, 0x00, 0x00, 0x00, 0x00, 0x4B, 0xFD,
0xFF, 0xE2, 0x71, 0x29, 0x0A, 0x06, 0x23, 0x64, 0xC8, 0x19, 0x00, 0x00, 0x00, 0x00, 0x00, 0x00,
0x00, 0x00, 0x53, 0xF1, 0xFF, 0xFF, 0xFF, 0xFF, 0xFF, 0xFF, 0xFF, 0xFF, 0x62, 0x00, 0x00, 0x00,
0x00, 0x00, 0x00, 0x00, 0x00, 0x00, 0x13, 0x7B, 0xC1, 0xEA, 0xFB, 0xF6, 0xE0, 0xB0, 0x66, 0x0E,
0x00, 0x00, 0x00, 0x00, 0x00, 0x00, 0x00, 0x27, 0x9B, 0xDE, 0xF9, 0xEB, 0xC9, 0x74, 0x06, 0x00,
0x26, 0xF3, 0xC8, 0x0C, 0x00, 0x4B, 0xF7, 0xFF, 0xFF, 0xFF, 0xFF, 0xFF, 0xFF, 0xB1, 0x00, 0x9E,
0xFF, 0x38, 0x00, 0x15, 0xF0, 0xFF, 0xAE, 0x35, 0x0C, 0x17, 0x67, 0xF5, 0xFF, 0x4C, 0xC5, 0xFF,
0x1E, 0x00, 0x77, 0xFF, 0xC4, 0x03, 0x00, 0x00, 0x00, 0x00, 0x83, 0xFF, 0x9A, 0xAA, 0xFF, 0x96,
0x14, 0xBA, 0xFF, 0x6C, 0x00, 0x00, 0x00, 0x00, 0x00, 0x4C, 0xFF, 0xB7, 0x45, 0xFF, 0xFF, 0xFF,
0xFF, 0xFF, 0xFF, 0xFF, 0xFF, 0xFF, 0xFF, 0xFF, 0xFF, 0xFF, 0xBB, 0x00, 0x53, 0xD7, 0xFE, 0xFF,
0xFF, 0xFF, 0xFF, 0xFF, 0xFF, 0xFF, 0xFF, 0xFF, 0xFF, 0xA6, 0x00, 0x00, 0x00, 0x03, 0xDB, 0xFF,
0x55, 0x00, 0x00, 0x00, 0x00, 0x00, 0x00, 0x00, 0x00, 0x00, 0x00, 0x00, 0x00, 0xBC, 0xFF, 0x7D,
0x00, 0x00, 0x00, 0x00, 0x00, 0x00, 0x00, 0x00, 0x00, 0x00, 0x00, 0x00, 0x7D, 0xFF, 0xE7, 0x0C,
0x00, 0x00, 0x00, 0x00, 0x00, 0x00, 0x00, 0x00, 0x00, 0x00, 0x00, 0x19, 0xF3, 0xFF, 0xCA, 0x48,
0x11, 0x04, 0x1F, 0x6A, 0xA2, 0x00, 0x00, 0x00, 0x00, 0x00, 0x00, 0x52, 0xF9, 0xFF, 0xFF, 0xFF,
0xFF, 0xFF, 0xFF, 0xFE, 0x23, 0x00, 0x00, 0x00, 0x00, 0x00, 0x00, 0x2A, 0x9E, 0xDF, 0xF9, 0xF8,
0xE0, 0xAF, 0x5F, 0x06, 0x00, 0x00, 0x00, 0x00, 0x00, 0x00, 0x00, 0x00, 0x25, 0x93, 0xD6, 0xF2,
0xF7, 0xDF, 0xA4, 0x3A, 0x00, 0x00, 0x00, 0x00, 0x00, 0x00, 0x00, 0x00, 0x00, 0x00, 0x6A, 0xFA,
0xFF, 0xFF, 0xFF, 0xFF, 0xFF, 0xFF, 0xFF, 0x89, 0x00, 0x00, 0x00, 0x00, 0x00, 0x00, 0x00, 0x00,
0x58, 0xFF, 0xFF, 0xB2, 0x3F, 0x0E, 0x09, 0x34, 0xA5, 0xFF, 0xFF, 0x69, 0x00, 0x00, 0x00, 0x00,
0x00, 0x00, 0x0B, 0xED, 0xFF, 0x96, 0x00, 0x00, 0x00, 0x00, 0x00, 0x00, 0x8D, 0xFF, 0xEC, 0x08,
0x00, 0x00, 0x00, 0x00, 0x00, 0x67, 0xFF, 0xE4, 0x08, 0x00, 0x00, 0x00, 0x00, 0x00, 0x00, 0x07,
0xE9, 0xFF, 0x50, 0x96, 0xFF, 0x61, 0x00, 0x00, 0xB1, 0xFF, 0x85, 0x00, 0x00, 0x00, 0x00, 0x00,
0x00, 0x00, 0x00, 0xA0, 0xFF, 0x86, 0xEE, 0xFF, 0x17, 0x00, 0x00, 0xE5, 0xFF, 0x46, 0x00, 0x00,
0x00, 0x00, 0x00, 0x00, 0x00, 0x00, 0x81, 0xFF, 0x9E, 0xDE, 0xFF, 0x78, 0x05, 0x04, 0xFD, 0xFF,
0x25, 0x00, 0x00, 0x00, 0x00, 0x00, 0x00, 0x00, 0x00, 0x89, 0xFF, 0xA5, 0x84, 0xFF, 0xFF, 0xFB,
0xF2, 0xFF, 0xFF, 0xFF, 0xFF, 0xFF, 0xFF, 0xFF, 0xFF, 0xFF, 0xFF, 0xFF, 0xFF, 0xFF, 0x91, 0x05,
0x84, 0xDB, 0xFA, 0xFF, 0xFF, 0xFF, 0xFF, 0xFF, 0xFF, 0xFF, 0xFF, 0xFF, 0xFF, 0xFF, 0xFF, 0xFF,
0xFF, 0x7B, 0x00, 0x00, 0x00, 0x00, 0x05, 0xFE, 0xFF, 0x2F, 0x00, 0x00, 0x00, 0x00, 0x00, 0x00,
0x00, 0x00, 0x00, 0x00, 0x00, 0x00, 0x00, 0x00, 0x00, 0x00, 0xE9, 0xFF, 0x55, 0x00, 0x00, 0x00,
0x00, 0x00, 0x00, 0x00, 0x00, 0x00, 0x00, 0x00, 0x00, 0x00, 0x00, 0x00, 0x00, 0xB7, 0xFF, 0x9B,
0x00, 0x00, 0x00, 0x00, 0x00, 0x00, 0x00, 0x00, 0x00, 0x00, 0x00, 0x00, 0x00, 0x00, 0x00, 0x00,
0x6D, 0xFF, 0xF5, 0x18, 0x00, 0x00, 0x00, 0x00, 0x00, 0x00, 0x00, 0x00, 0x00, 0x00, 0x00, 0x00,
0x00, 0x00, 0x00, 0x0F, 0xED, 0xFF, 0xC1, 0x0D, 0x00, 0x00, 0x00, 0x00, 0x00, 0x00, 0x00, 0x00,
0x00, 0x00, 0x00, 0x00, 0x00, 0x00, 0x00, 0x53, 0xFD, 0xFF, 0xDE, 0x6B, 0x25, 0x08, 0x06, 0x23,
0x64, 0xC8, 0x19, 0x00, 0x00, 0x00, 0x00, 0x00, 0x00, 0x00, 0x00, 0x57, 0xF0, 0xFF, 0xFF, 0xFF,
0xFF, 0xFF, 0xFF, 0xFF, 0xFF, 0x62, 0x00, 0x00, 0x00, 0x00, 0x00, 0x00, 0x00, 0x00, 0x00, 0x16,
0x7B, 0xC3, 0xFD, 0xFF, 0xFA, 0xE4, 0xB6, 0x6A, 0x0F, 0x00, 0x00, 0x00, 0x00, 0x00, 0x00, 0x00,
0x00, 0x00, 0x00, 0x00, 0x00, 0xDE, 0xFF, 0x3E, 0x00, 0x00, 0x00, 0x00, 0x00, 0x00, 0x00, 0x00,
0x00, 0x00, 0x00, 0x00, 0x00, 0x00, 0x00, 0x00, 0xC5, 0xFF, 0x2C, 0x00, 0x00, 0x00, 0x00, 0x00,
0x00, 0x00, 0x00, 0x00, 0x00, 0x00, 0x00, 0x00, 0x00, 0x00, 0x00, 0xAD, 0xFF, 0x19, 0x00, 0x00,
0x00, 0x00, 0x00, 0x00, 0x00, 0x00, 0x00, 0x00, 0x00, 0x00, 0x00, 0x00, 0x00, 0x00, 0x95, 0xFF,
0x07, 0x00, 0x00, 0x00, 0x00, 0x00, 0x00, 0x00, 0x00, 0x00, 0x00, 0x00, 0x00, 0x00, 0x00, 0x00,
0x00, 0x7C, 0xF5, 0x00, 0x00, 0x00, 0x00, 0x00, 0x00, 0x00, 0x00, 0x00, 0x00, 0x00, 0x00, 0x27,
0x9B, 0xDE, 0xF9, 0xEB, 0xC9, 0x74, 0x06, 0x00, 0x26, 0xF3, 0xC8, 0x0C, 0x00, 0x4B, 0xF7, 0xFF,
0xFF, 0xFF, 0xFF, 0xFF, 0xFF, 0xB1, 0x00, 0x9F, 0xFF, 0x38, 0x00, 0x15, 0xF0, 0xFF, 0xAE, 0x35,
0x0C, 0x17, 0x67, 0xF5, 0xFF, 0x4C, 0xC5, 0xFF, 0x1E, 0x00, 0x77, 0xFF, 0xC4, 0x03, 0x00, 0x00,
0x00, 0x00, 0x83, 0xFF, 0x9A, 0xAA, 0xFF, 0x96, 0x14, 0xBA, 0xFF, 0x6C, 0x00, 0x00, 0x00, 0x00,
0x00, 0x4C, 0xFF, 0xB7, 0x45, 0xFF, 0xFF, 0xFF, 0xFF, 0xFF, 0xFF, 0xFF, 0xFF, 0xFF, 0xFF, 0xFF,
0xFF, 0xFF, 0xBB, 0x00, 0x53, 0xD7, 0xFE, 0xFF, 0xFF, 0xFF, 0xFF, 0xFF, 0xFF, 0xFF, 0xFF, 0xFF,
0xFF, 0xA6, 0x00, 0x00, 0x00, 0x03, 0xDC, 0xFF, 0x55, 0x00, 0x00, 0x00, 0x00, 0x00, 0x00, 0x00,
0x00, 0x00, 0x00, 0x00, 0x00, 0xBE, 0xFF, 0x7E, 0x00, 0x00, 0x00, 0x00, 0x00, 0x00, 0x00, 0x00,
0x00, 0x00, 0x00, 0x00, 0x7F, 0xFF, 0xE8, 0x0E, 0x00, 0x00, 0x00, 0x00, 0x00, 0x00, 0x00, 0x00,
0x00, 0x00, 0x00, 0x1D, 0xF6, 0xFF, 0xCF, 0x4D, 0x12, 0x04, 0x1F, 0x6A, 0xA2, 0x00, 0x00, 0x00,
0x00, 0x00, 0x00, 0x60, 0xFD, 0xFF, 0xFF, 0xFF, 0xFF, 0xFF, 0xFF, 0xFE, 0x23, 0x00, 0x00, 0x00,
0x00, 0x00, 0x00, 0x38, 0xAE, 0xEE, 0xFF, 0xFF, 0xE4, 0xB3, 0x5A, 0x05, 0x00, 0x00, 0x00, 0x00,
0x00, 0x00, 0x00, 0x00, 0x4B, 0xFF, 0xD5, 0x00, 0x00, 0x00, 0x00, 0x00, 0x00, 0x00, 0x00, 0x00,
0x00, 0x00, 0x00, 0x31, 0xFF, 0xC2, 0x00, 0x00, 0x00, 0x00, 0x00, 0x00, 0x00, 0x00, 0x00, 0x00,
0x00, 0x00, 0x18, 0xFF, 0xAF, 0x00, 0x00, 0x00, 0x00, 0x00, 0x00, 0x00, 0x00, 0x00, 0x00, 0x00,
0x00, 0x02, 0xFC, 0x9C, 0x00, 0x00, 0x00, 0x00, 0x00, 0x00, 0x00, 0x00, 0x00, 0x00, 0x00, 0x00,
0x00, 0xE5, 0x89, 0x00, 0x00, 0x00, 0x00, 0x4C, 0xFF, 0xDC, 0x4C, 0xFF, 0xDC, 0x4C, 0xFF, 0xDC,
0x4C, 0xFF, 0xDC, 0x4C, 0xFF, 0xDC, 0x4C, 0xFF, 0xDC, 0x4C, 0xFF, 0xDC, 0x4C, 0xFF, 0xDC, 0x4C,
0xFF, 0xDC, 0x4C, 0xFF, 0xDC, 0x4C, 0xFF, 0xDC, 0x4C, 0xFF, 0xDC, 0x4C, 0xFF, 0xDC, 0x4C, 0xFF,
0xDC, 0x4C, 0xFF, 0xDC, 0x4C, 0xFF, 0xDC, 0x4C, 0xFF, 0xDC, 0x4C, 0xFF, 0xDC, 0xCC, 0xFF, 0x60,
0x00, 0x00, 0x00, 0x00, 0x00, 0x02, 0xBB, 0xFF, 0xBB, 0x03, 0xCC, 0xFF, 0x60, 0x00, 0x00, 0x00,
0x00, 0x00, 0x82, 0xFF, 0xE1, 0x14, 0x00, 0xCC, 0xFF, 0x60, 0x00, 0x00, 0x00, 0x00, 0x47, 0xFD,
0xF7, 0x33, 0x00, 0x00, 0xCC, 0xFF, 0x60, 0x00, 0x00, 0x00, 0x1C, 0xEB, 0xFF, 0x61, 0x00, 0x00,
0x00, 0xCC, 0xFF, 0x60, 0x00, 0x00, 0x05, 0xC6, 0xFF, 0x97, 0x00, 0x00, 0x00, 0x00, 0xCC, 0xFF,
0x60, 0x00, 0x00, 0x90, 0xFF, 0xC7, 0x06, 0x00, 0x00, 0x00, 0x00, 0xCC, 0xFF, 0x60, 0x00, 0x53,
0xFF, 0xE8, 0x1B, 0x00, 0x00, 0x00, 0x00, 0x00, 0xCC, 0xFF, 0x60, 0x24, 0xF1, 0xE1, 0x36, 0x00,
0x00, 0x00, 0x00, 0x00, 0x00, 0xCC, 0xFF, 0xCC, 0xF2, 0xFD, 0xAE, 0x95, 0x54, 0x06, 0x00, 0x00,
0x00, 0x00, 0xCC, 0xFF, 0xFF, 0xFF, 0xFF, 0xFF, 0xFF, 0xFF, 0xE5, 0x4B, 0x00, 0x00, 0x00, 0xCC,
0xFF, 0x60, 0x01, 0x0E, 0x32, 0x79, 0xE8, 0xFF, 0xFC, 0x46, 0x00, 0x00, 0xCC, 0xFF, 0x60, 0x00,
0x00, 0x00, 0x00, 0x18, 0xD8, 0xFF, 0xDB, 0x02, 0x00, 0xCC, 0xFF, 0x60, 0x00, 0x00, 0x00, 0x00,
0x00, 0x3B, 0xFF, 0xFF, 0x39, 0x00, 0xCC, 0xFF, 0x60, 0x00, 0x00, 0x00, 0x00, 0x00, 0x00, 0xDA,
0xFF, 0x6E, 0x00, 0xCC, 0xFF, 0x60, 0x00, 0x00, 0x00, 0x00, 0x00, 0x00, 0xA5, 0xFF, 0x8E, 0x00,
0xCC, 0xFF, 0x60, 0x00, 0x00, 0x00, 0x00, 0x00, 0x00, 0x90, 0xFF, 0x9B, 0x00, 0xCC, 0xFF, 0x60,
0x00, 0x00, 0x00, 0x00, 0x00, 0x00, 0x8C, 0xFF, 0x9C, 0x00, 0xCC, 0xFF, 0x60, 0x00, 0x00, 0x00,
0x00, 0x00, 0x00, 0x9B, 0xFF, 0x8F, 0x00, 0x00, 0x00, 0x00, 0x00, 0x00, 0x00, 0x00, 0x00, 0x00,
0xC3, 0xFF, 0x70, 0x00, 0x00, 0x00, 0x00, 0x00, 0x00, 0x00, 0x00, 0x00, 0x23, 0xFB, 0xFF, 0x38,
0x00, 0x00, 0x00, 0x00, 0x00, 0x00, 0x00, 0x0D, 0x48, 0xD8, 0xFF, 0xD6, 0x00, 0x00, 0x00, 0x00,
0x00, 0x00, 0x00, 0x2C, 0xFF, 0xFF, 0xFF, 0xF5, 0x3A, 0x00, 0x00, 0x00, 0x00, 0x00, 0x00, 0x00,
0x2A, 0xFD, 0xE9, 0xAB, 0x2E, 0x00, 0x00, 0x00, 0xFF, 0xFF, 0x14, 0x00, 0x00, 0x00, 0x18, 0xE9,
0xFC, 0x41, 0xFF, 0xFF, 0x14, 0x00, 0x00, 0x02, 0xBC, 0xFF, 0x7B, 0x00, 0xFF, 0xFF, 0x14, 0x00,
0x00, 0x7C, 0xFF, 0xB7, 0x01, 0x00, 0xFF, 0xFF, 0x14, 0x00, 0x3C, 0xFC, 0xE2, 0x13, 0x00, 0x00,
0xFF, 0xFF, 0x14, 0x12, 0xE2, 0xFA, 0x39, 0x00, 0x00, 0x00, 0xFF, 0xFF, 0x36, 0xB6, 0xF3, 0x59,
0x00, 0x00, 0x00, 0x00, 0xFF, 0xFF, 0xFF, 0xFF, 0xFD, 0xE0, 0x9A, 0x1F, 0x00, 0x00, 0xFF, 0xFF,
0xFF, 0xFF, 0xFF, 0xFF, 0xFF, 0xEF, 0x2D, 0x00, 0xFF, 0xFF, 0x14, 0x05, 0x25, 0x85, 0xFB, 0xFF,
0xCA, 0x00, 0xFF, 0xFF, 0x14, 0x00, 0x00, 0x00, 0x60, 0xFF, 0xFF, 0x28, 0xFF, 0xFF, 0x14, 0x00,
0x00, 0x00, 0x01, 0xE1, 0xFF, 0x57, 0xFF, 0xFF, 0x14, 0x00, 0x00, 0x00, 0x00, 0xAE, 0xFF, 0x6A,
0xFF, 0xFF, 0x14, 0x00, 0x00, 0x00, 0x00, 0xA3, 0xFF, 0x72, 0x00, 0x00, 0x00, 0x00, 0x00, 0x00,
0x00, 0xBE, 0xFF, 0x60, 0x00, 0x00, 0x00, 0x00, 0x00, 0x00, 0x1A, 0xF7, 0xFF, 0x2E, 0x00, 0x00,
0x00, 0x00, 0x07, 0x36, 0xCB, 0xFF, 0xD5, 0x00, 0x00, 0x00, 0x00, 0x04, 0xFF, 0xFF, 0xFF, 0xF9,
0x40, 0x00, 0x00, 0x00, 0x00, 0x03, 0xFC, 0xF1, 0xB7, 0x38, 0x00, 0x00, 0x00, 0x00, 0x00, 0x00,
0x00, 0xA1, 0xFF, 0xFF, 0xFF, 0xFF, 0xFF, 0xFF, 0xFF, 0xFF, 0xFF, 0x04, 0x00, 0x00, 0x00, 0x00,
0x00, 0x00, 0x00, 0xA9, 0xFF, 0xFF, 0xFF, 0xFF, 0xFF, 0xFF, 0xFF, 0xFF, 0xFF, 0x04, 0x00, 0x00,
0x00, 0x00, 0x00, 0x00, 0x00, 0xB1, 0xFF, 0x63, 0x00, 0x00, 0x00, 0x00, 0x24, 0xFF, 0xFF, 0x04,
0x00, 0x00, 0x00, 0x00, 0x00, 0x00, 0x00, 0xBB, 0xFF, 0x54, 0x00, 0x00, 0x00, 0x00, 0x24, 0xFF,
0xFF, 0x04, 0x00, 0x00, 0x00, 0x00, 0x00, 0x00, 0x00, 0xC8, 0xFF, 0x45, 0x00, 0x00, 0x00, 0x00,
0x24, 0xFF, 0xFF, 0x04, 0x00, 0x00, 0x00, 0x00, 0x00, 0x00, 0x00, 0xD5, 0xFF, 0x32, 0x00, 0x00,
0x00, 0x00, 0x24, 0xFF, 0xFF, 0x04, 0x00, 0x00, 0x00, 0x00, 0x00, 0x00, 0x00, 0xE8, 0xFF, 0x1F,
0x00, 0x00, 0x00, 0x00, 0x24, 0xFF, 0xFF, 0x04, 0x00, 0x00, 0x00, 0x00, 0x00, 0x00, 0x00, 0xFB,
0xFF, 0x08, 0x00, 0x00, 0x00, 0x00, 0x24, 0xFF, 0xFF, 0x04, 0x00, 0x00, 0x00, 0x00, 0x00, 0x00,
0x16, 0xFF, 0xEF, 0x00, 0x00, 0x00, 0x00, 0x00, 0x24, 0xFF, 0xFF, 0x04, 0x00, 0x00, 0x00, 0x00,
0x00, 0x00, 0x33, 0xFF, 0xD3, 0x00, 0x00, 0x00, 0x00, 0x00, 0x24, 0xFF, 0xFF, 0x04, 0x00, 0x00,
0x00, 0x00, 0x00, 0x00, 0x58, 0xFF, 0xB4, 0x00, 0x00, 0x00, 0x00, 0x00, 0x24, 0xFF, 0xFF, 0x04,
0x00, 0x00, 0x00, 0x00, 0x00, 0x00, 0x82, 0xFF, 0x8F, 0x00, 0x00, 0x00, 0x00, 0x00, 0x24, 0xFF,
0xFF, 0x04, 0x00, 0x00, 0x00, 0x00, 0x00, 0x00, 0xBC, 0xFF, 0x61, 0x00, 0x00, 0x00, 0x00, 0x00,
0x24, 0xFF, 0xFF, 0x04, 0x00, 0x00, 0x00, 0x00, 0x00, 0x0E, 0xF8, 0xFF, 0x29, 0x00, 0x00, 0x00,
0x00, 0x00, 0x24, 0xFF, 0xFF, 0x04, 0x00, 0x00, 0x00, 0x00, 0x00, 0x6F, 0xFF, 0xE1, 0x00, 0x00,
0x00, 0x00, 0x00, 0x00, 0x24, 0xFF, 0xFF, 0x04, 0x00, 0x00, 0x00, 0x06, 0x3F, 0xF0, 0xFF, 0x81,
0x00, 0x00, 0x00, 0x00, 0x00, 0x00, 0x24, 0xFF, 0xFF, 0x04, 0x00, 0x00, 0x00, 0xDB, 0xFF, 0xFF,
0xE3, 0x0E, 0x00, 0x00, 0x00, 0x00, 0x00, 0x00, 0x24, 0xFF, 0xFF, 0xFF, 0xFF, 0x61, 0x01, 0xE0,
0xF7, 0xBD, 0x25, 0x00, 0x00, 0x00, 0x00, 0x00, 0x00, 0x00, 0x24, 0xFF, 0xFF, 0xFF, 0xE4, 0x09,
0x00, 0x00, 0x00, 0x00, 0x00, 0x00, 0x00, 0x00, 0x00, 0x00, 0x00, 0x00, 0x00, 0x00, 0x5F, 0xFF,
0x65, 0x00, 0x00, 0x00, 0x00, 0x00, 0x00, 0x00, 0x00, 0x00, 0x00, 0x00, 0x00, 0x00, 0x00, 0x00,
0xC3, 0xD8, 0x04, 0x00, 0x00, 0x00, 0x00, 0x00, 0x00, 0x00, 0x00, 0x00, 0x00, 0x00, 0x00, 0x00,
0x00, 0x26, 0xFF, 0x54, 0x00, 0x00, 0x00, 0x00, 0x00, 0x00, 0xB0, 0xFF, 0xFF, 0xFF, 0xFF, 0xFF,
0xFF, 0xFF, 0x14, 0x00, 0x00, 0x00, 0x00, 0x00, 0x00, 0xB8, 0xFF, 0xFF, 0xFF, 0xFF, 0xFF, 0xFF,
0xFF, 0x14, 0x00, 0x00, 0x00, 0x00, 0x00, 0x00, 0xC2, 0xFF, 0x2E, 0x00, 0x00, 0x00, 0xFF, 0xFF,
0x14, 0x00, 0x00, 0x00, 0x00, 0x00, 0x00, 0xCF, 0xFF, 0x1D, 0x00, 0x00, 0x00, 0xFF, 0xFF, 0x14,
0x00, 0x00, 0x00, 0x00, 0x00, 0x00, 0xE1, 0xFF, 0x0A, 0x00, 0x00, 0x00, 0xFF, 0xFF, 0x14, 0x00,
0x00, 0x00, 0x00, 0x00, 0x00, 0xF6, 0xF2, 0x00, 0x00, 0x00, 0x00, 0xFF, 0xFF, 0x14, 0x00, 0x00,
0x00, 0x00, 0x00, 0x15, 0xFF, 0xD9, 0x00, 0x00, 0x00, 0x00, 0xFF, 0xFF, 0x14, 0x00, 0x00, 0x00,
0x00, 0x00, 0x35, 0xFF, 0xB2, 0x00, 0x00, 0x00, 0x00, 0xFF, 0xFF, 0x14, 0x00, 0x00, 0x00, 0x00,
0x00, 0x66, 0xFF, 0x86, 0x00, 0x00, 0x00, 0x00, 0xFF, 0xFF, 0x14, 0x00, 0x00, 0x00, 0x00, 0x00,
0xAC, 0xFF, 0x4F, 0x00, 0x00, 0x00, 0x00, 0xFF, 0xFF, 0x14, 0x00, 0x00, 0x00, 0x0A, 0x44, 0xFB,
0xF1, 0x0A, 0x00, 0x00, 0x00, 0x00, 0xFF, 0xFF, 0x14, 0x00, 0x00, 0x00, 0xEA, 0xFF, 0xFF, 0x84,
0x00, 0x00, 0x00, 0x00, 0x00, 0xFF, 0xFF, 0xFF, 0xFF, 0x9E, 0x0C, 0xE8, 0xF6, 0xA0, 0x05, 0x00,
0x00, 0x00, 0x00, 0x00, 0xFF, 0xFF, 0xFF, 0xFD, 0x2E, 0x00, 0x00, 0x00, 0x00, 0x00, 0x00, 0x00,
0x00, 0x00, 0x00, 0x00, 0x20, 0xFE, 0xA4, 0x00, 0x00, 0x00, 0x00, 0x00, 0x00, 0x00, 0x00, 0x00,
0x00, 0x00, 0x00, 0x83, 0xFA, 0x21, 0x00, 0x00, 0x00, 0x00, 0x00, 0x00, 0x00, 0x00, 0x00, 0x00,
0x00, 0x02, 0xE3, 0x94, 0x00, 0x00, 0xCC, 0xFF, 0x60, 0x00, 0x00, 0x00, 0x00, 0x00, 0x00, 0x00,
0x00, 0xE4, 0xFF, 0x44, 0xCC, 0xFF, 0x60, 0x00, 0x00, 0x00, 0x00, 0x00, 0x00, 0x00, 0x00, 0xE4,
0xFF, 0x44, 0xCC, 0xFF, 0x60, 0x00, 0x00, 0x00, 0x00, 0x00, 0x00, 0x00, 0x00, 0xE4, 0xFF, 0x44,
0xCC, 0xFF, 0x60, 0x00, 0x00, 0x00, 0x00, 0x00, 0x00, 0x00, 0x00, 0xE4, 0xFF, 0x44, 0xCC, 0xFF,
0x60, 0x00, 0x00, 0x00, 0x00, 0x00, 0x00, 0x00, 0x00, 0xE4, 0xFF, 0x44, 0xCC, 0xFF, 0x60, 0x00,
0x00, 0x00, 0x00, 0x00, 0x00, 0x00, 0x00, 0xE4, 0xFF, 0x44, 0xCC, 0xFF, 0x60, 0x00, 0x00, 0x00,
0x00, 0x00, 0x00, 0x00, 0x00, 0xE4, 0xFF, 0x44, 0xCC, 0xFF, 0x60, 0x00, 0x00, 0x00, 0x00, 0x00,
0x00, 0x00, 0x00, 0xE4, 0xFF, 0x44, 0xCC, 0xFF, 0xFF, 0xFF, 0xFF, 0xFF, 0xFF, 0xFF, 0xFF, 0xFF,
0xFF, 0xFF, 0xFF, 0x44, 0xCC, 0xFF, 0xFF, 0xFF, 0xFF, 0xFF, 0xFF, 0xFF, 0xFF, 0xFF, 0xFF, 0xFF,
0xFF, 0x44, 0xCC, 0xFF, 0x60, 0x00, 0x00, 0x00, 0x00, 0x00, 0x00, 0x00, 0x00, 0xE4, 0xFF, 0x44,
0xCC, 0xFF, 0x60, 0x00, 0x00, 0x00, 0x00, 0x00, 0x00, 0x00, 0x00, 0xE4, 0xFF, 0x44, 0xCC, 0xFF,
0x60, 0x00, 0x00, 0x00, 0x00, 0x00, 0x00, 0x00, 0x00, 0xE4, 0xFF, 0x44, 0xCC, 0xFF, 0x60, 0x00,
0x00, 0x00, 0x00, 0x00, 0x00, 0x00, 0x00, 0xE4, 0xFF, 0x44, 0xCC, 0xFF, 0x60, 0x00, 0x00, 0x00,
0x00, 0x00, 0x00, 0x00, 0x00, 0xE4, 0xFF, 0x44, 0xCC, 0xFF, 0x60, 0x00, 0x00, 0x00, 0x00, 0x00,
0x00, 0x00, 0x00, 0xE4, 0xFF, 0x44, 0xCC, 0xFF, 0x60, 0x00, 0x00, 0x00, 0x00, 0x00, 0x00, 0x00,
0x00, 0xE4, 0xFF, 0x44, 0xCC, 0xFF, 0x60, 0x00, 0x00, 0x00, 0x00, 0x00, 0x00, 0x00, 0x00, 0xE4,
0xFF, 0x44, 0x00, 0x00, 0x00, 0x00, 0x00, 0x00, 0x00, 0x00, 0x00, 0x00, 0x00, 0xED, 0xFF, 0x40,
0x00, 0x00, 0x00, 0x00, 0x00, 0x00, 0x00, 0x00, 0x00, 0x00, 0x0D, 0xFC, 0xFF, 0x30, 0x00, 0x00,
0x00, 0x00, 0x00, 0x00, 0x00, 0x00, 0x00, 0x0D, 0x8F, 0xFF, 0xF8, 0x0A, 0x00, 0x00, 0x00, 0x00,
0x00, 0x00, 0x00, 0x00, 0x00, 0xFF, 0xFF, 0xFF, 0x9E, 0x00, 0x00, 0x00, 0x00, 0x00, 0x00, 0x00,
0x00, 0x00, 0x00, 0xFC, 0xED, 0x9C, 0x0B, 0x00, 0xFF, 0xFF, 0x14, 0x00, 0x00, 0x00, 0x00, 0x0C,
0xFF, 0xFF, 0x08, 0xFF, 0xFF, 0x14, 0x00, 0x00, 0x00, 0x00, 0x0C, 0xFF, 0xFF, 0x08, 0xFF, 0xFF,
0x14, 0x00, 0x00, 0x00, 0x00, 0x0C, 0xFF, 0xFF, 0x08, 0xFF, 0xFF, 0x14, 0x00, 0x00, 0x00, 0x00,
0x0C, 0xFF, 0xFF, 0x08, 0xFF, 0xFF, 0x14, 0x00, 0x00, 0x00, 0x00, 0x0C, 0xFF, 0xFF, 0x08, 0xFF,
0xFF, 0xFF, 0xFF, 0xFF, 0xFF, 0xFF, 0xFF, 0xFF, 0xFF, 0x08, 0xFF, 0xFF, 0xFF, 0xFF, 0xFF, 0xFF,
0xFF, 0xFF, 0xFF, 0xFF, 0x08, 0xFF, 0xFF, 0x14, 0x00, 0x00, 0x00, 0x00, 0x0C, 0xFF, 0xFF, 0x08,
0xFF, 0xFF, 0x14, 0x00, 0x00, 0x00, 0x00, 0x0C, 0xFF, 0xFF, 0x08, 0xFF, 0xFF, 0x14, 0x00, 0x00,
0x00, 0x00, 0x0C, 0xFF, 0xFF, 0x08, 0xFF, 0xFF, 0x14, 0x00, 0x00, 0x00, 0x00, 0x0C, 0xFF, 0xFF,
0x08, 0xFF, 0xFF, 0x14, 0x00, 0x00, 0x00, 0x00, 0x0C, 0xFF, 0xFF, 0x08, 0xFF, 0xFF, 0x14, 0x00,
0x00, 0x00, 0x00, 0x0D, 0xFF, 0xFF, 0x08, 0x00, 0x00, 0x00, 0x00, 0x00, 0x00, 0x00, 0x17, 0xFF,
0xFF, 0x05, 0x00, 0x00, 0x00, 0x00, 0x00, 0x00, 0x00, 0x3B, 0xFF, 0xF4, 0x00, 0x00, 0x00, 0x00,
0x00, 0x00, 0x00, 0x18, 0xBD, 0xFF, 0xC5, 0x00, 0x00, 0x00, 0x00, 0x00, 0x00, 0x38, 0xFF, 0xFF,
0xFF, 0x61, 0x00, 0x00, 0x00, 0x00, 0x00, 0x00, 0x35, 0xFC, 0xE1, 0x77, 0x00, 0x00, 0xCC, 0xFF,
0x60, 0x00, 0x00, 0x00, 0x00, 0x00, 0x00, 0x00, 0x00, 0xE4, 0xFF, 0x44, 0x00, 0x00, 0xCC, 0xFF,
0x60, 0x00, 0x00, 0x00, 0x00, 0x00, 0x00, 0x00, 0x00, 0xE4, 0xFF, 0x44, 0x00, 0x00, 0xCC, 0xFF,
0x60, 0x00, 0x00, 0x00, 0x00, 0x00, 0x00, 0x00, 0x00, 0xE4, 0xFF, 0x44, 0x00, 0x00, 0xCC, 0xFF,
0x60, 0x00, 0x00, 0x00, 0x00, 0x00, 0x00, 0x00, 0x00, 0xE4, 0xFF, 0x44, 0x00, 0x00, 0xCC, 0xFF,
0x60, 0x00, 0x00, 0x00, 0x00, 0x00, 0x00, 0x00, 0x00, 0xE4, 0xFF, 0x44, 0x00, 0x00, 0xCC, 0xFF,
0x60, 0x00, 0x00, 0x00, 0x00, 0x00, 0x00, 0x00, 0x00, 0xE4, 0xFF, 0x44, 0x00, 0x00, 0xCC, 0xFF,
0x60, 0x00, 0x00, 0x00, 0x00, 0x00, 0x00, 0x00, 0x00, 0xE4, 0xFF, 0x44, 0x00, 0x00, 0xCC, 0xFF,
0x60, 0x00, 0x00, 0x00, 0x00, 0x00, 0x00, 0x00, 0x00, 0xE4, 0xFF, 0x44, 0x00, 0x00, 0xCC, 0xFF,
0xFF, 0xFF, 0xFF, 0xFF, 0xFF, 0xFF, 0xFF, 0xFF, 0xFF, 0xFF, 0xFF, 0x44, 0x00, 0x00, 0xCC, 0xFF,
0xFF, 0xFF, 0xFF, 0xFF, 0xFF, 0xFF, 0xFF, 0xFF, 0xFF, 0xFF, 0xFF, 0x44, 0x00, 0x00, 0xCC, 0xFF,
0x60, 0x00, 0x00, 0x00, 0x00, 0x00, 0x00, 0x00, 0x00, 0xE4, 0xFF, 0x44, 0x00, 0x00, 0xCC, 0xFF,
0x60, 0x00, 0x00, 0x00, 0x00, 0x00, 0x00, 0x00, 0x00, 0xE4, 0xFF, 0x44, 0x00, 0x00, 0xCC, 0xFF,
0x60, 0x00, 0x00, 0x00, 0x00, 0x00, 0x00, 0x00, 0x00, 0xE4, 0xFF, 0x44, 0x00, 0x00, 0xCC, 0xFF,
0x60, 0x00, 0x00, 0x00, 0x00, 0x00, 0x00, 0x00, 0x00, 0xE4, 0xFF, 0x44, 0x00, 0x00, 0xCC, 0xFF,
0x60, 0x00, 0x00, 0x00, 0x00, 0x00, 0x00, 0x00, 0x00, 0xE4, 0xFF, 0x44, 0x00, 0x00, 0xCC, 0xFF,
0x60, 0x00, 0x00, 0x00, 0x00, 0x00, 0x00, 0x00, 0x00, 0xE4, 0xFF, 0x44, 0x00, 0x00, 0xCC, 0xFF,
0x60, 0x00, 0x00, 0x00, 0x00, 0x00, 0x00, 0x00, 0x00, 0xE4, 0xFF, 0xFF, 0xFF, 0xE9, 0xCC, 0xFF,
0x60, 0x00, 0x00, 0x00, 0x00, 0x00, 0x00, 0x00, 0x00, 0xE4, 0xFF, 0xFF, 0xFF, 0x75, 0x00, 0x00,
0x00, 0x00, 0x00, 0x00, 0x00, 0x00, 0x00, 0x00, 0x00, 0x00, 0x00, 0xD5, 0xE4, 0x08, 0x00, 0x00,
0x00, 0x00, 0x00, 0x00, 0x00, 0x00, 0x00, 0x00, 0x00, 0x00, 0x38, 0xFF, 0x64, 0x00, 0x00, 0x00,
0x00, 0x00, 0x00, 0x00, 0x00, 0x00, 0x00, 0x00, 0x00, 0x00, 0x9B, 0xD8, 0x03, 0x00, 0xFF, 0xFF,
0x14, 0x00, 0x00, 0x00, 0x00, 0x0C, 0xFF, 0xFF, 0x08, 0x00, 0x00, 0xFF, 0xFF, 0x14, 0x00, 0x00,
0x00, 0x00, 0x0C, 0xFF, 0xFF, 0x08, 0x00, 0x00, 0xFF, 0xFF, 0x14, 0x00, 0x00, 0x00, 0x00, 0x0C,
0xFF, 0xFF, 0x08, 0x00, 0x00, 0xFF, 0xFF, 0x14, 0x00, 0x00, 0x00, 0x00, 0x0C, 0xFF, 0xFF, 0x08,
0x00, 0x00, 0xFF, 0xFF, 0x14, 0x00, 0x00, 0x00, 0x00, 0x0C, 0xFF, 0xFF, 0x08, 0x00, 0x00, 0xFF,
0xFF, 0xFF, 0xFF, 0xFF, 0xFF, 0xFF, 0xFF, 0xFF, 0xFF, 0x08, 0x00, 0x00, 0xFF, 0xFF, 0xFF, 0xFF,
0xFF, 0xFF, 0xFF, 0xFF, 0xFF, 0xFF, 0x08, 0x00, 0x00, 0xFF, 0xFF, 0x14, 0x00, 0x00, 0x00, 0x00,
0x0C, 0xFF, 0xFF, 0x08, 0x00, 0x00, 0xFF, 0xFF, 0x14, 0x00, 0x00, 0x00, 0x00, 0x0C, 0xFF, 0xFF,
0x08, 0x00, 0x00, 0xFF, 0xFF, 0x14, 0x00, 0x00, 0x00, 0x00, 0x0C, 0xFF, 0xFF, 0x08, 0x00, 0x00,
0xFF, 0xFF, 0x14, 0x00, 0x00, 0x00, 0x00, 0x0C, 0xFF, 0xFF, 0x08, 0x00, 0x00, 0xFF, 0xFF, 0x14,
0x00, 0x00, 0x00, 0x00, 0x0C, 0xFF, 0xFF, 0xFF, 0xFF, 0x97, 0xFF, 0xFF, 0x14, 0x00, 0x00, 0x00,
0x00, 0x0C, 0xFF, 0xFF, 0xFF, 0xFC, 0x29, 0x00, 0x00, 0x00, 0x00, 0x00, 0x00, 0x00, 0x00, 0x00,
0x29, 0xFF, 0x9E, 0x00, 0x00, 0x00, 0x00, 0x00, 0x00, 0x00, 0x00, 0x00, 0x00, 0x8C, 0xF9, 0x1F,
0x00, 0x00, 0x00, 0x00, 0x00, 0x00, 0x00, 0x00, 0x00, 0x05, 0xE9, 0x91, 0x00, 0x00, 0x00, 0x00,
0x00, 0x00, 0x00, 0x00, 0x00, 0x00, 0x00, 0x09, 0x05, 0x00, 0x00, 0x0C, 0xFF, 0xFF, 0x1C, 0x00,
0x00, 0x00, 0x00, 0x00, 0x00, 0xA4, 0xFF, 0x84, 0x0C, 0xFF, 0xFF, 0x1C, 0x00, 0x00, 0x00, 0x00,
0x00, 0x00, 0xA4, 0xFF, 0x84, 0x0C, 0xFF, 0xFF, 0x1C, 0x00, 0x00, 0x00, 0x00, 0x00, 0x00, 0xA4,
0xFF, 0x84, 0x0C, 0xFF, 0xFF, 0x1C, 0x00, 0x00, 0x00, 0x00, 0x00, 0x00, 0xA4, 0xFF, 0x84, 0x0C,
0xFF, 0xFF, 0x1C, 0x00, 0x00, 0x00, 0x00, 0x00, 0x00, 0xA4, 0xFF, 0x84, 0x0C, 0xFF, 0xFF, 0x1D,
0x00, 0x00, 0x00, 0x00, 0x00, 0x00, 0xA4, 0xFF, 0x84, 0x05, 0xFF, 0xFF, 0x38, 0x00, 0x00, 0x00,
0x00, 0x00, 0x00, 0xA4, 0xFF, 0x84, 0x00, 0xEB, 0xFF, 0x87, 0x00, 0x00, 0x00, 0x00, 0x00, 0x00,
0xA7, 0xFF, 0x84, 0x00, 0xA4, 0xFF, 0xF9, 0x78, 0x1E, 0x05, 0x16, 0x49, 0xA5, 0xFE, 0xFF, 0x84,
0x00, 0x24, 0xED, 0xFF, 0xFF, 0xFF, 0xFF, 0xFF, 0xFF, 0xFF, 0xFB, 0xFF, 0x84, 0x00, 0x00, 0x21,
0x9E, 0xD7, 0xF4, 0xF6, 0xDA, 0x9D, 0x41, 0xA4, 0xFF, 0x84, 0x00, 0x00, 0x00, 0x00, 0x00, 0x00,
0x00, 0x00, 0x00, 0x00, 0xA4, 0xFF, 0x84, 0x00, 0x00, 0x00, 0x00, 0x00, 0x00, 0x00, 0x00, 0x00,
0x00, 0xA4, 0xFF, 0x84, 0x00, 0x00, 0x00, 0x00, 0x00, 0x00, 0x00, 0x00, 0x00, 0x00, 0xA4, 0xFF,
0x84, 0x00, 0x00, 0x00, 0x00, 0x00, 0x00, 0x00, 0x00, 0x00, 0x00, 0xA4, 0xFF, 0x84, 0x00, 0x00,
0x00, 0x00, 0x00, 0x00, 0x00, 0x00, 0x00, 0x00, 0xA4, 0xFF, 0x84, 0x00, 0x00, 0x00, 0x00, 0x00,
0x00, 0x00, 0x08, 0xFF, 0xFF, 0xFF, 0xFF, 0x84, 0x00, 0x00, 0x00, 0x00, 0x00, 0x00, 0x00, 0x08,
0xFF, 0xFF, 0xFF, 0xFF, 0x84, 0x00, 0x00, 0x00, 0x00, 0x00, 0x00, 0x00, 0x08, 0xFF, 0xCE, 0x00,
0x00, 0x00, 0x00, 0x00, 0x00, 0x00, 0x00, 0x00, 0x00, 0x08, 0xFF, 0xAD, 0x00, 0x00, 0x00, 0x00,
0x00, 0x00, 0x00, 0x00, 0x00, 0x00, 0x08, 0xFF, 0x8C, 0x00, 0x00, 0x00, 0xB8, 0xFF, 0x5C, 0x00,
0x00, 0x00, 0x00, 0x58, 0xFF, 0xBC, 0xB8, 0xFF, 0x5C, 0x00, 0x00, 0x00, 0x00, 0x58, 0xFF, 0xBC,
0xB8, 0xFF, 0x5C, 0x00, 0x00, 0x00, 0x00, 0x58, 0xFF, 0xBC, 0xB8, 0xFF, 0x5C, 0x00, 0x00, 0x00,
0x00, 0x58, 0xFF, 0xBC, 0xB4, 0xFF, 0x67, 0x00, 0x00, 0x00, 0x00, 0x58, 0xFF, 0xBC, 0xA4, 0xFF,
0x91, 0x00, 0x00, 0x00, 0x00, 0x58, 0xFF, 0xBC, 0x76, 0xFF, 0xF0, 0x40, 0x04, 0x11, 0x4C, 0xCA,
0xFF, 0xBC, 0x1B, 0xF2, 0xFF, 0xFF, 0xFF, 0xFF, 0xFF, 0xFF, 0xFF, 0xBC, 0x00, 0x37, 0xBA, 0xE8,
0xFA, 0xE3, 0x9F, 0x81, 0xFF, 0xBC, 0x00, 0x00, 0x00, 0x00, 0x00, 0x00, 0x00, 0x58, 0xFF, 0xBC,
0x00, 0x00, 0x00, 0x00, 0x00, 0x00, 0x00, 0x58, 0xFF, 0xBC, 0x00, 0x00, 0x00, 0x00, 0x00, 0x58,
0xFF, 0xFF, 0xFF, 0xBC, 0x00, 0x00, 0x00, 0x00, 0x00, 0x58, 0xFF, 0xFF, 0xFF, 0xBC, 0x00, 0x00,
0x00, 0x00, 0x00, 0x58, 0xFF, 0x62, 0x00, 0x00, 0x00, 0x00, 0x00, 0x00, 0x00, 0x58, 0xFF, 0x41,
0x00, 0x00, 0x00, 0x00, 0x00, 0x00, 0x00, 0x58, 0xFF, 0x20, 0x00, 0x00, 0xCC, 0xF9, 0x28, 0x00,
0x00, 0x00, 0x00, 0x00, 0x00, 0x00, 0x00, 0x00, 0x00, 0x00, 0x9F, 0xFF, 0x5C, 0x00, 0x00, 0x00,
0xCC, 0xFF, 0xBD, 0x00, 0x00, 0x00, 0x00, 0x00, 0x00, 0x00, 0x00, 0x00, 0x00, 0x36, 0xFE, 0xFF,
0x5C, 0x00, 0x00, 0x00, 0xCC, 0xFF, 0xFF, 0x5A, 0x00, 0x00, 0x00, 0x00, 0x00, 0x00, 0x00, 0x00,
0x01, 0xC9, 0xFF, 0xFF, 0x5C, 0x00, 0x00, 0x00, 0xCC, 0xF1, 0xE2, 0xE7, 0x0E, 0x00, 0x00, 0x00,
0x00, 0x00, 0x00, 0x00, 0x61, 0xFF, 0xCF, 0xFF, 0x5C, 0x00, 0x00, 0x00, 0xCC, 0xFF, 0x90, 0xFF,
0x92, 0x00, 0x00, 0x00, 0x00, 0x00, 0x00, 0x0E, 0xE8, 0xD3, 0xAB, 0xFF, 0x5C, 0x00, 0x00, 0x00,
0xCC, 0xFF, 0x52, 0xFD, 0xFC, 0x31, 0x00, 0x00, 0x00, 0x00, 0x00, 0x8D, 0xFF, 0x6D, 0xC2, 0xFF,
0x5C, 0x00, 0x00, 0x00, 0xCC, 0xFF, 0x3C, 0x95, 0xFF, 0xC8, 0x01, 0x00, 0x00, 0x00, 0x28, 0xFA,
0xDF, 0x08, 0xCC, 0xFF, 0x5C, 0x00, 0x00, 0x00, 0xCC, 0xFF, 0x3C, 0x10, 0xE9, 0xFF, 0x66, 0x00,
0x00, 0x00, 0xB8, 0xFF, 0x54, 0x00, 0xCC, 0xFF, 0x5C, 0x00, 0x00, 0x00, 0xCC, 0xFF, 0x3C, 0x00,
0x5F, 0xFF, 0xED, 0x14, 0x00, 0x4F, 0xFF, 0xC2, 0x00, 0x00, 0xCC, 0xFF, 0x5C, 0x00, 0x00, 0x00,
0xCC, 0xFF, 0x3C, 0x00, 0x01, 0xC3, 0xFF, 0x93, 0x00, 0xD7, 0xFD, 0x32, 0x00, 0x00, 0xCC, 0xFF,
0x5C, 0x00, 0x00, 0x00, 0xCC, 0xFF, 0x3C, 0x00, 0x00, 0x2E, 0xFB, 0xF3, 0x4D, 0xFF, 0x9C, 0x00,
0x00, 0x00, 0xCC, 0xFF, 0x5C, 0x00, 0x00, 0x00, 0xCC, 0xFF, 0x3C, 0x00, 0x00, 0x00, 0x8F, 0xFF,
0xEE, 0xF2, 0x17, 0x00, 0x00, 0x00, 0xCC, 0xFF, 0x5C, 0x00, 0x00, 0x00, 0xCC, 0xFF, 0x3C, 0x00,
0x00, 0x00, 0x0E, 0xE6, 0xFF, 0x77, 0x00, 0x00, 0x00, 0x00, 0xCC, 0xFF, 0x5C, 0x00, 0x00, 0x00,
0xCC, 0xFF, 0x3C, 0x00, 0x00, 0x00, 0x00, 0x59, 0xDE, 0x07, 0x00, 0x00, 0x00, 0x00, 0xCC, 0xFF,
0x5C, 0x00, 0x00, 0x00, 0xCC, 0xFF, 0x3C, 0x00, 0x00, 0x00, 0x00, 0x00, 0x00, 0x00, 0x00, 0x00,
0x00, 0x00, 0xCC, 0xFF, 0x5C, 0x00, 0x00, 0x00, 0xCC, 0xFF, 0x3C, 0x00, 0x00, 0x00, 0x00, 0x00,
0x00, 0x00, 0x00, 0x00, 0x00, 0x00, 0xCC, 0xFF, 0x5C, 0x00, 0x00, 0x00, 0xCC, 0xFF, 0x3C, 0x00,
0x00, 0x00, 0x00, 0x00, 0x00, 0x00, 0x00, 0x00, 0x00, 0x00, 0xCC, 0xFF, 0xFF, 0xFF, 0xF8, 0x09,
0xCC, 0xFF, 0x3C, 0x00, 0x00, 0x00, 0x00, 0x00, 0x00, 0x00, 0x00, 0x00, 0x00, 0x00, 0xCC, 0xFF,
0xFF, 0xFF, 0x8D, 0x00, 0x00, 0x00, 0x00, 0x00, 0x00, 0x00, 0x00, 0x00, 0x00, 0x00, 0x00, 0x00,
0x00, 0x00, 0x00, 0x00, 0xBE, 0xF1, 0x13, 0x00, 0x00, 0x00, 0x00, 0x00, 0x00, 0x00, 0x00, 0x00,
0x00, 0x00, 0x00, 0x00, 0x00, 0x00, 0x00, 0x21, 0xFE, 0x7C, 0x00, 0x00, 0x00, 0x00, 0x00, 0x00,
0x00, 0x00, 0x00, 0x00, 0x00, 0x00, 0x00, 0x00, 0x00, 0x00, 0x00, 0x83, 0xE8, 0x0B, 0x00, 0x00,
0xFF, 0xFF, 0x5E, 0x00, 0x00, 0x00, 0x00, 0x00, 0x00, 0x00, 0x9B, 0xFF, 0xC4, 0x00, 0x00, 0x00,
0xFF, 0xFF, 0xEA, 0x12, 0x00, 0x00, 0x00, 0x00, 0x00, 0x32, 0xFD, 0xFF, 0xC4, 0x00, 0x00, 0x00,
0xFF, 0xFC, 0xFF, 0x9B, 0x00, 0x00, 0x00, 0x00, 0x00, 0xC5, 0xFC, 0xFF, 0xC4, 0x00, 0x00, 0x00,
0xFF, 0xC9, 0xE5, 0xFE, 0x3A, 0x00, 0x00, 0x00, 0x5C, 0xFF, 0xA2, 0xFF, 0xC4, 0x00, 0x00, 0x00,
0xFF, 0xD9, 0x7C, 0xFF, 0xD2, 0x04, 0x00, 0x0C, 0xE5, 0xF3, 0x47, 0xFF, 0xC4, 0x00, 0x00, 0x00,
0xFF, 0xEA, 0x0C, 0xE2, 0xFF, 0x75, 0x00, 0x86, 0xFF, 0x76, 0x42, 0xFF, 0xC4, 0x00, 0x00, 0x00,
0xFF, 0xEC, 0x00, 0x4B, 0xFF, 0xF0, 0x27, 0xF6, 0xD3, 0x04, 0x44, 0xFF, 0xC4, 0x00, 0x00, 0x00,
0xFF, 0xEC, 0x00, 0x00, 0xA7, 0xFF, 0xE6, 0xFE, 0x3B, 0x00, 0x44, 0xFF, 0xC4, 0x00, 0x00, 0x00,
0xFF, 0xEC, 0x00, 0x00, 0x15, 0xEC, 0xFF, 0x9C, 0x00, 0x00, 0x44, 0xFF, 0xC4, 0x00, 0x00, 0x00,
0xFF, 0xEC, 0x00, 0x00, 0x00, 0x5E, 0xEB, 0x13, 0x00, 0x00, 0x44, 0xFF, 0xC4, 0x00, 0x00, 0x00,
0xFF, 0xEC, 0x00, 0x00, 0x00, 0x00, 0x00, 0x00, 0x00, 0x00, 0x44, 0xFF, 0xC4, 0x00, 0x00, 0x00,
0xFF, 0xEC, 0x00, 0x00, 0x00, 0x00, 0x00, 0x00, 0x00, 0x00, 0x44, 0xFF, 0xFF, 0xFF, 0xFF, 0x52,
0xFF, 0xEC, 0x00, 0x00, 0x00, 0x00, 0x00, 0x00, 0x00, 0x00, 0x44, 0xFF, 0xFF, 0xFF, 0xDA, 0x04,
0x00, 0x00, 0x00, 0x00, 0x00, 0x00, 0x00, 0x00, 0x00, 0x00, 0x00, 0x00, 0x6F, 0xFF, 0x56, 0x00,
0x00, 0x00, 0x00, 0x00, 0x00, 0x00, 0x00, 0x00, 0x00, 0x00, 0x00, 0x00, 0xD2, 0xCC, 0x01, 0x00,
0x00, 0x00, 0x00, 0x00, 0x00, 0x00, 0x00, 0x00, 0x00, 0x00, 0x00, 0x36, 0xFF, 0x44, 0x00, 0x00,
0xBC, 0xFF, 0x58, 0xBC, 0xFF, 0x58, 0xBC, 0xFF, 0x58, 0xBC, 0xFF, 0x58, 0xBC, 0xFF, 0x58, 0xBC,
0xFF, 0x58, 0xBC, 0xFF, 0x58, 0xBC, 0xFF, 0x58, 0xBC, 0xFF, 0x58, 0xBC, 0xFF, 0x58, 0xBC, 0xFF,
0x58, 0xBC, 0xFF, 0x58, 0xBC, 0xFF, 0x58, 0xBC, 0xFF, 0x58, 0xBC, 0xFF, 0x58, 0xBC, 0xFF, 0x58,
0xBC, 0xFF, 0x58, 0xBC, 0xFF, 0x58, 0x00, 0x00, 0x00, 0x2E, 0xAD, 0xB2, 0x00, 0x00, 0x00, 0x00,
0xAF, 0xAB, 0x16, 0x00, 0x00, 0x00, 0x00, 0x00, 0x2C, 0xFF, 0xFF, 0x79, 0x11, 0x11, 0x79, 0xFF,
0xEA, 0x03, 0x00, 0x00, 0x00, 0x00, 0x00, 0x00, 0xA7, 0xFF, 0xFF, 0xFF, 0xFF, 0xFF, 0xFF, 0x5D,
0x00, 0x00, 0x00, 0x00, 0x00, 0x00, 0x00, 0x06, 0x6F, 0xCE, 0xF1, 0xEE, 0xC5, 0x4F, 0x00, 0x00,
0x00, 0x00, 0x00, 0x00, 0x00, 0x00, 0x00, 0x00, 0x00, 0x00, 0x00, 0x00, 0x00, 0x00, 0x00, 0x00,
0x00, 0x00, 0x00, 0x00, 0x00, 0x00, 0x00, 0x1C, 0xFD, 0x48, 0x00, 0x00, 0x00, 0x00, 0x00, 0x00,
0x00, 0x00, 0x00, 0x00, 0x00, 0x00, 0x7C, 0xFF, 0xAB, 0x00, 0x00, 0x00, 0x00, 0x00, 0x00, 0x00,
0x00, 0x00, 0x00, 0x00, 0x01, 0xDC, 0xFF, 0xF9, 0x13, 0x00, 0x00, 0x00, 0x00, 0x00, 0x00, 0x00,
0x00, 0x00, 0x00, 0x40, 0xFF, 0xCF, 0xFF, 0x6F, 0x00, 0x00, 0x00, 0x00, 0x00, 0x00, 0x00, 0x00,
0x00, 0x00, 0xA2, 0xFF, 0x51, 0xFF, 0xD1, 0x00, 0x00, 0x00, 0x00, 0x00, 0x00, 0x00, 0x00, 0x00,
0x0D, 0xF5, 0xEE, 0x02, 0xE1, 0xFF, 0x34, 0x00, 0x00, 0x00, 0x00, 0x00, 0x00, 0x00, 0x00, 0x66,
0xFF, 0x98, 0x00, 0x89, 0xFF, 0x96, 0x00, 0x00, 0x00, 0x00, 0x00, 0x00, 0x00, 0x00, 0xC8, 0xFF,
0x35, 0x00, 0x25, 0xFF, 0xEF, 0x08, 0x00, 0x00, 0x00, 0x00, 0x00, 0x00, 0x29, 0xFF, 0xD2, 0x00,
0x00, 0x00, 0xC1, 0xFF, 0x5A, 0x00, 0x00, 0x00, 0x00, 0x00, 0x00, 0x8C, 0xFF, 0x6F, 0x00, 0x00,
0x00, 0x5E, 0xFF, 0xBC, 0x00, 0x00, 0x00, 0x00, 0x00, 0x04, 0xE8, 0xF9, 0x13, 0x00, 0x00, 0x00,
0x09, 0xF0, 0xFE, 0x20, 0x00, 0x00, 0x00, 0x00, 0x50, 0xFF, 0xFF, 0xFF, 0xFF, 0xFF, 0xFF, 0xFF,
0xFF, 0xFF, 0x81, 0x00, 0x00, 0x00, 0x00, 0xB2, 0xFF, 0xFF, 0xFF, 0xFF, 0xFF, 0xFF, 0xFF, 0xFF,
0xFF, 0xE1, 0x02, 0x00, 0x00, 0x17, 0xFB, 0xF0, 0x08, 0x00, 0x00, 0x00, 0x00, 0x00, 0x05, 0xEB,
0xFF, 0x45, 0x00, 0x00, 0x76, 0xFF, 0x9C, 0x00, 0x00, 0x00, 0x00, 0x00, 0x00, 0x00, 0x91, 0xFF,
0xA8, 0x00, 0x00, 0xD6, 0xFF, 0x3F, 0x00, 0x00, 0x00, 0x00, 0x00, 0x00, 0x00, 0x32, 0xFF, 0xF8,
0x11, 0x3A, 0xFF, 0xE1, 0x01, 0x00, 0x00, 0x00, 0x00, 0x00, 0x00, 0x00, 0x00, 0xD3, 0xFF, 0x6C,
0x9B, 0xFF, 0x86, 0x00, 0x00, 0x00, 0x00, 0x00, 0x00, 0x00, 0x00, 0x00, 0x74, 0xFF, 0xCE, 0x00,
0x29, 0xAD, 0x7E, 0x00, 0x00, 0x00, 0x21, 0xD6, 0x51, 0x00, 0x00, 0x36, 0xFF, 0xF4, 0x51, 0x09,
0x2A, 0xC6, 0xFF, 0x54, 0x00, 0x00, 0x00, 0x9E, 0xFF, 0xFF, 0xFF, 0xFF, 0xFF, 0xC1, 0x05, 0x00,
0x00, 0x00, 0x04, 0x70, 0xD3, 0xF6, 0xDE, 0x89, 0x0E, 0x00, 0x00, 0x00, 0x00, 0x00, 0x00, 0x00,
0x00, 0x00, 0x00, 0x00, 0x00, 0x00, 0x02, 0x4A, 0x9A, 0xC9, 0xE0, 0xF7, 0xF3, 0xC7, 0x57, 0x00,
0x00, 0x10, 0xFA, 0xFF, 0xFF, 0xFF, 0xFF, 0xFF, 0xFF, 0xFF, 0x5B, 0x00, 0x00, 0xA6, 0x88, 0x3F,
0x12, 0x06, 0x22, 0xA8, 0xFF, 0xC9, 0x00, 0x00, 0x00, 0x00, 0x00, 0x00, 0x00, 0x00, 0x22, 0xFF,
0xEC, 0x00, 0x00, 0x00, 0x00, 0x00, 0x00, 0x00, 0x00, 0x1A, 0xFF, 0xF3, 0x00, 0x00, 0x0A, 0x6A,
0xB6, 0xD9, 0xED, 0xFE, 0xFA, 0xFF, 0xED, 0x00, 0x19, 0xD8, 0xFF, 0xFF, 0xFF, 0xFF, 0xFF, 0xFF,
0xFF, 0xE6, 0x00, 0xA5, 0xFF, 0xF0, 0x71, 0x2B, 0x0E, 0x02, 0x2A, 0xFF, 0xDF, 0x00, 0xEA, 0xFF,
0x4E, 0x00, 0x00, 0x00, 0x00, 0x24, 0xFF, 0xD8, 0x00, 0xF3, 0xFF, 0x45, 0x00, 0x00, 0x00, 0x00,
0x6B, 0xFF, 0xD1, 0x00, 0xC0, 0xFF, 0xD3, 0x35, 0x08, 0x24, 0x86, 0xFC, 0xFE, 0xD8, 0x00, 0x33,
0xFB, 0xFF, 0xFF, 0xFF, 0xFF, 0xFF, 0x7F, 0xC2, 0xE9, 0x00, 0x00, 0x34, 0xBF, 0xF6, 0xED, 0xBF,
0x51, 0x00, 0x7E, 0xFF, 0x17, 0x00, 0x00, 0x00, 0x37, 0xE9, 0xE2, 0x21, 0x00, 0x3B, 0xEC, 0xE0,
0x20, 0x00, 0x00, 0x00, 0x00, 0x00, 0x00, 0x38, 0xE9, 0xE2, 0x22, 0x00, 0x3C, 0xEC, 0xE0, 0x21,
0x00, 0x00, 0x00, 0x00, 0x00, 0x00, 0x00, 0x00, 0x00, 0x00, 0x00, 0x00, 0x00, 0x00, 0x00, 0x00,
0x00, 0x00, 0x00, 0x00, 0x00, 0x00, 0x00, 0x00, 0x1C, 0xFD, 0x48, 0x00, 0x00, 0x00, 0x00, 0x00,
0x00, 0x00, 0x00, 0x00, 0x00, 0x00, 0x00, 0x7C, 0xFF, 0xAB, 0x00, 0x00, 0x00, 0x00, 0x00, 0x00,
0x00, 0x00, 0x00, 0x00, 0x00, 0x01, 0xDC, 0xFF, 0xF9, 0x13, 0x00, 0x00, 0x00, 0x00, 0x00, 0x00,
0x00, 0x00, 0x00, 0x00, 0x40, 0xFF, 0xCF, 0xFF, 0x6F, 0x00, 0x00, 0x00, 0x00, 0x00, 0x00, 0x00,
0x00, 0x00, 0x00, 0xA2, 0xFF, 0x51, 0xFF, 0xD1, 0x00, 0x00, 0x00, 0x00, 0x00, 0x00, 0x00, 0x00,
0x00, 0x0D, 0xF5, 0xEE, 0x02, 0xE1, 0xFF, 0x34, 0x00, 0x00, 0x00, 0x00, 0x00, 0x00, 0x00, 0x00,
0x66, 0xFF, 0x98, 0x00, 0x89, 0xFF, 0x96, 0x00, 0x00, 0x00, 0x00, 0x00, 0x00, 0x00, 0x00, 0xC8,
0xFF, 0x35, 0x00, 0x25, 0xFF, 0xEF, 0x08, 0x00, 0x00, 0x00, 0x00, 0x00, 0x00, 0x29, 0xFF, 0xD2,
0x00, 0x00, 0x00, 0xC1, 0xFF, 0x5A, 0x00, 0x00, 0x00, 0x00, 0x00, 0x00, 0x8C, 0xFF, 0x6F, 0x00,
0x00, 0x00, 0x5E, 0xFF, 0xBC, 0x00, 0x00, 0x00, 0x00, 0x00, 0x04, 0xE8, 0xF9, 0x13, 0x00, 0x00,
0x00, 0x09, 0xF0, 0xFE, 0x20, 0x00, 0x00, 0x00, 0x00, 0x50, 0xFF, 0xFF, 0xFF, 0xFF, 0xFF, 0xFF,
0xFF, 0xFF, 0xFF, 0x81, 0x00, 0x00, 0x00, 0x00, 0xB2, 0xFF, 0xFF, 0xFF, 0xFF, 0xFF, 0xFF, 0xFF,
0xFF, 0xFF, 0xE1, 0x02, 0x00, 0x00, 0x17, 0xFB, 0xF0, 0x08, 0x00, 0x00, 0x00, 0x00, 0x00, 0x05,
0xEB, 0xFF, 0x45, 0x00, 0x00, 0x76, 0xFF, 0x9C, 0x00, 0x00, 0x00, 0x00, 0x00, 0x00, 0x00, 0x91,
0xFF, 0xA8, 0x00, 0x00, 0xD6, 0xFF, 0x3F, 0x00, 0x00, 0x00, 0x00, 0x00, 0x00, 0x00, 0x32, 0xFF,
0xF8, 0x11, 0x3A, 0xFF, 0xE1, 0x01, 0x00, 0x00, 0x00, 0x00, 0x00, 0x00, 0x00, 0x00, 0xD3, 0xFF,
0x6C, 0x9B, 0xFF, 0x86, 0x00, 0x00, 0x00, 0x00, 0x00, 0x00, 0x00, 0x00, 0x00, 0x74, 0xFF, 0xCE,
0x00, 0x3A, 0xEE, 0xCE, 0x06, 0x00, 0x3D, 0xEF, 0xCF, 0x08, 0x00, 0x00, 0x3B, 0xEE, 0xCE, 0x06,
0x00, 0x3E, 0xEF, 0xD0, 0x08, 0x00, 0x00, 0x00, 0x00, 0x00, 0x00, 0x00, 0x00, 0x00, 0x00, 0x00,
0x00, 0x00, 0x00, 0x00, 0x00, 0x00, 0x00, 0x00, 0x00, 0x00, 0x00, 0x00, 0x02, 0x4A, 0x9A, 0xC9,
0xE0, 0xF7, 0xF3, 0xC7, 0x57, 0x00, 0x00, 0x10, 0xFA, 0xFF, 0xFF, 0xFF, 0xFF, 0xFF, 0xFF, 0xFF,
0x5B, 0x00, 0x00, 0xA6, 0x88, 0x3F, 0x12, 0x06, 0x22, 0xA8, 0xFF, 0xC9, 0x00, 0x00, 0x00, 0x00,
0x00, 0x00, 0x00, 0x00, 0x22, 0xFF, 0xEC, 0x00, 0x00, 0x00, 0x00, 0x00, 0x00, 0x00, 0x00, 0x1A,
0xFF, 0xF3, 0x00, 0x00, 0x0A, 0x6A, 0xB6, 0xD9, 0xED, 0xFE, 0xFA, 0xFF, 0xED, 0x00, 0x19, 0xD8,
0xFF, 0xFF, 0xFF, 0xFF, 0xFF, 0xFF, 0xFF, 0xE6, 0x00, 0xA5, 0xFF, 0xF0, 0x71, 0x2B, 0x0E, 0x02,
0x2A, 0xFF, 0xDF, 0x00, 0xEA, 0xFF, 0x4E, 0x00, 0x00, 0x00, 0x00, 0x24, 0xFF, 0xD8, 0x00, 0xF3,
0xFF, 0x45, 0x00, 0x00, 0x00, 0x00, 0x6B, 0xFF, 0xD1, 0x00, 0xC0, 0xFF, 0xD3, 0x35, 0x08, 0x24,
0x86, 0xFC, 0xFE, 0xD8, 0x00, 0x33, 0xFB, 0xFF, 0xFF, 0xFF, 0xFF, 0xFF, 0x7F, 0xC2, 0xE9, 0x00,
0x00, 0x34, 0xBF, 0xF6, 0xED, 0xBF, 0x51, 0x00, 0x7E, 0xFF, 0x17, 0x00, 0x00, 0x00, 0x00, 0x00,
0x00, 0x00, 0x00, 0x00, 0x00, 0x1F, 0xF5, 0xFF, 0xFF, 0xFF, 0xFF, 0xFF, 0xFF, 0xFF, 0xFF, 0xFF,
0x2C, 0x00, 0x00, 0x00, 0x00, 0x00, 0x00, 0x00, 0x00, 0x00, 0x00, 0xAF, 0xFF, 0xFF, 0xFF, 0xFF,
0xFF, 0xFF, 0xFF, 0xFF, 0xFF, 0xFF, 0x2C, 0x00, 0x00, 0x00, 0x00, 0x00, 0x00, 0x00, 0x00, 0x00,
0x47, 0xFF, 0xF3, 0xFF, 0x6C, 0x00, 0x00, 0x00, 0x00, 0x00, 0x00, 0x00, 0x00, 0x00, 0x00, 0x00,
0x00, 0x00, 0x00, 0x00, 0x00, 0x07, 0xDA, 0xE1, 0xBD, 0xFF, 0x6C, 0x00, 0x00, 0x00, 0x00, 0x00,
0x00, 0x00, 0x00, 0x00, 0x00, 0x00, 0x00, 0x00, 0x00, 0x00, 0x00, 0x7B, 0xFF, 0x8A, 0xBC, 0xFF,
0x6C, 0x00, 0x00, 0x00, 0x00, 0x00, 0x00, 0x00, 0x00, 0x00, 0x00, 0x00, 0x00, 0x00, 0x00, 0x00,
0x1F, 0xF5, 0xF9, 0x25, 0xBC, 0xFF, 0x6C, 0x00, 0x00, 0x00, 0x00, 0x00, 0x00, 0x00, 0x00, 0x00,
0x00, 0x00, 0x00, 0x00, 0x00, 0x00, 0xAE, 0xFF, 0x87, 0x00, 0xBC, 0xFF, 0x6C, 0x00, 0x00, 0x00,
0x00, 0x00, 0x00, 0x00, 0x00, 0x00, 0x00, 0x00, 0x00, 0x00, 0x00, 0x47, 0xFF, 0xE2, 0x0B, 0x00,
0xBC, 0xFF, 0x6C, 0x00, 0x00, 0x00, 0x00, 0x00, 0x00, 0x00, 0x00, 0x00, 0x00, 0x00, 0x00, 0x00,
0x06, 0xDA, 0xFF, 0x54, 0x00, 0x00, 0xBC, 0xFF, 0xFF, 0xFF, 0xFF, 0xFF, 0xFF, 0xFF, 0xFF, 0x88,
0x00, 0x00, 0x00, 0x00, 0x00, 0x00, 0x7B, 0xFF, 0xBA, 0x00, 0x00, 0x00, 0xBC, 0xFF, 0xFF, 0xFF,
0xFF, 0xFF, 0xFF, 0xFF, 0xFF, 0x88, 0x00, 0x00, 0x00, 0x00, 0x00, 0x1E, 0xF5, 0xF9, 0x26, 0x00,
0x00, 0x00, 0xBC, 0xFF, 0x6C, 0x00, 0x00, 0x00, 0x00, 0x00, 0x00, 0x00, 0x00, 0x00, 0x00, 0x00,
0x00, 0xAE, 0xFF, 0xFF, 0xFF, 0xFF, 0xFF, 0xFF, 0xFF, 0xFF, 0x6C, 0x00, 0x00, 0x00, 0x00, 0x00,
0x00, 0x00, 0x00, 0x00, 0x00, 0x00, 0x47, 0xFF, 0xFF, 0xFF, 0xFF, 0xFF, 0xFF, 0xFF, 0xFF, 0xFF,
0x6C, 0x00, 0x00, 0x00, 0x00, 0x00, 0x00, 0x00, 0x00, 0x00, 0x00, 0x06, 0xDA, 0xFF, 0x69, 0x00,
0x00, 0x00, 0x00, 0x00, 0xBC, 0xFF, 0x6C, 0x00, 0x00, 0x00, 0x00, 0x00, 0x00, 0x00, 0x00, 0x00,
0x00, 0x7B, 0xFF, 0xD1, 0x03, 0x00, 0x00, 0x00, 0x00, 0x00, 0xBC, 0xFF, 0x6C, 0x00, 0x00, 0x00,
0x00, 0x00, 0x00, 0x00, 0x00, 0x00, 0x1E, 0xF5, 0xFF, 0x40, 0x00, 0x00, 0x00, 0x00, 0x00, 0x00,
0xBC, 0xFF, 0x6C, 0x00, 0x00, 0x00, 0x00, 0x00, 0x00, 0x00, 0x00, 0x00, 0xAE, 0xFF, 0xAA, 0x00,
0x00, 0x00, 0x00, 0x00, 0x00, 0x00, 0xBC, 0xFF, 0xFF, 0xFF, 0xFF, 0xFF, 0xFF, 0xFF, 0xFF, 0xFF,
0x50, 0x47, 0xFF, 0xF6, 0x1F, 0x00, 0x00, 0x00, 0x00, 0x00, 0x00, 0x00, 0xBC, 0xFF, 0xFF, 0xFF,
0xFF, 0xFF, 0xFF, 0xFF, 0xFF, 0xFF, 0x50, 0x02, 0x4A, 0x9A, 0xC9, 0xE0, 0xF7, 0xF1, 0xC3, 0x4E,
0x00, 0x43, 0xAE, 0xE7, 0xF9, 0xE1, 0xB4, 0x41, 0x00, 0x00, 0x10, 0xFA, 0xFF, 0xFF, 0xFF, 0xFF,
0xFF, 0xFF, 0xFE, 0xA3, 0xFF, 0xFF, 0xFF, 0xFF, 0xFF, 0xFF, 0xFD, 0x54, 0x00, 0x00, 0xA6, 0x88,
0x3F, 0x12, 0x06, 0x21, 0xA8, 0xFF, 0xFF, 0xF8, 0x77, 0x21, 0x08, 0x26, 0xA3, 0xFF, 0xE8, 0x05,
0x00, 0x00, 0x00, 0x00, 0x00, 0x00, 0x00, 0x22, 0xFF, 0xFF, 0x6C, 0x00, 0x00, 0x00, 0x00, 0x03,
0xD9, 0xFF, 0x3E, 0x00, 0x00, 0x00, 0x00, 0x00, 0x00, 0x00, 0x19, 0xFF, 0xFE, 0x14, 0x00, 0x00,
0x00, 0x00, 0x00, 0xA7, 0xFF, 0x5E, 0x00, 0x0A, 0x6A, 0xB6, 0xD9, 0xED, 0xFE, 0xFA, 0xFF, 0xFF,
0xFF, 0xFF, 0xFF, 0xFF, 0xFF, 0xFF, 0xFF, 0xFF, 0x66, 0x19, 0xD8, 0xFF, 0xFF, 0xFF, 0xFF, 0xFF,
0xFF, 0xFF, 0xFF, 0xFF, 0xFF, 0xFF, 0xFF, 0xFF, 0xFF, 0xFF, 0xFF, 0x56, 0xA5, 0xFF, 0xF0, 0x71,
0x2B, 0x0E, 0x02, 0x2A, 0xFF, 0xF4, 0x00, 0x00, 0x00, 0x00, 0x00, 0x00, 0x00, 0x00, 0x00, 0xEA,
0xFF, 0x4E, 0x00, 0x00, 0x00, 0x00, 0x24, 0xFF, 0xFF, 0x1F, 0x00, 0x00, 0x00, 0x00, 0x00, 0x00,
0x00, 0x00, 0xF3, 0xFF, 0x45, 0x00, 0x00, 0x00, 0x00, 0x6B, 0xFF, 0xFF, 0x96, 0x00, 0x00, 0x00,
0x00, 0x00, 0x00, 0x00, 0x00, 0xC0, 0xFF, 0xD3, 0x35, 0x08, 0x24, 0x86, 0xFC, 0xDC, 0xFF, 0xFE,
0x92, 0x2E, 0x08, 0x09, 0x37, 0x99, 0x61, 0x00, 0x33, 0xFB, 0xFF, 0xFF, 0xFF, 0xFF, 0xFF, 0xB9,
0x09, 0x97, 0xFF, 0xFF, 0xFF, 0xFF, 0xFF, 0xFF, 0xFF, 0xC9, 0x00, 0x00, 0x34, 0xBF, 0xF6, 0xEC,
0xC2, 0x60, 0x01, 0x00, 0x00, 0x4D, 0xB1, 0xE7, 0xFB, 0xF2, 0xD2, 0x98, 0x3A, 0x00, 0x2E, 0xAD,
0xB2, 0x00, 0x00, 0x00, 0x00, 0xAF, 0xAB, 0x16, 0x00, 0x2C, 0xFF, 0xFF, 0x79, 0x11, 0x11, 0x79,
0xFF, 0xEA, 0x03, 0x00, 0x00, 0xA7, 0xFF, 0xFF, 0xFF, 0xFF, 0xFF, 0xFF, 0x5D, 0x00, 0x00, 0x00,
0x06, 0x6F, 0xCE, 0xF1, 0xEE, 0xC5, 0x4F, 0x00, 0x00, 0x00, 0x00, 0x00, 0x00, 0x00, 0x00, 0x00,
0x00, 0x00, 0x00, 0x00, 0x00, 0xCC, 0xFF, 0xFF, 0xFF, 0xFF, 0xFF, 0xFF, 0xFF, 0xFF, 0xFF, 0x1C,
0xCC, 0xFF, 0xFF, 0xFF, 0xFF, 0xFF, 0xFF, 0xFF, 0xFF, 0xFF, 0x1C, 0xCC, 0xFF, 0x60, 0x00, 0x00,
0x00, 0x00, 0x00, 0x00, 0x00, 0x00, 0xCC, 0xFF, 0x60, 0x00, 0x00, 0x00, 0x00, 0x00, 0x00, 0x00,
0x00, 0xCC, 0xFF, 0x60, 0x00, 0x00, 0x00, 0x00, 0x00, 0x00, 0x00, 0x00, 0xCC, 0xFF, 0x60, 0x00,
0x00, 0x00, 0x00, 0x00, 0x00, 0x00, 0x00, 0xCC, 0xFF, 0x60, 0x00, 0x00, 0x00, 0x00, 0x00, 0x00,
0x00, 0x00, 0xCC, 0xFF, 0x60, 0x00, 0x00, 0x00, 0x00, 0x00, 0x00, 0x00, 0x00, 0xCC, 0xFF, 0xFF,
0xFF, 0xFF, 0xFF, 0xFF, 0xFF, 0xFF, 0x78, 0x00, 0xCC, 0xFF, 0xFF, 0xFF, 0xFF, 0xFF, 0xFF, 0xFF,
0xFF, 0x78, 0x00, 0xCC, 0xFF, 0x60, 0x00, 0x00, 0x00, 0x00, 0x00, 0x00, 0x00, 0x00, 0xCC, 0xFF,
0x60, 0x00, 0x00, 0x00, 0x00, 0x00, 0x00, 0x00, 0x00, 0xCC, 0xFF, 0x60, 0x00, 0x00, 0x00, 0x00,
0x00, 0x00, 0x00, 0x00, 0xCC, 0xFF, 0x60, 0x00, 0x00, 0x00, 0x00, 0x00, 0x00, 0x00, 0x00, 0xCC,
0xFF, 0x60, 0x00, 0x00, 0x00, 0x00, 0x00, 0x00, 0x00, 0x00, 0xCC, 0xFF, 0x60, 0x00, 0x00, 0x00,
0x00, 0x00, 0x00, 0x00, 0x00, 0xCC, 0xFF, 0xFF, 0xFF, 0xFF, 0xFF, 0xFF, 0xFF, 0xFF, 0xFF, 0x40,
0xCC, 0xFF, 0xFF, 0xFF, 0xFF, 0xFF, 0xFF, 0xFF, 0xFF, 0xFF, 0x40, 0x00, 0x29, 0xAD, 0x7E, 0x00,
0x00, 0x00, 0x21, 0xD6, 0x51, 0x00, 0x00, 0x36, 0xFF, 0xF4, 0x51, 0x09, 0x2A, 0xC6, 0xFF, 0x54,
0x00, 0x00, 0x00, 0x9E, 0xFF, 0xFF, 0xFF, 0xFF, 0xFF, 0xC1, 0x05, 0x00, 0x00, 0x00, 0x04, 0x70,
0xD3, 0xF6, 0xDE, 0x89, 0x0E, 0x00, 0x00, 0x00, 0x00, 0x00, 0x00, 0x00, 0x00, 0x00, 0x00, 0x00,
0x00, 0x00, 0x00, 0x00, 0x13, 0x86, 0xD4, 0xF5, 0xF1, 0xD1, 0x86, 0x0F, 0x00, 0x00, 0x25, 0xE2,
0xFF, 0xFF, 0xFF, 0xFF, 0xFF, 0xFF, 0xD0, 0x09, 0x01, 0xCC, 0xFF, 0xC7, 0x43, 0x11, 0x11, 0x53,
0xE7, 0xFF, 0x74, 0x42, 0xFF, 0xE3, 0x0F, 0x00, 0x00, 0x00, 0x00, 0x58, 0xFF, 0xC5, 0x85, 0xFF,
0x95, 0x00, 0x00, 0x00, 0x00, 0x00, 0x21, 0xFF, 0xE3, 0xA8, 0xFF, 0xFF, 0xFF, 0xFF, 0xFF, 0xFF,
0xFF, 0xFF, 0xFF, 0xE7, 0xB4, 0xFF, 0xFF, 0xFF, 0xFF, 0xFF, 0xFF, 0xFF, 0xFF, 0xFF, 0xD2, 0xA9,
0xFF, 0x81, 0x00, 0x00, 0x00, 0x00, 0x00, 0x00, 0x00, 0x00, 0x86, 0xFF, 0xA9, 0x00, 0x00, 0x00,
0x00, 0x00, 0x00, 0x00, 0x00, 0x44, 0xFF, 0xFA, 0x26, 0x00, 0x00, 0x00, 0x00, 0x00, 0x00, 0x00,
0x01, 0xCE, 0xFF, 0xE1, 0x5C, 0x18, 0x04, 0x18, 0x5B, 0xB9, 0x03, 0x00, 0x27, 0xE5, 0xFF, 0xFF,
0xFF, 0xFF, 0xFF, 0xFF, 0xFF, 0x4A, 0x00, 0x00, 0x14, 0x8A, 0xD6, 0xF5, 0xFA, 0xE6, 0xB9, 0x70,
0x0E, 0x00, 0x01, 0x42, 0x92, 0xC9, 0xED, 0xFB, 0xF2, 0xD7, 0x98, 0x30, 0x00, 0x00, 0x00, 0x00,
0x00, 0x0E, 0xFB, 0xFF, 0xFF, 0xFF, 0xFF, 0xFF, 0xFF, 0xFF, 0xFE, 0x8B, 0x01, 0x00, 0x00, 0x00,
0x00, 0xAC, 0x88, 0x40, 0x13, 0x05, 0x16, 0x4E, 0xBD, 0xFF, 0xFF, 0x7D, 0x00, 0x00, 0x00, 0x00,
0x00, 0x00, 0x00, 0x00, 0x00, 0x00, 0x00, 0x01, 0x92, 0xFF, 0xFA, 0x1F, 0x00, 0x00, 0x00, 0x00,
0x00, 0x00, 0x00, 0x00, 0x00, 0x00, 0x00, 0x04, 0xDC, 0xFF, 0x7F, 0x00, 0x00, 0x00, 0x00, 0x00,
0x00, 0x00, 0x00, 0x00, 0x00, 0x00, 0x00, 0x78, 0xFF, 0xC5, 0x00, 0x00, 0x00, 0x00, 0x00, 0x00,
0x00, 0x00, 0x00, 0x00, 0x00, 0x00, 0x36, 0xFF, 0xF5, 0x02, 0x00, 0x00, 0x00, 0x00, 0x00, 0x00,
0x00, 0x00, 0x00, 0x00, 0x00, 0x10, 0xFF, 0xFF, 0x12, 0x6E, 0xFF, 0xFF, 0xFF, 0xFF, 0xFF, 0xFF,
0xFF, 0xFF, 0xFF, 0xFF, 0xFF, 0xFF, 0xFF, 0x20, 0x8E, 0xFF, 0xFF, 0xFF, 0xFF, 0xFF, 0xFF, 0xFF,
0xFF, 0xFF, 0xFF, 0xFF, 0xFF, 0xFF, 0x20, 0x9C, 0xFF, 0xB5, 0x00, 0x00, 0x00, 0x00, 0x00, 0x00,
0x00, 0x00, 0x08, 0xFF, 0xFF, 0x12, 0x95, 0xFF, 0xB6, 0x00, 0x00, 0x00, 0x00, 0x00, 0x00, 0x00,
0x00, 0x20, 0xFF, 0xF2, 0x01, 0x7C, 0xFF, 0xD7, 0x00, 0x00, 0x00, 0x00, 0x00, 0x00, 0x00, 0x00,
0x55, 0xFF, 0xC3, 0x00, 0x47, 0xFF, 0xFC, 0x1D, 0x00, 0x00, 0x00, 0x00, 0x00, 0x00, 0x00, 0xB5,
0xFF, 0x74, 0x00, 0x05, 0xE6, 0xFF, 0xAE, 0x02, 0x00, 0x00, 0x00, 0x00, 0x00, 0x5D, 0xFF, 0xF3,
0x17, 0x00, 0x00, 0x5D, 0xFF, 0xFF, 0xBB, 0x3E, 0x0B, 0x0A, 0x33, 0x95, 0xFD, 0xFF, 0x6E, 0x00,
0x00, 0x00, 0x00, 0x78, 0xFD, 0xFF, 0xFF, 0xFF, 0xFF, 0xFF, 0xFF, 0xFD, 0x81, 0x00, 0x00, 0x00,
0x00, 0x00, 0x00, 0x2D, 0x9C, 0xDC, 0xF6, 0xF4, 0xDB, 0x99, 0x31, 0x00, 0x00, 0x00, 0x00, 0x05,
0x5D, 0xAE, 0xDE, 0xF6, 0xF7, 0xDC, 0x97, 0x21, 0x00, 0x00, 0x20, 0xFE, 0xFF, 0xFF, 0xFF, 0xFF,
0xFF, 0xFF, 0xF5, 0x43, 0x00, 0x00, 0xA2, 0x6E, 0x21, 0x05, 0x10, 0x44, 0xC0, 0xFF, 0xEB, 0x11,
0x00, 0x00, 0x00, 0x00, 0x00, 0x00, 0x00, 0x06, 0xD1, 0xFF, 0x6F, 0x00, 0x00, 0x00, 0x00, 0x00,
0x00, 0x00, 0x00, 0x64, 0xFF, 0xB2, 0x00, 0x00, 0x00, 0x00, 0x00, 0x00, 0x00, 0x00, 0x2F, 0xFF,
0xD8, 0xA6, 0xFF, 0xFF, 0xFF, 0xFF, 0xFF, 0xFF, 0xFF, 0xFF, 0xFF, 0xE3, 0xB4, 0xFF, 0xFF, 0xFF,
0xFF, 0xFF, 0xFF, 0xFF, 0xFF, 0xFF, 0xD7, 0xA7, 0xFF, 0x57, 0x00, 0x00, 0x00, 0x00, 0x00, 0x45,
0xFF, 0xB4, 0x7B, 0xFF, 0x9A, 0x00, 0x00, 0x00, 0x00, 0x00, 0x99, 0xFF, 0x72, 0x21, 0xF8, 0xFF,
0x87, 0x22, 0x08, 0x29, 0x94, 0xFF, 0xEC, 0x12, 0x00, 0x68, 0xFF, 0xFF, 0xFF, 0xFF, 0xFF, 0xFF,
0xF6, 0x47, 0x00, 0x00, 0x00, 0x40, 0xB3, 0xE2, 0xF9, 0xE5, 0xA2, 0x29, 0x00, 0x00, 0x00, 0x00,
0x00, 0x37, 0xE9, 0xE2, 0x21, 0x00, 0x3B, 0xEC, 0xE0, 0x20, 0x00, 0x00, 0x00, 0x00, 0x00, 0x00,
0x38, 0xE9, 0xE2, 0x22, 0x00, 0x3C, 0xEC, 0xE0, 0x21, 0x00, 0x00, 0x00, 0x00, 0x00, 0x00, 0x00,
0x00, 0x00, 0x00, 0x00, 0x00, 0x00, 0x00, 0x00, 0x00, 0x00, 0x00, 0x00, 0x01, 0x42, 0x92, 0xC9,
0xED, 0xFB, 0xF2, 0xD7, 0x98, 0x30, 0x00, 0x00, 0x00, 0x00, 0x00, 0x0E, 0xFB, 0xFF, 0xFF, 0xFF,
0xFF, 0xFF, 0xFF, 0xFF, 0xFE, 0x8B, 0x01, 0x00, 0x00, 0x00, 0x00, 0xAC, 0x88, 0x40, 0x13, 0x05,
0x16, 0x4E, 0xBD, 0xFF, 0xFF, 0x7D, 0x00, 0x00, 0x00, 0x00, 0x00, 0x00, 0x00, 0x00, 0x00, 0x00,
0x00, 0x01, 0x92, 0xFF, 0xFA, 0x1F, 0x00, 0x00, 0x00, 0x00, 0x00, 0x00, 0x00, 0x00, 0x00, 0x00,
0x00, 0x04, 0xDC, 0xFF, 0x7F, 0x00, 0x00, 0x00, 0x00, 0x00, 0x00, 0x00, 0x00, 0x00, 0x00, 0x00,
0x00, 0x78, 0xFF, 0xC5, 0x00, 0x00, 0x00, 0x00, 0x00, 0x00, 0x00, 0x00, 0x00, 0x00, 0x00, 0x00,
0x36, 0xFF, 0xF5, 0x02, 0x00, 0x00, 0x00, 0x00, 0x00, 0x00, 0x00, 0x00, 0x00, 0x00, 0x00, 0x10,
0xFF, 0xFF, 0x12, 0x6E, 0xFF, 0xFF, 0xFF, 0xFF, 0xFF, 0xFF, 0xFF, 0xFF, 0xFF, 0xFF, 0xFF, 0xFF,
0xFF, 0x20, 0x8E, 0xFF, 0xFF, 0xFF, 0xFF, 0xFF, 0xFF, 0xFF, 0xFF, 0xFF, 0xFF, 0xFF, 0xFF, 0xFF,
0x20, 0x9C, 0xFF, 0xB5, 0x00, 0x00, 0x00, 0x00, 0x00, 0x00, 0x00, 0x00, 0x08, 0xFF, 0xFF, 0x12,
0x95, 0xFF, 0xB6, 0x00, 0x00, 0x00, 0x00, 0x00, 0x00, 0x00, 0x00, 0x20, 0xFF, 0xF2, 0x01, 0x7C,
0xFF, 0xD7, 0x00, 0x00, 0x00, 0x00, 0x00, 0x00, 0x00, 0x00, 0x55, 0xFF, 0xC3, 0x00, 0x47, 0xFF,
0xFC, 0x1D, 0x00, 0x00, 0x00, 0x00, 0x00, 0x00, 0x00, 0xB5, 0xFF, 0x74, 0x00, 0x05, 0xE6, 0xFF,
0xAE, 0x02, 0x00, 0x00, 0x00, 0x00, 0x00, 0x5D, 0xFF, 0xF3, 0x17, 0x00, 0x00, 0x5D, 0xFF, 0xFF,
0xBB, 0x3E, 0x0B, 0x0A, 0x33, 0x95, 0xFD, 0xFF, 0x6E, 0x00, 0x00, 0x00, 0x00, 0x78, 0xFD, 0xFF,
0xFF, 0xFF, 0xFF, 0xFF, 0xFF, 0xFD, 0x81, 0x00, 0x00, 0x00, 0x00, 0x00, 0x00, 0x2D, 0x9C, 0xDC,
0xF6, 0xF4, 0xDB, 0x99, 0x31, 0x00, 0x00, 0x00, 0x00, 0x00, 0x3A, 0xEE, 0xCE, 0x06, 0x00, 0x3D,
0xEF, 0xCF, 0x08, 0x00, 0x00, 0x3B, 0xEE, 0xCE, 0x06, 0x00, 0x3E, 0xEF, 0xD0, 0x08, 0x00, 0x00,
0x00, 0x00, 0x00, 0x00, 0x00, 0x00, 0x00, 0x00, 0x00, 0x00, 0x00, 0x00, 0x00, 0x00, 0x00, 0x00,
0x00, 0x00, 0x00, 0x00, 0x00, 0x05, 0x5D, 0xAE, 0xDE, 0xF6, 0xF7, 0xDC, 0x97, 0x21, 0x00, 0x00,
0x20, 0xFE, 0xFF, 0xFF, 0xFF, 0xFF, 0xFF, 0xFF, 0xF5, 0x43, 0x00, 0x00, 0xA2, 0x6E, 0x21, 0x05,
0x10, 0x44, 0xC0, 0xFF, 0xEB, 0x11, 0x00, 0x00, 0x00, 0x00, 0x00, 0x00, 0x00, 0x06, 0xD1, 0xFF,
0x6F, 0x00, 0x00, 0x00, 0x00, 0x00, 0x00, 0x00, 0x00, 0x64, 0xFF, 0xB2, 0x00, 0x00, 0x00, 0x00,
0x00, 0x00, 0x00, 0x00, 0x2F, 0xFF, 0xD8, 0xA6, 0xFF, 0xFF, 0xFF, 0xFF, 0xFF, 0xFF, 0xFF, 0xFF,
0xFF, 0xE3, 0xB4, 0xFF, 0xFF, 0xFF, 0xFF, 0xFF, 0xFF, 0xFF, 0xFF, 0xFF, 0xD7, 0xA7, 0xFF, 0x57,
0x00, 0x00, 0x00, 0x00, 0x00, 0x45, 0xFF, 0xB4, 0x7B, 0xFF, 0x9A, 0x00, 0x00, 0x00, 0x00, 0x00,
0x99, 0xFF, 0x72, 0x21, 0xF8, 0xFF, 0x87, 0x22, 0x08, 0x29, 0x94, 0xFF, 0xEC, 0x12, 0x00, 0x68,
0xFF, 0xFF, 0xFF, 0xFF, 0xFF, 0xFF, 0xF6, 0x47, 0x00, 0x00, 0x00, 0x40, 0xB3, 0xE2, 0xF9, 0xE5,
0xA2, 0x29, 0x00, 0x00, 0x00, 0x00, 0x00, 0x00, 0x00, 0x00, 0x37, 0xE9, 0xE2, 0x21, 0x00, 0x3B,
0xEC, 0xE0, 0x20, 0x00, 0x00, 0x00, 0x00, 0x00, 0x00, 0x00, 0x00, 0x00, 0x00, 0x00, 0x00, 0x38,
0xE9, 0xE2, 0x22, 0x00, 0x3C, 0xEC, 0xE0, 0x21, 0x00, 0x00, 0x00, 0x00, 0x00, 0x00, 0x00, 0x00,
0x00, 0x00, 0x00, 0x00, 0x00, 0x00, 0x00, 0x00, 0x00, 0x00, 0x00, 0x00, 0x00, 0x00, 0x00, 0x00,
0x00, 0x00, 0x00, 0x4A, 0xFE, 0xFC, 0x3F, 0x00, 0x00, 0x00, 0x00, 0x00, 0xB0, 0xFF, 0x64, 0x00,
0x00, 0x00, 0x00, 0x00, 0x99, 0xFF, 0xC7, 0x04, 0x00, 0x8A, 0xFF, 0xE6, 0x16, 0x00, 0x00, 0x00,
0x00, 0xB0, 0xFF, 0x64, 0x00, 0x00, 0x00, 0x00, 0x59, 0xFF, 0xED, 0x1E, 0x00, 0x00, 0x04, 0xC7,
0xFF, 0xBB, 0x02, 0x00, 0x00, 0x00, 0xB0, 0xFF, 0x64, 0x00, 0x00, 0x00, 0x27, 0xF3, 0xFF, 0x4D,
0x00, 0x00, 0x00, 0x00, 0x1F, 0xEE, 0xFF, 0x7F, 0x00, 0x00, 0x00, 0xB0, 0xFF, 0x64, 0x00, 0x00,
0x09, 0xD2, 0xFF, 0x8D, 0x00, 0x00, 0x00, 0x00, 0x00, 0x00, 0x4F, 0xFF, 0xFD, 0x43, 0x00, 0x00,
0xB0, 0xFF, 0x64, 0x00, 0x00, 0x9D, 0xFF, 0xC8, 0x05, 0x00, 0x00, 0x00, 0x00, 0x00, 0x00, 0x00,
0x90, 0xFF, 0xE8, 0x19, 0x00, 0xB0, 0xFF, 0x64, 0x00, 0x5E, 0xFF, 0xEE, 0x1F, 0x00, 0x00, 0x00,
0x00, 0x00, 0x00, 0x00, 0x00, 0x06, 0xCB, 0xFF, 0xBF, 0x03, 0xB0, 0xFF, 0x64, 0x2A, 0xF4, 0xFF,
0x4F, 0x00, 0x00, 0x00, 0x00, 0x00, 0x00, 0x00, 0x00, 0x00, 0x00, 0x1D, 0xC4, 0xFF, 0xFF, 0xFF,
0xFF, 0xD5, 0xF5, 0xFD, 0x54, 0x00, 0x00, 0x00, 0x00, 0x00, 0x00, 0x00, 0x00, 0x00, 0x00, 0x00,
0x00, 0x82, 0xFF, 0xE6, 0xE7, 0xFF, 0xFF, 0xFF, 0xFF, 0xB0, 0x09, 0x00, 0x00, 0x00, 0x00, 0x00,
0x00, 0x00, 0x00, 0x00, 0x00, 0x7D, 0xFF, 0xDC, 0x09, 0xB0, 0xFF, 0x64, 0x24, 0xF6, 0xFF, 0x90,
0x00, 0x00, 0x00, 0x00, 0x00, 0x00, 0x00, 0x00, 0x00, 0x2B, 0xF9, 0xFF, 0x43, 0x00, 0xB0, 0xFF,
0x64, 0x00, 0x77, 0xFF, 0xFD, 0x36, 0x00, 0x00, 0x00, 0x00, 0x00, 0x00, 0x00, 0x03, 0xC9, 0xFF,
0x9E, 0x00, 0x00, 0xB0, 0xFF, 0x64, 0x00, 0x04, 0xCF, 0xFF, 0xD1, 0x05, 0x00, 0x00, 0x00, 0x00,
0x00, 0x00, 0x73, 0xFF, 0xE9, 0x12, 0x00, 0x00, 0xB0, 0xFF, 0x64, 0x00, 0x00, 0x33, 0xFC, 0xFF,
0x7A, 0x00, 0x00, 0x00, 0x00, 0x00, 0x23, 0xF6, 0xFF, 0x57, 0x00, 0x00, 0x00, 0xB0, 0xFF, 0x64,
0x00, 0x00, 0x00, 0x8C, 0xFF, 0xF7, 0x25, 0x00, 0x00, 0x00, 0x01, 0xBF, 0xFF, 0xB4, 0x00, 0x00,
0x00, 0x00, 0xB0, 0xFF, 0x64, 0x00, 0x00, 0x00, 0x0A, 0xDE, 0xFF, 0xBF, 0x00, 0x00, 0x00, 0x67,
0xFF, 0xF3, 0x1D, 0x00, 0x00, 0x00, 0x00, 0xB0, 0xFF, 0x64, 0x00, 0x00, 0x00, 0x00, 0x45, 0xFF,
0xFF, 0x63, 0x00, 0x1C, 0xF1, 0xFF, 0x6D, 0x00, 0x00, 0x00, 0x00, 0x00, 0xB0, 0xFF, 0x64, 0x00,
0x00, 0x00, 0x00, 0x00, 0xA2, 0xFF, 0xEE, 0x17, 0xB4, 0xFF, 0xC7, 0x02, 0x00, 0x00, 0x00, 0x00,
0x00, 0xB0, 0xFF, 0x64, 0x00, 0x00, 0x00, 0x00, 0x00, 0x13, 0xEA, 0xFF, 0xAA, 0x00, 0x00, 0x00,
0x00, 0x3A, 0xEE, 0xCE, 0x06, 0x00, 0x3D, 0xEF, 0xCF, 0x08, 0x00, 0x00, 0x00, 0x00, 0x00, 0x00,
0x00, 0x00, 0x00, 0x3B, 0xEE, 0xCE, 0x06, 0x00, 0x3E, 0xEF, 0xD0, 0x08, 0x00, 0x00, 0x00, 0x00,
0x00, 0x00, 0x00, 0x00, 0x00, 0x00, 0x00, 0x00, 0x00, 0x00, 0x00, 0x00, 0x00, 0x00, 0x00, 0x00,
0x00, 0x00, 0x00, 0x00, 0x00, 0x00, 0x00, 0x00, 0x00, 0x00, 0x00, 0x00, 0x00, 0x00, 0x00, 0x00,
0x00, 0x00, 0x00, 0x00, 0x00, 0x67, 0xFF, 0xCD, 0x02, 0x00, 0x00, 0x00, 0x88, 0xFF, 0x7C, 0x00,
0x00, 0x00, 0x13, 0xEA, 0xFC, 0x34, 0x00, 0x03, 0xD2, 0xFF, 0x69, 0x00, 0x00, 0x00, 0x88, 0xFF,
0x7C, 0x00, 0x00, 0x00, 0xA3, 0xFF, 0x8B, 0x00, 0x00, 0x00, 0x42, 0xFF, 0xEE, 0x14, 0x00, 0x00,
0x88, 0xFF, 0x7C, 0x00, 0x00, 0x47, 0xFF, 0xDC, 0x0A, 0x00, 0x00, 0x00, 0x00, 0xB0, 0xFF, 0x9C,
0x00, 0x00, 0x88, 0xFF, 0x7C, 0x00, 0x0B, 0xDF, 0xFF, 0x42, 0x00, 0x00, 0x00, 0x00, 0x00, 0x24,
0xF9, 0xFE, 0x37, 0x00, 0x88, 0xFF, 0x7C, 0x00, 0x90, 0xFF, 0x9C, 0x00, 0x00, 0x00, 0x00, 0x00,
0x00, 0x00, 0x8A, 0xFF, 0xCC, 0x02, 0x88, 0xFF, 0x86, 0x5B, 0xFD, 0xD6, 0x10, 0x00, 0x00, 0x00,
0x00, 0x00, 0x00, 0x00, 0x04, 0x95, 0xFF, 0xFF, 0xFF, 0xFF, 0xFF, 0xFF, 0xFF, 0x4B, 0x00, 0x00,
0x00, 0x00, 0x00, 0x00, 0x00, 0x00, 0x01, 0x92, 0xFF, 0xFF, 0xFF, 0xFF, 0xFF, 0xFF, 0xFF, 0xFB,
0x56, 0x00, 0x00, 0x00, 0x00, 0x00, 0x00, 0x00, 0x7A, 0xFF, 0xEE, 0x42, 0x8E, 0xFF, 0x7C, 0x04,
0xC2, 0xFF, 0xF0, 0x1C, 0x00, 0x00, 0x00, 0x00, 0x00, 0x43, 0xFD, 0xFC, 0x45, 0x00, 0x88, 0xFF,
0x7C, 0x00, 0x1A, 0xE9, 0xFF, 0xBB, 0x01, 0x00, 0x00, 0x00, 0x1C, 0xEA, 0xFF, 0x72, 0x00, 0x00,
0x88, 0xFF, 0x7C, 0x00, 0x00, 0x43, 0xFD, 0xFF, 0x6C, 0x00, 0x00, 0x06, 0xC7, 0xFF, 0xA2, 0x00,
0x00, 0x00, 0x88, 0xFF, 0x7C, 0x00, 0x00, 0x00, 0x7D, 0xFF, 0xF5, 0x26, 0x00, 0x95, 0xFF, 0xCB,
0x08, 0x00, 0x00, 0x00, 0x88, 0xFF, 0x7C, 0x00, 0x00, 0x00, 0x01, 0xB7, 0xFF, 0xC8, 0x03, 0x00,
0x37, 0xE9, 0xE2, 0x21, 0x00, 0x3B, 0xEC, 0xE0, 0x20, 0x00, 0x00, 0x00, 0x38, 0xE9, 0xE2, 0x22,
0x00, 0x3C, 0xEC, 0xE0, 0x21, 0x00, 0x00, 0x00, 0x00, 0x00, 0x00, 0x00, 0x00, 0x00, 0x00, 0x00,
0x00, 0x00, 0x00, 0x0A, 0x61, 0xA8, 0xD8, 0xF2, 0xFA, 0xE3, 0xC2, 0x72, 0x0A, 0x00, 0x00, 0x4D,
0xFF, 0xFF, 0xFF, 0xFF, 0xFF, 0xFF, 0xFF, 0xFF, 0xD5, 0x15, 0x00, 0x0B, 0xC3, 0x61, 0x24, 0x09,
0x0A, 0x2D, 0x95, 0xFF, 0xFF, 0x9F, 0x00, 0x00, 0x00, 0x00, 0x00, 0x00, 0x00, 0x00, 0x00, 0x99,
0xFF, 0xF3, 0x00, 0x00, 0x00, 0x00, 0x00, 0x00, 0x00, 0x00, 0x00, 0x43, 0xFF, 0xFF, 0x07, 0x00,
0x00, 0x00, 0x00, 0x00, 0x00, 0x00, 0x00, 0x51, 0xFF, 0xDF, 0x00, 0x00, 0x00, 0x00, 0x00, 0x00,
0x00, 0x00, 0x0A, 0xD0, 0xFF, 0x71, 0x00, 0x00, 0x00, 0x00, 0x00, 0x08, 0x24, 0x67, 0xDD, 0xFF,
0x9B, 0x02, 0x00, 0x00, 0x00, 0x64, 0xFF, 0xFF, 0xFF, 0xFF, 0xE8, 0x4A, 0x00, 0x00, 0x00, 0x00,
0x00, 0x64, 0xFF, 0xFF, 0xFF, 0xFF, 0xFF, 0xFA, 0xA8, 0x16, 0x00, 0x00, 0x00, 0x00, 0x00, 0x03,
0x18, 0x3E, 0x8C, 0xF0, 0xFF, 0xDE, 0x0D, 0x00, 0x00, 0x00, 0x00, 0x00, 0x00, 0x00, 0x00, 0x27,
0xF6, 0xFF, 0x6A, 0x00, 0x00, 0x00, 0x00, 0x00, 0x00, 0x00, 0x00, 0x00, 0xB9, 0xFF, 0x94, 0x00,
0x00, 0x00, 0x00, 0x00, 0x00, 0x00, 0x00, 0x00, 0xC6, 0xFF, 0x85, 0x00, 0x00, 0x00, 0x00, 0x00,
0x00, 0x00, 0x00, 0x53, 0xFF, 0xFF, 0x45, 0x6D, 0x9A, 0x47, 0x19, 0x06, 0x0F, 0x35, 0x93, 0xFB,
0xFF, 0xBA, 0x01, 0xB9, 0xFF, 0xFF, 0xFF, 0xFF, 0xFF, 0xFF, 0xFF, 0xFF, 0xB7, 0x0F, 0x00, 0x2C,
0x90, 0xCF, 0xF0, 0xFC, 0xF5, 0xD9, 0xA2, 0x47, 0x00, 0x00, 0x00, 0x3A, 0xEE, 0xCE, 0x06, 0x00,
0x3D, 0xEF, 0xCF, 0x08, 0x00, 0x3B, 0xEE, 0xCE, 0x06, 0x00, 0x3E, 0xEF, 0xD0, 0x08, 0x00, 0x00,
0x00, 0x00, 0x00, 0x00, 0x00, 0x00, 0x00, 0x00, 0x00, 0x00, 0x00, 0x00, 0x00, 0x00, 0x00, 0x00,
0x00, 0x00, 0x00, 0x32, 0x91, 0xD0, 0xF2, 0xFC, 0xED, 0xBD, 0x50, 0x00, 0x00, 0xCF, 0xFF, 0xFF,
0xFF, 0xFF, 0xFF, 0xFF, 0xFF, 0x50, 0x00, 0x79, 0x8C, 0x30, 0x08, 0x0C, 0x36, 0xCD, 0xFF, 0xA7,
0x00, 0x00, 0x00, 0x00, 0x00, 0x00, 0x00, 0x76, 0xFF, 0x94, 0x00, 0x00, 0x00, 0x00, 0x00, 0x0D,
0x54, 0xEA, 0xED, 0x24, 0x00, 0x00, 0x00, 0xC0, 0xFF, 0xFF, 0xFF, 0xD2, 0x25, 0x00, 0x00, 0x00,
0x00, 0xC0, 0xFF, 0xFF, 0xFF, 0xFF, 0xE3, 0x39, 0x00, 0x00, 0x00, 0x00, 0x00, 0x10, 0x38, 0xB4,
0xFF, 0xDE, 0x02, 0x00, 0x00, 0x00, 0x00, 0x00, 0x00, 0x08, 0xF7, 0xFF, 0x1F, 0x00, 0x00, 0x00,
0x00, 0x00, 0x00, 0x0D, 0xFB, 0xFF, 0x22, 0x84, 0x86, 0x2F, 0x0D, 0x0E, 0x3A, 0xBC, 0xFF, 0xDB,
0x01, 0xDD, 0xFF, 0xFF, 0xFF, 0xFF, 0xFF, 0xFF, 0xF2, 0x3B, 0x00, 0x3C, 0xAA, 0xE7, 0xFB, 0xF5,
0xD4, 0x8E, 0x1C, 0x00, 0x00, 0x84, 0xFF, 0xFF, 0xFF, 0xFF, 0xFF, 0xFF, 0xFF, 0xFF, 0xFF, 0xFF,
0x41, 0x84, 0xFF, 0xFF, 0xFF, 0xFF, 0xFF, 0xFE, 0xE3, 0xF6, 0xFF, 0xA9, 0x02, 0x00, 0x00, 0x00,
0x00, 0x00, 0x00, 0x00, 0x87, 0xFF, 0xB7, 0x05, 0x00, 0x00, 0x00, 0x00, 0x00, 0x00, 0x01, 0x94,
0xFF, 0xC4, 0x0A, 0x00, 0x00, 0x00, 0x00, 0x00, 0x00, 0x01, 0x97, 0xFF, 0xD0, 0x10, 0x00, 0x00,
0x00, 0x00, 0x00, 0x00, 0x01, 0x99, 0xFF, 0xDB, 0x17, 0x00, 0x00, 0x00, 0x00, 0x00, 0x00, 0x01,
0x9B, 0xFF, 0xD4, 0x20, 0x00, 0x00, 0x00, 0x00, 0x00, 0x00, 0x00, 0x81, 0xFF, 0xFF, 0xE7, 0xF7,
0xDA, 0x98, 0x2D, 0x00, 0x00, 0x00, 0x00, 0xA4, 0xFF, 0xFF, 0xFF, 0xFF, 0xFF, 0xFF, 0xFB, 0x6D,
0x00, 0x00, 0x00, 0x00, 0x00, 0x00, 0x0B, 0x29, 0x69, 0xD7, 0xFF, 0xFF, 0x3E, 0x00, 0x00, 0x00,
0x00, 0x00, 0x00, 0x00, 0x00, 0x08, 0xC1, 0xFF, 0xB0, 0x00, 0x00, 0x00, 0x00, 0x00, 0x00, 0x00,
0x00, 0x00, 0x45, 0xFF, 0xE4, 0x00, 0x00, 0x00, 0x00, 0x00, 0x00, 0x00, 0x00, 0x00, 0x28, 0xFF,
0xE8, 0x00, 0x00, 0x00, 0x00, 0x00, 0x00, 0x00, 0x00, 0x00, 0x5A, 0xFF, 0xC4, 0x00, 0x00, 0x00,
0x00, 0x00, 0x00, 0x00, 0x00, 0x1E, 0xE2, 0xFF, 0x6B, 0x2A, 0xBE, 0x61, 0x26, 0x08, 0x11, 0x33,
0x88, 0xF0, 0xFF, 0xCB, 0x05, 0x6E, 0xFF, 0xFF, 0xFF, 0xFF, 0xFF, 0xFF, 0xFF, 0xFF, 0xBD, 0x13,
0x00, 0x13, 0x74, 0xB7, 0xE5, 0xFA, 0xF7, 0xDE, 0xA7, 0x4C, 0x01, 0x00, 0x00, 0xE8, 0xFF, 0xFF,
0xFF, 0xFF, 0xFF, 0xFF, 0xFF, 0xFF, 0x69, 0x00, 0xE8, 0xFF, 0xFF, 0xFF, 0xFF, 0xF7, 0xE4, 0xFF,
0xDD, 0x0F, 0x00, 0x00, 0x00, 0x00, 0x00, 0x00, 0x17, 0xCD, 0xFA, 0x35, 0x00, 0x00, 0x00, 0x00,
0x00, 0x00, 0x02, 0xBF, 0xFF, 0x71, 0x00, 0x00, 0x00, 0x00, 0x00, 0x00, 0x00, 0x79, 0xFF, 0xB3,
0x01, 0x00, 0x00, 0x00, 0x00, 0x00, 0x00, 0x34, 0xFA, 0xE3, 0x13, 0x00, 0x00, 0x00, 0x00, 0x00,
0x00, 0x0B, 0xDA, 0xEB, 0x37, 0x00, 0x00, 0x00, 0x00, 0x00, 0x00, 0x00, 0x9D, 0xFF, 0xEE, 0xF7,
0xD3, 0x75, 0x06, 0x00, 0x00, 0x00, 0x03, 0xFF, 0xFF, 0xFF, 0xFF, 0xFF, 0xFF, 0xBC, 0x05, 0x00,
0x00, 0x00, 0x00, 0x00, 0x13, 0x39, 0xA4, 0xFF, 0xFF, 0x75, 0x00, 0x00, 0x00, 0x00, 0x00, 0x00,
0x00, 0x00, 0x80, 0xFF, 0xD9, 0x00, 0x00, 0x00, 0x00, 0x00, 0x00, 0x00, 0x00, 0x12, 0xFF, 0xFF,
0x07, 0x00, 0x00, 0x00, 0x00, 0x00, 0x00, 0x00, 0x00, 0xFA, 0xFF, 0x0A, 0x00, 0x00, 0x00, 0x00,
0x00, 0x00, 0x00, 0x23, 0xFF, 0xE9, 0x00, 0x00, 0x00, 0x00, 0x00, 0x00, 0x00, 0x02, 0xB8, 0xFF,
0x99, 0x00, 0x80, 0x8C, 0x2B, 0x07, 0x17, 0x49, 0xC5, 0xFF, 0xEF, 0x1D, 0x00, 0xD6, 0xFF, 0xFF,
0xFF, 0xFF, 0xFF, 0xFF, 0xE8, 0x3A, 0x00, 0x00, 0x38, 0xA6, 0xD9, 0xF6, 0xF2, 0xCB, 0x7D, 0x13,
0x00, 0x00, 0x00, 0x00, 0x00, 0x70, 0xFF, 0xFF, 0xFF, 0xFF, 0xFF, 0xFF, 0xFF, 0xC8, 0x00, 0x00,
0x00, 0x00, 0x00, 0x70, 0xFF, 0xFF, 0xFF, 0xFF, 0xFF, 0xFF, 0xFF, 0xC8, 0x00, 0x00, 0x00, 0x00,
0x00, 0x00, 0x00, 0x00, 0x00, 0x00, 0x00, 0x00, 0x00, 0x00, 0x00, 0x00, 0x00, 0x00, 0x00, 0x00,
0x00, 0x00, 0x00, 0x00, 0x00, 0x00, 0x00, 0x00, 0x00, 0x00, 0x00, 0xCC, 0xFF, 0x60, 0x00, 0x00,
0x00, 0x00, 0x00, 0x00, 0x00, 0x00, 0x2E, 0xF7, 0x80, 0xCC, 0xFF, 0x60, 0x00, 0x00, 0x00, 0x00,
0x00, 0x00, 0x00, 0x0A, 0xD6, 0xFF, 0x80, 0xCC, 0xFF, 0x60, 0x00, 0x00, 0x00, 0x00, 0x00, 0x00,
0x00, 0x9C, 0xFF, 0xFF, 0x80, 0xCC, 0xFF, 0x60, 0x00, 0x00, 0x00, 0x00, 0x00, 0x00, 0x56, 0xFF,
0xF5, 0xFF, 0x80, 0xCC, 0xFF, 0x60, 0x00, 0x00, 0x00, 0x00, 0x00, 0x21, 0xF0, 0xF4, 0xA2, 0xFF,
0x80, 0xCC, 0xFF, 0x60, 0x00, 0x00, 0x00, 0x00, 0x04, 0xC8, 0xFF, 0x8E, 0xA1, 0xFF, 0x80, 0xCC,
0xFF, 0x60, 0x00, 0x00, 0x00, 0x00, 0x88, 0xFF, 0xE5, 0x14, 0xA8, 0xFF, 0x80, 0xCC, 0xFF, 0x60,
0x00, 0x00, 0x00, 0x44, 0xFE, 0xFD, 0x3F, 0x00, 0xA8, 0xFF, 0x80, 0xCC, 0xFF, 0x60, 0x00, 0x00,
0x16, 0xE7, 0xFF, 0x7F, 0x00, 0x00, 0xA8, 0xFF, 0x80, 0xCC, 0xFF, 0x60, 0x00, 0x01, 0xB7, 0xFF,
0xC0, 0x02, 0x00, 0x00, 0xA8, 0xFF, 0x80, 0xCC, 0xFF, 0x60, 0x00, 0x74, 0xFF, 0xEB, 0x1A, 0x00,
0x00, 0x00, 0xA8, 0xFF, 0x80, 0xCC, 0xFF, 0x60, 0x35, 0xFA, 0xFE, 0x4A, 0x00, 0x00, 0x00, 0x00,
0xA8, 0xFF, 0x80, 0xCC, 0xFF, 0x5B, 0xCB, 0xFF, 0x8B, 0x00, 0x00, 0x00, 0x00, 0x00, 0xA8, 0xFF,
0x80, 0xCC, 0xFF, 0x8C, 0xFF, 0xC9, 0x05, 0x00, 0x00, 0x00, 0x00, 0x00, 0xA8, 0xFF, 0x80, 0xCC,
0xFF, 0xEE, 0xF0, 0x21, 0x00, 0x00, 0x00, 0x00, 0x00, 0x00, 0xA8, 0xFF, 0x80, 0xCC, 0xFF, 0xFF,
0x54, 0x00, 0x00, 0x00, 0x00, 0x00, 0x00, 0x00, 0xA8, 0xFF, 0x80, 0xCC, 0xFF, 0x97, 0x00, 0x00,
0x00, 0x00, 0x00, 0x00, 0x00, 0x00, 0xA8, 0xFF, 0x80, 0xCC, 0xD2, 0x08, 0x00, 0x00, 0x00, 0x00,
0x00, 0x00, 0x00, 0x00, 0xA8, 0xFF, 0x80, 0x00, 0x70, 0xFF, 0xFF, 0xFF, 0xFF, 0xFF, 0xFF, 0xFF,
0x40, 0x00, 0x00, 0x70, 0xFF, 0xFF, 0xFF, 0xFF, 0xFF, 0xFF, 0xFF, 0x40, 0x00, 0x00, 0x00, 0x00,
0x00, 0x00, 0x00, 0x00, 0x00, 0x00, 0x00, 0x00, 0x00, 0x00, 0x00, 0x00, 0x00, 0x00, 0x00, 0x00,
0x00, 0x00, 0x00, 0xFF, 0xFF, 0x14, 0x00, 0x00, 0x00, 0x00, 0x00, 0x68, 0xFF, 0x30, 0xFF, 0xFF,
0x14, 0x00, 0x00, 0x00, 0x00, 0x2E, 0xF7, 0xFF, 0x30, 0xFF, 0xFF, 0x14, 0x00, 0x00, 0x00, 0x0B,
0xD8, 0xFF, 0xFF, 0x30, 0xFF, 0xFF, 0x14, 0x00, 0x00, 0x00, 0xA2, 0xFE, 0xF4, 0xFF, 0x30, 0xFF,
0xFF, 0x14, 0x00, 0x00, 0x61, 0xFF, 0x97, 0xDA, 0xFF, 0x30, 0xFF, 0xFF, 0x14, 0x00, 0x29, 0xF5,
0xDF, 0x0F, 0xE3, 0xFF, 0x30, 0xFF, 0xFF, 0x14, 0x09, 0xD3, 0xF8, 0x33, 0x00, 0xE4, 0xFF, 0x30,
0xFF, 0xFF, 0x13, 0x9B, 0xFF, 0x68, 0x00, 0x00, 0xE4, 0xFF, 0x30, 0xFF, 0xFF, 0x54, 0xFF, 0xA5,
0x00, 0x00, 0x00, 0xE4, 0xFF, 0x30, 0xFF, 0xFF, 0xE2, 0xD5, 0x0B, 0x00, 0x00, 0x00, 0xE4, 0xFF,
0x30, 0xFF, 0xFF, 0xF4, 0x29, 0x00, 0x00, 0x00, 0x00, 0xE4, 0xFF, 0x30, 0xFF, 0xFF, 0x59, 0x00,
0x00, 0x00, 0x00, 0x00, 0xE4, 0xFF, 0x30, 0xFF, 0x95, 0x00, 0x00, 0x00, 0x00, 0x00, 0x00, 0xE4,
0xFF, 0x30, 0x00, 0x00, 0x37, 0xE9, 0xE2, 0x21, 0x00, 0x3B, 0xEC, 0xE0, 0x20, 0x00, 0x00, 0x00,
0x00, 0x00, 0x38, 0xE9, 0xE2, 0x22, 0x00, 0x3C, 0xEC, 0xE0, 0x21, 0x00, 0x00, 0x00, 0x00, 0x00,
0x00, 0x00, 0x00, 0x00, 0x00, 0x00, 0x00, 0x00, 0x00, 0x00, 0x00, 0x00, 0xCC, 0xFF, 0x60, 0x00,
0x00, 0x00, 0x00, 0x00, 0x00, 0x00, 0x00, 0x2E, 0xF7, 0x80, 0xCC, 0xFF, 0x60, 0x00, 0x00, 0x00,
0x00, 0x00, 0x00, 0x00, 0x0A, 0xD6, 0xFF, 0x80, 0xCC, 0xFF, 0x60, 0x00, 0x00, 0x00, 0x00, 0x00,
0x00, 0x00, 0x9C, 0xFF, 0xFF, 0x80, 0xCC, 0xFF, 0x60, 0x00, 0x00, 0x00, 0x00, 0x00, 0x00, 0x56,
0xFF, 0xF5, 0xFF, 0x80, 0xCC, 0xFF, 0x60, 0x00, 0x00, 0x00, 0x00, 0x00, 0x21, 0xF0, 0xF4, 0xA2,
0xFF, 0x80, 0xCC, 0xFF, 0x60, 0x00, 0x00, 0x00, 0x00, 0x04, 0xC8, 0xFF, 0x8E, 0xA1, 0xFF, 0x80,
0xCC, 0xFF, 0x60, 0x00, 0x00, 0x00, 0x00, 0x88, 0xFF, 0xE5, 0x14, 0xA8, 0xFF, 0x80, 0xCC, 0xFF,
0x60, 0x00, 0x00, 0x00, 0x44, 0xFE, 0xFD, 0x3F, 0x00, 0xA8, 0xFF, 0x80, 0xCC, 0xFF, 0x60, 0x00,
0x00, 0x16, 0xE7, 0xFF, 0x7F, 0x00, 0x00, 0xA8, 0xFF, 0x80, 0xCC, 0xFF, 0x60, 0x00, 0x01, 0xB7,
0xFF, 0xC0, 0x02, 0x00, 0x00, 0xA8, 0xFF, 0x80, 0xCC, 0xFF, 0x60, 0x00, 0x74, 0xFF, 0xEB, 0x1A,
0x00, 0x00, 0x00, 0xA8, 0xFF, 0x80, 0xCC, 0xFF, 0x60, 0x35, 0xFA, 0xFE, 0x4A, 0x00, 0x00, 0x00,
0x00, 0xA8, 0xFF, 0x80, 0xCC, 0xFF, 0x5B, 0xCB, 0xFF, 0x8B, 0x00, 0x00, 0x00, 0x00, 0x00, 0xA8,
0xFF, 0x80, 0xCC, 0xFF, 0x8C, 0xFF, 0xC9, 0x05, 0x00, 0x00, 0x00, 0x00, 0x00, 0xA8, 0xFF, 0x80,
0xCC, 0xFF, 0xEE, 0xF0, 0x21, 0x00, 0x00, 0x00, 0x00, 0x00, 0x00, 0xA8, 0xFF, 0x80, 0xCC, 0xFF,
0xFF, 0x54, 0x00, 0x00, 0x00, 0x00, 0x00, 0x00, 0x00, 0xA8, 0xFF, 0x80, 0xCC, 0xFF, 0x97, 0x00,
0x00, 0x00, 0x00, 0x00, 0x00, 0x00, 0x00, 0xA8, 0xFF, 0x80, 0xCC, 0xD2, 0x08, 0x00, 0x00, 0x00,
0x00, 0x00, 0x00, 0x00, 0x00, 0xA8, 0xFF, 0x80, 0x00, 0x3A, 0xEE, 0xCE, 0x06, 0x00, 0x3D, 0xEF,
0xCF, 0x08, 0x00, 0x00, 0x3B, 0xEE, 0xCE, 0x06, 0x00, 0x3E, 0xEF, 0xD0, 0x08, 0x00, 0x00, 0x00,
0x00, 0x00, 0x00, 0x00, 0x00, 0x00, 0x00, 0x00, 0x00, 0x00, 0x00, 0x00, 0x00, 0x00, 0x00, 0x00,
0x00, 0x00, 0x00, 0x00, 0xFF, 0xFF, 0x14, 0x00, 0x00, 0x00, 0x00, 0x00, 0x68, 0xFF, 0x30, 0xFF,
0xFF, 0x14, 0x00, 0x00, 0x00, 0x00, 0x2E, 0xF7, 0xFF, 0x30, 0xFF, 0xFF, 0x14, 0x00, 0x00, 0x00,
0x0B, 0xD8, 0xFF, 0xFF, 0x30, 0xFF, 0xFF, 0x14, 0x00, 0x00, 0x00, 0xA2, 0xFE, 0xF4, 0xFF, 0x30,
0xFF, 0xFF, 0x14, 0x00, 0x00, 0x61, 0xFF, 0x97, 0xDA, 0xFF, 0x30, 0xFF, 0xFF, 0x14, 0x00, 0x29,
0xF5, 0xDF, 0x0F, 0xE3, 0xFF, 0x30, 0xFF, 0xFF, 0x14, 0x09, 0xD3, 0xF8, 0x33, 0x00, 0xE4, 0xFF,
0x30, 0xFF, 0xFF, 0x13, 0x9B, 0xFF, 0x68, 0x00, 0x00, 0xE4, 0xFF, 0x30, 0xFF, 0xFF, 0x54, 0xFF,
0xA5, 0x00, 0x00, 0x00, 0xE4, 0xFF, 0x30, 0xFF, 0xFF, 0xE2, 0xD5, 0x0B, 0x00, 0x00, 0x00, 0xE4,
0xFF, 0x30, 0xFF, 0xFF, 0xF4, 0x29, 0x00, 0x00, 0x00, 0x00, 0xE4, 0xFF, 0x30, 0xFF, 0xFF, 0x59,
0x00, 0x00, 0x00, 0x00, 0x00, 0xE4, 0xFF, 0x30, 0xFF, 0x95, 0x00, 0x00, 0x00, 0x00, 0x00, 0x00,
0xE4, 0xFF, 0x30, 0x00, 0x00, 0x00, 0x37, 0xE9, 0xE2, 0x21, 0x00, 0x3B, 0xEC, 0xE0, 0x20, 0x00,
0x00, 0x00, 0x00, 0x00, 0x00, 0x00, 0x38, 0xE9, 0xE2, 0x22, 0x00, 0x3C, 0xEC, 0xE0, 0x21, 0x00,
0x00, 0x00, 0x00, 0x00, 0x00, 0x00, 0x00, 0x00, 0x00, 0x00, 0x00, 0x00, 0x00, 0x00, 0x00, 0x00,
0x00, 0x00, 0x00, 0x00, 0x00, 0x00, 0x00, 0x49, 0xA6, 0xE0, 0xF7, 0xF0, 0xD6, 0x90, 0x2A, 0x00,
0x00, 0x00, 0x00, 0x00, 0x00, 0x09, 0xAF, 0xFF, 0xFF, 0xFF, 0xFF, 0xFF, 0xFF, 0xFF, 0xFB, 0x7E,
0x00, 0x00, 0x00, 0x00, 0x00, 0xB6, 0xFF, 0xFC, 0x94, 0x30, 0x09, 0x13, 0x4D, 0xCB, 0xFF, 0xFF,
0x7A, 0x00, 0x00, 0x00, 0x5F, 0xFF, 0xFF, 0x58, 0x00, 0x00, 0x00, 0x00, 0x00, 0x05, 0xB3, 0xFF,
0xFA, 0x28, 0x00, 0x00, 0xCF, 0xFF, 0xA3, 0x00, 0x00, 0x00, 0x00, 0x00, 0x00, 0x00, 0x10, 0xEE,
0xFF, 0x93, 0x00, 0x22, 0xFF, 0xFF, 0x39, 0x00, 0x00, 0x00, 0x00, 0x00, 0x00, 0x00, 0x00, 0x89,
0xFF, 0xE7, 0x00, 0x56, 0xFF, 0xF7, 0x03, 0x00, 0x00, 0x00, 0x00, 0x00, 0x00, 0x00, 0x00, 0x3F,
0xFF, 0xFF, 0x1A, 0x76, 0xFF, 0xD4, 0x00, 0x00, 0x00, 0x00, 0x00, 0x00, 0x00, 0x00, 0x00, 0x10,
0xFF, 0xFF, 0x3D, 0x85, 0xFF, 0xC6, 0x00, 0x00, 0x00, 0x00, 0x00, 0x00, 0x00, 0x00, 0x00, 0x00,
0xFB, 0xFF, 0x4C, 0x85, 0xFF, 0xC6, 0x00, 0x00, 0x00, 0x00, 0x00, 0x00, 0x00, 0x00, 0x00, 0x00,
0xFB, 0xFF, 0x4B, 0x76, 0xFF, 0xDA, 0x00, 0x00, 0x00, 0x00, 0x00, 0x00, 0x00, 0x00, 0x00, 0x0A,
0xFF, 0xFF, 0x3C, 0x56, 0xFF, 0xFC, 0x09, 0x00, 0x00, 0x00, 0x00, 0x00, 0x00, 0x00, 0x00, 0x31,
0xFF, 0xFF, 0x1D, 0x23, 0xFF, 0xFF, 0x4F, 0x00, 0x00, 0x00, 0x00, 0x00, 0x00, 0x00, 0x00, 0x71,
0xFF, 0xE8, 0x00, 0x00, 0xCF, 0xFF, 0xC1, 0x00, 0x00, 0x00, 0x00, 0x00, 0x00, 0x00, 0x05, 0xD7,
0xFF, 0x95, 0x00, 0x00, 0x5D, 0xFF, 0xFF, 0x78, 0x00, 0x00, 0x00, 0x00, 0x00, 0x00, 0x90, 0xFF,
0xFA, 0x29, 0x00, 0x00, 0x00, 0xB5, 0xFF, 0xFF, 0xA4, 0x35, 0x0A, 0x0E, 0x42, 0xB7, 0xFF, 0xFF,
0x7B, 0x00, 0x00, 0x00, 0x00, 0x09, 0xAD, 0xFF, 0xFF, 0xFF, 0xFF, 0xFF, 0xFF, 0xFF, 0xFC, 0x7F,
0x00, 0x00, 0x00, 0x00, 0x00, 0x00, 0x00, 0x49, 0xA7, 0xE0, 0xF7, 0xF2, 0xD7, 0x94, 0x2B, 0x00,
0x00, 0x00, 0x00, 0x00, 0x00, 0x3A, 0xEE, 0xCE, 0x06, 0x00, 0x3D, 0xEF, 0xCF, 0x08, 0x00, 0x00,
0x00, 0x3B, 0xEE, 0xCE, 0x06, 0x00, 0x3E, 0xEF, 0xD0, 0x08, 0x00, 0x00, 0x00, 0x00, 0x00, 0x00,
0x00, 0x00, 0x00, 0x00, 0x00, 0x00, 0x00, 0x00, 0x00, 0x00, 0x00, 0x00, 0x00, 0x00, 0x00, 0x00,
0x00, 0x00, 0x00, 0x00, 0x00, 0x14, 0x88, 0xD5, 0xF5, 0xF4, 0xD1, 0x7F, 0x0D, 0x00, 0x00, 0x00,
0x25, 0xE3, 0xFF, 0xFF, 0xFF, 0xFF, 0xFF, 0xFF, 0xDC, 0x1D, 0x00, 0x01, 0xCC, 0xFF, 0xD8, 0x46,
0x0A, 0x0E, 0x58, 0xEA, 0xFF, 0xBC, 0x00, 0x41, 0xFF, 0xF7, 0x20, 0x00, 0x00, 0x00, 0x00, 0x43,
0xFF, 0xFF, 0x2F, 0x85, 0xFF, 0xAE, 0x00, 0x00, 0x00, 0x00, 0x00, 0x00, 0xD2, 0xFF, 0x72, 0xA8,
0xFF, 0x80, 0x00, 0x00, 0x00, 0x00, 0x00, 0x00, 0x9E, 0xFF, 0x98, 0xB4, 0xFF, 0x74, 0x00, 0x00,
0x00, 0x00, 0x00, 0x00, 0x85, 0xFF, 0xA3, 0xA9, 0xFF, 0x8B, 0x00, 0x00, 0x00, 0x00, 0x00, 0x00,
0x91, 0xFF, 0x97, 0x86, 0xFF, 0xC0, 0x00, 0x00, 0x00, 0x00, 0x00, 0x00, 0xC0, 0xFF, 0x74, 0x42,
0xFF, 0xFF, 0x38, 0x00, 0x00, 0x00, 0x00, 0x2B, 0xFD, 0xFF, 0x31, 0x01, 0xCD, 0xFF, 0xF0, 0x56,
0x0C, 0x0B, 0x4C, 0xE0, 0xFF, 0xBC, 0x00, 0x00, 0x27, 0xE5, 0xFF, 0xFF, 0xFF, 0xFF, 0xFF, 0xFF,
0xDC, 0x1D, 0x00, 0x00, 0x00, 0x14, 0x8A, 0xD7, 0xF6, 0xF6, 0xD3, 0x82, 0x0F, 0x00, 0x00, 0x00,
0x00, 0x00, 0x00, 0x49, 0xA6, 0xE0, 0xF7, 0xF0, 0xD6, 0x90, 0x2A, 0x00, 0x00, 0x00, 0x00, 0x00,
0x00, 0x09, 0xAF, 0xFF, 0xFF, 0xFF, 0xFF, 0xFF, 0xFF, 0xFF, 0xFB, 0x7E, 0x00, 0x00, 0x00, 0x00,
0x00, 0xB6, 0xFF, 0xFD, 0x94, 0x31, 0x08, 0x10, 0x4B, 0xC8, 0xFF, 0xFF, 0x7A, 0x00, 0x00, 0x00,
0x5F, 0xFF, 0xFF, 0x58, 0x00, 0x00, 0x00, 0x00, 0x00, 0x04, 0xAA, 0xFF, 0xFA, 0x28, 0x00, 0x00,
0xCF, 0xFF, 0xA3, 0x00, 0x00, 0x00, 0x00, 0x00, 0x00, 0x00, 0x0B, 0xE4, 0xFF, 0x93, 0x00, 0x22,
0xFF, 0xFF, 0x34, 0x00, 0x00, 0x00, 0x00, 0x00, 0x00, 0x00, 0x00, 0x79, 0xFF, 0xE7, 0x00, 0x56,
0xFF, 0xEF, 0x01, 0x00, 0x00, 0x00, 0x00, 0x00, 0x00, 0x00, 0x00, 0x30, 0xFF, 0xFF, 0x1A, 0x76,
0xFF, 0xCF, 0x00, 0x00, 0x00, 0x00, 0x00, 0x00, 0x00, 0x00, 0x00, 0x07, 0xFD, 0xFF, 0x3D, 0x85,
0xFF, 0xFF, 0xFF, 0xFF, 0xFF, 0xFF, 0xFF, 0xFF, 0xFF, 0xFF, 0xFF, 0xFF, 0xFF, 0xFF, 0x4C, 0x85,
0xFF, 0xFF, 0xFF, 0xFF, 0xFF, 0xFF, 0xFF, 0xFF, 0xFF, 0xFF, 0xFF, 0xFF, 0xFF, 0xFF, 0x4B, 0x76,
0xFF, 0xCF, 0x00, 0x00, 0x00, 0x00, 0x00, 0x00, 0x00, 0x00, 0x00, 0x04, 0xFD, 0xFF, 0x3C, 0x56,
0xFF, 0xF2, 0x03, 0x00, 0x00, 0x00, 0x00, 0x00, 0x00, 0x00, 0x00, 0x22, 0xFF, 0xFF, 0x1D, 0x23,
0xFF, 0xFF, 0x3A, 0x00, 0x00, 0x00, 0x00, 0x00, 0x00, 0x00, 0x00, 0x63, 0xFF, 0xE8, 0x00, 0x00,
0xCF, 0xFF, 0xAA, 0x00, 0x00, 0x00, 0x00, 0x00, 0x00, 0x00, 0x00, 0xCB, 0xFF, 0x95, 0x00, 0x00,
0x5D, 0xFF, 0xFF, 0x65, 0x00, 0x00, 0x00, 0x00, 0x00, 0x00, 0x79, 0xFF, 0xFA, 0x29, 0x00, 0x00,
0x00, 0xB5, 0xFF, 0xFF, 0x9E, 0x33, 0x08, 0x0C, 0x3B, 0xA6, 0xFF, 0xFF, 0x7B, 0x00, 0x00, 0x00,
0x00, 0x09, 0xAD, 0xFF, 0xFF, 0xFF, 0xFF, 0xFF, 0xFF, 0xFF, 0xFC, 0x7F, 0x00, 0x00, 0x00, 0x00,
0x00, 0x00, 0x00, 0x49, 0xA7, 0xE0, 0xF7, 0xF2, 0xD7, 0x94, 0x2B, 0x00, 0x00, 0x00, 0x00, 0x00,
0x00, 0x14, 0x88, 0xD5, 0xF5, 0xF4, 0xD1, 0x7F, 0x0D, 0x00, 0x00, 0x00, 0x25, 0xE3, 0xFF, 0xFF,
0xFF, 0xFF, 0xFF, 0xFF, 0xDC, 0x1D, 0x00, 0x01, 0xCC, 0xFF, 0xC3, 0x40, 0x0E, 0x13, 0x4B, 0xD3,
0xFF, 0xBC, 0x00, 0x41, 0xFF, 0xDB, 0x0C, 0x00, 0x00, 0x00, 0x00, 0x19, 0xEE, 0xFF, 0x2F, 0x85,
0xFF, 0x84, 0x00, 0x00, 0x00, 0x00, 0x00, 0x00, 0xA4, 0xFF, 0x72, 0xA8, 0xFF, 0xFF, 0xFF, 0xFF,
0xFF, 0xFF, 0xFF, 0xFF, 0xFF, 0xFF, 0x98, 0xB4, 0xFF, 0xFF, 0xFF, 0xFF, 0xFF, 0xFF, 0xFF, 0xFF,
0xFF, 0xFF, 0xA3, 0xA9, 0xFF, 0x88, 0x00, 0x00, 0x00, 0x00, 0x00, 0x00, 0x91, 0xFF, 0x97, 0x86,
0xFF, 0xBF, 0x00, 0x00, 0x00, 0x00, 0x00, 0x00, 0xC4, 0xFF, 0x74, 0x42, 0xFF, 0xFF, 0x40, 0x00,
0x00, 0x00, 0x00, 0x37, 0xFE, 0xFF, 0x31, 0x01, 0xCD, 0xFF, 0xEB, 0x59, 0x0C, 0x15, 0x60, 0xEB,
0xFF, 0xBC, 0x00, 0x00, 0x27, 0xE5, 0xFF, 0xFF, 0xFF, 0xFF, 0xFF, 0xFF, 0xDC, 0x1D, 0x00, 0x00,
0x00, 0x14, 0x8A, 0xD7, 0xF6, 0xF6, 0xD3, 0x82, 0x0F, 0x00, 0x00, 0x00, 0x00, 0x00, 0x37, 0xE9,
0xE2, 0x21, 0x00, 0x3B, 0xEC, 0xE0, 0x20, 0x00, 0x00, 0x00, 0x00, 0x00, 0x00, 0x00, 0x38, 0xE9,
0xE2, 0x22, 0x00, 0x3C, 0xEC, 0xE0, 0x21, 0x00, 0x00, 0x00, 0x00, 0x00, 0x00, 0x00, 0x00, 0x00,
0x00, 0x00, 0x00, 0x00, 0x00, 0x00, 0x00, 0x00, 0x00, 0x00, 0x00, 0x00, 0x00, 0x00, 0x00, 0x49,
0xA6, 0xE0, 0xF7, 0xF0, 0xD6, 0x90, 0x2A, 0x00, 0x00, 0x00, 0x00, 0x00, 0x00, 0x09, 0xAF, 0xFF,
0xFF, 0xFF, 0xFF, 0xFF, 0xFF, 0xFF, 0xFB, 0x7E, 0x00, 0x00, 0x00, 0x00, 0x00, 0xB6, 0xFF, 0xFD,
0x94, 0x31, 0x08, 0x10, 0x4B, 0xC8, 0xFF, 0xFF, 0x7A, 0x00, 0x00, 0x00, 0x5F, 0xFF, 0xFF, 0x58,
0x00, 0x00, 0x00, 0x00, 0x00, 0x04, 0xAA, 0xFF, 0xFA, 0x28, 0x00, 0x00, 0xCF, 0xFF, 0xA3, 0x00,
0x00, 0x00, 0x00, 0x00, 0x00, 0x00, 0x0B, 0xE4, 0xFF, 0x93, 0x00, 0x22, 0xFF, 0xFF, 0x34, 0x00,
0x00, 0x00, 0x00, 0x00, 0x00, 0x00, 0x00, 0x79, 0xFF, 0xE7, 0x00, 0x56, 0xFF, 0xEF, 0x01, 0x00,
0x00, 0x00, 0x00, 0x00, 0x00, 0x00, 0x00, 0x30, 0xFF, 0xFF, 0x1A, 0x76, 0xFF, 0xCF, 0x00, 0x00,
0x00, 0x00, 0x00, 0x00, 0x00, 0x00, 0x00, 0x07, 0xFD, 0xFF, 0x3D, 0x85, 0xFF, 0xFF, 0xFF, 0xFF,
0xFF, 0xFF, 0xFF, 0xFF, 0xFF, 0xFF, 0xFF, 0xFF, 0xFF, 0xFF, 0x4C, 0x85, 0xFF, 0xFF, 0xFF, 0xFF,
0xFF, 0xFF, 0xFF, 0xFF, 0xFF, 0xFF, 0xFF, 0xFF, 0xFF, 0xFF, 0x4B, 0x76, 0xFF, 0xCF, 0x00, 0x00,
0x00, 0x00, 0x00, 0x00, 0x00, 0x00, 0x00, 0x04, 0xFD, 0xFF, 0x3C, 0x56, 0xFF, 0xF2, 0x03, 0x00,
0x00, 0x00, 0x00, 0x00, 0x00, 0x00, 0x00, 0x22, 0xFF, 0xFF, 0x1D, 0x23, 0xFF, 0xFF, 0x3A, 0x00,
0x00, 0x00, 0x00, 0x00, 0x00, 0x00, 0x00, 0x63, 0xFF, 0xE8, 0x00, 0x00, 0xCF, 0xFF, 0xAA, 0x00,
0x00, 0x00, 0x00, 0x00, 0x00, 0x00, 0x00, 0xCB, 0xFF, 0x95, 0x00, 0x00, 0x5D, 0xFF, 0xFF, 0x65,
0x00, 0x00, 0x00, 0x00, 0x00, 0x00, 0x79, 0xFF, 0xFA, 0x29, 0x00, 0x00, 0x00, 0xB5, 0xFF, 0xFF,
0x9E, 0x33, 0x08, 0x0C, 0x3B, 0xA6, 0xFF, 0xFF, 0x7B, 0x00, 0x00, 0x00, 0x00, 0x09, 0xAD, 0xFF,
0xFF, 0xFF, 0xFF, 0xFF, 0xFF, 0xFF, 0xFC, 0x7F, 0x00, 0x00, 0x00, 0x00, 0x00, 0x00, 0x00, 0x49,
0xA7, 0xE0, 0xF7, 0xF2, 0xD7, 0x94, 0x2B, 0x00, 0x00, 0x00, 0x00, 0x00, 0x00, 0x3A, 0xEE, 0xCE,
0x06, 0x00, 0x3D, 0xEF, 0xCF, 0x08, 0x00, 0x00, 0x00, 0x3B, 0xEE, 0xCE, 0x06, 0x00, 0x3E, 0xEF,
0xD0, 0x08, 0x00, 0x00, 0x00, 0x00, 0x00, 0x00, 0x00, 0x00, 0x00, 0x00, 0x00, 0x00, 0x00, 0x00,
0x00, 0x00, 0x00, 0x00, 0x00, 0x00, 0x00, 0x00, 0x00, 0x00, 0x00, 0x00, 0x00, 0x14, 0x88, 0xD5,
0xF5, 0xF4, 0xD1, 0x7F, 0x0D, 0x00, 0x00, 0x00, 0x25, 0xE3, 0xFF, 0xFF, 0xFF, 0xFF, 0xFF, 0xFF,
0xDC, 0x1D, 0x00, 0x01, 0xCC, 0xFF, 0xC3, 0x40, 0x0E, 0x13, 0x4B, 0xD3, 0xFF, 0xBC, 0x00, 0x41,
0xFF, 0xDB, 0x0C, 0x00, 0x00, 0x00, 0x00, 0x19, 0xEE, 0xFF, 0x2F, 0x85, 0xFF, 0x84, 0x00, 0x00,
0x00, 0x00, 0x00, 0x00, 0xA4, 0xFF, 0x72, 0xA8, 0xFF, 0xFF, 0xFF, 0xFF, 0xFF, 0xFF, 0xFF, 0xFF,
0xFF, 0xFF, 0x98, 0xB4, 0xFF, 0xFF, 0xFF, 0xFF, 0xFF, 0xFF, 0xFF, 0xFF, 0xFF, 0xFF, 0xA3, 0xA9,
0xFF, 0x88, 0x00, 0x00, 0x00, 0x00, 0x00, 0x00, 0x91, 0xFF, 0x97, 0x86, 0xFF, 0xBF, 0x00, 0x00,
0x00, 0x00, 0x00, 0x00, 0xC4, 0xFF, 0x74, 0x42, 0xFF, 0xFF, 0x40, 0x00, 0x00, 0x00, 0x00, 0x37,
0xFE, 0xFF, 0x31, 0x01, 0xCD, 0xFF, 0xEB, 0x59, 0x0C, 0x15, 0x60, 0xEB, 0xFF, 0xBC, 0x00, 0x00,
0x27, 0xE5, 0xFF, 0xFF, 0xFF, 0xFF, 0xFF, 0xFF, 0xDC, 0x1D, 0x00, 0x00, 0x00, 0x14, 0x8A, 0xD7,
0xF6, 0xF6, 0xD3, 0x82, 0x0F, 0x00, 0x00, 0x37, 0xE9, 0xE2, 0x21, 0x00, 0x3B, 0xEC, 0xE0, 0x20,
0x00, 0x00, 0x00, 0x00, 0x38, 0xE9, 0xE2, 0x22, 0x00, 0x3C, 0xEC, 0xE0, 0x21, 0x00, 0x00, 0x00,
0x00, 0x00, 0x00, 0x00, 0x00, 0x00, 0x00, 0x00, 0x00, 0x00, 0x00, 0x00, 0x00, 0x00, 0x28, 0x8A,
0xC8, 0xED, 0xFB, 0xF0, 0xD2, 0x92, 0x2C, 0x00, 0x00, 0x00, 0x00, 0xB1, 0xFF, 0xFF, 0xFF, 0xFF,
0xFF, 0xFF, 0xFF, 0xFE, 0x90, 0x04, 0x00, 0x00, 0x63, 0x93, 0x3B, 0x0F, 0x04, 0x17, 0x50, 0xBE,
0xFF, 0xFF, 0x9C, 0x00, 0x00, 0x00, 0x00, 0x00, 0x00, 0x00, 0x00, 0x00, 0x00, 0x84, 0xFF, 0xFF,
0x4C, 0x00, 0x00, 0x00, 0x00, 0x00, 0x00, 0x00, 0x00, 0x00, 0x00, 0xB6, 0xFF, 0xC3, 0x00, 0x00,
0x00, 0x00, 0x00, 0x00, 0x00, 0x00, 0x00, 0x00, 0x33, 0xFF, 0xFF, 0x16, 0x00, 0x00, 0x00, 0x00,
0x00, 0x00, 0x00, 0x00, 0x00, 0x00, 0xDF, 0xFF, 0x53, 0x00, 0x00, 0x00, 0x00, 0x00, 0x00, 0x00,
0x00, 0x00, 0x00, 0xB0, 0xFF, 0x71, 0x00, 0x00, 0x18, 0xFF, 0xFF, 0xFF, 0xFF, 0xFF, 0xFF, 0xFF,
0xFF, 0xFF, 0x83, 0x00, 0x00, 0x18, 0xFF, 0xFF, 0xFF, 0xFF, 0xFF, 0xFF, 0xFF, 0xFF, 0xFF, 0x81,
0x00, 0x00, 0x00, 0x00, 0x00, 0x00, 0x00, 0x00, 0x00, 0x00, 0xAA, 0xFF, 0x6E, 0x00, 0x00, 0x00,
0x00, 0x00, 0x00, 0x00, 0x00, 0x00, 0x00, 0xD3, 0xFF, 0x4D, 0x00, 0x00, 0x00, 0x00, 0x00, 0x00,
0x00, 0x00, 0x00, 0x27, 0xFF, 0xFB, 0x0E, 0x00, 0x00, 0x00, 0x00, 0x00, 0x00, 0x00, 0x00, 0x00,
0xAD, 0xFF, 0xAE, 0x00, 0x00, 0x00, 0x00, 0x00, 0x00, 0x00, 0x00, 0x01, 0x83, 0xFF, 0xFB, 0x2E,
0x00, 0x63, 0x95, 0x3B, 0x0E, 0x04, 0x1B, 0x56, 0xC4, 0xFF, 0xFF, 0x68, 0x00, 0x00, 0xB0, 0xFF,
0xFF, 0xFF, 0xFF, 0xFF, 0xFF, 0xFF, 0xF1, 0x59, 0x00, 0x00, 0x00, 0x2D, 0x96, 0xD7, 0xF6, 0xF9,
0xE6, 0xB8, 0x70, 0x0F, 0x00, 0x00, 0x00, 0x00, 0x3A, 0xEE, 0xCE, 0x06, 0x00, 0x3D, 0xEF, 0xCF,
0x08, 0x00, 0x3B, 0xEE, 0xCE, 0x06, 0x00, 0x3E, 0xEF, 0xD0, 0x08, 0x00, 0x00, 0x00, 0x00, 0x00,
0x00, 0x00, 0x00, 0x00, 0x00, 0x00, 0x00, 0x00, 0x00, 0x00, 0x00, 0x00, 0x00, 0x00, 0x00, 0x00,
0x31, 0x96, 0xD8, 0xF5, 0xF9, 0xE2, 0xA2, 0x2B, 0x00, 0x00, 0xCF, 0xFF, 0xFF, 0xFF, 0xFF, 0xFF,
0xFF, 0xF8, 0x46, 0x00, 0x6C, 0x90, 0x2F, 0x08, 0x15, 0x48, 0xCC, 0xFF, 0xE7, 0x0B, 0x00, 0x00,
0x00, 0x00, 0x00, 0x00, 0x0D, 0xDA, 0xFF, 0x5F, 0x00, 0x00, 0x00, 0x00, 0x00, 0x00, 0x00, 0x7B,
0xFF, 0x9E, 0x00, 0x00, 0xDC, 0xFF, 0xFF, 0xFF, 0xFF, 0xFF, 0xFF, 0xC0, 0x00, 0x00, 0xDC, 0xFF,
0xFF, 0xFF, 0xFF, 0xFF, 0xFF, 0xCB, 0x00, 0x00, 0x00, 0x00, 0x00, 0x00, 0x00, 0x5F, 0xFF, 0xBE,
0x00, 0x00, 0x00, 0x00, 0x00, 0x00, 0x00, 0x94, 0xFF, 0x9A, 0x00, 0x00, 0x00, 0x00, 0x00, 0x00,
0x18, 0xEF, 0xFF, 0x54, 0x78, 0x84, 0x2D, 0x06, 0x0D, 0x4C, 0xD8, 0xFF, 0xD7, 0x04, 0xCE, 0xFF,
0xFF, 0xFF, 0xFF, 0xFF, 0xFF, 0xE6, 0x2C, 0x00, 0x41, 0xA8, 0xD5, 0xF2, 0xF6, 0xD6, 0x89, 0x15,
0x00, 0x00, 0x00, 0x00, 0x00, 0x70, 0xFF, 0xFF, 0xFF, 0xFF, 0xFF, 0xFF, 0xFF, 0xC8, 0x00, 0x00,
0x00, 0x00, 0x00, 0x00, 0x70, 0xFF, 0xFF, 0xFF, 0xFF, 0xFF, 0xFF, 0xFF, 0xC8, 0x00, 0x00, 0x00,
0x00, 0x00, 0x00, 0x00, 0x00, 0x00, 0x00, 0x00, 0x00, 0x00, 0x00, 0x00, 0x00, 0x00, 0x00, 0x00,
0x00, 0x00, 0x00, 0x00, 0x00, 0x00, 0x00, 0x00, 0x00, 0x00, 0x00, 0x00, 0x00, 0x00, 0x8F, 0xFF,
0xE3, 0x07, 0x00, 0x00, 0x00, 0x00, 0x00, 0x00, 0x00, 0x12, 0xF9, 0xFF, 0x29, 0x17, 0xF5, 0xFF,
0x69, 0x00, 0x00, 0x00, 0x00, 0x00, 0x00, 0x00, 0x6B, 0xFF, 0xC3, 0x00, 0x00, 0x8A, 0xFF, 0xE2,
0x06, 0x00, 0x00, 0x00, 0x00, 0x00, 0x00, 0xCB, 0xFF, 0x5D, 0x00, 0x00, 0x14, 0xF3, 0xFF, 0x66,
0x00, 0x00, 0x00, 0x00, 0x00, 0x2A, 0xFF, 0xEF, 0x09, 0x00, 0x00, 0x00, 0x85, 0xFF, 0xDF, 0x05,
0x00, 0x00, 0x00, 0x00, 0x8A, 0xFF, 0x92, 0x00, 0x00, 0x00, 0x00, 0x11, 0xF1, 0xFF, 0x63, 0x00,
0x00, 0x00, 0x03, 0xE6, 0xFF, 0x2C, 0x00, 0x00, 0x00, 0x00, 0x00, 0x81, 0xFF, 0xDD, 0x04, 0x00,
0x00, 0x49, 0xFF, 0xC7, 0x00, 0x00, 0x00, 0x00, 0x00, 0x00, 0x0F, 0xEE, 0xFF, 0x60, 0x00, 0x00,
0xA8, 0xFF, 0x61, 0x00, 0x00, 0x00, 0x00, 0x00, 0x00, 0x00, 0x7C, 0xFF, 0xDB, 0x03, 0x10, 0xF7,
0xF1, 0x0A, 0x00, 0x00, 0x00, 0x00, 0x00, 0x00, 0x00, 0x0D, 0xEC, 0xFF, 0x55, 0x5E, 0xFF, 0x96,
0x00, 0x00, 0x00, 0x00, 0x00, 0x00, 0x00, 0x00, 0x00, 0x77, 0xFF, 0xA7, 0x99, 0xFF, 0x30, 0x00,
0x00, 0x00, 0x00, 0x00, 0x00, 0x00, 0x00, 0x00, 0x0B, 0xE9, 0xF0, 0xDA, 0xCA, 0x00, 0x00, 0x00,
0x00, 0x00, 0x00, 0x00, 0x00, 0x00, 0x00, 0x00, 0x72, 0xFF, 0xFF, 0x65, 0x00, 0x00, 0x00, 0x00,
0x00, 0x00, 0x00, 0x00, 0x00, 0x00, 0x00, 0x31, 0xFF, 0xF2, 0x0D, 0x00, 0x00, 0x00, 0x00, 0x00,
0x00, 0x00, 0x00, 0x00, 0x00, 0x00, 0x8B, 0xFF, 0x93, 0x00, 0x00, 0x00, 0x00, 0x00, 0x00, 0x00,
0x00, 0x00, 0x00, 0x00, 0x42, 0xF6, 0xF9, 0x1F, 0x00, 0x00, 0x00, 0x00, 0x00, 0x00, 0x00, 0x00,
0x27, 0xFE, 0xFF, 0xFF, 0xFF, 0x7C, 0x00, 0x00, 0x00, 0x00, 0x00, 0x00, 0x00, 0x00, 0x00, 0x4F,
0xE4, 0xFD, 0xE8, 0x80, 0x01, 0x00, 0x00, 0x00, 0x00, 0x00, 0x00, 0x00, 0x00, 0x00, 0x70, 0xFF,
0xFF, 0xFF, 0xFF, 0xFF, 0xFF, 0xFF, 0x40, 0x00, 0x00, 0x00, 0x70, 0xFF, 0xFF, 0xFF, 0xFF, 0xFF,
0xFF, 0xFF, 0x40, 0x00, 0x00, 0x00, 0x00, 0x00, 0x00, 0x00, 0x00, 0x00, 0x00, 0x00, 0x00, 0x00,
0x00, 0x00, 0x00, 0x00, 0x00, 0x00, 0x00, 0x00, 0x00, 0x00, 0x00, 0x00, 0x7C, 0xFF, 0xE1, 0x02,
0x00, 0x00, 0x00, 0x00, 0x00, 0x60, 0xFF, 0xB4, 0x18, 0xFA, 0xFF, 0x44, 0x00, 0x00, 0x00, 0x00,
0x00, 0xAE, 0xFF, 0x5F, 0x00, 0xAB, 0xFF, 0xA5, 0x00, 0x00, 0x00, 0x00, 0x08, 0xF4, 0xF9, 0x0F,
0x00, 0x42, 0xFF, 0xF6, 0x0F, 0x00, 0x00, 0x00, 0x4B, 0xFF, 0xB3, 0x00, 0x00, 0x00, 0xD8, 0xFF,
0x67, 0x00, 0x00, 0x00, 0x9A, 0xFF, 0x5D, 0x00, 0x00, 0x00, 0x71, 0xFF, 0xC7, 0x00, 0x00, 0x01,
0xE6, 0xF8, 0x0F, 0x00, 0x00, 0x00, 0x11, 0xF6, 0xFF, 0x29, 0x00, 0x37, 0xFF, 0xB2, 0x00, 0x00,
0x00, 0x00, 0x00, 0x9F, 0xFF, 0x89, 0x00, 0x85, 0xFF, 0x5C, 0x00, 0x00, 0x00, 0x00, 0x00, 0x37,
0xFF, 0xE3, 0x00, 0xCE, 0xF8, 0x0E, 0x00, 0x00, 0x00, 0x00, 0x00, 0x00, 0xCE, 0xFF, 0x3D, 0xFC,
0xB0, 0x00, 0x00, 0x00, 0x00, 0x00, 0x00, 0x00, 0x65, 0xFF, 0xC3, 0xFF, 0x5B, 0x00, 0x00, 0x00,
0x00, 0x00, 0x00, 0x00, 0x0B, 0xF1, 0xFF, 0xF6, 0x0D, 0x00, 0x00, 0x00, 0x00, 0x00, 0x00, 0x00,
0x00, 0x99, 0xFF, 0xA8, 0x00, 0x00, 0x00, 0x00, 0x00, 0x00, 0x00, 0x00, 0x00, 0xAF, 0xFF, 0x4B,
0x00, 0x00, 0x00, 0x00, 0x00, 0x00, 0x00, 0x00, 0x1C, 0xF9, 0xDD, 0x03, 0x00, 0x00, 0x00, 0x00,
0x00, 0x00, 0x0A, 0x23, 0xC8, 0xFF, 0x6C, 0x00, 0x00, 0x00, 0x00, 0x00, 0x00, 0x00, 0xC3, 0xFF,
0xFF, 0xD3, 0x07, 0x00, 0x00, 0x00, 0x00, 0x00, 0x00, 0x00, 0xD1, 0xF8, 0xBE, 0x1D, 0x00, 0x00,
0x00, 0x00, 0x00, 0x00, 0x00, 0x00, 0x00, 0x37, 0xE9, 0xE2, 0x21, 0x00, 0x3B, 0xEC, 0xE0, 0x20,
0x00, 0x00, 0x00, 0x00, 0x00, 0x00, 0x38, 0xE9, 0xE2, 0x22, 0x00, 0x3C, 0xEC, 0xE0, 0x21, 0x00,
0x00, 0x00, 0x00, 0x00, 0x00, 0x00, 0x00, 0x00, 0x00, 0x00, 0x00, 0x00, 0x00, 0x00, 0x00, 0x00,
0x00, 0x8F, 0xFF, 0xE3, 0x07, 0x00, 0x00, 0x00, 0x00, 0x00, 0x00, 0x00, 0x12, 0xF9, 0xFF, 0x29,
0x17, 0xF5, 0xFF, 0x69, 0x00, 0x00, 0x00, 0x00, 0x00, 0x00, 0x00, 0x6B, 0xFF, 0xC3, 0x00, 0x00,
0x8A, 0xFF, 0xE2, 0x06, 0x00, 0x00, 0x00, 0x00, 0x00, 0x00, 0xCB, 0xFF, 0x5D, 0x00, 0x00, 0x14,
0xF3, 0xFF, 0x66, 0x00, 0x00, 0x00, 0x00, 0x00, 0x2A, 0xFF, 0xEF, 0x09, 0x00, 0x00, 0x00, 0x85,
0xFF, 0xDF, 0x05, 0x00, 0x00, 0x00, 0x00, 0x8A, 0xFF, 0x92, 0x00, 0x00, 0x00, 0x00, 0x11, 0xF1,
0xFF, 0x63, 0x00, 0x00, 0x00, 0x03, 0xE6, 0xFF, 0x2C, 0x00, 0x00, 0x00, 0x00, 0x00, 0x81, 0xFF,
0xDD, 0x04, 0x00, 0x00, 0x49, 0xFF, 0xC7, 0x00, 0x00, 0x00, 0x00, 0x00, 0x00, 0x0F, 0xEE, 0xFF,
0x60, 0x00, 0x00, 0xA8, 0xFF, 0x61, 0x00, 0x00, 0x00, 0x00, 0x00, 0x00, 0x00, 0x7C, 0xFF, 0xDB,
0x03, 0x10, 0xF7, 0xF1, 0x0A, 0x00, 0x00, 0x00, 0x00, 0x00, 0x00, 0x00, 0x0D, 0xEC, 0xFF, 0x55,
0x5E, 0xFF, 0x96, 0x00, 0x00, 0x00, 0x00, 0x00, 0x00, 0x00, 0x00, 0x00, 0x77, 0xFF, 0xA7, 0x99,
0xFF, 0x30, 0x00, 0x00, 0x00, 0x00, 0x00, 0x00, 0x00, 0x00, 0x00, 0x0B, 0xE9, 0xF0, 0xDA, 0xCA,
0x00, 0x00, 0x00, 0x00, 0x00, 0x00, 0x00, 0x00, 0x00, 0x00, 0x00, 0x72, 0xFF, 0xFF, 0x65, 0x00,
0x00, 0x00, 0x00, 0x00, 0x00, 0x00, 0x00, 0x00, 0x00, 0x00, 0x31, 0xFF, 0xF2, 0x0D, 0x00, 0x00,
0x00, 0x00, 0x00, 0x00, 0x00, 0x00, 0x00, 0x00, 0x00, 0x8B, 0xFF, 0x93, 0x00, 0x00, 0x00, 0x00,
0x00, 0x00, 0x00, 0x00, 0x00, 0x00, 0x00, 0x42, 0xF6, 0xF9, 0x1F, 0x00, 0x00, 0x00, 0x00, 0x00,
0x00, 0x00, 0x00, 0x27, 0xFE, 0xFF, 0xFF, 0xFF, 0x7C, 0x00, 0x00, 0x00, 0x00, 0x00, 0x00, 0x00,
0x00, 0x00, 0x4F, 0xE4, 0xFD, 0xE8, 0x80, 0x01, 0x00, 0x00, 0x00, 0x00, 0x00, 0x00, 0x00, 0x00,
0x00, 0x3A, 0xEE, 0xCE, 0x06, 0x00, 0x3D, 0xEF, 0xCF, 0x08, 0x00, 0x00, 0x00, 0x3B, 0xEE, 0xCE,
0x06, 0x00, 0x3E, 0xEF, 0xD0, 0x08, 0x00, 0x00, 0x00, 0x00, 0x00, 0x00, 0x00, 0x00, 0x00, 0x00,
0x00, 0x00, 0x00, 0x00, 0x00, 0x00, 0x00, 0x00, 0x00, 0x00, 0x00, 0x00, 0x00, 0x00, 0x00, 0x7C,
0xFF, 0xE1, 0x02, 0x00, 0x00, 0x00, 0x00, 0x00, 0x60, 0xFF, 0xB4, 0x18, 0xFA, 0xFF, 0x44, 0x00,
0x00, 0x00, 0x00, 0x00, 0xAE, 0xFF, 0x5F, 0x00, 0xAB, 0xFF, 0xA5, 0x00, 0x00, 0x00, 0x00, 0x08,
0xF4, 0xF9, 0x0F, 0x00, 0x42, 0xFF, 0xF6, 0x0F, 0x00, 0x00, 0x00, 0x4B, 0xFF, 0xB3, 0x00, 0x00,
0x00, 0xD8, 0xFF, 0x67, 0x00, 0x00, 0x00, 0x9A, 0xFF, 0x5D, 0x00, 0x00, 0x00, 0x71, 0xFF, 0xC7,
0x00, 0x00, 0x01, 0xE6, 0xF8, 0x0F, 0x00, 0x00, 0x00, 0x11, 0xF6, 0xFF, 0x29, 0x00, 0x37, 0xFF,
0xB2, 0x00, 0x00, 0x00, 0x00, 0x00, 0x9F, 0xFF, 0x89, 0x00, 0x85, 0xFF, 0x5C, 0x00, 0x00, 0x00,
0x00, 0x00, 0x37, 0xFF, 0xE3, 0x00, 0xCE, 0xF8, 0x0E, 0x00, 0x00, 0x00, 0x00, 0x00, 0x00, 0xCE,
0xFF, 0x3D, 0xFC, 0xB0, 0x00, 0x00, 0x00, 0x00, 0x00, 0x00, 0x00, 0x65, 0xFF, 0xC3, 0xFF, 0x5B,
0x00, 0x00, 0x00, 0x00, 0x00, 0x00, 0x00, 0x0B, 0xF1, 0xFF, 0xF6, 0x0D, 0x00, 0x00, 0x00, 0x00,
0x00, 0x00, 0x00, 0x00, 0x99, 0xFF, 0xA8, 0x00, 0x00, 0x00, 0x00, 0x00, 0x00, 0x00, 0x00, 0x00,
0xAF, 0xFF, 0x4B, 0x00, 0x00, 0x00, 0x00, 0x00, 0x00, 0x00, 0x00, 0x1C, 0xF9, 0xDD, 0x03, 0x00,
0x00, 0x00, 0x00, 0x00, 0x00, 0x0A, 0x23, 0xC8, 0xFF, 0x6C, 0x00, 0x00, 0x00, 0x00, 0x00, 0x00,
0x00, 0xC3, 0xFF, 0xFF, 0xD3, 0x07, 0x00, 0x00, 0x00, 0x00, 0x00, 0x00, 0x00, 0xD1, 0xF8, 0xBE,
0x1D, 0x00, 0x00, 0x00, 0x00, 0x00, 0x00, 0x00, 0x00, 0x00, 0x00, 0x00, 0x19, 0xF5, 0xFF, 0x7A,
0x1C, 0xE4, 0xFF, 0xC7, 0x01, 0x00, 0x00, 0x00, 0x00, 0x00, 0x00, 0x9C, 0xFF, 0x90, 0x10, 0xD3,
0xFA, 0x7C, 0x03, 0x00, 0x00, 0x00, 0x00, 0x00, 0x00, 0x2C, 0xFC, 0x8D, 0x07, 0xBF, 0xD4, 0x31,
0x00, 0x00, 0x00, 0x00, 0x00, 0x00, 0x00, 0x00, 0x00, 0x00, 0x00, 0x00, 0x00, 0x00, 0x00, 0x00,
0x00, 0x00, 0x00, 0x8F, 0xFF, 0xE3, 0x07, 0x00, 0x00, 0x00, 0x00, 0x00, 0x00, 0x00, 0x12, 0xF9,
0xFF, 0x29, 0x17, 0xF5, 0xFF, 0x69, 0x00, 0x00, 0x00, 0x00, 0x00, 0x00, 0x00, 0x6B, 0xFF, 0xC3,
0x00, 0x00, 0x8A, 0xFF, 0xE2, 0x06, 0x00, 0x00, 0x00, 0x00, 0x00, 0x00, 0xCB, 0xFF, 0x5D, 0x00,
0x00, 0x14, 0xF3, 0xFF, 0x66, 0x00, 0x00, 0x00, 0x00, 0x00, 0x2A, 0xFF, 0xEF, 0x09, 0x00, 0x00,
0x00, 0x85, 0xFF, 0xDF, 0x05, 0x00, 0x00, 0x00, 0x00, 0x8A, 0xFF, 0x92, 0x00, 0x00, 0x00, 0x00,
0x11, 0xF1, 0xFF, 0x63, 0x00, 0x00, 0x00, 0x03, 0xE6, 0xFF, 0x2C, 0x00, 0x00, 0x00, 0x00, 0x00,
0x81, 0xFF, 0xDD, 0x04, 0x00, 0x00, 0x49, 0xFF, 0xC7, 0x00, 0x00, 0x00, 0x00, 0x00, 0x00, 0x0F,
0xEE, 0xFF, 0x60, 0x00, 0x00, 0xA8, 0xFF, 0x61, 0x00, 0x00, 0x00, 0x00, 0x00, 0x00, 0x00, 0x7C,
0xFF, 0xDB, 0x03, 0x10, 0xF7, 0xF1, 0x0A, 0x00, 0x00, 0x00, 0x00, 0x00, 0x00, 0x00, 0x0D, 0xEC,
0xFF, 0x55, 0x5E, 0xFF, 0x96, 0x00, 0x00, 0x00, 0x00, 0x00, 0x00, 0x00, 0x00, 0x00, 0x77, 0xFF,
0xA7, 0x99, 0xFF, 0x30, 0x00, 0x00, 0x00, 0x00, 0x00, 0x00, 0x00, 0x00, 0x00, 0x0B, 0xE9, 0xF0,
0xDA, 0xCA, 0x00, 0x00, 0x00, 0x00, 0x00, 0x00, 0x00, 0x00, 0x00, 0x00, 0x00, 0x72, 0xFF, 0xFF,
0x65, 0x00, 0x00, 0x00, 0x00, 0x00, 0x00, 0x00, 0x00, 0x00, 0x00, 0x00, 0x31, 0xFF, 0xF2, 0x0D,
0x00, 0x00, 0x00, 0x00, 0x00, 0x00, 0x00, 0x00, 0x00, 0x00, 0x00, 0x8B, 0xFF, 0x93, 0x00, 0x00,
0x00, 0x00, 0x00, 0x00, 0x00, 0x00, 0x00, 0x00, 0x00, 0x42, 0xF6, 0xF9, 0x1F, 0x00, 0x00, 0x00,
0x00, 0x00, 0x00, 0x00, 0x00, 0x27, 0xFE, 0xFF, 0xFF, 0xFF, 0x7C, 0x00, 0x00, 0x00, 0x00, 0x00,
0x00, 0x00, 0x00, 0x00, 0x4F, 0xE4, 0xFD, 0xE8, 0x80, 0x01, 0x00, 0x00, 0x00, 0x00, 0x00, 0x00,
0x00, 0x00, 0x00, 0x00, 0x00, 0x00, 0xAF, 0xFF, 0x5C, 0x1B, 0xF1, 0xFB, 0x4C, 0x00, 0x00, 0x00,
0x00, 0x07, 0xF4, 0xB4, 0x00, 0xAE, 0xF3, 0x47, 0x00, 0x00, 0x00, 0x00, 0x00, 0x49, 0xEA, 0x17,
0x4F, 0xE7, 0x31, 0x00, 0x00, 0x00, 0x00, 0x00, 0x00, 0x00, 0x00, 0x00, 0x00, 0x00, 0x00, 0x00,
0x00, 0x00, 0x00, 0x00, 0x00, 0x00, 0x00, 0x00, 0x00, 0x00, 0x00, 0x00, 0x00, 0x7C, 0xFF, 0xE1,
0x02, 0x00, 0x00, 0x00, 0x00, 0x00, 0x60, 0xFF, 0xB4, 0x18, 0xFA, 0xFF, 0x44, 0x00, 0x00, 0x00,
0x00, 0x00, 0xAE, 0xFF, 0x5F, 0x00, 0xAB, 0xFF, 0xA5, 0x00, 0x00, 0x00, 0x00, 0x08, 0xF4, 0xF9,
0x0F, 0x00, 0x42, 0xFF, 0xF6, 0x0F, 0x00, 0x00, 0x00, 0x4B, 0xFF, 0xB3, 0x00, 0x00, 0x00, 0xD8,
0xFF, 0x67, 0x00, 0x00, 0x00, 0x9A, 0xFF, 0x5D, 0x00, 0x00, 0x00, 0x71, 0xFF, 0xC7, 0x00, 0x00,
0x01, 0xE6, 0xF8, 0x0F, 0x00, 0x00, 0x00, 0x11, 0xF6, 0xFF, 0x29, 0x00, 0x37, 0xFF, 0xB2, 0x00,
0x00, 0x00, 0x00, 0x00, 0x9F, 0xFF, 0x89, 0x00, 0x85, 0xFF, 0x5C, 0x00, 0x00, 0x00, 0x00, 0x00,
0x37, 0xFF, 0xE3, 0x00, 0xCE, 0xF8, 0x0E, 0x00, 0x00, 0x00, 0x00, 0x00, 0x00, 0xCE, 0xFF, 0x3D,
0xFC, 0xB0, 0x00, 0x00, 0x00, 0x00, 0x00, 0x00, 0x00, 0x65, 0xFF, 0xC3, 0xFF, 0x5B, 0x00, 0x00,
0x00, 0x00, 0x00, 0x00, 0x00, 0x0B, 0xF1, 0xFF, 0xF6, 0x0D, 0x00, 0x00, 0x00, 0x00, 0x00, 0x00,
0x00, 0x00, 0x99, 0xFF, 0xA8, 0x00, 0x00, 0x00, 0x00, 0x00, 0x00, 0x00, 0x00, 0x00, 0xAF, 0xFF,
0x4B, 0x00, 0x00, 0x00, 0x00, 0x00, 0x00, 0x00, 0x00, 0x1C, 0xF9, 0xDD, 0x03, 0x00, 0x00, 0x00,
0x00, 0x00, 0x00, 0x0A, 0x23, 0xC8, 0xFF, 0x6C, 0x00, 0x00, 0x00, 0x00, 0x00, 0x00, 0x00, 0xC3,
0xFF, 0xFF, 0xD3, 0x07, 0x00, 0x00, 0x00, 0x00, 0x00, 0x00, 0x00, 0xD1, 0xF8, 0xBE, 0x1D, 0x00,
0x00, 0x00, 0x00, 0x00, 0x00, 0x00, 0x00, 0x00, 0x37, 0xE9, 0xE2, 0x21, 0x00, 0x3B, 0xEC, 0xE0,
0x20, 0x00, 0x00, 0x00, 0x00, 0x38, 0xE9, 0xE2, 0x22, 0x00, 0x3C, 0xEC, 0xE0, 0x21, 0x00, 0x00,
0x00, 0x00, 0x00, 0x00, 0x00, 0x00, 0x00, 0x00, 0x00, 0x00, 0x00, 0x00, 0x0C, 0xFF, 0xFF, 0x1C,
0x00, 0x00, 0x00, 0x00, 0x00, 0x00, 0xA4, 0xFF, 0x84, 0x0C, 0xFF, 0xFF, 0x1C, 0x00, 0x00, 0x00,
0x00, 0x00, 0x00, 0xA4, 0xFF, 0x84, 0x0C, 0xFF, 0xFF, 0x1C, 0x00, 0x00, 0x00, 0x00, 0x00, 0x00,
0xA4, 0xFF, 0x84, 0x0C, 0xFF, 0xFF, 0x1C, 0x00, 0x00, 0x00, 0x00, 0x00, 0x00, 0xA4, 0xFF, 0x84,
0x0C, 0xFF, 0xFF, 0x1C, 0x00, 0x00, 0x00, 0x00, 0x00, 0x00, 0xA4, 0xFF, 0x84, 0x0C, 0xFF, 0xFF,
0x1D, 0x00, 0x00, 0x00, 0x00, 0x00, 0x00, 0xA4, 0xFF, 0x84, 0x05, 0xFF, 0xFF, 0x38, 0x00, 0x00,
0x00, 0x00, 0x00, 0x00, 0xA4, 0xFF, 0x84, 0x00, 0xEB, 0xFF, 0x87, 0x00, 0x00, 0x00, 0x00, 0x00,
0x00, 0xA7, 0xFF, 0x84, 0x00, 0xA4, 0xFF, 0xF9, 0x78, 0x1E, 0x05, 0x16, 0x49, 0xA5, 0xFE, 0xFF,
0x84, 0x00, 0x24, 0xED, 0xFF, 0xFF, 0xFF, 0xFF, 0xFF, 0xFF, 0xFF, 0xFB, 0xFF, 0x84, 0x00, 0x00,
0x21, 0x9E, 0xD7, 0xF4, 0xF6, 0xDA, 0x9D, 0x41, 0xA4, 0xFF, 0x84, 0x00, 0x00, 0x00, 0x00, 0x00,
0x00, 0x00, 0x00, 0x00, 0x00, 0xA4, 0xFF, 0x84, 0x00, 0x00, 0x00, 0x00, 0x00, 0x00, 0x00, 0x00,
0x00, 0x00, 0xA4, 0xFF, 0x84, 0x00, 0x00, 0x00, 0x00, 0x00, 0x00, 0x00, 0x00, 0x00, 0x00, 0xA4,
0xFF, 0x84, 0x00, 0x00, 0x00, 0x00, 0x00, 0x00, 0x00, 0x00, 0x00, 0x00, 0xA4, 0xFF, 0x84, 0x00,
0x00, 0x00, 0x00, 0x00, 0x00, 0x00, 0x00, 0x00, 0x00, 0xA4, 0xFF, 0x84, 0x00, 0x00, 0x00, 0x00,
0x00, 0x00, 0x00, 0x00, 0x00, 0x00, 0xA4, 0xFF, 0x84, 0x00, 0x00, 0x00, 0x00, 0x00, 0x00, 0x00,
0x00, 0x00, 0x00, 0xA4, 0xFF, 0x84, 0x00, 0x3A, 0xEE, 0xCE, 0x06, 0x00, 0x3D, 0xEF, 0xCF, 0x08,
0x00, 0x3B, 0xEE, 0xCE, 0x06, 0x00, 0x3E, 0xEF, 0xD0, 0x08, 0x00, 0x00, 0x00, 0x00, 0x00, 0x00,
0x00, 0x00, 0x00, 0x00, 0x00, 0x00, 0x00, 0x00, 0x00, 0x00, 0x00, 0x00, 0x00, 0x00, 0xB8, 0xFF,
0x5C, 0x00, 0x00, 0x00, 0x00, 0x58, 0xFF, 0xBC, 0xB8, 0xFF, 0x5C, 0x00, 0x00, 0x00, 0x00, 0x58,
0xFF, 0xBC, 0xB8, 0xFF, 0x5C, 0x00, 0x00, 0x00, 0x00, 0x58, 0xFF, 0xBC, 0xB8, 0xFF, 0x5C, 0x00,
0x00, 0x00, 0x00, 0x58, 0xFF, 0xBC, 0xB4, 0xFF, 0x66, 0x00, 0x00, 0x00, 0x00, 0x58, 0xFF, 0xBC,
0xA5, 0xFF, 0x90, 0x00, 0x00, 0x00, 0x00, 0x58, 0xFF, 0xBC, 0x77, 0xFF, 0xF0, 0x43, 0x05, 0x10,
0x49, 0xC7, 0xFF, 0xBC, 0x1B, 0xF3, 0xFF, 0xFF, 0xFF, 0xFF, 0xFF, 0xFF, 0xFF, 0xBC, 0x00, 0x3B,
0xBF, 0xEA, 0xFA, 0xE3, 0x9F, 0x81, 0xFF, 0xBC, 0x00, 0x00, 0x00, 0x00, 0x00, 0x00, 0x00, 0x58,
0xFF, 0xBC, 0x00, 0x00, 0x00, 0x00, 0x00, 0x00, 0x00, 0x58, 0xFF, 0xBC, 0x00, 0x00, 0x00, 0x00,
0x00, 0x00, 0x00, 0x58, 0xFF, 0xBC, 0x00, 0x00, 0x00, 0x00, 0x00, 0x00, 0x00, 0x58, 0xFF, 0xBC,
0xCC, 0xFF, 0xFF, 0xFF, 0xFF, 0xFF, 0xFF, 0xFF, 0xFF, 0xF4, 0xCC, 0xFF, 0xFF, 0xFF, 0xFF, 0xFF,
0xFF, 0xFF, 0xFF, 0xF4, 0xCC, 0xFF, 0x60, 0x00, 0x00, 0x00, 0x00, 0x00, 0x00, 0x00, 0xCC, 0xFF,
0x60, 0x00, 0x00, 0x00, 0x00, 0x00, 0x00, 0x00, 0xCC, 0xFF, 0x60, 0x00, 0x00, 0x00, 0x00, 0x00,
0x00, 0x00, 0xCC, 0xFF, 0x60, 0x00, 0x00, 0x00, 0x00, 0x00, 0x00, 0x00, 0xCC, 0xFF, 0x60, 0x00,
0x00, 0x00, 0x00, 0x00, 0x00, 0x00, 0xCC, 0xFF, 0x60, 0x00, 0x00, 0x00, 0x00, 0x00, 0x00, 0x00,
0xCC, 0xFF, 0x60, 0x00, 0x00, 0x00, 0x00, 0x00, 0x00, 0x00, 0xCC, 0xFF, 0x60, 0x00, 0x00, 0x00,
0x00, 0x00, 0x00, 0x00, 0xCC, 0xFF, 0x60, 0x00, 0x00, 0x00, 0x00, 0x00, 0x00, 0x00, 0xCC, 0xFF,
0x60, 0x00, 0x00, 0x00, 0x00, 0x00, 0x00, 0x00, 0xCC, 0xFF, 0x60, 0x00, 0x00, 0x00, 0x00, 0x00,
0x00, 0x00, 0xCC, 0xFF, 0x60, 0x00, 0x00, 0x00, 0x00, 0x00, 0x00, 0x00, 0xCC, 0xFF, 0x60, 0x00,
0x00, 0x00, 0x00, 0x00, 0x00, 0x00, 0xCC, 0xFF, 0x60, 0x00, 0x00, 0x00, 0x00, 0x00, 0x00, 0x00,
0xCC, 0xFF, 0xFF, 0xFF, 0xC4, 0x00, 0x00, 0x00, 0x00, 0x00, 0xCC, 0xFF, 0xFF, 0xFF, 0xC4, 0x00,
0x00, 0x00, 0x00, 0x00, 0x00, 0x00, 0x14, 0xFF, 0xC4, 0x00, 0x00, 0x00, 0x00, 0x00, 0x00, 0x00,
0x00, 0xF2, 0xC4, 0x00, 0x00, 0x00, 0x00, 0x00, 0x00, 0x00, 0x00, 0xD1, 0xC4, 0x00, 0x00, 0x00,
0x00, 0x00, 0xFF, 0xFF, 0xFF, 0xFF, 0xFF, 0xFF, 0xFF, 0x98, 0xFF, 0xFF, 0xFF, 0xFF, 0xFF, 0xFF,
0xFF, 0x98, 0xFF, 0xFF, 0x14, 0x00, 0x00, 0x00, 0x00, 0x00, 0xFF, 0xFF, 0x14, 0x00, 0x00, 0x00,
0x00, 0x00, 0xFF, 0xFF, 0x14, 0x00, 0x00, 0x00, 0x00, 0x00, 0xFF, 0xFF, 0x14, 0x00, 0x00, 0x00,
0x00, 0x00, 0xFF, 0xFF, 0x14, 0x00, 0x00, 0x00, 0x00, 0x00, 0xFF, 0xFF, 0x14, 0x00, 0x00, 0x00,
0x00, 0x00, 0xFF, 0xFF, 0x14, 0x00, 0x00, 0x00, 0x00, 0x00, 0xFF, 0xFF, 0x14, 0x00, 0x00, 0x00,
0x00, 0x00, 0xFF, 0xFF, 0x14, 0x00, 0x00, 0x00, 0x00, 0x00, 0xFF, 0xFF, 0xFF, 0xFF, 0x00, 0x00,
0x00, 0x00, 0xFF, 0xFF, 0xFF, 0xFF, 0x00, 0x00, 0x00, 0x00, 0x00, 0x00, 0xB8, 0xFF, 0x00, 0x00,
0x00, 0x00, 0x00, 0x00, 0x96, 0xFF, 0x00, 0x00, 0x00, 0x00, 0x00, 0x00, 0x75, 0xFF, 0x00, 0x00,
0x00, 0x00, 0x00, 0x00, 0x00, 0x37, 0xE9, 0xE2, 0x21, 0x00, 0x3B, 0xEC, 0xE0, 0x20, 0x00, 0x00,
0x00, 0x00, 0x00, 0x00, 0x00, 0x38, 0xE9, 0xE2, 0x22, 0x00, 0x3C, 0xEC, 0xE0, 0x21, 0x00, 0x00,
0x00, 0x00, 0x00, 0x00, 0x00, 0x00, 0x00, 0x00, 0x00, 0x00, 0x00, 0x00, 0x00, 0x00, 0x00, 0x00,
0x00, 0x00, 0xCC, 0xFF, 0x60, 0x00, 0x00, 0x00, 0x00, 0x00, 0x00, 0x00, 0x00, 0x00, 0x00, 0x60,
0xFF, 0xC8, 0xCC, 0xFF, 0x60, 0x00, 0x00, 0x00, 0x00, 0x00, 0x00, 0x00, 0x00, 0x00, 0x00, 0x60,
0xFF, 0xC8, 0xCC, 0xFF, 0x60, 0x00, 0x00, 0x00, 0x00, 0x00, 0x00, 0x00, 0x00, 0x00, 0x00, 0x60,
0xFF, 0xC8, 0xCC, 0xFF, 0x60, 0x00, 0x00, 0x00, 0x00, 0x00, 0x00, 0x00, 0x00, 0x00, 0x00, 0x60,
0xFF, 0xC8, 0xCC, 0xFF, 0x60, 0x00, 0x00, 0x00, 0x00, 0x00, 0x00, 0x00, 0x00, 0x00, 0x00, 0x60,
0xFF, 0xC8, 0xCC, 0xFF, 0x60, 0x00, 0x00, 0x00, 0x00, 0x00, 0x00, 0x00, 0x00, 0x00, 0x00, 0x60,
0xFF, 0xC8, 0xCC, 0xFF, 0x60, 0x00, 0x00, 0x00, 0x00, 0x00, 0x00, 0x00, 0x00, 0x00, 0x00, 0x60,
0xFF, 0xC8, 0xCC, 0xFF, 0xE4, 0xEB, 0xFB, 0xE9, 0xCF, 0x9C, 0x36, 0x00, 0x00, 0x00, 0x00, 0x60,
0xFF, 0xC8, 0xCC, 0xFF, 0xFF, 0xFF, 0xFF, 0xFF, 0xFF, 0xFF, 0xFF, 0x81, 0x00, 0x00, 0x00, 0x60,
0xFF, 0xC8, 0xCC, 0xFF, 0x78, 0x0F, 0x07, 0x1D, 0x5F, 0xCF, 0xFF, 0xFF, 0x4D, 0x00, 0x00, 0x60,
0xFF, 0xC8, 0xCC, 0xFF, 0x60, 0x00, 0x00, 0x00, 0x00, 0x09, 0xD5, 0xFF, 0xB9, 0x00, 0x00, 0x60,
0xFF, 0xC8, 0xCC, 0xFF, 0x60, 0x00, 0x00, 0x00, 0x00, 0x00, 0x6E, 0xFF, 0xE6, 0x00, 0x00, 0x60,
0xFF, 0xC8, 0xCC, 0xFF, 0x60, 0x00, 0x00, 0x00, 0x00, 0x00, 0x56, 0xFF, 0xEF, 0x00, 0x00, 0x60,
0xFF, 0xC8, 0xCC, 0xFF, 0x60, 0x00, 0x00, 0x00, 0x00, 0x00, 0x7B, 0xFF, 0xD5, 0x00, 0x00, 0x60,
0xFF, 0xC8, 0xCC, 0xFF, 0x60, 0x00, 0x00, 0x00, 0x00, 0x18, 0xE6, 0xFF, 0x8D, 0x00, 0x00, 0x60,
0xFF, 0xC8, 0xCC, 0xFF, 0x6F, 0x06, 0x06, 0x26, 0x6F, 0xE6, 0xFF, 0xF1, 0x1A, 0x00, 0x00, 0x60,
0xFF, 0xC8, 0xCC, 0xFF, 0xFF, 0xFF, 0xFF, 0xFF, 0xFF, 0xFF, 0xE8, 0x3B, 0x00, 0x00, 0x00, 0x60,
0xFF, 0xC8, 0x8F, 0xDA, 0xF1, 0xFC, 0xFB, 0xE9, 0xBE, 0x73, 0x10, 0x00, 0x00, 0x00, 0x00, 0x60,
0xFF, 0xC8, 0x00, 0x00, 0x3A, 0xEE, 0xCE, 0x06, 0x00, 0x3D, 0xEF, 0xCF, 0x08, 0x00, 0x00, 0x00,
0x00, 0x00, 0x3B, 0xEE, 0xCE, 0x06, 0x00, 0x3E, 0xEF, 0xD0, 0x08, 0x00, 0x00, 0x00, 0x00, 0x00,
0x00, 0x00, 0x00, 0x00, 0x00, 0x00, 0x00, 0x00, 0x00, 0x00, 0x00, 0x00, 0x00, 0x00, 0x00, 0x00,
0x00, 0x00, 0x00, 0x00, 0x00, 0x00, 0x00, 0x00, 0x00, 0x00, 0xFF, 0xFF, 0x14, 0x00, 0x00, 0x00,
0x00, 0x00, 0x00, 0x00, 0x00, 0xEC, 0xFF, 0x28, 0xFF, 0xFF, 0x14, 0x00, 0x00, 0x00, 0x00, 0x00,
0x00, 0x00, 0x00, 0xEC, 0xFF, 0x28, 0xFF, 0xFF, 0x14, 0x00, 0x00, 0x00, 0x00, 0x00, 0x00, 0x00,
0x00, 0xEC, 0xFF, 0x28, 0xFF, 0xFF, 0x14, 0x00, 0x00, 0x00, 0x00, 0x00, 0x00, 0x00, 0x00, 0xEC,
0xFF, 0x28, 0xFF, 0xFF, 0x14, 0x00, 0x00, 0x00, 0x00, 0x00, 0x00, 0x00, 0x00, 0xEC, 0xFF, 0x28,
0xFF, 0xFF, 0xE0, 0xF5, 0xFB, 0xEA, 0xB4, 0x46, 0x00, 0x00, 0x00, 0xEC, 0xFF, 0x28, 0xFF, 0xFF,
0xFF, 0xFF, 0xFF, 0xFF, 0xFF, 0xFF, 0x5E, 0x00, 0x00, 0xEC, 0xFF, 0x28, 0xFF, 0xFF, 0x2B, 0x04,
0x0D, 0x3C, 0xD2, 0xFF, 0xD3, 0x00, 0x00, 0xEC, 0xFF, 0x28, 0xFF, 0xFF, 0x14, 0x00, 0x00, 0x00,
0x40, 0xFF, 0xFA, 0x02, 0x00, 0xEC, 0xFF, 0x28, 0xFF, 0xFF, 0x14, 0x00, 0x00, 0x00, 0x3F, 0xFF,
0xF5, 0x00, 0x00, 0xEC, 0xFF, 0x28, 0xFF, 0xFF, 0x29, 0x06, 0x0D, 0x39, 0xCD, 0xFF, 0xB9, 0x00,
0x00, 0xEC, 0xFF, 0x28, 0xFF, 0xFF, 0xFF, 0xFF, 0xFF, 0xFF, 0xFF, 0xF3, 0x32, 0x00, 0x00, 0xEC,
0xFF, 0x28, 0xDE, 0xEA, 0xF5, 0xFD, 0xF3, 0xD3, 0x93, 0x22, 0x00, 0x00, 0x00, 0xEC, 0xFF, 0x28,
0x00, 0x7D, 0xFF, 0xF7, 0x21, 0x00, 0x00, 0x00, 0x00, 0x00, 0x00, 0x00, 0xAA, 0xFF, 0xB7, 0x00,
0x06, 0xD6, 0xFF, 0xB3, 0x00, 0x00, 0x00, 0x00, 0x00, 0x00, 0x4D, 0xFF, 0xF1, 0x1D, 0x00, 0x00,
0x3D, 0xFE, 0xFF, 0x4E, 0x00, 0x00, 0x00, 0x00, 0x0D, 0xE3, 0xFF, 0x65, 0x00, 0x00, 0x00, 0x00,
0x9D, 0xFF, 0xDF, 0x09, 0x00, 0x00, 0x00, 0x94, 0xFF, 0xBC, 0x00, 0x00, 0x00, 0x00, 0x00, 0x12,
0xEA, 0xFF, 0x84, 0x00, 0x00, 0x39, 0xFD, 0xF3, 0x20, 0x00, 0x00, 0x00, 0x00, 0x00, 0x00, 0x5D,
0xFF, 0xF9, 0x26, 0x06, 0xD4, 0xFF, 0x6B, 0x00, 0x00, 0x00, 0x00, 0x00, 0x00, 0x00, 0x00, 0xBC,
0xFF, 0xA9, 0x68, 0xFF, 0xC0, 0x01, 0x00, 0x00, 0x00, 0x00, 0x00, 0x00, 0x00, 0x00, 0x25, 0xF8,
0xFC, 0xE0, 0xF5, 0x24, 0x00, 0x00, 0x00, 0x00, 0x00, 0x00, 0x00, 0x00, 0x00, 0x00, 0x80, 0xFF,
0xFF, 0x83, 0x00, 0x00, 0x00, 0x00, 0x00, 0x00, 0x00, 0x00, 0x00, 0x00, 0x00, 0xB0, 0xFF, 0xFF,
0xD9, 0x09, 0x00, 0x00, 0x00, 0x00, 0x00, 0x00, 0x00, 0x00, 0x00, 0x5B, 0xFF, 0xC3, 0xC2, 0xFF,
0x8F, 0x00, 0x00, 0x00, 0x00, 0x00, 0x00, 0x00, 0x00, 0x17, 0xEC, 0xFF, 0x4F, 0x3B, 0xFD, 0xFD,
0x3D, 0x00, 0x00, 0x00, 0x00, 0x00, 0x00, 0x00, 0xAE, 0xFF, 0xB0, 0x00, 0x00, 0x8B, 0xFF, 0xDC,
0x0B, 0x00, 0x00, 0x00, 0x00, 0x00, 0x58, 0xFF, 0xEF, 0x19, 0x00, 0x00, 0x06, 0xD1, 0xFF, 0x95,
0x00, 0x00, 0x00, 0x00, 0x16, 0xEB, 0xFF, 0x61, 0x00, 0x00, 0x00, 0x00, 0x2C, 0xF8, 0xFE, 0x3B,
0x00, 0x00, 0x00, 0xAB, 0xFF, 0xB9, 0x00, 0x00, 0x00, 0x00, 0x00, 0x00, 0x89, 0xFF, 0xCA, 0x00,
0x00, 0x56, 0xFF, 0xF3, 0x1F, 0x00, 0x00, 0x00, 0x00, 0x00, 0x00, 0x0F, 0xF2, 0xFF, 0x33, 0x14,
0xEA, 0xFF, 0x6B, 0x00, 0x00, 0x00, 0x00, 0x00, 0x00, 0x00, 0x00, 0xAE, 0xFF, 0x71, 0x00, 0x00,
0x00, 0x00, 0x00, 0x00, 0x00, 0x00, 0x00, 0x00, 0x00, 0x00, 0x92, 0xFF, 0x83, 0x00, 0x00, 0x00,
0x00, 0x00, 0x00, 0x00, 0x00, 0x00, 0x00, 0x00, 0x00, 0xAA, 0xFF, 0x74, 0x00, 0x00, 0x00, 0x00,
0x00, 0x00, 0x00, 0x00, 0x00, 0x00, 0x07, 0x55, 0xF8, 0xFF, 0x45, 0x00, 0x00, 0x00, 0x00, 0x00,
0x00, 0x00, 0x00, 0x00, 0x00, 0xD4, 0xFF, 0xFF, 0xD9, 0x04, 0x00, 0x00, 0x00, 0x00, 0x00, 0x00,
0x00, 0x00, 0x00, 0x00, 0xD0, 0xF4, 0xB5, 0x23, 0x00, 0x00, 0x9D, 0xFF, 0xE1, 0x0E, 0x00, 0x00,
0x00, 0x00, 0x4A, 0xFF, 0xEF, 0x1D, 0x00, 0x0D, 0xDF, 0xFF, 0xA0, 0x00, 0x00, 0x00, 0x15, 0xE8,
0xFF, 0x59, 0x00, 0x00, 0x00, 0x3E, 0xFD, 0xFF, 0x51, 0x00, 0x00, 0xB1, 0xFF, 0xA5, 0x00, 0x00,
0x00, 0x00, 0x00, 0x8D, 0xFF, 0xEA, 0x12, 0x61, 0xFF, 0xE1, 0x0F, 0x00, 0x00, 0x00, 0x00, 0x00,
0x07, 0xD4, 0xFF, 0x8A, 0xE5, 0xFD, 0x3E, 0x00, 0x00, 0x00, 0x00, 0x00, 0x00, 0x00, 0x32, 0xFA,
0xFF, 0xFF, 0x88, 0x00, 0x00, 0x00, 0x00, 0x00, 0x00, 0x00, 0x00, 0x00, 0xC8, 0xFF, 0xFF, 0x40,
0x00, 0x00, 0x00, 0x00, 0x00, 0x00, 0x00, 0x00, 0x68, 0xFF, 0xE7, 0xFF, 0xE1, 0x12, 0x00, 0x00,
0x00, 0x00, 0x00, 0x00, 0x26, 0xF5, 0xFB, 0x2A, 0xD1, 0xFF, 0xB1, 0x00, 0x00, 0x00, 0x00, 0x00,
0x04, 0xCA, 0xFF, 0x85, 0x00, 0x2A, 0xF2, 0xFF, 0x6F, 0x00, 0x00, 0x00, 0x00, 0x83, 0xFF, 0xCB,
0x05, 0x00, 0x00, 0x55, 0xFF, 0xF6, 0x22, 0x00, 0x00, 0x3A, 0xFC, 0xF5, 0x26, 0x00, 0x00, 0x00,
0x00, 0xB2, 0xFF, 0xA0, 0x00, 0x0C, 0xDD, 0xFF, 0x66, 0x00, 0x00, 0x00, 0x00, 0x00, 0x2F, 0xFF,
0xF5, 0x08, 0x00, 0x00, 0x00, 0x00, 0x00, 0x00, 0x00, 0x00, 0x00, 0x00, 0xF3, 0xFF, 0x24, 0x00,
0x00, 0x00, 0x00, 0x00, 0x00, 0x00, 0x00, 0x00, 0x06, 0xFB, 0xFF, 0x1B, 0x00, 0x00, 0x00, 0x00,
0x00, 0x00, 0x00, 0x02, 0x1C, 0x99, 0xFF, 0xE7, 0x00, 0x00, 0x00, 0x00, 0x00, 0x00, 0x00, 0x00,
0x74, 0xFF, 0xFF, 0xFF, 0x71, 0x00, 0x00, 0x00, 0x00, 0x00, 0x00, 0x00, 0x00, 0x6F, 0xFB, 0xDA,
0x6E, 0x00, 0x00, 0x00, 0x07, 0x50, 0x54, 0x20, 0x53, 0x61, 0x6E, 0x73, 0x00, 0x0E, 0x50, 0x54,
0x53, 0x61, 0x6E, 0x73, 0x2D, 0x52, 0x65, 0x67, 0x75, 0x6C, 0x61, 0x72, 0x01, 
};
